id,library,specialty,topic,title,standard,finding,change,status,source,setting,country,uk_ireland,cycle1_period,cycle1_n,cycle1_result,intervention,cycle2_period,cycle2_n,cycle2_result,loop_closed,fix_type,other_findings,next_audit,authors,journal,year,doi,pmid,pmcid,licence,open_access,citation,figures
1,non-orthopaedic,Audiology,,MRI audiology direct referral protocol,Local protocol,Protocol gaps,"Protocol updated, scientists trained on requesting system",completed,https://www.uhbw.nhs.uk/assets/1/23-639_uhbw_ca_annual_report_2021-22.pdf,,,,,,,,,,,,,,,,,,,,,,,,
2,non-orthopaedic,Audiology,,Real ear measurements in hearing aid fitting,Prescription target standard,Fitting matched target better than average,No change needed,completed,https://www.uhbw.nhs.uk/assets/1/23-639_uhbw_ca_annual_report_2021-22.pdf,,,,,,,,,,,,,,,,,,,,,,,,
3,non-orthopaedic,Clinical biochemistry,,Lipoprotein(a) testing use,Lipid clinic standard,Inconsistent use and units,Standard protocol and clinic letter template,completed,https://www.uhbw.nhs.uk/assets/1/23-639_uhbw_ca_annual_report_2021-22.pdf,,,,,,,,,,,,,,,,,,,,,,,,
4,non-orthopaedic,Clinical biochemistry,,Laboratory thyroid function testing,NICE thyroid guidance,Antibody test reflexing questioned,Endocrinology declined routine reflex testing,completed,https://www.uhbw.nhs.uk/assets/1/23-639_uhbw_ca_annual_report_2021-22.pdf,,,,,,,,,,,,,,,,,,,,,,,,
5,non-orthopaedic,Microbiology,,Diagnosis and management of invasive candidaemia (re-audit),Candida guideline,Antifungals not rationalised to sensitivities,Guideline amended with MDT input,completed,https://www.uhbw.nhs.uk/assets/1/23-639_uhbw_ca_annual_report_2021-22.pdf,,,,,,,,,,,,,,,,,,,,,,,,
6,non-orthopaedic,Medical physics,,CT dose against national reference levels in a children's scanner,National diagnostic reference levels,No exam type exceeded national levels,Local reference levels updated,completed,https://www.uhbw.nhs.uk/assets/1/23-639_uhbw_ca_annual_report_2021-22.pdf,,,,,,,,,,,,,,,,,,,,,,,,
7,non-orthopaedic,Vascular science,,Supervised exercise for intermittent claudication,NICE peripheral arterial disease guidance,Supervised programme not delivered,Home exercise and lifestyle advice for all,completed,https://www.uhbw.nhs.uk/assets/1/23-639_uhbw_ca_annual_report_2021-22.pdf,,,,,,,,,,,,,,,,,,,,,,,,
8,non-orthopaedic,Vascular science,,Ankle brachial pressure index results from GP practices,Diagnostic guidance,Poor quality readings,Training offered to GP practices,completed,https://www.uhbw.nhs.uk/assets/1/23-639_uhbw_ca_annual_report_2021-22.pdf,,,,,,,,,,,,,,,,,,,,,,,,
9,non-orthopaedic,Vascular science,,Aortic aneurysm surveillance appointments,NICE aneurysm guidance,Surveillance intervals not recorded,Database changed to hold interval,completed,https://www.uhbw.nhs.uk/assets/1/23-639_uhbw_ca_annual_report_2021-22.pdf,,,,,,,,,,,,,,,,,,,,,,,,
10,non-orthopaedic,Pharmacy,,Lidocaine plaster prescribing,Local guidance,Prescribed outside indication,Clinical guideline sent to surgical wards,completed,https://www.uhbw.nhs.uk/assets/1/23-639_uhbw_ca_annual_report_2021-22.pdf,,,,,,,,,,,,,,,,,,,,,,,,
11,non-orthopaedic,Pharmacy,,Medicines reconciliation on discharge summaries,Regional discharge standards,Summaries missed required fields,Discharge summary template updated,completed,https://www.uhbw.nhs.uk/assets/1/23-639_uhbw_ca_annual_report_2021-22.pdf,,,,,,,,,,,,,,,,,,,,,,,,
12,non-orthopaedic,Pharmacy,,Treatment criteria for ovarian cancer drugs,Commissioning criteria,Criteria not documented,Updated form and MDT review,completed,https://www.uhbw.nhs.uk/assets/1/23-639_uhbw_ca_annual_report_2021-22.pdf,,,,,,,,,,,,,,,,,,,,,,,,
13,non-orthopaedic,Pharmacy,,Monitored dosage system dispensing,Local operating procedure,No guidance on unsuitable medicines,Procedure updated,completed,https://www.uhbw.nhs.uk/assets/1/23-639_uhbw_ca_annual_report_2021-22.pdf,,,,,,,,,,,,,,,,,,,,,,,,
14,non-orthopaedic,Pharmacy,,Medicine patch administration and removal records,Patch safety guidance,Removal not recorded,"Patch record added, staff training",completed,https://www.uhbw.nhs.uk/assets/1/23-639_uhbw_ca_annual_report_2021-22.pdf,,,,,,,,,,,,,,,,,,,,,,,,
15,non-orthopaedic,Physiotherapy,,Pelvic floor outcome measure after sphincter injury,Service standard,Outcome measure inconsistent,Questionnaire used for all patients,completed,https://www.uhbw.nhs.uk/assets/1/23-639_uhbw_ca_annual_report_2021-22.pdf,,,,,,,,,,,,,,,,,,,,,,,,
16,non-orthopaedic,Physiotherapy,,Non-invasive ventilation and cough augmentation,Respiratory guidance,No pathway,Clinical pathway and patient leaflet,completed,https://www.uhbw.nhs.uk/assets/1/23-639_uhbw_ca_annual_report_2021-22.pdf,,,,,,,,,,,,,,,,,,,,,,,,
17,non-orthopaedic,Physiotherapy,,Cystic fibrosis oxygen pathway,Service standard,Blood gas competence limited,Three physiotherapists trained in capillary gases,completed,https://www.uhbw.nhs.uk/assets/1/23-639_uhbw_ca_annual_report_2021-22.pdf,,,,,,,,,,,,,,,,,,,,,,,,
18,non-orthopaedic,Physiotherapy,,Bronchiectasis guideline compliance,British Thoracic Society guidance,Annual review incomplete,Proforma and annual review table,completed,https://www.uhbw.nhs.uk/assets/1/23-639_uhbw_ca_annual_report_2021-22.pdf,,,,,,,,,,,,,,,,,,,,,,,,
19,non-orthopaedic,Radiology,,Pleural-phase CT for suspected chest malignancy,Imaging guidance,Mesothelioma not considered,"New scan code, clinical history teaching",completed,https://www.uhbw.nhs.uk/assets/1/23-639_uhbw_ca_annual_report_2021-22.pdf,,,,,,,,,,,,,,,,,,,,,,,,
20,non-orthopaedic,Radiology,,Low-dose CT chest dose and quality,Dose standards,Excellent compliance,No change needed,completed,https://www.uhbw.nhs.uk/assets/1/23-639_uhbw_ca_annual_report_2021-22.pdf,,,,,,,,,,,,,,,,,,,,,,,,
21,non-orthopaedic,Radiology,,Imaging for suspected pulmonary embolism in young and pregnant patients,Imaging guidance,Perfusion scans underused,Perfusion scan pathway in PE guidance,completed,https://www.uhbw.nhs.uk/assets/1/23-639_uhbw_ca_annual_report_2021-22.pdf,,,,,,,,,,,,,,,,,,,,,,,,
22,non-orthopaedic,Radiology,,Abdominal ultrasound reported by advanced practitioner sonographers,Reporting standards,Good reporting standard,Protocols updated,completed,https://www.uhbw.nhs.uk/assets/1/23-639_uhbw_ca_annual_report_2021-22.pdf,,,,,,,,,,,,,,,,,,,,,,,,
23,non-orthopaedic,Radiology,,CT chest image quality with dose-reduction software,Image quality standards,All scans diagnostic,No change needed,completed,https://www.uhbw.nhs.uk/assets/1/23-639_uhbw_ca_annual_report_2021-22.pdf,,,,,,,,,,,,,,,,,,,,,,,,
24,non-orthopaedic,Radiology,,Non-medical referrers requesting within scope,Radiation regulations,Mostly within scope,Register of referrers published,completed,https://www.uhbw.nhs.uk/assets/1/23-639_uhbw_ca_annual_report_2021-22.pdf,,,,,,,,,,,,,,,,,,,,,,,,
25,non-orthopaedic,Radiology,,Recognition of acute aortic syndrome on gated CT,Reporting standards,Misidentification,"Staff education, paper submitted",completed,https://www.uhbw.nhs.uk/assets/1/23-639_uhbw_ca_annual_report_2021-22.pdf,,,,,,,,,,,,,,,,,,,,,,,,
26,non-orthopaedic,Radiology,,Clot coding in radiology reports,Coding standards,"Good Doppler coding, poor CTPA coding",Coding in induction and registrar handbook,completed,https://www.uhbw.nhs.uk/assets/1/23-639_uhbw_ca_annual_report_2021-22.pdf,,,,,,,,,,,,,,,,,,,,,,,,
27,non-orthopaedic,Radiology,,Outpatient CT cancer follow-up protocols,Imaging protocols,Double scanning of liver,New combined protocol,completed,https://www.uhbw.nhs.uk/assets/1/23-639_uhbw_ca_annual_report_2021-22.pdf,,,,,,,,,,,,,,,,,,,,,,,,
28,non-orthopaedic,Radiology,,Fixed-timing CT pulmonary angiography protocol,Image quality standards,Better diagnostic quality,Adopted as departmental standard,completed,https://www.uhbw.nhs.uk/assets/1/23-639_uhbw_ca_annual_report_2021-22.pdf,,,,,,,,,,,,,,,,,,,,,,,,
29,non-orthopaedic,Radiology,,CT colonography standards,British gastrointestinal radiology standards,Most standards met,Radiographer technique education,completed,https://www.uhbw.nhs.uk/assets/1/23-639_uhbw_ca_annual_report_2021-22.pdf,,,,,,,,,,,,,,,,,,,,,,,,
30,non-orthopaedic,Radiology,,Gynaecological ultrasound protocol adherence,Local protocol,Protocol followed,Protocol updated,completed,https://www.uhbw.nhs.uk/assets/1/23-639_uhbw_ca_annual_report_2021-22.pdf,,,,,,,,,,,,,,,,,,,,,,,,
31,non-orthopaedic,Speech and language therapy,,Voice outpatient pathway,Service standard,Outcome data missing,"Assessment form updated, discharge ratings added",completed,https://www.uhbw.nhs.uk/assets/1/23-639_uhbw_ca_annual_report_2021-22.pdf,,,,,,,,,,,,,,,,,,,,,,,,
32,non-orthopaedic,Emergency medicine,,Clot risk in lower limb immobilisation,NICE VTE guidance,Leaflet provision undocumented,Electronic record prompt,completed,https://www.uhbw.nhs.uk/assets/1/23-639_uhbw_ca_annual_report_2021-22.pdf,,,,,,,,,,,,,,,,,,,,,,,,
33,non-orthopaedic,Emergency medicine,,Acute urinary retention pathway,Local pathway,No pathway,New pathway and education,completed,https://www.uhbw.nhs.uk/assets/1/23-639_uhbw_ca_annual_report_2021-22.pdf,,,,,,,,,,,,,,,,,,,,,,,,
34,non-orthopaedic,Acute medicine,,Omitted critical medicines in first 24 hours of admission,Patient safety guidance,Delayed and omitted critical doses,Staff education,completed,https://www.uhbw.nhs.uk/assets/1/23-639_uhbw_ca_annual_report_2021-22.pdf,,,,,,,,,,,,,,,,,,,,,,,,
35,non-orthopaedic,Sexual health,,Natural family planning in women with unplanned pregnancy,Contraception guidance,Information gaps,New patient resources and staff education,completed,https://www.uhbw.nhs.uk/assets/1/23-639_uhbw_ca_annual_report_2021-22.pdf,,,,,,,,,,,,,,,,,,,,,,,,
36,non-orthopaedic,Sexual health,,Hepatitis C and service standards,Service standards,Five of six standards met,Proforma changes and staff education,completed,https://www.uhbw.nhs.uk/assets/1/23-639_uhbw_ca_annual_report_2021-22.pdf,,,,,,,,,,,,,,,,,,,,,,,,
37,non-orthopaedic,Sexual health,,Safeguarding referral notification to partner centres,Safeguarding framework,High compliance,Reminders on referrals and record keeping,completed,https://www.uhbw.nhs.uk/assets/1/23-639_uhbw_ca_annual_report_2021-22.pdf,,,,,,,,,,,,,,,,,,,,,,,,
38,non-orthopaedic,Sexual health,,Empirical antibiotics for suspected urinary infection,Antibiotic guidance,Variable prescribing,Electronic proforma changed,completed,https://www.uhbw.nhs.uk/assets/1/23-639_uhbw_ca_annual_report_2021-22.pdf,,,,,,,,,,,,,,,,,,,,,,,,
39,non-orthopaedic,Sexual health,,Safeguarding of young people self-referring after sexual assault,Safeguarding standards,Mostly full compliance,Paperwork changes and training,completed,https://www.uhbw.nhs.uk/assets/1/23-639_uhbw_ca_annual_report_2021-22.pdf,,,,,,,,,,,,,,,,,,,,,,,,
40,non-orthopaedic,Sexual health,,Hepatitis screening and vaccination,BASHH guidance,Missed offers,Prompts on risk assessment panel,completed,https://www.uhbw.nhs.uk/assets/1/23-639_uhbw_ca_annual_report_2021-22.pdf,,,,,,,,,,,,,,,,,,,,,,,,
41,non-orthopaedic,Sexual health,,Gonorrhoea management (re-audit),BASHH guidance,Education offer undocumented,Electronic record changes,completed,https://www.uhbw.nhs.uk/assets/1/23-639_uhbw_ca_annual_report_2021-22.pdf,,,,,,,,,,,,,,,,,,,,,,,,
42,non-orthopaedic,Sexual health,,Trichomonas management,BASHH guidance,Four of five criteria met,Standard metronidazole dose changed,completed,https://www.uhbw.nhs.uk/assets/1/23-639_uhbw_ca_annual_report_2021-22.pdf,,,,,,,,,,,,,,,,,,,,,,,,
43,non-orthopaedic,Sexual health,,Kidney function monitoring in young PrEP users,BHIVA guidance,Over-monitoring,Monitoring process changed and record alert,completed,https://www.uhbw.nhs.uk/assets/1/23-639_uhbw_ca_annual_report_2021-22.pdf,,,,,,,,,,,,,,,,,,,,,,,,
44,non-orthopaedic,Sexual health,,Pregnancy advisory service care during pandemic changes,Service standards,All standards met,No change needed,completed,https://www.uhbw.nhs.uk/assets/1/23-639_uhbw_ca_annual_report_2021-22.pdf,,,,,,,,,,,,,,,,,,,,,,,,
45,non-orthopaedic,Sexual health,,Chaperone policy in sexual health clinics,Trust chaperone policy,Attendance undocumented,Posters and reminders,completed,https://www.uhbw.nhs.uk/assets/1/23-639_uhbw_ca_annual_report_2021-22.pdf,,,,,,,,,,,,,,,,,,,,,,,,
46,non-orthopaedic,Sexual health,,Paediatric sexual assault clinic records,Service standards,Documentation gaps,Young person's proforma,completed,https://www.uhbw.nhs.uk/assets/1/23-639_uhbw_ca_annual_report_2021-22.pdf,,,,,,,,,,,,,,,,,,,,,,,,
47,non-orthopaedic,Dermatology,,Specialised dermatology service contract,National service specification,Excellent performance,Urgent follow-up and biopsy slots added,completed,https://www.uhbw.nhs.uk/assets/1/23-639_uhbw_ca_annual_report_2021-22.pdf,,,,,,,,,,,,,,,,,,,,,,,,
48,non-orthopaedic,Dermatology,,Alitretinoin for hand dermatitis,Prescribing requirements,Pre-prescribing checks missed,Easy-follow guide,completed,https://www.uhbw.nhs.uk/assets/1/23-639_uhbw_ca_annual_report_2021-22.pdf,,,,,,,,,,,,,,,,,,,,,,,,
49,non-orthopaedic,Endocrinology,,Sick day rules in diabetes insipidus,Endocrine guidance,Patients unaware,"Record alerts, medical alert jewellery advice, leaflets",completed,https://www.uhbw.nhs.uk/assets/1/23-639_uhbw_ca_annual_report_2021-22.pdf,,,,,,,,,,,,,,,,,,,,,,,,
50,non-orthopaedic,Respiratory,,Vitamin D in cystic fibrosis on supplements,Cystic fibrosis guidance,Good performance,Supplementation extended to all,completed,https://www.uhbw.nhs.uk/assets/1/23-639_uhbw_ca_annual_report_2021-22.pdf,,,,,,,,,,,,,,,,,,,,,,,,
51,non-orthopaedic,Respiratory,,Bisphosphonates for bone health in cystic fibrosis,Cystic fibrosis guidance,Triage gaps,Operating procedure and decision tool,completed,https://www.uhbw.nhs.uk/assets/1/23-639_uhbw_ca_annual_report_2021-22.pdf,,,,,,,,,,,,,,,,,,,,,,,,
52,non-orthopaedic,Respiratory,,Cystic fibrosis diabetes care,Cystic fibrosis guidance,Team liaison gaps,Education and patient leaflets,completed,https://www.uhbw.nhs.uk/assets/1/23-639_uhbw_ca_annual_report_2021-22.pdf,,,,,,,,,,,,,,,,,,,,,,,,
53,non-orthopaedic,Rheumatology,,Axial spondyloarthritis diagnosis and early management,NICE spondyloarthritis guidance,MRI sequences too long,Shorter scan protocol and transport policy,completed,https://www.uhbw.nhs.uk/assets/1/23-639_uhbw_ca_annual_report_2021-22.pdf,,,,,,,,,,,,,,,,,,,,,,,,
54,non-orthopaedic,Sexual assault referral centre,,Chaperone policy adherence,Trust chaperone policy,Good compliance,Service-specific notice,completed,https://www.uhbw.nhs.uk/assets/1/23-639_uhbw_ca_annual_report_2021-22.pdf,,,,,,,,,,,,,,,,,,,,,,,,
55,non-orthopaedic,Cardiac surgery,,Homograft versus stented pulmonary valve replacement,Outcome comparison,Homografts favourable,Considered as first choice with caveats,completed,https://www.uhbw.nhs.uk/assets/1/23-639_uhbw_ca_annual_report_2021-22.pdf,,,,,,,,,,,,,,,,,,,,,,,,
56,non-orthopaedic,Cardiology,,Congenital heart surgery anticoagulation strategies,Local standards,Four of eight criteria met,Departmental anticoagulation guideline,completed,https://www.uhbw.nhs.uk/assets/1/23-639_uhbw_ca_annual_report_2021-22.pdf,,,,,,,,,,,,,,,,,,,,,,,,
57,non-orthopaedic,Cardiology,,Catheter ablation in adult congenital heart disease,Guidance,Safe and effective,No change needed,completed,https://www.uhbw.nhs.uk/assets/1/23-639_uhbw_ca_annual_report_2021-22.pdf,,,,,,,,,,,,,,,,,,,,,,,,
58,non-orthopaedic,Cardiology,,Rapid access chest pain clinic care,NICE chest pain guidance,Documentation unclear,Documentation improvement,completed,https://www.uhbw.nhs.uk/assets/1/23-639_uhbw_ca_annual_report_2021-22.pdf,,,,,,,,,,,,,,,,,,,,,,,,
59,non-orthopaedic,Haematology,,Bone marrow transplant data quality,Accreditation standards,Six of seven standards above target,Data accuracy measures,completed,https://www.uhbw.nhs.uk/assets/1/23-639_uhbw_ca_annual_report_2021-22.pdf,,,,,,,,,,,,,,,,,,,,,,,,
60,non-orthopaedic,Haematology,,Stem cell product collection and processing,International accreditation standards,Good compliance,No change needed,completed,https://www.uhbw.nhs.uk/assets/1/23-639_uhbw_ca_annual_report_2021-22.pdf,,,,,,,,,,,,,,,,,,,,,,,,
61,non-orthopaedic,Haematology,,Chemotherapy prescribing against transplant protocols,Accreditation standards,Full compliance,Deviation documentation process,completed,https://www.uhbw.nhs.uk/assets/1/23-639_uhbw_ca_annual_report_2021-22.pdf,,,,,,,,,,,,,,,,,,,,,,,,
62,non-orthopaedic,Haematology,,Related stem cell donor screening,Accreditation standards,Pregnancy testing gaps,Routine pregnancy test for eligible donors,completed,https://www.uhbw.nhs.uk/assets/1/23-639_uhbw_ca_annual_report_2021-22.pdf,,,,,,,,,,,,,,,,,,,,,,,,
63,non-orthopaedic,Haematology,,First-line treatment of diffuse large B-cell lymphoma,National guidance,Treatment plans underdocumented,Documentation requirements added,completed,https://www.uhbw.nhs.uk/assets/1/23-639_uhbw_ca_annual_report_2021-22.pdf,,,,,,,,,,,,,,,,,,,,,,,,
64,non-orthopaedic,Haematology,,Autologous stem cell donor screening,Accreditation standards,Four of seven standards met,Documentation and virology sampling,completed,https://www.uhbw.nhs.uk/assets/1/23-639_uhbw_ca_annual_report_2021-22.pdf,,,,,,,,,,,,,,,,,,,,,,,,
65,non-orthopaedic,Haematology,,First-line management of Hodgkin lymphoma,British haematology guidance,Most standards met,No major change,completed,https://www.uhbw.nhs.uk/assets/1/23-639_uhbw_ca_annual_report_2021-22.pdf,,,,,,,,,,,,,,,,,,,,,,,,
66,non-orthopaedic,Haematology,,Virology testing in new and transfused patients,Haematology guidance,Tests missed,"Test set on requesting system, annual review",completed,https://www.uhbw.nhs.uk/assets/1/23-639_uhbw_ca_annual_report_2021-22.pdf,,,,,,,,,,,,,,,,,,,,,,,,
67,non-orthopaedic,Haematology,,Neutropenic sepsis in haematology,Sepsis guidance,Most standards met,"Faster antibiotics, lactate and cultures",completed,https://www.uhbw.nhs.uk/assets/1/23-639_uhbw_ca_annual_report_2021-22.pdf,,,,,,,,,,,,,,,,,,,,,,,,
68,non-orthopaedic,Haematology,,Lymphoma chemotherapy protocol compliance,Local protocol,Good compliance,Pre-assessment form changes,completed,https://www.uhbw.nhs.uk/assets/1/23-639_uhbw_ca_annual_report_2021-22.pdf,,,,,,,,,,,,,,,,,,,,,,,,
69,non-orthopaedic,Oncology,,Metastatic spinal cord compression management,NICE guidance,Steroid management gaps,Teaching and electronic referrals,completed,https://www.uhbw.nhs.uk/assets/1/23-639_uhbw_ca_annual_report_2021-22.pdf,,,,,,,,,,,,,,,,,,,,,,,,
70,non-orthopaedic,Oncology,,Radiotherapy imaging documentation,Local standard,Documentation gaps,Standard form changed,completed,https://www.uhbw.nhs.uk/assets/1/23-639_uhbw_ca_annual_report_2021-22.pdf,,,,,,,,,,,,,,,,,,,,,,,,
71,non-orthopaedic,Oncology,,Thirty-day mortality after palliative radiotherapy,Royal College of Radiologists,Compared favourably,No change needed,completed,https://www.uhbw.nhs.uk/assets/1/23-639_uhbw_ca_annual_report_2021-22.pdf,,,,,,,,,,,,,,,,,,,,,,,,
72,non-orthopaedic,Oncology,,Rectal spacer insertion before prostate radiotherapy,New procedure standards,All standards met,No change needed,completed,https://www.uhbw.nhs.uk/assets/1/23-639_uhbw_ca_annual_report_2021-22.pdf,,,,,,,,,,,,,,,,,,,,,,,,
73,non-orthopaedic,Oncology,,Breast cancer patients on HER2 therapy with falling heart function,Cardio-oncology guidance,Referral gaps,Direct referral form to heart failure nurses,completed,https://www.uhbw.nhs.uk/assets/1/23-639_uhbw_ca_annual_report_2021-22.pdf,,,,,,,,,,,,,,,,,,,,,,,,
74,non-orthopaedic,Clinical genetics,,Reporting results from the genomes project,Operating procedure,Improvement needed across criteria,Actions completed,completed,https://www.uhbw.nhs.uk/assets/1/23-639_uhbw_ca_annual_report_2021-22.pdf,,,,,,,,,,,,,,,,,,,,,,,,
75,non-orthopaedic,Anaesthesia,,Nerve stimulator use and documentation,Anaesthetic standards,One standard failed,Focused follow-up audit,completed,https://www.uhbw.nhs.uk/assets/1/23-639_uhbw_ca_annual_report_2021-22.pdf,,,,,,,,,,,,,,,,,,,,,,,,
76,non-orthopaedic,Obstetric anaesthesia,,Antenatal iron management,British haematology guidance,No standard pathway,Standardised antenatal iron pathway,completed,https://www.uhbw.nhs.uk/assets/1/23-639_uhbw_ca_annual_report_2021-22.pdf,,,,,,,,,,,,,,,,,,,,,,,,
77,non-orthopaedic,Intensive care,,Internal transfers from ICU to wards,Critical care standards,Discharge letters poor,Discharge letter improved,completed,https://www.uhbw.nhs.uk/assets/1/23-639_uhbw_ca_annual_report_2021-22.pdf,,,,,,,,,,,,,,,,,,,,,,,,
78,non-orthopaedic,Intensive care,,Emergency ICU admissions from wards,Deteriorating patient guidance,Missed deterioration,Trainee training and new outreach team,completed,https://www.uhbw.nhs.uk/assets/1/23-639_uhbw_ca_annual_report_2021-22.pdf,,,,,,,,,,,,,,,,,,,,,,,,
79,non-orthopaedic,Intensive care,,Sedation holds,Critical care guidance,Poor documentation,Mandatory sedation target on ward round note,completed,https://www.uhbw.nhs.uk/assets/1/23-639_uhbw_ca_annual_report_2021-22.pdf,,,,,,,,,,,,,,,,,,,,,,,,
80,non-orthopaedic,Oral surgery,,Imaging before surgery on impacted teeth (re-audit),Dental imaging guidance,Improved by fourteen points to 95%,Maintain,completed,https://www.uhbw.nhs.uk/assets/1/23-639_uhbw_ca_annual_report_2021-22.pdf,,,,,,,,,,,,,,,,,,,,,,,,
81,non-orthopaedic,Oral surgery,,Urgent dental care assessment during pandemic,Service standard,All assessed,Antibiotic prescribing actions,completed,https://www.uhbw.nhs.uk/assets/1/23-639_uhbw_ca_annual_report_2021-22.pdf,,,,,,,,,,,,,,,,,,,,,,,,
82,non-orthopaedic,Maxillofacial surgery,,Tracheostomy bedhead signs,Tracheostomy safety guidance,All had signs,Documentation improvement with anaesthesia,completed,https://www.uhbw.nhs.uk/assets/1/23-639_uhbw_ca_annual_report_2021-22.pdf,,,,,,,,,,,,,,,,,,,,,,,,
83,non-orthopaedic,Oral surgery,,Tooth extraction safety in urgent dental centre,Local safety standards,Three criteria met,"Leaflet, whiteboards and checklist teaching",completed,https://www.uhbw.nhs.uk/assets/1/23-639_uhbw_ca_annual_report_2021-22.pdf,,,,,,,,,,,,,,,,,,,,,,,,
84,non-orthopaedic,Oral surgery,,Analgesia prescribing by dental trainees,Prescribing guidance,Poor prescribing,Trainee teaching,completed,https://www.uhbw.nhs.uk/assets/1/23-639_uhbw_ca_annual_report_2021-22.pdf,,,,,,,,,,,,,,,,,,,,,,,,
85,non-orthopaedic,Oral medicine,,Combined prescription and histopathology form (second cycle),Local standard,Improved,Third cycle in progress,completed,https://www.uhbw.nhs.uk/assets/1/23-639_uhbw_ca_annual_report_2021-22.pdf,,,,,,,,,,,,,,,,,,,,,,,,
86,non-orthopaedic,Orthodontics,,Mandibular advancement for sleep apnoea,Service standard,No proforma,"Proforma created, re-audit",completed,https://www.uhbw.nhs.uk/assets/1/23-639_uhbw_ca_annual_report_2021-22.pdf,,,,,,,,,,,,,,,,,,,,,,,,
87,non-orthopaedic,Orthodontics,,Combined orthodontic and jaw surgery clinic,Service standard,Checks missed,Stage-by-stage checklists,completed,https://www.uhbw.nhs.uk/assets/1/23-639_uhbw_ca_annual_report_2021-22.pdf,,,,,,,,,,,,,,,,,,,,,,,,
88,non-orthopaedic,Orthodontics,,Wisdom tooth removal before jaw surgery,Service standard,Slow process,Checklist and proforma letter,completed,https://www.uhbw.nhs.uk/assets/1/23-639_uhbw_ca_annual_report_2021-22.pdf,,,,,,,,,,,,,,,,,,,,,,,,
89,non-orthopaedic,Paediatric dentistry,,Dental trauma record keeping (re-audit),Service standard,GP letters improved,Trauma form promotion,completed,https://www.uhbw.nhs.uk/assets/1/23-639_uhbw_ca_annual_report_2021-22.pdf,,,,,,,,,,,,,,,,,,,,,,,,
90,non-orthopaedic,Paediatric dentistry,,Did-not-attend letters to referring dentists,Service standard,Most letters sent,Text reminder uptake plan,completed,https://www.uhbw.nhs.uk/assets/1/23-639_uhbw_ca_annual_report_2021-22.pdf,,,,,,,,,,,,,,,,,,,,,,,,
91,non-orthopaedic,Paediatric dentistry,,"Height, weight and BMI recording",Service standard,Not recorded,Care pathway modified,completed,https://www.uhbw.nhs.uk/assets/1/23-639_uhbw_ca_annual_report_2021-22.pdf,,,,,,,,,,,,,,,,,,,,,,,,
92,non-orthopaedic,Special care dentistry,,Special care patients needing general anaesthetic,Service standard,No post-op information,Post-operative leaflet,completed,https://www.uhbw.nhs.uk/assets/1/23-639_uhbw_ca_annual_report_2021-22.pdf,,,,,,,,,,,,,,,,,,,,,,,,
93,non-orthopaedic,Restorative dentistry,,Consultation record standards,Record keeping guidance,Good compliance,Further actions on remaining criteria,completed,https://www.uhbw.nhs.uk/assets/1/23-639_uhbw_ca_annual_report_2021-22.pdf,,,,,,,,,,,,,,,,,,,,,,,,
94,non-orthopaedic,Restorative dentistry,,Resin-retained bridge survival,National target over 75% at five years,95% survived,No change needed,completed,https://www.uhbw.nhs.uk/assets/1/23-639_uhbw_ca_annual_report_2021-22.pdf,,,,,,,,,,,,,,,,,,,,,,,,
95,non-orthopaedic,Restorative dentistry,,Caries diagnosis recording by students,Record keeping standards,Poor recording,"Student teaching, re-audit",completed,https://www.uhbw.nhs.uk/assets/1/23-639_uhbw_ca_annual_report_2021-22.pdf,,,,,,,,,,,,,,,,,,,,,,,,
96,non-orthopaedic,Restorative dentistry,,Extractions before head and neck radiotherapy,National guidance,All done before radiotherapy,Post-op site review added,completed,https://www.uhbw.nhs.uk/assets/1/23-639_uhbw_ca_annual_report_2021-22.pdf,,,,,,,,,,,,,,,,,,,,,,,,
97,non-orthopaedic,Colorectal surgery,,Correct consultant on the care episode,Data standards,Improved from previous cycle,Maintain,completed,https://www.uhbw.nhs.uk/assets/1/23-639_uhbw_ca_annual_report_2021-22.pdf,,,,,,,,,,,,,,,,,,,,,,,,
98,non-orthopaedic,Paediatric anaesthesia,,Unplanned admission after day case anaesthesia,National standards,Compared favourably,No change needed,completed,https://www.uhbw.nhs.uk/assets/1/23-639_uhbw_ca_annual_report_2021-22.pdf,,,,,,,,,,,,,,,,,,,,,,,,
99,non-orthopaedic,Paediatric audiology,,Hearing monitoring in cystic fibrosis on aminoglycosides,Audiology standards,Good compliance,Nurse monitoring of referrals,completed,https://www.uhbw.nhs.uk/assets/1/23-639_uhbw_ca_annual_report_2021-22.pdf,,,,,,,,,,,,,,,,,,,,,,,,
100,non-orthopaedic,Paediatric cardiology,,Echocardiogram reporting,Reporting standards,Inconsistent reports,Standardised reporting,completed,https://www.uhbw.nhs.uk/assets/1/23-639_uhbw_ca_annual_report_2021-22.pdf,,,,,,,,,,,,,,,,,,,,,,,,
101,non-orthopaedic,Paediatrics,,Mouth care for inpatients,Nursing standards,Poor practice,Teaching sessions,completed,https://www.uhbw.nhs.uk/assets/1/23-639_uhbw_ca_annual_report_2021-22.pdf,,,,,,,,,,,,,,,,,,,,,,,,
102,non-orthopaedic,Paediatric ENT,,Delays from presentation to surgery after incident,ENT guidance,Guidelines mostly met,No major change,completed,https://www.uhbw.nhs.uk/assets/1/23-639_uhbw_ca_annual_report_2021-22.pdf,,,,,,,,,,,,,,,,,,,,,,,,
103,non-orthopaedic,Paediatric ENT,,Nasal bone fracture referral and treatment delays,ENT guidance,Delays,Theatre booking pathway changes,completed,https://www.uhbw.nhs.uk/assets/1/23-639_uhbw_ca_annual_report_2021-22.pdf,,,,,,,,,,,,,,,,,,,,,,,,
104,non-orthopaedic,Paediatric emergency medicine,,GP referral telephone log completion (re-audit),Local standard,Improved after form redesign,Maintain,completed,https://www.uhbw.nhs.uk/assets/1/23-639_uhbw_ca_annual_report_2021-22.pdf,,,,,,,,,,,,,,,,,,,,,,,,
105,non-orthopaedic,Paediatric emergency medicine,,Criteria-led discharge for accidental ingestion,Local pathway,Low compliance,Awareness actions,completed,https://www.uhbw.nhs.uk/assets/1/23-639_uhbw_ca_annual_report_2021-22.pdf,,,,,,,,,,,,,,,,,,,,,,,,
106,non-orthopaedic,Paediatric emergency medicine,,Past medical history recording,Local standard,Missing,Section added to ED card,completed,https://www.uhbw.nhs.uk/assets/1/23-639_uhbw_ca_annual_report_2021-22.pdf,,,,,,,,,,,,,,,,,,,,,,,,
107,non-orthopaedic,Paediatric emergency medicine,,Criteria-led discharge after procedural sedation,Local pathway,Pathway not considered,Sedation checklist amended,completed,https://www.uhbw.nhs.uk/assets/1/23-639_uhbw_ca_annual_report_2021-22.pdf,,,,,,,,,,,,,,,,,,,,,,,,
108,non-orthopaedic,Paediatric endocrinology,,Calcium replacement (re-audit),Local guideline,Improved,Guideline clarified,completed,https://www.uhbw.nhs.uk/assets/1/23-639_uhbw_ca_annual_report_2021-22.pdf,,,,,,,,,,,,,,,,,,,,,,,,
109,non-orthopaedic,Paediatric gastroenterology,,Small bowel MRI at referral for endoscopy,Regional pathway,Late MRI,MRI at point of referral,completed,https://www.uhbw.nhs.uk/assets/1/23-639_uhbw_ca_annual_report_2021-22.pdf,,,,,,,,,,,,,,,,,,,,,,,,
110,non-orthopaedic,Paediatric gastroenterology,,Biologic drug management in inflammatory bowel disease,National guidance,Poor oversight,Biologics meeting and checklist,completed,https://www.uhbw.nhs.uk/assets/1/23-639_uhbw_ca_annual_report_2021-22.pdf,,,,,,,,,,,,,,,,,,,,,,,,
111,non-orthopaedic,Paediatrics,,Complex needs spinal care,Local standard,No structured clinic,Complex needs spinal clinics and parent questionnaire,completed,https://www.uhbw.nhs.uk/assets/1/23-639_uhbw_ca_annual_report_2021-22.pdf,,,,,,,,,,,,,,,,,,,,,,,,
112,non-orthopaedic,Paediatrics,,Intravenous fluid management,NICE paediatric fluids guidance,Electrolytes not checked daily,Feedback and induction,completed,https://www.uhbw.nhs.uk/assets/1/23-639_uhbw_ca_annual_report_2021-22.pdf,,,,,,,,,,,,,,,,,,,,,,,,
113,non-orthopaedic,Neonatology,,Therapeutic cooling documentation,Neonatal guidance,"Reassuring, some gaps",Admission form,completed,https://www.uhbw.nhs.uk/assets/1/23-639_uhbw_ca_annual_report_2021-22.pdf,,,,,,,,,,,,,,,,,,,,,,,,
114,non-orthopaedic,Neonatology,,Thermoregulation,Neonatal guidance,Gaps,Guideline update and monitoring system,completed,https://www.uhbw.nhs.uk/assets/1/23-639_uhbw_ca_annual_report_2021-22.pdf,,,,,,,,,,,,,,,,,,,,,,,,
115,non-orthopaedic,Neonatology,,Temperature around central line insertion in preterm babies,Neonatal guidance,Temperature drops,Mandatory documentation,completed,https://www.uhbw.nhs.uk/assets/1/23-639_uhbw_ca_annual_report_2021-22.pdf,,,,,,,,,,,,,,,,,,,,,,,,
116,non-orthopaedic,Neonatology,,Neonatal abstinence syndrome guideline,Local guideline,Low compliance,Guideline changes,completed,https://www.uhbw.nhs.uk/assets/1/23-639_uhbw_ca_annual_report_2021-22.pdf,,,,,,,,,,,,,,,,,,,,,,,,
117,non-orthopaedic,Paediatric oncology,,Anti-sickness for intrathecal chemotherapy,Local guideline,Gap in guidance,New guideline section,completed,https://www.uhbw.nhs.uk/assets/1/23-639_uhbw_ca_annual_report_2021-22.pdf,,,,,,,,,,,,,,,,,,,,,,,,
118,non-orthopaedic,Paediatric oncology,,Transplant registry data management,Registry standards,Transcription errors,"Electronic copying, issues raised with registry",completed,https://www.uhbw.nhs.uk/assets/1/23-639_uhbw_ca_annual_report_2021-22.pdf,,,,,,,,,,,,,,,,,,,,,,,,
119,non-orthopaedic,Paediatric oncology,,Port access documentation,Local standard,Poor documentation,"Stickers promoted, needle size recorded",completed,https://www.uhbw.nhs.uk/assets/1/23-639_uhbw_ca_annual_report_2021-22.pdf,,,,,,,,,,,,,,,,,,,,,,,,
120,non-orthopaedic,Paediatric oncology,,Donor follow-up after harvest,Local standard,Follow-up gaps,"Coordinator allocation, 14-day nurse follow-up",completed,https://www.uhbw.nhs.uk/assets/1/23-639_uhbw_ca_annual_report_2021-22.pdf,,,,,,,,,,,,,,,,,,,,,,,,
121,non-orthopaedic,Paediatric oncology,,Fluid balance documentation,Nursing standards,Hourly readings missed,Staff education,completed,https://www.uhbw.nhs.uk/assets/1/23-639_uhbw_ca_annual_report_2021-22.pdf,,,,,,,,,,,,,,,,,,,,,,,,
122,non-orthopaedic,Paediatric oncology,,Assessment completion each shift,Nursing standards,Poor compliance,Safety briefing and poster,completed,https://www.uhbw.nhs.uk/assets/1/23-639_uhbw_ca_annual_report_2021-22.pdf,,,,,,,,,,,,,,,,,,,,,,,,
123,non-orthopaedic,Paediatric oncology,,Switching from allopurinol to rasburicase,Local guideline,Unclear guidance,Dose banding table,completed,https://www.uhbw.nhs.uk/assets/1/23-639_uhbw_ca_annual_report_2021-22.pdf,,,,,,,,,,,,,,,,,,,,,,,,
124,non-orthopaedic,Paediatric palliative care,,Advance care plans on electronic record,Palliative care guidance,Plans not uploaded,Education and contacts list,completed,https://www.uhbw.nhs.uk/assets/1/23-639_uhbw_ca_annual_report_2021-22.pdf,,,,,,,,,,,,,,,,,,,,,,,,
125,non-orthopaedic,Paediatric radiology,,Radiograph verification by fellows,Reporting standards,Backlog,"Fellows verify own films, daily targets",completed,https://www.uhbw.nhs.uk/assets/1/23-639_uhbw_ca_annual_report_2021-22.pdf,,,,,,,,,,,,,,,,,,,,,,,,
126,non-orthopaedic,Paediatric rheumatology,,Theatre list allocation,Local standard,Late allocation,List confirmed six weeks ahead,completed,https://www.uhbw.nhs.uk/assets/1/23-639_uhbw_ca_annual_report_2021-22.pdf,,,,,,,,,,,,,,,,,,,,,,,,
127,non-orthopaedic,Gynaecology,,Glandular neoplasia referral management,National colposcopy guidance,Five of seven met,Actions on remaining,completed,https://www.uhbw.nhs.uk/assets/1/23-639_uhbw_ca_annual_report_2021-22.pdf,,,,,,,,,,,,,,,,,,,,,,,,
128,non-orthopaedic,Gynaecology,,Second LLETZ where recommended,National guidance,Mostly offered,Reminder to colposcopists,completed,https://www.uhbw.nhs.uk/assets/1/23-639_uhbw_ca_annual_report_2021-22.pdf,,,,,,,,,,,,,,,,,,,,,,,,
129,non-orthopaedic,Gynaecology,,Early pregnancy clinic before and after pandemic measures,Service standard,Monitoring gaps,Dashboard and database,completed,https://www.uhbw.nhs.uk/assets/1/23-639_uhbw_ca_annual_report_2021-22.pdf,,,,,,,,,,,,,,,,,,,,,,,,
130,non-orthopaedic,Gynaecology,,Fertility documentation against HFEA standards,HFEA standards,Most met,Missing field added to form,completed,https://www.uhbw.nhs.uk/assets/1/23-639_uhbw_ca_annual_report_2021-22.pdf,,,,,,,,,,,,,,,,,,,,,,,,
131,non-orthopaedic,Gynaecology,,Endometrial hyperplasia reporting and coding,Pathology guidance,Inconsistent,Laboratory guideline,completed,https://www.uhbw.nhs.uk/assets/1/23-639_uhbw_ca_annual_report_2021-22.pdf,,,,,,,,,,,,,,,,,,,,,,,,
132,non-orthopaedic,Gynaecology,,Did-not-attend policy for 16 and 17 year olds,Safeguarding policy,Not flagged,Highlighting measures,completed,https://www.uhbw.nhs.uk/assets/1/23-639_uhbw_ca_annual_report_2021-22.pdf,,,,,,,,,,,,,,,,,,,,,,,,
133,non-orthopaedic,Gynaecology,,Informing patients of preterm risk after LLETZ,National guidance,Not informed in writing,Written information,completed,https://www.uhbw.nhs.uk/assets/1/23-639_uhbw_ca_annual_report_2021-22.pdf,,,,,,,,,,,,,,,,,,,,,,,,
134,non-orthopaedic,Gynaecology,,Ectopic pregnancy management,RCOG guidance,"Good practice, information gaps",Leaflets on support and future pregnancy,completed,https://www.uhbw.nhs.uk/assets/1/23-639_uhbw_ca_annual_report_2021-22.pdf,,,,,,,,,,,,,,,,,,,,,,,,
135,non-orthopaedic,Obstetrics,,Midwife recognition of abnormalities on vaginal examination,Local standard,Gaps,Simulation training (commended),completed,https://www.uhbw.nhs.uk/assets/1/23-639_uhbw_ca_annual_report_2021-22.pdf,,,,,,,,,,,,,,,,,,,,,,,,
136,non-orthopaedic,Obstetrics,,Preterm birth prevention service,National care bundle,Two of three met,Specialist midwife role,completed,https://www.uhbw.nhs.uk/assets/1/23-639_uhbw_ca_annual_report_2021-22.pdf,,,,,,,,,,,,,,,,,,,,,,,,
137,non-orthopaedic,Obstetrics,,At-risk newborn identification and hypoglycaemia,BAPM guidance,Good compliance,Maintain,completed,https://www.uhbw.nhs.uk/assets/1/23-639_uhbw_ca_annual_report_2021-22.pdf,,,,,,,,,,,,,,,,,,,,,,,,
138,non-orthopaedic,Obstetrics,,Symphysis fundal height measurement,Growth assessment guidance,Improving,Documentation changes,completed,https://www.uhbw.nhs.uk/assets/1/23-639_uhbw_ca_annual_report_2021-22.pdf,,,,,,,,,,,,,,,,,,,,,,,,
139,non-orthopaedic,Obstetrics,,Partner and father details in safeguarding,Safeguarding standards,Good compliance,Plans on other standards,completed,https://www.uhbw.nhs.uk/assets/1/23-639_uhbw_ca_annual_report_2021-22.pdf,,,,,,,,,,,,,,,,,,,,,,,,
140,non-orthopaedic,Obstetrics,,Emergency cervical cerclage,RCOG guidance,Good compliance,Documentation reminders and leaflets,completed,https://www.uhbw.nhs.uk/assets/1/23-639_uhbw_ca_annual_report_2021-22.pdf,,,,,,,,,,,,,,,,,,,,,,,,
141,non-orthopaedic,Obstetrics,,Action on yellow and red maternal observations,Local standard,Full compliance,Maintain,completed,https://www.uhbw.nhs.uk/assets/1/23-639_uhbw_ca_annual_report_2021-22.pdf,,,,,,,,,,,,,,,,,,,,,,,,
142,non-orthopaedic,Obstetrics,,Antenatal risk assessment,Local guideline,Strong at booking,New system for updating lead professional,completed,https://www.uhbw.nhs.uk/assets/1/23-639_uhbw_ca_annual_report_2021-22.pdf,,,,,,,,,,,,,,,,,,,,,,,,
143,non-orthopaedic,Obstetrics,,Computerised CTG for reduced fetal movements,Saving Babies' Lives bundle,Improving over cycles,Maintain,completed,https://www.uhbw.nhs.uk/assets/1/23-639_uhbw_ca_annual_report_2021-22.pdf,,,,,,,,,,,,,,,,,,,,,,,,
144,non-orthopaedic,Obstetrics,,Single-dose antibiotics after instrumental birth,National guidance,Mostly good,Maintain,completed,https://www.uhbw.nhs.uk/assets/1/23-639_uhbw_ca_annual_report_2021-22.pdf,,,,,,,,,,,,,,,,,,,,,,,,
145,non-orthopaedic,Obstetrics,,Bilirubin measurement within 6 hours of jaundice,NICE neonatal jaundice guidance,Improved by third cycle,Dissemination via safety briefings,completed,https://www.uhbw.nhs.uk/assets/1/23-639_uhbw_ca_annual_report_2021-22.pdf,,,,,,,,,,,,,,,,,,,,,,,,
146,non-orthopaedic,Acute medicine,,Treatment escalation forms within 24 hours,Local standard,Low in some areas,Training and monthly monitoring,completed,https://www.uhbw.nhs.uk/assets/1/23-639_uhbw_ca_annual_report_2021-22.pdf,,,,,,,,,,,,,,,,,,,,,,,,
147,non-orthopaedic,Cardiology,,Cardiac rehabilitation referral,National rehabilitation audit,Comparable to national,Rehab nurses access inpatient list,completed,https://www.uhbw.nhs.uk/assets/1/23-639_uhbw_ca_annual_report_2021-22.pdf,,,,,,,,,,,,,,,,,,,,,,,,
148,non-orthopaedic,Emergency medicine,,Anticholinergic burden in dementia patients,Prescribing guidance,Good compliance,Maintain,completed,https://www.uhbw.nhs.uk/assets/1/23-639_uhbw_ca_annual_report_2021-22.pdf,,,,,,,,,,,,,,,,,,,,,,,,
149,non-orthopaedic,Emergency medicine,,Lying and standing blood pressure in older fallers,NICE falls guidance,Rarely measured,Posters and pocket cards,completed,https://www.uhbw.nhs.uk/assets/1/23-639_uhbw_ca_annual_report_2021-22.pdf,,,,,,,,,,,,,,,,,,,,,,,,
150,non-orthopaedic,Gastroenterology,,N-acetylcysteine dosing after paracetamol overdose,National guidance,Mostly correct,Guidance updated,completed,https://www.uhbw.nhs.uk/assets/1/23-639_uhbw_ca_annual_report_2021-22.pdf,,,,,,,,,,,,,,,,,,,,,,,,
151,non-orthopaedic,Gastroenterology,,Pabrinex dosing in alcohol withdrawal,Local guidance,Wrong dosing,"New withdrawal guideline, re-audit",completed,https://www.uhbw.nhs.uk/assets/1/23-639_uhbw_ca_annual_report_2021-22.pdf,,,,,,,,,,,,,,,,,,,,,,,,
152,non-orthopaedic,General medicine,,Potassium disturbance management,Local guideline,"Poor compliance, then 100% on re-audit",Hypokalaemia guideline and lab protocol,completed,https://www.uhbw.nhs.uk/assets/1/23-639_uhbw_ca_annual_report_2021-22.pdf,,,,,,,,,,,,,,,,,,,,,,,,
153,non-orthopaedic,Radiology,,Coding of abnormal chest x-rays,Coding standards,All coded correctly,No change needed,completed,https://www.uhbw.nhs.uk/assets/1/23-639_uhbw_ca_annual_report_2021-22.pdf,,,,,,,,,,,,,,,,,,,,,,,,
154,non-orthopaedic,General surgery,,Fluid prescribing in nil-by-mouth patients,NICE fluids guidance,Poor prescribing,Training and accessible guidelines,completed,https://www.uhbw.nhs.uk/assets/1/23-639_uhbw_ca_annual_report_2021-22.pdf,,,,,,,,,,,,,,,,,,,,,,,,
155,non-orthopaedic,General surgery,,Pancreatitis feeding,National pancreatitis guidance,Feeding fully compliant,Proforma and imaging timing guidance,completed,https://www.uhbw.nhs.uk/assets/1/23-639_uhbw_ca_annual_report_2021-22.pdf,,,,,,,,,,,,,,,,,,,,,,,,
156,non-orthopaedic,General surgery,,Fluid chart completion on surgical wards,Local standard,Mostly correct,New fluid chart,completed,https://www.uhbw.nhs.uk/assets/1/23-639_uhbw_ca_annual_report_2021-22.pdf,,,,,,,,,,,,,,,,,,,,,,,,
157,non-orthopaedic,Audiology,,Hearing aid fitting protocol with real ear measurements (re-audit),British Society of Audiology protocol,Protocol followed in all eligible cases,No change needed,completed,https://www.uhbristol.nhs.uk/media/4556025/uhbw_clinical_audit_report_2022.23.pdf,,,,,,,,,,,,,,,,,,,,,,,,
158,non-orthopaedic,Clinical biochemistry,,Out-of-hours phoning of critically abnormal results,Laboratory standard,Unphoned results not recorded,Checkbox added for results not phoned,completed,https://www.uhbristol.nhs.uk/media/4556025/uhbw_clinical_audit_report_2022.23.pdf,,,,,,,,,,,,,,,,,,,,,,,,
159,non-orthopaedic,Clinical biochemistry,,Myeloma screening in primary care,Diagnostic guidance,Incomplete screening by GPs,GP education on full myeloma screen,completed,https://www.uhbristol.nhs.uk/media/4556025/uhbw_clinical_audit_report_2022.23.pdf,,,,,,,,,,,,,,,,,,,,,,,,
160,non-orthopaedic,Clinical biochemistry,,Laboratory thyroid function testing (re-audit),NICE thyroid guidance,Compliant with protocol,No change needed,completed,https://www.uhbristol.nhs.uk/media/4556025/uhbw_clinical_audit_report_2022.23.pdf,,,,,,,,,,,,,,,,,,,,,,,,
161,non-orthopaedic,Medical physics,,CT dose across three adult scanners,National diagnostic reference levels,Data for local levels,Local reference levels set,completed,https://www.uhbristol.nhs.uk/media/4556025/uhbw_clinical_audit_report_2022.23.pdf,,,,,,,,,,,,,,,,,,,,,,,,
162,non-orthopaedic,Vascular science,,Carotid ultrasound reporting (re-audit),Trust reporting standards,Significant assurance,No change needed,completed,https://www.uhbristol.nhs.uk/media/4556025/uhbw_clinical_audit_report_2022.23.pdf,,,,,,,,,,,,,,,,,,,,,,,,
163,non-orthopaedic,Medical physics,,Radiation dose from a new cardiac catheter lab system,National reference levels,Lower patient doses,Upgrade confirmed beneficial,completed,https://www.uhbristol.nhs.uk/media/4556025/uhbw_clinical_audit_report_2022.23.pdf,,,,,,,,,,,,,,,,,,,,,,,,
164,non-orthopaedic,Radiology,,Image-guided lung biopsy follow-up chest x-ray (re-audit),Local standard,Timing of check film unclear,Radiologists document timing in report,completed,https://www.uhbristol.nhs.uk/media/4556025/uhbw_clinical_audit_report_2022.23.pdf,,,,,,,,,,,,,,,,,,,,,,,,
165,non-orthopaedic,Radiology,,Quality of acute CT head requests,Imaging referral guidance,"Poor-quality requests, mostly from ED",Poster to wards and ED,completed,https://www.uhbristol.nhs.uk/media/4556025/uhbw_clinical_audit_report_2022.23.pdf,,,,,,,,,,,,,,,,,,,,,,,,
166,non-orthopaedic,Radiology,,Facial bone radiograph image quality,Image quality standards,Poor images in uncooperative patients,Skip plain films if CT head planned,completed,https://www.uhbristol.nhs.uk/media/4556025/uhbw_clinical_audit_report_2022.23.pdf,,,,,,,,,,,,,,,,,,,,,,,,
167,non-orthopaedic,Radiology,,Lens of eye excluded on outpatient CT head,Radiation protection guidance,Lens often included,Best practice guide,completed,https://www.uhbristol.nhs.uk/media/4556025/uhbw_clinical_audit_report_2022.23.pdf,,,,,,,,,,,,,,,,,,,,,,,,
168,non-orthopaedic,Radiology,,Radiographer reporting of appendicular skeleton using outcome scores,Reporting standards,Method validated,Score adopted for peer review,completed,https://www.uhbristol.nhs.uk/media/4556025/uhbw_clinical_audit_report_2022.23.pdf,,,,,,,,,,,,,,,,,,,,,,,,
169,non-orthopaedic,Radiology,,Lumbar spine radiograph quality,Image quality standards,Technique gaps in junior radiographers,Refresher sessions and posters,completed,https://www.uhbristol.nhs.uk/media/4556025/uhbw_clinical_audit_report_2022.23.pdf,,,,,,,,,,,,,,,,,,,,,,,,
170,non-orthopaedic,Radiology,,Mobile chest x-ray image quality,Image quality standards,Exposure criteria mostly met,Staff education,completed,https://www.uhbristol.nhs.uk/media/4556025/uhbw_clinical_audit_report_2022.23.pdf,,,,,,,,,,,,,,,,,,,,,,,,
171,non-orthopaedic,Radiology,,Complications after radiologically inserted gastrostomy,Procedure standards,Significant assurance,Ongoing governance review,completed,https://www.uhbristol.nhs.uk/media/4556025/uhbw_clinical_audit_report_2022.23.pdf,,,,,,,,,,,,,,,,,,,,,,,,
172,non-orthopaedic,Radiology,,Minimising radiation dose in pulmonary embolism imaging,Imaging guidance,Perfusion scans now preferred (commended nationally),Continue following procedure,completed,https://www.uhbristol.nhs.uk/media/4556025/uhbw_clinical_audit_report_2022.23.pdf,,,,,,,,,,,,,,,,,,,,,,,,
173,non-orthopaedic,Pharmacy,,Antimicrobial prescribing in children's ED,Trust antimicrobial guideline,Very good compliance,Skin laceration prophylaxis guideline,completed,https://www.uhbristol.nhs.uk/media/4556025/uhbw_clinical_audit_report_2022.23.pdf,,,,,,,,,,,,,,,,,,,,,,,,
174,non-orthopaedic,Pharmacy,,Zoledronic acid for osteoporosis data recording,Regional prescribing framework,Data gaps,Fed back to region and fracture liaison,completed,https://www.uhbristol.nhs.uk/media/4556025/uhbw_clinical_audit_report_2022.23.pdf,,,,,,,,,,,,,,,,,,,,,,,,
175,non-orthopaedic,Pharmacy,,Baseline glucose and HbA1c before chemotherapy,Oncology guidance,Not routinely checked,Added to pre-cycle bloods,completed,https://www.uhbristol.nhs.uk/media/4556025/uhbw_clinical_audit_report_2022.23.pdf,,,,,,,,,,,,,,,,,,,,,,,,
176,non-orthopaedic,Pharmacy,,Stopping SGLT2 inhibitors before cardiac surgery,Perioperative medicines guidance,Unclear guidance,Guideline clarified,completed,https://www.uhbristol.nhs.uk/media/4556025/uhbw_clinical_audit_report_2022.23.pdf,,,,,,,,,,,,,,,,,,,,,,,,
177,non-orthopaedic,Pharmacy,,Medication allergy recording,Medicines safety guidance,Poor recording in patient record,"Use prescribing system, add to drug history guidance",completed,https://www.uhbristol.nhs.uk/media/4556025/uhbw_clinical_audit_report_2022.23.pdf,,,,,,,,,,,,,,,,,,,,,,,,
178,non-orthopaedic,Physiotherapy,,Hip fracture database standards review,National hip fracture database,No routine review,Routine review established,completed,https://www.uhbristol.nhs.uk/media/4556025/uhbw_clinical_audit_report_2022.23.pdf,,,,,,,,,,,,,,,,,,,,,,,,
179,non-orthopaedic,Physiotherapy,,Treatment plans and goals in older people's rehabilitation,Service standards,Inconsistent,Examples used at induction,completed,https://www.uhbristol.nhs.uk/media/4556025/uhbw_clinical_audit_report_2022.23.pdf,,,,,,,,,,,,,,,,,,,,,,,,
180,non-orthopaedic,Emergency medicine,,Recognition of cauda equina symptoms at triage,National cauda equina pathway,"Sexual dysfunction rarely asked, bladder scans variably documented","Triage training, radiology pathway, legal advice",completed,https://www.uhbristol.nhs.uk/media/4556025/uhbw_clinical_audit_report_2022.23.pdf,,,,,,,,,,,,,,,,,,,,,,,,
181,non-orthopaedic,Care of the elderly,,Advance care plans communicated to GPs on discharge,Local standard,100% achieved,Maintain,completed,https://www.uhbristol.nhs.uk/media/4556025/uhbw_clinical_audit_report_2022.23.pdf,,,,,,,,,,,,,,,,,,,,,,,,
182,non-orthopaedic,Care of the elderly,,Aspirin before TIA clinic review,NICE TIA guidance,Only just over half managed appropriately,"Education, referral prompt, requesting system change",completed,https://www.uhbristol.nhs.uk/media/4556025/uhbw_clinical_audit_report_2022.23.pdf,,,,,,,,,,,,,,,,,,,,,,,,
183,non-orthopaedic,Care of the elderly,,Consultant sign-off of treatment escalation forms,Trust policy,Many unsigned,"Coloured sticker when signed, re-audit",completed,https://www.uhbristol.nhs.uk/media/4556025/uhbw_clinical_audit_report_2022.23.pdf,,,,,,,,,,,,,,,,,,,,,,,,
184,non-orthopaedic,Care of the elderly,,Immediate aspirin for TIA (re-audit),NICE TIA guidance,Rose to 87%,"Added to risk register, reminders",completed,https://www.uhbristol.nhs.uk/media/4556025/uhbw_clinical_audit_report_2022.23.pdf,,,,,,,,,,,,,,,,,,,,,,,,
185,non-orthopaedic,Sexual health,,Remote consulting across partner services,Service standards,Standards achieved,Tailored plans for lower performers,completed,https://www.uhbristol.nhs.uk/media/4556025/uhbw_clinical_audit_report_2022.23.pdf,,,,,,,,,,,,,,,,,,,,,,,,
186,non-orthopaedic,Sexual health,,Offering HIV testing,National HIV testing standards,Many not offered a test,"Record changes, reminders, re-audit",completed,https://www.uhbristol.nhs.uk/media/4556025/uhbw_clinical_audit_report_2022.23.pdf,,,,,,,,,,,,,,,,,,,,,,,,
187,non-orthopaedic,Sexual health,,Information and GP communication for under-18s,Safeguarding standards,Low results across partners,Electronic record changes,completed,https://www.uhbristol.nhs.uk/media/4556025/uhbw_clinical_audit_report_2022.23.pdf,,,,,,,,,,,,,,,,,,,,,,,,
188,non-orthopaedic,Sexual health,,Contraception advice after abortion,National guidance,Good adherence,"Proforma changes, re-audit",completed,https://www.uhbristol.nhs.uk/media/4556025/uhbw_clinical_audit_report_2022.23.pdf,,,,,,,,,,,,,,,,,,,,,,,,
189,non-orthopaedic,Sexual health,,Contraceptive implant fitting and removal safety,National guidance after incidents,One criterion low across nearly all partners,Proforma update and reminders to fitters,completed,https://www.uhbristol.nhs.uk/media/4556025/uhbw_clinical_audit_report_2022.23.pdf,,,,,,,,,,,,,,,,,,,,,,,,
190,non-orthopaedic,Sexual health,,Safeguarding framework adherence (re-audit),Safeguarding framework,Significant improvement,Share learning,completed,https://www.uhbristol.nhs.uk/media/4556025/uhbw_clinical_audit_report_2022.23.pdf,,,,,,,,,,,,,,,,,,,,,,,,
191,non-orthopaedic,Sexual health,,Spotting the Signs proforma completion,Safeguarding guidance,Mixed completion,Documentation improvement,completed,https://www.uhbristol.nhs.uk/media/4556025/uhbw_clinical_audit_report_2022.23.pdf,,,,,,,,,,,,,,,,,,,,,,,,
192,non-orthopaedic,Dermatology,,Alitretinoin for hand dermatitis (re-audit),Prescribing requirements,No improvement after first cycle,"Posters, patient texts, electronic quality-of-life index",completed,https://www.uhbristol.nhs.uk/media/4556025/uhbw_clinical_audit_report_2022.23.pdf,,,,,,,,,,,,,,,,,,,,,,,,
193,non-orthopaedic,Gastroenterology,,Cirrhosis discharge bundle,National cirrhosis guidance,Poor compliance,Posters and bundles to wards,completed,https://www.uhbristol.nhs.uk/media/4556025/uhbw_clinical_audit_report_2022.23.pdf,,,,,,,,,,,,,,,,,,,,,,,,
194,non-orthopaedic,Respiratory,,Pneumococcal antibody testing in bronchiectasis,British Thoracic Society guidance,Testing inconsistent,Standard pathway and nurse-led clinic,completed,https://www.uhbristol.nhs.uk/media/4556025/uhbw_clinical_audit_report_2022.23.pdf,,,,,,,,,,,,,,,,,,,,,,,,
195,non-orthopaedic,Sexual assault referral centre,,Service standards review,Service standards,"Most at 100%, referral communication low",Referral communication plan,completed,https://www.uhbristol.nhs.uk/media/4556025/uhbw_clinical_audit_report_2022.23.pdf,,,,,,,,,,,,,,,,,,,,,,,,
196,non-orthopaedic,Sexual assault referral centre,,Paediatric clinical records,Service standards,Excellent across 19 criteria,No change needed,completed,https://www.uhbristol.nhs.uk/media/4556025/uhbw_clinical_audit_report_2022.23.pdf,,,,,,,,,,,,,,,,,,,,,,,,
197,non-orthopaedic,Acute medicine,,Boarding beds against trust procedure,Trust boarding procedure,Four of nine criteria critically failed,"Reminders to document, incident report after 24 hours",completed,https://www.uhbristol.nhs.uk/media/4556025/uhbw_clinical_audit_report_2022.23.pdf,,,,,,,,,,,,,,,,,,,,,,,,
198,non-orthopaedic,Cardiac surgery,,Local safety standards form for invasive procedures,Local safety standards,Poor compliance,Form redesigned,completed,https://www.uhbristol.nhs.uk/media/4556025/uhbw_clinical_audit_report_2022.23.pdf,,,,,,,,,,,,,,,,,,,,,,,,
199,non-orthopaedic,Cardiology,,CT coronary angiography after bypass surgery,Imaging guidance,Underused,Re-audit with more data,completed,https://www.uhbristol.nhs.uk/media/4556025/uhbw_clinical_audit_report_2022.23.pdf,,,,,,,,,,,,,,,,,,,,,,,,
200,non-orthopaedic,Cardiology,,Cardiac MRI stress protocol,Local protocol,Significant assurance,Standardised adenosine dose and timing,completed,https://www.uhbristol.nhs.uk/media/4556025/uhbw_clinical_audit_report_2022.23.pdf,,,,,,,,,,,,,,,,,,,,,,,,
201,non-orthopaedic,Cardiology,,Risk assessment completion,Local standard,Standard achieved,Regular reminders,completed,https://www.uhbristol.nhs.uk/media/4556025/uhbw_clinical_audit_report_2022.23.pdf,,,,,,,,,,,,,,,,,,,,,,,,
202,non-orthopaedic,Haematology,,Cellular therapy accreditation criteria,International accreditation standards,100% across 14 criteria,No change needed,completed,https://www.uhbristol.nhs.uk/media/4556025/uhbw_clinical_audit_report_2022.23.pdf,,,,,,,,,,,,,,,,,,,,,,,,
203,non-orthopaedic,Haematology,,Chemotherapy delivery training and competence,Accreditation standards,Excellent adherence,Training and competence reviews,completed,https://www.uhbristol.nhs.uk/media/4556025/uhbw_clinical_audit_report_2022.23.pdf,,,,,,,,,,,,,,,,,,,,,,,,
204,non-orthopaedic,Haematology,,Donor paperwork upload before harvest,Accreditation standards,Two criteria at 90%,Upload donor papers after pre-assessment,completed,https://www.uhbristol.nhs.uk/media/4556025/uhbw_clinical_audit_report_2022.23.pdf,,,,,,,,,,,,,,,,,,,,,,,,
205,non-orthopaedic,Haematology,,Donor virology before cell donation,Accreditation standards,Two standards very low,Deviation form when virology incomplete,completed,https://www.uhbristol.nhs.uk/media/4556025/uhbw_clinical_audit_report_2022.23.pdf,,,,,,,,,,,,,,,,,,,,,,,,
206,non-orthopaedic,Haematology,,Related donor virology before cryoinfusion,Accreditation standards,Gaps,Check prompt on donor clearance sheet,completed,https://www.uhbristol.nhs.uk/media/4556025/uhbw_clinical_audit_report_2022.23.pdf,,,,,,,,,,,,,,,,,,,,,,,,
207,non-orthopaedic,Haematology,,Primary CNS lymphoma workup and autograft procedure,National guidance,Four criteria below two-thirds,"Streamlined workup, updated procedure",completed,https://www.uhbristol.nhs.uk/media/4556025/uhbw_clinical_audit_report_2022.23.pdf,,,,,,,,,,,,,,,,,,,,,,,,
208,non-orthopaedic,Haematology,,Blood glucose control in myeloma and lymphoma on chemotherapy,Oncology guidance,Mixed results,New hyperglycaemia procedure and leaflet,completed,https://www.uhbristol.nhs.uk/media/4556025/uhbw_clinical_audit_report_2022.23.pdf,,,,,,,,,,,,,,,,,,,,,,,,
209,non-orthopaedic,Haematology,,Acute myeloid leukaemia quality performance,National quality measures,Database and sampling gaps,"Database upkeep, biopsy teaching, sequencing procedure",completed,https://www.uhbristol.nhs.uk/media/4556025/uhbw_clinical_audit_report_2022.23.pdf,,,,,,,,,,,,,,,,,,,,,,,,
210,non-orthopaedic,Haematology,,Pain management in sickle cell crisis,National sickle cell guidance,Mixed compliance,"Training for SHOs and nurses, care plans",completed,https://www.uhbristol.nhs.uk/media/4556025/uhbw_clinical_audit_report_2022.23.pdf,,,,,,,,,,,,,,,,,,,,,,,,
211,non-orthopaedic,Oncology,,Triage of immunotherapy side effects,UKONS triage guidance,Gaps in early recognition,"Added to risk register, nurse training, triage tool work",completed,https://www.uhbristol.nhs.uk/media/4556025/uhbw_clinical_audit_report_2022.23.pdf,,,,,,,,,,,,,,,,,,,,,,,,
212,non-orthopaedic,Oncology,,DPD testing before fluoropyrimidine chemotherapy,National recommendations,Compliant,Move to electronic requesting,completed,https://www.uhbristol.nhs.uk/media/4556025/uhbw_clinical_audit_report_2022.23.pdf,,,,,,,,,,,,,,,,,,,,,,,,
213,non-orthopaedic,Oncology,,Radiotherapy treatment verification imaging,Local work instruction,Poor compliance,Treatment sheet changes and training,completed,https://www.uhbristol.nhs.uk/media/4556025/uhbw_clinical_audit_report_2022.23.pdf,,,,,,,,,,,,,,,,,,,,,,,,
214,non-orthopaedic,Oncology,,Rectal spacer indication documentation,Procedure standards,Indication not documented,New operating procedure,completed,https://www.uhbristol.nhs.uk/media/4556025/uhbw_clinical_audit_report_2022.23.pdf,,,,,,,,,,,,,,,,,,,,,,,,
215,non-orthopaedic,Radiotherapy,,Weekly radiotherapy checking (annual re-audit),Local standard,Good adherence,No change needed,completed,https://www.uhbristol.nhs.uk/media/4556025/uhbw_clinical_audit_report_2022.23.pdf,,,,,,,,,,,,,,,,,,,,,,,,
216,non-orthopaedic,Oncology,,Electronic consent for radiotherapy,Consent guidance,One exception,Teaching on form completion,completed,https://www.uhbristol.nhs.uk/media/4556025/uhbw_clinical_audit_report_2022.23.pdf,,,,,,,,,,,,,,,,,,,,,,,,
217,non-orthopaedic,Radiotherapy,,Bladder scanner use before pelvic radiotherapy,Local protocol,Scanner used incorrectly,Data sheet and protocol amended,completed,https://www.uhbristol.nhs.uk/media/4556025/uhbw_clinical_audit_report_2022.23.pdf,,,,,,,,,,,,,,,,,,,,,,,,
218,non-orthopaedic,Immunology,,Intravenous immunoglobulin prescribing and follow-up,National immunoglobulin guidance,Most standards not met,"E-referral form, reminders, medication history guidance",completed,https://www.uhbristol.nhs.uk/media/4556025/uhbw_clinical_audit_report_2022.23.pdf,,,,,,,,,,,,,,,,,,,,,,,,
219,non-orthopaedic,Anaesthesia,,Pre-operative assessment of pain,Perioperative pain guidance,No screening,Screening tool in pre-assessment,completed,https://www.uhbristol.nhs.uk/media/4556025/uhbw_clinical_audit_report_2022.23.pdf,,,,,,,,,,,,,,,,,,,,,,,,
220,non-orthopaedic,Anaesthesia,,Stop Before You Block,National safety initiative,80% checked before block,Awareness work,completed,https://www.uhbristol.nhs.uk/media/4556025/uhbw_clinical_audit_report_2022.23.pdf,,,,,,,,,,,,,,,,,,,,,,,,
221,non-orthopaedic,Anaesthesia,,Sharps waste in theatres,International sustainability audit,Room for improvement,Contributed to international audit,completed,https://www.uhbristol.nhs.uk/media/4556025/uhbw_clinical_audit_report_2022.23.pdf,,,,,,,,,,,,,,,,,,,,,,,,
222,non-orthopaedic,Anaesthesia,,Consultant supervision of anaesthetic lists,Supervision standards,"Excellent elective, unclear emergency cover",Ongoing monitoring,completed,https://www.uhbristol.nhs.uk/media/4556025/uhbw_clinical_audit_report_2022.23.pdf,,,,,,,,,,,,,,,,,,,,,,,,
223,non-orthopaedic,Anaesthesia,,Blood pressure control and depth of anaesthesia monitoring (re-audit),Anaesthetic guidance,Improved except age-adjusted dose and BP within 20%,Continued work,completed,https://www.uhbristol.nhs.uk/media/4556025/uhbw_clinical_audit_report_2022.23.pdf,,,,,,,,,,,,,,,,,,,,,,,,
224,non-orthopaedic,Obstetric anaesthesia,,Obstetric anaesthetic record keeping,Record keeping standards,Excellent,Improved obstetric anaesthetic chart,completed,https://www.uhbristol.nhs.uk/media/4556025/uhbw_clinical_audit_report_2022.23.pdf,,,,,,,,,,,,,,,,,,,,,,,,
225,non-orthopaedic,Cleft services,,Dental health before alveolar bone grafting,Cleft care standards,Poor results,New care pathway,completed,https://www.uhbristol.nhs.uk/media/4556025/uhbw_clinical_audit_report_2022.23.pdf,,,,,,,,,,,,,,,,,,,,,,,,
226,non-orthopaedic,Oral medicine,,Priority follow-up booking (third cycle),Local standard,Booked in the requested month,Maintain database,completed,https://www.uhbristol.nhs.uk/media/4556025/uhbw_clinical_audit_report_2022.23.pdf,,,,,,,,,,,,,,,,,,,,,,,,
227,non-orthopaedic,Oral surgery,,Jaw joint dysfunction and trigeminal neuralgia with botulinum toxin,Local pathway,Good outcomes,No change needed,completed,https://www.uhbristol.nhs.uk/media/4556025/uhbw_clinical_audit_report_2022.23.pdf,,,,,,,,,,,,,,,,,,,,,,,,
228,non-orthopaedic,Orthodontics,,Radiograph quality,Radiograph standards,Near full compliance,Re-audit,completed,https://www.uhbristol.nhs.uk/media/4556025/uhbw_clinical_audit_report_2022.23.pdf,,,,,,,,,,,,,,,,,,,,,,,,
229,non-orthopaedic,Orthodontics,,Reporting and grading of radiographs (fourth cycle),Radiograph standards,"Reported 94%, graded 48%",Two-point grading scale,completed,https://www.uhbristol.nhs.uk/media/4556025/uhbw_clinical_audit_report_2022.23.pdf,,,,,,,,,,,,,,,,,,,,,,,,
230,non-orthopaedic,Paediatric dentistry,,Dental access and oral health information for children with cleft by 12 months,Cleft standards,Poor compliance,Action plan and re-audit,completed,https://www.uhbristol.nhs.uk/media/4556025/uhbw_clinical_audit_report_2022.23.pdf,,,,,,,,,,,,,,,,,,,,,,,,
231,non-orthopaedic,Paediatric dentistry,,Preventive care for children having dental general anaesthetic,Prevention guidance,Poor compliance,Leaflet in GA paperwork,completed,https://www.uhbristol.nhs.uk/media/4556025/uhbw_clinical_audit_report_2022.23.pdf,,,,,,,,,,,,,,,,,,,,,,,,
232,non-orthopaedic,Paediatric dentistry,,Information before inhalation sedation,Sedation guidance,Standards not met,Sedation pathway,completed,https://www.uhbristol.nhs.uk/media/4556025/uhbw_clinical_audit_report_2022.23.pdf,,,,,,,,,,,,,,,,,,,,,,,,
233,non-orthopaedic,Paediatric dentistry,,Tooth identification before restorations,Local procedure,Procedure not followed,Procedure amended,completed,https://www.uhbristol.nhs.uk/media/4556025/uhbw_clinical_audit_report_2022.23.pdf,,,,,,,,,,,,,,,,,,,,,,,,
234,non-orthopaedic,Paediatric dentistry,,Dental screening before bone marrow transplant (third cycle),Local standard,Improving over cycles,Ongoing actions,completed,https://www.uhbristol.nhs.uk/media/4556025/uhbw_clinical_audit_report_2022.23.pdf,,,,,,,,,,,,,,,,,,,,,,,,
235,non-orthopaedic,Restorative dentistry,,Periodontal treatment plans for hygiene students,British periodontology guidance,Unclear plans,Sticker for treatment prescription,completed,https://www.uhbristol.nhs.uk/media/4556025/uhbw_clinical_audit_report_2022.23.pdf,,,,,,,,,,,,,,,,,,,,,,,,
236,non-orthopaedic,Restorative dentistry,,Extraction site review at two weeks,Local standard,Coverage rose from 6% to 76%,Ongoing plan,completed,https://www.uhbristol.nhs.uk/media/4556025/uhbw_clinical_audit_report_2022.23.pdf,,,,,,,,,,,,,,,,,,,,,,,,
237,non-orthopaedic,Restorative dentistry,,Consent in student clinics (second cycle),Consent guidance,Improved but gaps,E-learning on consent,completed,https://www.uhbristol.nhs.uk/media/4556025/uhbw_clinical_audit_report_2022.23.pdf,,,,,,,,,,,,,,,,,,,,,,,,
238,non-orthopaedic,Restorative dentistry,,Local anaesthetic prescription records (re-audit),Record keeping standards,All eight criteria improved,Maintain,completed,https://www.uhbristol.nhs.uk/media/4556025/uhbw_clinical_audit_report_2022.23.pdf,,,,,,,,,,,,,,,,,,,,,,,,
239,non-orthopaedic,Restorative dentistry,,Student caries diagnosis and risk assessment (re-audit),Record keeping standards,"Diagnosis up 36%, risk assessment up 34%",Maintain,completed,https://www.uhbristol.nhs.uk/media/4556025/uhbw_clinical_audit_report_2022.23.pdf,,,,,,,,,,,,,,,,,,,,,,,,
240,non-orthopaedic,Special care dentistry,,Failure-to-attend policy compliance,Trust policy,Poor compliance,New operating procedure,completed,https://www.uhbristol.nhs.uk/media/4556025/uhbw_clinical_audit_report_2022.23.pdf,,,,,,,,,,,,,,,,,,,,,,,,
241,non-orthopaedic,Special care dentistry,,General anaesthetic assessments for special care dentistry,Disability and oral health guidance,Inconsistent,New proforma,completed,https://www.uhbristol.nhs.uk/media/4556025/uhbw_clinical_audit_report_2022.23.pdf,,,,,,,,,,,,,,,,,,,,,,,,
242,non-orthopaedic,Special care dentistry,,Fluoride advice,Prevention guidance,Mostly appropriate,No major change,completed,https://www.uhbristol.nhs.uk/media/4556025/uhbw_clinical_audit_report_2022.23.pdf,,,,,,,,,,,,,,,,,,,,,,,,
243,non-orthopaedic,Ophthalmology,,Pre-operative site marking for eye surgery,Local safety standards,Room for improvement,Fed back to theatre group,completed,https://www.uhbristol.nhs.uk/media/4556025/uhbw_clinical_audit_report_2022.23.pdf,,,,,,,,,,,,,,,,,,,,,,,,
244,non-orthopaedic,Ophthalmology,,Chemical eye injury management,Emergency eye guidance,Poor compliance,Multi-department action plan,completed,https://www.uhbristol.nhs.uk/media/4556025/uhbw_clinical_audit_report_2022.23.pdf,,,,,,,,,,,,,,,,,,,,,,,,
245,non-orthopaedic,Ophthalmology,,Glaucoma follow-up intervals,NICE glaucoma guidance,Guidance not met,Action plan and re-audit,completed,https://www.uhbristol.nhs.uk/media/4556025/uhbw_clinical_audit_report_2022.23.pdf,,,,,,,,,,,,,,,,,,,,,,,,
246,non-orthopaedic,Ophthalmology,,Submacular haemorrhage time to treatment,Retinal guidance,Five of nine criteria met,Action plan,completed,https://www.uhbristol.nhs.uk/media/4556025/uhbw_clinical_audit_report_2022.23.pdf,,,,,,,,,,,,,,,,,,,,,,,,
247,non-orthopaedic,Ophthalmology,,Eye pressure clinic protocol,Local protocol,35% booked face-to-face without reason,Protocol revision and training,completed,https://www.uhbristol.nhs.uk/media/4556025/uhbw_clinical_audit_report_2022.23.pdf,,,,,,,,,,,,,,,,,,,,,,,,
248,non-orthopaedic,Ophthalmology,,Choroidal naevi management and referral,National guidance,Partial compliance,Action plan and re-audit,completed,https://www.uhbristol.nhs.uk/media/4556025/uhbw_clinical_audit_report_2022.23.pdf,,,,,,,,,,,,,,,,,,,,,,,,
249,non-orthopaedic,Ophthalmology,,Consent for intravitreal injections,Consent guidance,Consent complete,No change needed,completed,https://www.uhbristol.nhs.uk/media/4556025/uhbw_clinical_audit_report_2022.23.pdf,,,,,,,,,,,,,,,,,,,,,,,,
250,non-orthopaedic,Ophthalmology,,Laser photocoagulation sessions and timeliness,Retinal guidance,"Too many sessions, delays",Better risk stratification,completed,https://www.uhbristol.nhs.uk/media/4556025/uhbw_clinical_audit_report_2022.23.pdf,,,,,,,,,,,,,,,,,,,,,,,,
251,non-orthopaedic,Ophthalmology,,Transition to adult care for uveitis,Transition guidance,Varying compliance,Transition proforma on record system,completed,https://www.uhbristol.nhs.uk/media/4556025/uhbw_clinical_audit_report_2022.23.pdf,,,,,,,,,,,,,,,,,,,,,,,,
252,non-orthopaedic,Ophthalmology,,Aflibercept injection protocol,Local protocol,Good compliance,No change needed,completed,https://www.uhbristol.nhs.uk/media/4556025/uhbw_clinical_audit_report_2022.23.pdf,,,,,,,,,,,,,,,,,,,,,,,,
253,non-orthopaedic,Ophthalmology,,Paediatric cataract outcomes over 40 criteria,Published benchmarks,Comparable outcomes,No major change,completed,https://www.uhbristol.nhs.uk/media/4556025/uhbw_clinical_audit_report_2022.23.pdf,,,,,,,,,,,,,,,,,,,,,,,,
254,non-orthopaedic,Ophthalmology,,Immunosuppression management in eye patients,Guidance,Managed appropriately,No change needed,completed,https://www.uhbristol.nhs.uk/media/4556025/uhbw_clinical_audit_report_2022.23.pdf,,,,,,,,,,,,,,,,,,,,,,,,
255,non-orthopaedic,Colorectal surgery,,Aspirational colorectal criteria,Emerging evidence,Poor compliance,Monitor pending consensus,completed,https://www.uhbristol.nhs.uk/media/4556025/uhbw_clinical_audit_report_2022.23.pdf,,,,,,,,,,,,,,,,,,,,,,,,
256,non-orthopaedic,ENT,,Epistaxis management,ENT guidance,Poor documentation,Demonstrations at SHO induction,completed,https://www.uhbristol.nhs.uk/media/4556025/uhbw_clinical_audit_report_2022.23.pdf,,,,,,,,,,,,,,,,,,,,,,,,
257,non-orthopaedic,General surgery,,Driving advice after surgery,Patient safety guidance,Poor results,Advice added to record system,completed,https://www.uhbristol.nhs.uk/media/4556025/uhbw_clinical_audit_report_2022.23.pdf,,,,,,,,,,,,,,,,,,,,,,,,
258,non-orthopaedic,Hepatobiliary surgery,,Use of electronic workspace for diagnosis and condition,Local standard,Poor use,Poster,completed,https://www.uhbristol.nhs.uk/media/4556025/uhbw_clinical_audit_report_2022.23.pdf,,,,,,,,,,,,,,,,,,,,,,,,
259,non-orthopaedic,Hepatobiliary surgery,,Electronic workspace use (re-audit),Local standard,Significantly improved,Maintain,completed,https://www.uhbristol.nhs.uk/media/4556025/uhbw_clinical_audit_report_2022.23.pdf,,,,,,,,,,,,,,,,,,,,,,,,
260,non-orthopaedic,Thoracic surgery,,Clot risk assessment compliance,NICE VTE guidance,Two of five criteria poor,Action plan and re-audit,completed,https://www.uhbristol.nhs.uk/media/4556025/uhbw_clinical_audit_report_2022.23.pdf,,,,,,,,,,,,,,,,,,,,,,,,
261,non-orthopaedic,Thoracic surgery,,Nicotine replacement offered at pre-assessment,Smoking cessation guidance,"Smoking recorded, NRT offer not",Re-audit,completed,https://www.uhbristol.nhs.uk/media/4556025/uhbw_clinical_audit_report_2022.23.pdf,,,,,,,,,,,,,,,,,,,,,,,,
262,non-orthopaedic,Thoracic surgery,,Wound complications with glued wounds,Surveillance benchmarks,Higher with glue,Larger study proposed,completed,https://www.uhbristol.nhs.uk/media/4556025/uhbw_clinical_audit_report_2022.23.pdf,,,,,,,,,,,,,,,,,,,,,,,,
263,orthopaedic,Orthopaedics,,Availability of outpatient notes on electronic record,Record keeping standards,Poor compliance,Action plan and re-audit,completed,https://www.uhbristol.nhs.uk/media/4556025/uhbw_clinical_audit_report_2022.23.pdf,,,,,,,,,,,,,,,,,,,,,,,,
264,orthopaedic,Orthopaedics,,Fracture-related infection patient information,Infection guidance,Poor results,Patient booklet and discharge letter template,completed,https://www.uhbristol.nhs.uk/media/4556025/uhbw_clinical_audit_report_2022.23.pdf,,,,,,,,,,,,,,,,,,,,,,,,
265,orthopaedic,Orthopaedics,,Post-operative radiograph review (re-audit),Local standard,Small improvement,Further re-audit,completed,https://www.uhbristol.nhs.uk/media/4556025/uhbw_clinical_audit_report_2022.23.pdf,,,,,,,,,,,,,,,,,,,,,,,,
266,orthopaedic,Orthopaedics,,Clot risk assessment for orthopaedic patients (re-audit),NICE VTE guidance,Both criteria at 100%,Maintain,completed,https://www.uhbristol.nhs.uk/media/4556025/uhbw_clinical_audit_report_2022.23.pdf,,,,,,,,,,,,,,,,,,,,,,,,
267,orthopaedic,Orthopaedics,,Post-operative radiograph review after hemiarthroplasty,Local standard,Poor at first,Action plan and re-audit,completed,https://www.uhbristol.nhs.uk/media/4556025/uhbw_clinical_audit_report_2022.23.pdf,,,,,,,,,,,,,,,,,,,,,,,,
268,orthopaedic,Orthopaedics,,Operation note availability on record system,Record keeping standards,Poor,IT and ward clerk process,completed,https://www.uhbristol.nhs.uk/media/4556025/uhbw_clinical_audit_report_2022.23.pdf,,,,,,,,,,,,,,,,,,,,,,,,
269,orthopaedic,Orthopaedics,,Surgery allowing full weight bearing in frail patients within 36 hours,National hip fracture standards,89% versus 77% nationally,Maintain,completed,https://www.uhbristol.nhs.uk/media/4556025/uhbw_clinical_audit_report_2022.23.pdf,,,,,,,,,,,,,,,,,,,,,,,,
270,orthopaedic,Orthopaedics,,Post-operative radiograph review over three cycles,Local standard,Rose from 36% to 90%,Maintain,completed,https://www.uhbristol.nhs.uk/media/4556025/uhbw_clinical_audit_report_2022.23.pdf,,,,,,,,,,,,,,,,,,,,,,,,
271,orthopaedic,Orthopaedics,,Vitamin D and 30-day mortality in hip fracture with COVID,National audit,No association found,No change needed,completed,https://www.uhbristol.nhs.uk/media/4556025/uhbw_clinical_audit_report_2022.23.pdf,,,,,,,,,,,,,,,,,,,,,,,,
272,non-orthopaedic,Paediatric anaesthesia,,Paediatric pain assessment documentation,Pain standards,Gaps,Pain in morning safety briefing,completed,https://www.uhbristol.nhs.uk/media/4556025/uhbw_clinical_audit_report_2022.23.pdf,,,,,,,,,,,,,,,,,,,,,,,,
273,non-orthopaedic,Paediatric anaesthesia,,Unplanned admission after day case anaesthesia (re-audit),National standards,"Improved, standards met",Further audit,completed,https://www.uhbristol.nhs.uk/media/4556025/uhbw_clinical_audit_report_2022.23.pdf,,,,,,,,,,,,,,,,,,,,,,,,
274,non-orthopaedic,Paediatric anaesthesia,,Blood transfusion in adolescent scoliosis surgery,Blood management guidance,Pre-op haemoglobin not optimised,Haematology optimisation discussion,completed,https://www.uhbristol.nhs.uk/media/4556025/uhbw_clinical_audit_report_2022.23.pdf,,,,,,,,,,,,,,,,,,,,,,,,
275,non-orthopaedic,Paediatric audiology,,Hearing aids for temporary conductive hearing loss,Local procedures,Good compliance,No change needed,completed,https://www.uhbristol.nhs.uk/media/4556025/uhbw_clinical_audit_report_2022.23.pdf,,,,,,,,,,,,,,,,,,,,,,,,
276,non-orthopaedic,Paediatric audiology,,Early hearing loss detection and intervention,National guidance,Families declining treatment unflagged,"GP and health visitor alerts, translated leaflets",completed,https://www.uhbristol.nhs.uk/media/4556025/uhbw_clinical_audit_report_2022.23.pdf,,,,,,,,,,,,,,,,,,,,,,,,
277,non-orthopaedic,Paediatric cardiology,,Dental pathway before cardiac surgery,Local pathway,Unmanaged referrals,New referral system,completed,https://www.uhbristol.nhs.uk/media/4556025/uhbw_clinical_audit_report_2022.23.pdf,,,,,,,,,,,,,,,,,,,,,,,,
278,non-orthopaedic,Paediatric emergency medicine,,Jaundiced infants in children's ED,Local guidance,Triage gaps,Triage education and bilirubin meter training,completed,https://www.uhbristol.nhs.uk/media/4556025/uhbw_clinical_audit_report_2022.23.pdf,,,,,,,,,,,,,,,,,,,,,,,,
279,non-orthopaedic,Paediatric emergency medicine,,Suspected sepsis in children's ED,National sepsis guidance,Paperwork gaps,Paperwork redesign,completed,https://www.uhbristol.nhs.uk/media/4556025/uhbw_clinical_audit_report_2022.23.pdf,,,,,,,,,,,,,,,,,,,,,,,,
280,non-orthopaedic,Paediatrics,,Unnecessary post-operative bloods after spinal and neurosurgery,Choosing wisely,Unnecessary tests,Poster and fibrinogen guidance,completed,https://www.uhbristol.nhs.uk/media/4556025/uhbw_clinical_audit_report_2022.23.pdf,,,,,,,,,,,,,,,,,,,,,,,,
281,non-orthopaedic,Paediatrics,,Metaraminol infusions on high dependency,Local guidance,Guidance appropriate,No change needed,completed,https://www.uhbristol.nhs.uk/media/4556025/uhbw_clinical_audit_report_2022.23.pdf,,,,,,,,,,,,,,,,,,,,,,,,
282,non-orthopaedic,Paediatric immunology,,Immunoglobulin replacement therapy (re-audit),National standards,Compliant,No change needed,completed,https://www.uhbristol.nhs.uk/media/4556025/uhbw_clinical_audit_report_2022.23.pdf,,,,,,,,,,,,,,,,,,,,,,,,
283,non-orthopaedic,Paediatric immunology,,Hereditary angioedema investigation and management (re-audit),National standards,Compliant,No change needed,completed,https://www.uhbristol.nhs.uk/media/4556025/uhbw_clinical_audit_report_2022.23.pdf,,,,,,,,,,,,,,,,,,,,,,,,
284,non-orthopaedic,Neonatology,,Cranial ultrasound documentation,Neonatal guidance,No recording template,Electronic proforma,completed,https://www.uhbristol.nhs.uk/media/4556025/uhbw_clinical_audit_report_2022.23.pdf,,,,,,,,,,,,,,,,,,,,,,,,
285,non-orthopaedic,Neonatology,,Referral processes (re-audit),Local standard,Significant assurance,Maintain,completed,https://www.uhbristol.nhs.uk/media/4556025/uhbw_clinical_audit_report_2022.23.pdf,,,,,,,,,,,,,,,,,,,,,,,,
286,non-orthopaedic,Paediatric nephrology,,Renal biopsy complications (re-audit),Local standards,Good compliance,Complications checklist sticker,completed,https://www.uhbristol.nhs.uk/media/4556025/uhbw_clinical_audit_report_2022.23.pdf,,,,,,,,,,,,,,,,,,,,,,,,
287,non-orthopaedic,Paediatric nephrology,,Blood pressure in children on dialysis,National guidance,Measured at wrong time,Post-dialysis BP monitoring,completed,https://www.uhbristol.nhs.uk/media/4556025/uhbw_clinical_audit_report_2022.23.pdf,,,,,,,,,,,,,,,,,,,,,,,,
288,non-orthopaedic,Paediatric neurology,,Success rate of tests requested in neurology outpatients,Local standard,Improved after system changes (star rated),Presented nationally,completed,https://www.uhbristol.nhs.uk/media/4556025/uhbw_clinical_audit_report_2022.23.pdf,,,,,,,,,,,,,,,,,,,,,,,,
289,non-orthopaedic,Paediatric neurology,,Neurorehabilitation database recording,Local standard,Incomplete recording,Education and intake form,completed,https://www.uhbristol.nhs.uk/media/4556025/uhbw_clinical_audit_report_2022.23.pdf,,,,,,,,,,,,,,,,,,,,,,,,
290,non-orthopaedic,Paediatric therapies,,Waits for therapy after joint injections under anaesthetic,Local standard,Delays,Diary slots created,completed,https://www.uhbristol.nhs.uk/media/4556025/uhbw_clinical_audit_report_2022.23.pdf,,,,,,,,,,,,,,,,,,,,,,,,
291,non-orthopaedic,Paediatric oncology,,Central venous catheter assessment,Nursing standards,Gaps,Poster on consequences,completed,https://www.uhbristol.nhs.uk/media/4556025/uhbw_clinical_audit_report_2022.23.pdf,,,,,,,,,,,,,,,,,,,,,,,,
292,non-orthopaedic,Paediatric oncology,,CSF analysis in new leukaemia,National protocol,Systems working,No change needed,completed,https://www.uhbristol.nhs.uk/media/4556025/uhbw_clinical_audit_report_2022.23.pdf,,,,,,,,,,,,,,,,,,,,,,,,
293,non-orthopaedic,Paediatric oncology,,Transplant and CAR-T data quality,Registry standards,All targets achieved,Re-audit planned,completed,https://www.uhbristol.nhs.uk/media/4556025/uhbw_clinical_audit_report_2022.23.pdf,,,,,,,,,,,,,,,,,,,,,,,,
294,non-orthopaedic,Paediatric oncology,,Human Tissue Authority record keeping,HTA standards,Filing gaps,Filing system changes,completed,https://www.uhbristol.nhs.uk/media/4556025/uhbw_clinical_audit_report_2022.23.pdf,,,,,,,,,,,,,,,,,,,,,,,,
295,non-orthopaedic,Paediatric oncology,,Renal tumour biopsy indications,National guidance,Variable,Guideline circulation and investigation list,completed,https://www.uhbristol.nhs.uk/media/4556025/uhbw_clinical_audit_report_2022.23.pdf,,,,,,,,,,,,,,,,,,,,,,,,
296,non-orthopaedic,Paediatric oncology,,Port needle insertion documentation (re-audit),Local standard,Stickers underused,Promotion and storage review,completed,https://www.uhbristol.nhs.uk/media/4556025/uhbw_clinical_audit_report_2022.23.pdf,,,,,,,,,,,,,,,,,,,,,,,,
297,non-orthopaedic,Paediatric oncology,,Parenteral nutrition use (re-audit),National guidance,Gaps for new pharmacists,Dietitian introduction for rotating pharmacists,completed,https://www.uhbristol.nhs.uk/media/4556025/uhbw_clinical_audit_report_2022.23.pdf,,,,,,,,,,,,,,,,,,,,,,,,
298,non-orthopaedic,Paediatric oncology,,Vancomycin use in teenagers (re-audit),Local guidance,Improved,Continued education,completed,https://www.uhbristol.nhs.uk/media/4556025/uhbw_clinical_audit_report_2022.23.pdf,,,,,,,,,,,,,,,,,,,,,,,,
299,non-orthopaedic,Paediatric palliative care,,Continuous subcutaneous infusions,Local procedure,Staff competent,New guideline and chart,completed,https://www.uhbristol.nhs.uk/media/4556025/uhbw_clinical_audit_report_2022.23.pdf,,,,,,,,,,,,,,,,,,,,,,,,
300,non-orthopaedic,Paediatric radiology,,Inpatient radiograph reporting times (re-audit),Reporting standards,Delays,Reporting priority pyramid,completed,https://www.uhbristol.nhs.uk/media/4556025/uhbw_clinical_audit_report_2022.23.pdf,,,,,,,,,,,,,,,,,,,,,,,,
301,non-orthopaedic,Paediatric radiology,,Non-operative intussusception reduction,Procedure standards,Equipment use issues,Written equipment guidance,completed,https://www.uhbristol.nhs.uk/media/4556025/uhbw_clinical_audit_report_2022.23.pdf,,,,,,,,,,,,,,,,,,,,,,,,
302,non-orthopaedic,Paediatric radiology,,Bone age hand x-ray quality (re-audit),Image quality standards,Quality issues,Radiographer training,completed,https://www.uhbristol.nhs.uk/media/4556025/uhbw_clinical_audit_report_2022.23.pdf,,,,,,,,,,,,,,,,,,,,,,,,
303,non-orthopaedic,Paediatric respiratory,,Sleep study reporting (re-audit),Local standard,Improved (star rated),Maintain,completed,https://www.uhbristol.nhs.uk/media/4556025/uhbw_clinical_audit_report_2022.23.pdf,,,,,,,,,,,,,,,,,,,,,,,,
304,non-orthopaedic,Paediatric rheumatology,,Waits for joint injections under anaesthetic (re-audit),Local standard,Delays,Redesigned spreadsheet capturing reasons,completed,https://www.uhbristol.nhs.uk/media/4556025/uhbw_clinical_audit_report_2022.23.pdf,,,,,,,,,,,,,,,,,,,,,,,,
305,non-orthopaedic,Paediatric surgery,,Chest drain complications and theatre imaging,Local standard,Malpositioned drains,Reposition in theatre,completed,https://www.uhbristol.nhs.uk/media/4556025/uhbw_clinical_audit_report_2022.23.pdf,,,,,,,,,,,,,,,,,,,,,,,,
306,non-orthopaedic,Paediatric surgery,,Operative note documentation (re-audit),GMC good medical practice,Improved after electronic proforma,Maintain,completed,https://www.uhbristol.nhs.uk/media/4556025/uhbw_clinical_audit_report_2022.23.pdf,,,,,,,,,,,,,,,,,,,,,,,,
307,non-orthopaedic,Paediatrics,,Paediatric clerking booklet use (re-audit),Record keeping standards,Better where used,Ward clerks ensure booklets stocked,completed,https://www.uhbristol.nhs.uk/media/4556025/uhbw_clinical_audit_report_2022.23.pdf,,,,,,,,,,,,,,,,,,,,,,,,
308,non-orthopaedic,Gynaecology,,Colposcopy screening programme guidelines,National screening standards,Good compliance,Feedback meetings,completed,https://www.uhbristol.nhs.uk/media/4556025/uhbw_clinical_audit_report_2022.23.pdf,,,,,,,,,,,,,,,,,,,,,,,,
309,non-orthopaedic,Gynaecology,,High-grade cervical pre-cancer management,National standards,100% compliance,No change needed,completed,https://www.uhbristol.nhs.uk/media/4556025/uhbw_clinical_audit_report_2022.23.pdf,,,,,,,,,,,,,,,,,,,,,,,,
310,non-orthopaedic,Gynaecology,,Vulval intraepithelial neoplasia diagnosis and follow-up,National guidance,Documentation and follow-up gaps,Proformas and more frequent review,completed,https://www.uhbristol.nhs.uk/media/4556025/uhbw_clinical_audit_report_2022.23.pdf,,,,,,,,,,,,,,,,,,,,,,,,
311,non-orthopaedic,Obstetrics,,Saving Babies' Lives bundle compliance,National care bundle,Training gaps,"Training, then 100% on local targets",completed,https://www.uhbristol.nhs.uk/media/4556025/uhbw_clinical_audit_report_2022.23.pdf,,,,,,,,,,,,,,,,,,,,,,,,
312,non-orthopaedic,Obstetrics,,Postnatal contraception provision,National guidance,Not offered to all,"New guideline, long-acting methods",completed,https://www.uhbristol.nhs.uk/media/4556025/uhbw_clinical_audit_report_2022.23.pdf,,,,,,,,,,,,,,,,,,,,,,,,
313,non-orthopaedic,Obstetrics,,Extra scans for suspected large babies,Local guideline,Scan demand estimated,Updated guidelines,completed,https://www.uhbristol.nhs.uk/media/4556025/uhbw_clinical_audit_report_2022.23.pdf,,,,,,,,,,,,,,,,,,,,,,,,
314,non-orthopaedic,Obstetrics,,Consent for amniocentesis,Consent guidance,Documentation variable,Standardised consent form,completed,https://www.uhbristol.nhs.uk/media/4556025/uhbw_clinical_audit_report_2022.23.pdf,,,,,,,,,,,,,,,,,,,,,,,,
315,non-orthopaedic,Obstetrics,,Assessment bay care,Local standard,Good compliance,Couches and training,completed,https://www.uhbristol.nhs.uk/media/4556025/uhbw_clinical_audit_report_2022.23.pdf,,,,,,,,,,,,,,,,,,,,,,,,
316,non-orthopaedic,Obstetrics,,Labour care policy after serious incident (re-audit),Trust labour policy,Significant assurance,Maintain,completed,https://www.uhbristol.nhs.uk/media/4556025/uhbw_clinical_audit_report_2022.23.pdf,,,,,,,,,,,,,,,,,,,,,,,,
317,non-orthopaedic,Obstetrics,,Midwife referral appropriateness,Local standard,Safe referrals,Annual competence sign-off,completed,https://www.uhbristol.nhs.uk/media/4556025/uhbw_clinical_audit_report_2022.23.pdf,,,,,,,,,,,,,,,,,,,,,,,,
318,non-orthopaedic,Obstetrics,,Medication errors on maternity ward (re-audit),Prescribing standards,Improved since 2018,Maintain,completed,https://www.uhbristol.nhs.uk/media/4556025/uhbw_clinical_audit_report_2022.23.pdf,,,,,,,,,,,,,,,,,,,,,,,,
319,non-orthopaedic,Obstetrics,,Antenatal and newborn screening completion,National screening standards,Good compliance,No change needed,completed,https://www.uhbristol.nhs.uk/media/4556025/uhbw_clinical_audit_report_2022.23.pdf,,,,,,,,,,,,,,,,,,,,,,,,
320,non-orthopaedic,Obstetrics,,Management of reduced fetal movements on wards,RCOG guidance,Appropriate,No change needed,completed,https://www.uhbristol.nhs.uk/media/4556025/uhbw_clinical_audit_report_2022.23.pdf,,,,,,,,,,,,,,,,,,,,,,,,
321,non-orthopaedic,Emergency medicine,,Non-mobile baby injury protocol,Safeguarding protocol,Excellent compliance,No change needed,completed,https://www.uhbristol.nhs.uk/media/4556025/uhbw_clinical_audit_report_2022.23.pdf,,,,,,,,,,,,,,,,,,,,,,,,
322,non-orthopaedic,Emergency medicine,,Take-home medicine packs in ED,Medicines policy,Only 20% accounted for by prescription,"New policy, re-audit",completed,https://www.uhbristol.nhs.uk/media/4556025/uhbw_clinical_audit_report_2022.23.pdf,,,,,,,,,,,,,,,,,,,,,,,,
323,non-orthopaedic,Gastroenterology,,N-acetylcysteine two-bag regime (second round),National guidance,92% compliant,No change needed,completed,https://www.uhbristol.nhs.uk/media/4556025/uhbw_clinical_audit_report_2022.23.pdf,,,,,,,,,,,,,,,,,,,,,,,,
324,non-orthopaedic,Gastroenterology,,Endoscopy within 48 hours,Endoscopy standards,79% achieved,Re-audit,completed,https://www.uhbristol.nhs.uk/media/4556025/uhbw_clinical_audit_report_2022.23.pdf,,,,,,,,,,,,,,,,,,,,,,,,
325,non-orthopaedic,Gastroenterology,,Liver admission bundle completion,National liver bundle,Only 31% complete,"Posters, teaching, induction",completed,https://www.uhbristol.nhs.uk/media/4556025/uhbw_clinical_audit_report_2022.23.pdf,,,,,,,,,,,,,,,,,,,,,,,,
326,non-orthopaedic,Gastroenterology,,Acute severe ulcerative colitis management,National guidance,Mixed results,Proforma and teaching,completed,https://www.uhbristol.nhs.uk/media/4556025/uhbw_clinical_audit_report_2022.23.pdf,,,,,,,,,,,,,,,,,,,,,,,,
327,non-orthopaedic,General medicine,,Care of patients with learning disabilities,National guidance,Mental capacity assessments poorly recorded,Trust-wide action plan,completed,https://www.uhbristol.nhs.uk/media/4556025/uhbw_clinical_audit_report_2022.23.pdf,,,,,,,,,,,,,,,,,,,,,,,,
328,non-orthopaedic,General medicine,,Rockall score after upper GI bleed endoscopy,National guidance,Score often missing,Shared at endoscopy meeting,completed,https://www.uhbristol.nhs.uk/media/4556025/uhbw_clinical_audit_report_2022.23.pdf,,,,,,,,,,,,,,,,,,,,,,,,
329,non-orthopaedic,Radiology,,Missed findings on radiology reports,Reporting standards,No significant misses,Re-audit,completed,https://www.uhbristol.nhs.uk/media/4556025/uhbw_clinical_audit_report_2022.23.pdf,,,,,,,,,,,,,,,,,,,,,,,,
330,non-orthopaedic,Respiratory,,Non-invasive ventilation care,British Thoracic Society guidance,Mostly positive,BiPaP booklet with initiation flowchart,completed,https://www.uhbristol.nhs.uk/media/4556025/uhbw_clinical_audit_report_2022.23.pdf,,,,,,,,,,,,,,,,,,,,,,,,
331,non-orthopaedic,Rheumatology,,Fracture liaison service national standards,National FLS audit,"Mixed, service underfunded",Business case for full service,completed,https://www.uhbristol.nhs.uk/media/4556025/uhbw_clinical_audit_report_2022.23.pdf,,,,,,,,,,,,,,,,,,,,,,,,
332,non-orthopaedic,Anaesthesia,,Perioperative care in older and frail emergency patients,National emergency laparotomy standards,Geriatric input lacking,Escalated,completed,https://www.uhbristol.nhs.uk/media/4556025/uhbw_clinical_audit_report_2022.23.pdf,,,,,,,,,,,,,,,,,,,,,,,,
333,non-orthopaedic,Anaesthesia,,Regional blocks for hip fracture surgery,NICE hip fracture guidance,Not all eligible patients blocked,Re-audit completed,completed,https://www.uhbristol.nhs.uk/media/4556025/uhbw_clinical_audit_report_2022.23.pdf,,,,,,,,,,,,,,,,,,,,,,,,
334,non-orthopaedic,Anaesthesia,,Opioid prescribing after joint replacement,Opioid safety guidance,Naloxone supply gaps,Labels changed and screensaver prompt,completed,https://www.uhbristol.nhs.uk/media/4556025/uhbw_clinical_audit_report_2022.23.pdf,,,,,,,,,,,,,,,,,,,,,,,,
335,non-orthopaedic,General surgery,,Pancreatitis standards (re-audit),National pancreatitis guidance,Two of five met,"Education, escalated",completed,https://www.uhbristol.nhs.uk/media/4556025/uhbw_clinical_audit_report_2022.23.pdf,,,,,,,,,,,,,,,,,,,,,,,,
336,non-orthopaedic,General surgery,,Surgical ward round continuation sheet,Record keeping standards,Poor documentation,New continuation sheet,completed,https://www.uhbristol.nhs.uk/media/4556025/uhbw_clinical_audit_report_2022.23.pdf,,,,,,,,,,,,,,,,,,,,,,,,
337,non-orthopaedic,General surgery,,Readmissions after day case gallbladder surgery,National benchmarks,Above national average,Multimodal analgesia for 7 days,completed,https://www.uhbristol.nhs.uk/media/4556025/uhbw_clinical_audit_report_2022.23.pdf,,,,,,,,,,,,,,,,,,,,,,,,
338,non-orthopaedic,General surgery,,Unplanned admission after day case gallbladder surgery,Published benchmarks,"9.7%, favourable",No change needed,completed,https://www.uhbristol.nhs.uk/media/4556025/uhbw_clinical_audit_report_2022.23.pdf,,,,,,,,,,,,,,,,,,,,,,,,
339,non-orthopaedic,General surgery,,CT use in acute pancreatitis,National guidance,CT often outside guidelines,Pancreatitis pathway,completed,https://www.uhbristol.nhs.uk/media/4556025/uhbw_clinical_audit_report_2022.23.pdf,,,,,,,,,,,,,,,,,,,,,,,,
340,orthopaedic,Orthopaedics,,Proforma-driven standards (re-audit),Local standards,Rose from 50% to over 84%,No change needed,completed,https://www.uhbristol.nhs.uk/media/4556025/uhbw_clinical_audit_report_2022.23.pdf,,,,,,,,,,,,,,,,,,,,,,,,
341,orthopaedic,Orthopaedics,,Tourniquet documentation,BOA and local standards,"Site, exsanguination and isolation method missing",Full tourniquet details on op note templates,completed,https://www.uhbristol.nhs.uk/media/4556025/uhbw_clinical_audit_report_2022.23.pdf,,,,,,,,,,,,,,,,,,,,,,,,
342,orthopaedic,Orthopaedics,,Tourniquet documentation (re-audit),BOA and local standards,"Rose from 0% to over 74%, 10% to 92%",Re-audit,completed,https://www.uhbristol.nhs.uk/media/4556025/uhbw_clinical_audit_report_2022.23.pdf,,,,,,,,,,,,,,,,,,,,,,,,
343,non-orthopaedic,Infection control,,Catheterisation policy implementation and compliance,,,,"registered, result not published",https://www.uhbw.nhs.uk/assets/1/23-639_uhbw_ca_annual_report_2021-22.pdf,,,,,,,,,,,,,,,,,,,,,,,,
344,non-orthopaedic,Infection control,,E. coli bloodstream infection source,,,,"registered, result not published",https://www.uhbw.nhs.uk/assets/1/23-639_uhbw_ca_annual_report_2021-22.pdf,,,,,,,,,,,,,,,,,,,,,,,,
345,non-orthopaedic,Infection control,,Aseptic non-touch technique in clinical practice,,,,"registered, result not published",https://www.uhbw.nhs.uk/assets/1/23-639_uhbw_ca_annual_report_2021-22.pdf,,,,,,,,,,,,,,,,,,,,,,,,
346,non-orthopaedic,Infection control,,Peripheral venous cannula care and maintenance,,,,"registered, result not published",https://www.uhbw.nhs.uk/assets/1/23-639_uhbw_ca_annual_report_2021-22.pdf,,,,,,,,,,,,,,,,,,,,,,,,
347,non-orthopaedic,Infection control,,Central venous catheter insertion and maintenance in intensive care,,,,"registered, result not published",https://www.uhbw.nhs.uk/assets/1/23-639_uhbw_ca_annual_report_2021-22.pdf,,,,,,,,,,,,,,,,,,,,,,,,
348,non-orthopaedic,Infection control,,MRSA screening compliance,,,,"registered, result not published",https://www.uhbristol.nhs.uk/media/4556025/uhbw_clinical_audit_report_2022.23.pdf,,,,,,,,,,,,,,,,,,,,,,,,
349,non-orthopaedic,Infection control,,Carbapenemase-producing organism screening against revised protocol,,,,"registered, result not published",https://www.uhbristol.nhs.uk/media/4556025/uhbw_clinical_audit_report_2022.23.pdf,,,,,,,,,,,,,,,,,,,,,,,,
350,non-orthopaedic,Laboratory haematology,,Management of perioperative paediatric anaemia,,,,"registered, result not published",https://www.uhbw.nhs.uk/assets/1/23-639_uhbw_ca_annual_report_2021-22.pdf,,,,,,,,,,,,,,,,,,,,,,,,
351,non-orthopaedic,Laboratory haematology,,Bedside transfusion practice,,,,"registered, result not published",https://www.uhbristol.nhs.uk/media/4556025/uhbw_clinical_audit_report_2022.23.pdf,,,,,,,,,,,,,,,,,,,,,,,,
352,non-orthopaedic,Vascular science,,Consistency of carotid duplex reporting,,,,"registered, result not published",https://www.uhbw.nhs.uk/assets/1/23-639_uhbw_ca_annual_report_2021-22.pdf,,,,,,,,,,,,,,,,,,,,,,,,
353,non-orthopaedic,Radiology,,Radiologically inserted gastrostomy,,,,"registered, result not published",https://www.uhbristol.nhs.uk/media/4556025/uhbw_clinical_audit_report_2022.23.pdf,,,,,,,,,,,,,,,,,,,,,,,,
354,non-orthopaedic,Radiology,,GP knee MRI referrals in patients over 50,,,,"registered, result not published",https://www.uhbristol.nhs.uk/media/4556025/uhbw_clinical_audit_report_2022.23.pdf,,,,,,,,,,,,,,,,,,,,,,,,
355,non-orthopaedic,Radiology,,MRI risk stratification for adnexal masses,,,,"registered, result not published",https://www.uhbristol.nhs.uk/media/4556025/uhbw_clinical_audit_report_2022.23.pdf,,,,,,,,,,,,,,,,,,,,,,,,
356,non-orthopaedic,Clinical biochemistry,,Potassium results in primary care samples,,,,"registered, result not published",https://www.uhbristol.nhs.uk/media/4556025/uhbw_clinical_audit_report_2022.23.pdf,,,,,,,,,,,,,,,,,,,,,,,,
357,non-orthopaedic,Clinical biochemistry,,Coeliac screening and total IgA results,,,,"registered, result not published",https://www.uhbristol.nhs.uk/media/4556025/uhbw_clinical_audit_report_2022.23.pdf,,,,,,,,,,,,,,,,,,,,,,,,
358,non-orthopaedic,Nutrition and dietetics,,Calorie provision in first five days of enteral feeding in critical care,,,,"registered, result not published",https://www.uhbw.nhs.uk/assets/1/23-639_uhbw_ca_annual_report_2021-22.pdf,,,,,,,,,,,,,,,,,,,,,,,,
359,non-orthopaedic,Nutrition and dietetics,,Stroke nutrition pathway,,,,"registered, result not published",https://www.uhbw.nhs.uk/assets/1/23-639_uhbw_ca_annual_report_2021-22.pdf,,,,,,,,,,,,,,,,,,,,,,,,
360,non-orthopaedic,Nutrition and dietetics,,Nutrition care across the trust,,,,"registered, result not published",https://www.uhbristol.nhs.uk/media/4556025/uhbw_clinical_audit_report_2022.23.pdf,,,,,,,,,,,,,,,,,,,,,,,,
361,non-orthopaedic,Therapies,,Rehabilitation after critical illness in adults,,,,"registered, result not published",https://www.uhbristol.nhs.uk/media/4556025/uhbw_clinical_audit_report_2022.23.pdf,,,,,,,,,,,,,,,,,,,,,,,,
362,non-orthopaedic,Occupational therapy,,Acute stroke pathway (re-audit),,,,"registered, result not published",https://www.uhbw.nhs.uk/assets/1/23-639_uhbw_ca_annual_report_2021-22.pdf,,,,,,,,,,,,,,,,,,,,,,,,
363,non-orthopaedic,Pharmacy,,Antimicrobial guideline in adult ED,,,,"registered, result not published",https://www.uhbw.nhs.uk/assets/1/23-639_uhbw_ca_annual_report_2021-22.pdf,,,,,,,,,,,,,,,,,,,,,,,,
364,non-orthopaedic,Pharmacy,,"Adult vancomycin charts, intermittent dosing",,,,"registered, result not published",https://www.uhbw.nhs.uk/assets/1/23-639_uhbw_ca_annual_report_2021-22.pdf,,,,,,,,,,,,,,,,,,,,,,,,
365,non-orthopaedic,Pharmacy,,Vasopressin prescribing in critical care,,,,"registered, result not published",https://www.uhbw.nhs.uk/assets/1/23-639_uhbw_ca_annual_report_2021-22.pdf,,,,,,,,,,,,,,,,,,,,,,,,
366,non-orthopaedic,Pharmacy,,Dapagliflozin and empagliflozin prescribing in heart failure admissions,,,,"registered, result not published",https://www.uhbw.nhs.uk/assets/1/23-639_uhbw_ca_annual_report_2021-22.pdf,,,,,,,,,,,,,,,,,,,,,,,,
367,non-orthopaedic,Pharmacy,,Independent second checking methods,,,,"registered, result not published",https://www.uhbw.nhs.uk/assets/1/23-639_uhbw_ca_annual_report_2021-22.pdf,,,,,,,,,,,,,,,,,,,,,,,,
368,non-orthopaedic,Physiotherapy,,Early supported discharge team pathway (re-audit),,,,"registered, result not published",https://www.uhbw.nhs.uk/assets/1/23-639_uhbw_ca_annual_report_2021-22.pdf,,,,,,,,,,,,,,,,,,,,,,,,
369,non-orthopaedic,Speech and language therapy,,Head and neck cancer oncological pathway,,,,"registered, result not published",https://www.uhbw.nhs.uk/assets/1/23-639_uhbw_ca_annual_report_2021-22.pdf,,,,,,,,,,,,,,,,,,,,,,,,
370,non-orthopaedic,Microbiology,,Vaccination after splenectomy,,,,"registered, result not published",https://www.uhbw.nhs.uk/assets/1/23-639_uhbw_ca_annual_report_2021-22.pdf,,,,,,,,,,,,,,,,,,,,,,,,
371,non-orthopaedic,Radiology,,Musculoskeletal ultrasound by advanced practitioner sonographers,,,,"registered, result not published",https://www.uhbristol.nhs.uk/media/4556025/uhbw_clinical_audit_report_2022.23.pdf,,,,,,,,,,,,,,,,,,,,,,,,
372,non-orthopaedic,Radiology,,Radiological work-up of pulsatile tinnitus,,,,"registered, result not published",https://www.uhbw.nhs.uk/assets/1/23-639_uhbw_ca_annual_report_2021-22.pdf,,,,,,,,,,,,,,,,,,,,,,,,
373,non-orthopaedic,Sexual health,,Injectable contraception (re-audit),,,,"registered, result not published",https://www.uhbw.nhs.uk/assets/1/23-639_uhbw_ca_annual_report_2021-22.pdf,,,,,,,,,,,,,,,,,,,,,,,,
374,non-orthopaedic,Sexual health,,Rectal chlamydia and LGV management,,,,"registered, result not published",https://www.uhbw.nhs.uk/assets/1/23-639_uhbw_ca_annual_report_2021-22.pdf,,,,,,,,,,,,,,,,,,,,,,,,
375,non-orthopaedic,Sexual health,,Outcome of no-scan abortions during pandemic,,,,"registered, result not published",https://www.uhbw.nhs.uk/assets/1/23-639_uhbw_ca_annual_report_2021-22.pdf,,,,,,,,,,,,,,,,,,,,,,,,
376,non-orthopaedic,Dermatology,,Recurrent cutaneous squamous cell carcinoma (re-audit),,,,"registered, result not published",https://www.uhbw.nhs.uk/assets/1/23-639_uhbw_ca_annual_report_2021-22.pdf,,,,,,,,,,,,,,,,,,,,,,,,
377,non-orthopaedic,Dermatology,,Paediatric eczema management against NICE (re-audit),,,,"registered, result not published",https://www.uhbw.nhs.uk/assets/1/23-639_uhbw_ca_annual_report_2021-22.pdf,,,,,,,,,,,,,,,,,,,,,,,,
378,non-orthopaedic,Dermatology,,Hidradenitis suppurativa management,,,,"registered, result not published",https://www.uhbw.nhs.uk/assets/1/23-639_uhbw_ca_annual_report_2021-22.pdf,,,,,,,,,,,,,,,,,,,,,,,,
379,non-orthopaedic,Dermatology,,Phototherapy,,,,"registered, result not published",https://www.uhbw.nhs.uk/assets/1/23-639_uhbw_ca_annual_report_2021-22.pdf,,,,,,,,,,,,,,,,,,,,,,,,
380,non-orthopaedic,Dermatology,,Dupilumab prescribing,,,,"registered, result not published",https://www.uhbw.nhs.uk/assets/1/23-639_uhbw_ca_annual_report_2021-22.pdf,,,,,,,,,,,,,,,,,,,,,,,,
381,non-orthopaedic,Gastroenterology,,Symptom-triggered chlordiazepoxide prescribing (re-audit),,,,"registered, result not published",https://www.uhbw.nhs.uk/assets/1/23-639_uhbw_ca_annual_report_2021-22.pdf,,,,,,,,,,,,,,,,,,,,,,,,
382,non-orthopaedic,Liaison psychiatry,,Recognition of depression in adults in general hospital,,,,"registered, result not published",https://www.uhbw.nhs.uk/assets/1/23-639_uhbw_ca_annual_report_2021-22.pdf,,,,,,,,,,,,,,,,,,,,,,,,
383,non-orthopaedic,Liaison psychiatry,,Management of self-harm presentations (re-audit),,,,"registered, result not published",https://www.uhbw.nhs.uk/assets/1/23-639_uhbw_ca_annual_report_2021-22.pdf,,,,,,,,,,,,,,,,,,,,,,,,
384,non-orthopaedic,Rheumatology,,Tocilizumab for giant cell arteritis,,,,"registered, result not published",https://www.uhbw.nhs.uk/assets/1/23-639_uhbw_ca_annual_report_2021-22.pdf,,,,,,,,,,,,,,,,,,,,,,,,
385,non-orthopaedic,Rheumatology,,Initiation and monitoring of biologic drugs in inflammatory arthritis,,,,"registered, result not published",https://www.uhbristol.nhs.uk/media/4556025/uhbw_clinical_audit_report_2022.23.pdf,,,,,,,,,,,,,,,,,,,,,,,,
386,non-orthopaedic,Medicine,,New atrial fibrillation on the medical take,,,,"registered, result not published",https://www.uhbw.nhs.uk/assets/1/23-639_uhbw_ca_annual_report_2021-22.pdf,,,,,,,,,,,,,,,,,,,,,,,,
387,non-orthopaedic,Cardiology,,Aortic root replacement indications and outcomes,,,,"registered, result not published",https://www.uhbw.nhs.uk/assets/1/23-639_uhbw_ca_annual_report_2021-22.pdf,,,,,,,,,,,,,,,,,,,,,,,,
388,non-orthopaedic,Cardiology,,Fontan investigations (re-audit),,,,"registered, result not published",https://www.uhbw.nhs.uk/assets/1/23-639_uhbw_ca_annual_report_2021-22.pdf,,,,,,,,,,,,,,,,,,,,,,,,
389,non-orthopaedic,Cardiology,,Atrial septal defect closure,,,,"registered, result not published",https://www.uhbw.nhs.uk/assets/1/23-639_uhbw_ca_annual_report_2021-22.pdf,,,,,,,,,,,,,,,,,,,,,,,,
390,non-orthopaedic,Cardiology,,Defibrillator therapy after Mustard and Senning repairs,,,,"registered, result not published",https://www.uhbw.nhs.uk/assets/1/23-639_uhbw_ca_annual_report_2021-22.pdf,,,,,,,,,,,,,,,,,,,,,,,,
391,non-orthopaedic,Cardiology,,MDT referral and outcomes pathway in congenital heart disease,,,,"registered, result not published",https://www.uhbw.nhs.uk/assets/1/23-639_uhbw_ca_annual_report_2021-22.pdf,,,,,,,,,,,,,,,,,,,,,,,,
392,non-orthopaedic,Cardiology,,Congenital heart disease transplant pathway,,,,"registered, result not published",https://www.uhbw.nhs.uk/assets/1/23-639_uhbw_ca_annual_report_2021-22.pdf,,,,,,,,,,,,,,,,,,,,,,,,
393,non-orthopaedic,Cardiology,,Transition and loss to follow-up in congenital heart disease,,,,"registered, result not published",https://www.uhbw.nhs.uk/assets/1/23-639_uhbw_ca_annual_report_2021-22.pdf,,,,,,,,,,,,,,,,,,,,,,,,
394,non-orthopaedic,Cardiology,,Pulmonary hypertension therapy in congenital heart disease,,,,"registered, result not published",https://www.uhbw.nhs.uk/assets/1/23-639_uhbw_ca_annual_report_2021-22.pdf,,,,,,,,,,,,,,,,,,,,,,,,
395,non-orthopaedic,Clinical genetics,,Antenatal pathway for haemoglobinopathies (re-audit),,,,"registered, result not published",https://www.uhbw.nhs.uk/assets/1/23-639_uhbw_ca_annual_report_2021-22.pdf,,,,,,,,,,,,,,,,,,,,,,,,
396,non-orthopaedic,Haematology,,Sickle cell crisis care in an age-appropriate setting (re-audit),,,,"registered, result not published",https://www.uhbristol.nhs.uk/media/4556025/uhbw_clinical_audit_report_2022.23.pdf,,,,,,,,,,,,,,,,,,,,,,,,
397,non-orthopaedic,Oncology,,Metastatic cord compression pathway from referral to radiotherapy,,,,"registered, result not published",https://www.uhbristol.nhs.uk/media/4556025/uhbw_clinical_audit_report_2022.23.pdf,,,,,,,,,,,,,,,,,,,,,,,,
398,non-orthopaedic,Oncology,,Neutropenic sepsis door-to-needle time (re-audit),,,,"registered, result not published",https://www.uhbristol.nhs.uk/media/4556025/uhbw_clinical_audit_report_2022.23.pdf,,,,,,,,,,,,,,,,,,,,,,,,
399,non-orthopaedic,Anaesthesia,,Anaesthetic machine checks (re-audit),,,,"registered, result not published",https://www.uhbw.nhs.uk/assets/1/23-639_uhbw_ca_annual_report_2021-22.pdf,,,,,,,,,,,,,,,,,,,,,,,,
400,non-orthopaedic,Pre-operative assessment,,Clot risk and enoxaparin prescribing after surgery,,,,"registered, result not published",https://www.uhbw.nhs.uk/assets/1/23-639_uhbw_ca_annual_report_2021-22.pdf,,,,,,,,,,,,,,,,,,,,,,,,
401,non-orthopaedic,Pre-operative assessment,,Low-risk liver resections and outcomes,,,,"registered, result not published",https://www.uhbristol.nhs.uk/media/4556025/uhbw_clinical_audit_report_2022.23.pdf,,,,,,,,,,,,,,,,,,,,,,,,
402,non-orthopaedic,Pre-operative assessment,,BNP in ambulatory heart failure,,,,"registered, result not published",https://www.uhbristol.nhs.uk/media/4556025/uhbw_clinical_audit_report_2022.23.pdf,,,,,,,,,,,,,,,,,,,,,,,,
403,non-orthopaedic,Pre-operative assessment,,Obstructive sleep apnoea screening,,,,"registered, result not published",https://www.uhbristol.nhs.uk/media/4556025/uhbw_clinical_audit_report_2022.23.pdf,,,,,,,,,,,,,,,,,,,,,,,,
404,non-orthopaedic,Intensive care,,Post-oesophagectomy intensive care management (re-audit),,,,"registered, result not published",https://www.uhbw.nhs.uk/assets/1/23-639_uhbw_ca_annual_report_2021-22.pdf,,,,,,,,,,,,,,,,,,,,,,,,
405,non-orthopaedic,Maxillofacial surgery,,Discharge summary quality in maxillofacial inpatients (re-audit),,,,"registered, result not published",https://www.uhbw.nhs.uk/assets/1/23-639_uhbw_ca_annual_report_2021-22.pdf,,,,,,,,,,,,,,,,,,,,,,,,
406,non-orthopaedic,Maxillofacial surgery,,Paediatric maxillofacial emergency admissions (re-audit),,,,"registered, result not published",https://www.uhbw.nhs.uk/assets/1/23-639_uhbw_ca_annual_report_2021-22.pdf,,,,,,,,,,,,,,,,,,,,,,,,
407,non-orthopaedic,Maxillofacial surgery,,Clot risk assessment for maxillofacial inpatients,,,,"registered, result not published",https://www.uhbristol.nhs.uk/media/4556025/uhbw_clinical_audit_report_2022.23.pdf,,,,,,,,,,,,,,,,,,,,,,,,
408,non-orthopaedic,Oral medicine,,Hydroxychloroquine monitoring (re-audit),,,,"registered, result not published",https://www.uhbw.nhs.uk/assets/1/23-639_uhbw_ca_annual_report_2021-22.pdf,,,,,,,,,,,,,,,,,,,,,,,,
409,non-orthopaedic,Oral surgery,,Antibiotic prescribing (re-audit),,,,"registered, result not published",https://www.uhbw.nhs.uk/assets/1/23-639_uhbw_ca_annual_report_2021-22.pdf,,,,,,,,,,,,,,,,,,,,,,,,
410,non-orthopaedic,Oral surgery,,Recovery after open exposure of palatal canines,,,,"registered, result not published",https://www.uhbristol.nhs.uk/media/4556025/uhbw_clinical_audit_report_2022.23.pdf,,,,,,,,,,,,,,,,,,,,,,,,
411,non-orthopaedic,Oral surgery,,Clinical coding,,,,"registered, result not published",https://www.uhbristol.nhs.uk/media/4556025/uhbw_clinical_audit_report_2022.23.pdf,,,,,,,,,,,,,,,,,,,,,,,,
412,non-orthopaedic,Orthodontics,,Dental trauma recording at new patient clinics (re-audit),,,,"registered, result not published",https://www.uhbw.nhs.uk/assets/1/23-639_uhbw_ca_annual_report_2021-22.pdf,,,,,,,,,,,,,,,,,,,,,,,,
413,non-orthopaedic,Orthodontics,,GDP attendance while awaiting jaw surgery,,,,"registered, result not published",https://www.uhbristol.nhs.uk/media/4556025/uhbw_clinical_audit_report_2022.23.pdf,,,,,,,,,,,,,,,,,,,,,,,,
414,non-orthopaedic,Orthodontics,,Medical emergency awareness,,,,"registered, result not published",https://www.uhbristol.nhs.uk/media/4556025/uhbw_clinical_audit_report_2022.23.pdf,,,,,,,,,,,,,,,,,,,,,,,,
415,non-orthopaedic,Paediatric dentistry,,Children not brought to appointments,,,,"registered, result not published",https://www.uhbristol.nhs.uk/media/4556025/uhbw_clinical_audit_report_2022.23.pdf,,,,,,,,,,,,,,,,,,,,,,,,
416,non-orthopaedic,Primary care dentistry,,Hall technique crowns (re-audit),,,,"registered, result not published",https://www.uhbw.nhs.uk/assets/1/23-639_uhbw_ca_annual_report_2021-22.pdf,,,,,,,,,,,,,,,,,,,,,,,,
417,non-orthopaedic,Primary care dentistry,,Emergency equipment and drugs (re-audit),,,,"registered, result not published",https://www.uhbw.nhs.uk/assets/1/23-639_uhbw_ca_annual_report_2021-22.pdf,,,,,,,,,,,,,,,,,,,,,,,,
418,non-orthopaedic,Restorative dentistry,,Quality of radiographs on referral forms (re-audit),,,,"registered, result not published",https://www.uhbw.nhs.uk/assets/1/23-639_uhbw_ca_annual_report_2021-22.pdf,,,,,,,,,,,,,,,,,,,,,,,,
419,non-orthopaedic,Restorative dentistry,,Radiograph reporting in adult dental health,,,,"registered, result not published",https://www.uhbw.nhs.uk/assets/1/23-639_uhbw_ca_annual_report_2021-22.pdf,,,,,,,,,,,,,,,,,,,,,,,,
420,non-orthopaedic,Restorative dentistry,,Dental screening before head and neck oncology,,,,"registered, result not published",https://www.uhbw.nhs.uk/assets/1/23-639_uhbw_ca_annual_report_2021-22.pdf,,,,,,,,,,,,,,,,,,,,,,,,
421,non-orthopaedic,Special care dentistry,,Reporting of dental radiographs,,,,"registered, result not published",https://www.uhbw.nhs.uk/assets/1/23-639_uhbw_ca_annual_report_2021-22.pdf,,,,,,,,,,,,,,,,,,,,,,,,
422,non-orthopaedic,Ophthalmology,,Endophthalmitis incidence and management,,,,"registered, result not published",https://www.uhbw.nhs.uk/assets/1/23-639_uhbw_ca_annual_report_2021-22.pdf,,,,,,,,,,,,,,,,,,,,,,,,
423,non-orthopaedic,Ophthalmology,,Age-related macular degeneration during pandemic,,,,"registered, result not published",https://www.uhbw.nhs.uk/assets/1/23-639_uhbw_ca_annual_report_2021-22.pdf,,,,,,,,,,,,,,,,,,,,,,,,
424,non-orthopaedic,Ophthalmology,,Polypoidal choroidal vasculopathy treatment,,,,"registered, result not published",https://www.uhbw.nhs.uk/assets/1/23-639_uhbw_ca_annual_report_2021-22.pdf,,,,,,,,,,,,,,,,,,,,,,,,
425,non-orthopaedic,Ophthalmology,,Off-licence medicines in the retinal service,,,,"registered, result not published",https://www.uhbw.nhs.uk/assets/1/23-639_uhbw_ca_annual_report_2021-22.pdf,,,,,,,,,,,,,,,,,,,,,,,,
426,non-orthopaedic,Ophthalmology,,Macular hole outcomes,,,,"registered, result not published",https://www.uhbw.nhs.uk/assets/1/23-639_uhbw_ca_annual_report_2021-22.pdf,,,,,,,,,,,,,,,,,,,,,,,,
427,non-orthopaedic,Ophthalmology,,Retinal re-detachment rates,,,,"registered, result not published",https://www.uhbw.nhs.uk/assets/1/23-639_uhbw_ca_annual_report_2021-22.pdf,,,,,,,,,,,,,,,,,,,,,,,,
428,non-orthopaedic,Ophthalmology,,Microbial keratitis,,,,"registered, result not published",https://www.uhbristol.nhs.uk/media/4556025/uhbw_clinical_audit_report_2022.23.pdf,,,,,,,,,,,,,,,,,,,,,,,,
429,non-orthopaedic,Ophthalmology,,Departmental amblyopia standards,,,,"registered, result not published",https://www.uhbristol.nhs.uk/media/4556025/uhbw_clinical_audit_report_2022.23.pdf,,,,,,,,,,,,,,,,,,,,,,,,
430,non-orthopaedic,Ophthalmology,,Convergence insufficiency,,,,"registered, result not published",https://www.uhbw.nhs.uk/assets/1/23-639_uhbw_ca_annual_report_2021-22.pdf,,,,,,,,,,,,,,,,,,,,,,,,
431,non-orthopaedic,Ophthalmology,,Conjunctival biopsies for suspected pemphigoid (re-audit),,,,"registered, result not published",https://www.uhbw.nhs.uk/assets/1/23-639_uhbw_ca_annual_report_2021-22.pdf,,,,,,,,,,,,,,,,,,,,,,,,
432,non-orthopaedic,Colorectal surgery,,Blood use in lower GI bleeding (re-audit),,,,"registered, result not published",https://www.uhbw.nhs.uk/assets/1/23-639_uhbw_ca_annual_report_2021-22.pdf,,,,,,,,,,,,,,,,,,,,,,,,
433,non-orthopaedic,Colorectal surgery,,Colonoscopy photodocumentation (re-audit),,,,"registered, result not published",https://www.uhbristol.nhs.uk/media/4556025/uhbw_clinical_audit_report_2022.23.pdf,,,,,,,,,,,,,,,,,,,,,,,,
434,non-orthopaedic,Hepatobiliary surgery,,Negative appendicectomy rate in right iliac fossa pain,,,,"registered, result not published",https://www.uhbw.nhs.uk/assets/1/23-639_uhbw_ca_annual_report_2021-22.pdf,,,,,,,,,,,,,,,,,,,,,,,,
435,non-orthopaedic,Hepatobiliary surgery,,Diagnostic pathway for pancreatic cancer,,,,"registered, result not published",https://www.uhbw.nhs.uk/assets/1/23-639_uhbw_ca_annual_report_2021-22.pdf,,,,,,,,,,,,,,,,,,,,,,,,
436,non-orthopaedic,Hepatobiliary surgery,,Cholecystitis during pandemic,,,,"registered, result not published",https://www.uhbw.nhs.uk/assets/1/23-639_uhbw_ca_annual_report_2021-22.pdf,,,,,,,,,,,,,,,,,,,,,,,,
437,non-orthopaedic,Upper GI surgery,,Wound infection in elective upper GI patients (re-audit),,,,"registered, result not published",https://www.uhbw.nhs.uk/assets/1/23-639_uhbw_ca_annual_report_2021-22.pdf,,,,,,,,,,,,,,,,,,,,,,,,
438,non-orthopaedic,Upper GI surgery,,Barrett's oesophagus surveillance,,,,"registered, result not published",https://www.uhbristol.nhs.uk/media/4556025/uhbw_clinical_audit_report_2022.23.pdf,,,,,,,,,,,,,,,,,,,,,,,,
439,non-orthopaedic,Paediatric anaesthesia,,Pre-operative fasting in children,,,,"registered, result not published",https://www.uhbw.nhs.uk/assets/1/23-639_uhbw_ca_annual_report_2021-22.pdf,,,,,,,,,,,,,,,,,,,,,,,,
440,non-orthopaedic,Paediatric anaesthesia,,Consent and procedure details for regional anaesthesia,,,,"registered, result not published",https://www.uhbristol.nhs.uk/media/4556025/uhbw_clinical_audit_report_2022.23.pdf,,,,,,,,,,,,,,,,,,,,,,,,
441,non-orthopaedic,Paediatric audiology,,Hearing aid review clinics (re-audit),,,,"registered, result not published",https://www.uhbw.nhs.uk/assets/1/23-639_uhbw_ca_annual_report_2021-22.pdf,,,,,,,,,,,,,,,,,,,,,,,,
442,non-orthopaedic,Paediatric audiology,,Response times to repairs and earmoulds,,,,"registered, result not published",https://www.uhbristol.nhs.uk/media/4556025/uhbw_clinical_audit_report_2022.23.pdf,,,,,,,,,,,,,,,,,,,,,,,,
443,non-orthopaedic,Paediatric audiology,,Newborn hearing screening targeted follow-up,,,,"registered, result not published",https://www.uhbristol.nhs.uk/media/4556025/uhbw_clinical_audit_report_2022.23.pdf,,,,,,,,,,,,,,,,,,,,,,,,
444,non-orthopaedic,Paediatric audiology,,Glue ear management against NICE,,,,"registered, result not published",https://www.uhbristol.nhs.uk/media/4556025/uhbw_clinical_audit_report_2022.23.pdf,,,,,,,,,,,,,,,,,,,,,,,,
445,non-orthopaedic,Paediatric cardiology,,Elective surgical pathway (re-audit),,,,"registered, result not published",https://www.uhbw.nhs.uk/assets/1/23-639_uhbw_ca_annual_report_2021-22.pdf,,,,,,,,,,,,,,,,,,,,,,,,
446,non-orthopaedic,Paediatric cardiology,,Pre-operative echocardiograms (re-audit),,,,"registered, result not published",https://www.uhbw.nhs.uk/assets/1/23-639_uhbw_ca_annual_report_2021-22.pdf,,,,,,,,,,,,,,,,,,,,,,,,
447,non-orthopaedic,Paediatric dietetics,,Malnutrition screening,,,,"registered, result not published",https://www.uhbw.nhs.uk/assets/1/23-639_uhbw_ca_annual_report_2021-22.pdf,,,,,,,,,,,,,,,,,,,,,,,,
448,non-orthopaedic,Paediatric dietetics,,Growth monitoring on paediatric intensive care,,,,"registered, result not published",https://www.uhbristol.nhs.uk/media/4556025/uhbw_clinical_audit_report_2022.23.pdf,,,,,,,,,,,,,,,,,,,,,,,,
449,non-orthopaedic,Paediatric emergency medicine,,GP letters for discharged children (re-audit),,,,"registered, result not published",https://www.uhbw.nhs.uk/assets/1/23-639_uhbw_ca_annual_report_2021-22.pdf,,,,,,,,,,,,,,,,,,,,,,,,
450,non-orthopaedic,Paediatric emergency medicine,,Paracetamol overdose management (re-audit),,,,"registered, result not published",https://www.uhbw.nhs.uk/assets/1/23-639_uhbw_ca_annual_report_2021-22.pdf,,,,,,,,,,,,,,,,,,,,,,,,
451,non-orthopaedic,Paediatric emergency medicine,,Consultant sign-off for fever in infants under one (re-audit),,,,"registered, result not published",https://www.uhbw.nhs.uk/assets/1/23-639_uhbw_ca_annual_report_2021-22.pdf,,,,,,,,,,,,,,,,,,,,,,,,
452,non-orthopaedic,Paediatrics,,High-flow oxygen weaning with stickers,,,,"registered, result not published",https://www.uhbw.nhs.uk/assets/1/23-639_uhbw_ca_annual_report_2021-22.pdf,,,,,,,,,,,,,,,,,,,,,,,,
453,non-orthopaedic,Paediatrics,,Urinary tract infection in under 16s,,,,"registered, result not published",https://www.uhbristol.nhs.uk/media/4556025/uhbw_clinical_audit_report_2022.23.pdf,,,,,,,,,,,,,,,,,,,,,,,,
454,non-orthopaedic,Neonatology,,Discharge documentation on clinical information system (re-audit),,,,"registered, result not published",https://www.uhbw.nhs.uk/assets/1/23-639_uhbw_ca_annual_report_2021-22.pdf,,,,,,,,,,,,,,,,,,,,,,,,
455,non-orthopaedic,Paediatric nephrology,,Dialysis patients against national standards,,,,"registered, result not published",https://www.uhbw.nhs.uk/assets/1/23-639_uhbw_ca_annual_report_2021-22.pdf,,,,,,,,,,,,,,,,,,,,,,,,
456,non-orthopaedic,Paediatric nephrology,,Infections in children on dialysis (re-audit),,,,"registered, result not published",https://www.uhbw.nhs.uk/assets/1/23-639_uhbw_ca_annual_report_2021-22.pdf,,,,,,,,,,,,,,,,,,,,,,,,
457,non-orthopaedic,Paediatric neurosurgery,,Timing and documentation of consent (re-audit),,,,"registered, result not published",https://www.uhbw.nhs.uk/assets/1/23-639_uhbw_ca_annual_report_2021-22.pdf,,,,,,,,,,,,,,,,,,,,,,,,
458,non-orthopaedic,Paediatric oncology,,Total body irradiation planning (re-audit),,,,"registered, result not published",https://www.uhbw.nhs.uk/assets/1/23-639_uhbw_ca_annual_report_2021-22.pdf,,,,,,,,,,,,,,,,,,,,,,,,
459,non-orthopaedic,Paediatric oncology,,Platelet and red cell use against national standards,,,,"registered, result not published",https://www.uhbw.nhs.uk/assets/1/23-639_uhbw_ca_annual_report_2021-22.pdf,,,,,,,,,,,,,,,,,,,,,,,,
460,non-orthopaedic,Paediatric oncology,,Chickenpox immunisation for siblings,,,,"registered, result not published",https://www.uhbw.nhs.uk/assets/1/23-639_uhbw_ca_annual_report_2021-22.pdf,,,,,,,,,,,,,,,,,,,,,,,,
461,non-orthopaedic,Paediatric oncology,,Vitamin D in paediatric transplant (re-audit),,,,"registered, result not published",https://www.uhbw.nhs.uk/assets/1/23-639_uhbw_ca_annual_report_2021-22.pdf,,,,,,,,,,,,,,,,,,,,,,,,
462,non-orthopaedic,Paediatric radiology,,Suspected physical abuse imaging against college guidance (re-audit),,,,"registered, result not published",https://www.uhbw.nhs.uk/assets/1/23-639_uhbw_ca_annual_report_2021-22.pdf,,,,,,,,,,,,,,,,,,,,,,,,
463,non-orthopaedic,Paediatric radiology,,Spine ultrasound request quality and timeliness,,,,"registered, result not published",https://www.uhbristol.nhs.uk/media/4556025/uhbw_clinical_audit_report_2022.23.pdf,,,,,,,,,,,,,,,,,,,,,,,,
464,non-orthopaedic,Paediatric rheumatology,,Transition documentation to adult rheumatology,,,,"registered, result not published",https://www.uhbw.nhs.uk/assets/1/23-639_uhbw_ca_annual_report_2021-22.pdf,,,,,,,,,,,,,,,,,,,,,,,,
465,non-orthopaedic,Paediatric surgery,,Blunt liver and spleen trauma against national standards,,,,"registered, result not published",https://www.uhbw.nhs.uk/assets/1/23-639_uhbw_ca_annual_report_2021-22.pdf,,,,,,,,,,,,,,,,,,,,,,,,
466,non-orthopaedic,Paediatric surgery,,Major trauma discharge summary content (re-audit),,,,"registered, result not published",https://www.uhbristol.nhs.uk/media/4556025/uhbw_clinical_audit_report_2022.23.pdf,,,,,,,,,,,,,,,,,,,,,,,,
467,non-orthopaedic,Paediatric theatres,,Surgical skin preparation,,,,"registered, result not published",https://www.uhbristol.nhs.uk/media/4556025/uhbw_clinical_audit_report_2022.23.pdf,,,,,,,,,,,,,,,,,,,,,,,,
468,orthopaedic,Paediatric orthopaedics,,Forearm manipulation in children's ED,,,,"registered, result not published",https://www.uhbristol.nhs.uk/media/4556025/uhbw_clinical_audit_report_2022.23.pdf,,,,,,,,,,,,,,,,,,,,,,,,
469,non-orthopaedic,Gynaecology,,Pelvic inflammatory disease (re-audit),,,,"registered, result not published",https://www.uhbw.nhs.uk/assets/1/23-639_uhbw_ca_annual_report_2021-22.pdf,,,,,,,,,,,,,,,,,,,,,,,,
470,non-orthopaedic,Gynaecology,,Complex atypical hyperplasia on biopsy,,,,"registered, result not published",https://www.uhbw.nhs.uk/assets/1/23-639_uhbw_ca_annual_report_2021-22.pdf,,,,,,,,,,,,,,,,,,,,,,,,
471,non-orthopaedic,Obstetrics,,Fetal monitoring in labour and maternal observations,,,,"registered, result not published",https://www.uhbw.nhs.uk/assets/1/23-639_uhbw_ca_annual_report_2021-22.pdf,,,,,,,,,,,,,,,,,,,,,,,,
472,non-orthopaedic,Obstetrics,,Oral morphine in latent labour,,,,"registered, result not published",https://www.uhbw.nhs.uk/assets/1/23-639_uhbw_ca_annual_report_2021-22.pdf,,,,,,,,,,,,,,,,,,,,,,,,
473,non-orthopaedic,Obstetrics,,Neonatal observation chart and hypoglycaemia,,,,"registered, result not published",https://www.uhbw.nhs.uk/assets/1/23-639_uhbw_ca_annual_report_2021-22.pdf,,,,,,,,,,,,,,,,,,,,,,,,
474,non-orthopaedic,Obstetrics,,Maternal observations in induction of labour,,,,"registered, result not published",https://www.uhbw.nhs.uk/assets/1/23-639_uhbw_ca_annual_report_2021-22.pdf,,,,,,,,,,,,,,,,,,,,,,,,
475,non-orthopaedic,Obstetrics,,Second checker of IV fluids,,,,"registered, result not published",https://www.uhbw.nhs.uk/assets/1/23-639_uhbw_ca_annual_report_2021-22.pdf,,,,,,,,,,,,,,,,,,,,,,,,
476,non-orthopaedic,Obstetrics,,Expressed breast milk for babies going to neonatal unit,,,,"registered, result not published",https://www.uhbw.nhs.uk/assets/1/23-639_uhbw_ca_annual_report_2021-22.pdf,,,,,,,,,,,,,,,,,,,,,,,,
477,non-orthopaedic,Obstetrics,,Stillbirth review,,,,"registered, result not published",https://www.uhbw.nhs.uk/assets/1/23-639_uhbw_ca_annual_report_2021-22.pdf,,,,,,,,,,,,,,,,,,,,,,,,
478,non-orthopaedic,Obstetrics,,Smoke-free pregnancy support,,,,"registered, result not published",https://www.uhbw.nhs.uk/assets/1/23-639_uhbw_ca_annual_report_2021-22.pdf,,,,,,,,,,,,,,,,,,,,,,,,
479,non-orthopaedic,Obstetrics,,Prescription errors on maternity wards (re-audit),,,,"registered, result not published",https://www.uhbw.nhs.uk/assets/1/23-639_uhbw_ca_annual_report_2021-22.pdf,,,,,,,,,,,,,,,,,,,,,,,,
480,non-orthopaedic,Obstetrics,,Newborn physical examination screening (re-audit),,,,"registered, result not published",https://www.uhbw.nhs.uk/assets/1/23-639_uhbw_ca_annual_report_2021-22.pdf,,,,,,,,,,,,,,,,,,,,,,,,
481,non-orthopaedic,Obstetrics,,Communication between ED and delivery suite,,,,"registered, result not published",https://www.uhbw.nhs.uk/assets/1/23-639_uhbw_ca_annual_report_2021-22.pdf,,,,,,,,,,,,,,,,,,,,,,,,
482,non-orthopaedic,Endoscopy,,Endoscopy accreditation audits,JAG accreditation standards,,,"registered, result not published",https://www.stockport.nhs.uk/Documents/AppDocViewer.aspx?e=2580,,,,,,,,,,,,,,,,,,,,,,,,
483,non-orthopaedic,Outpatients,,Documentation of care and treatment advice in outpatients,Record keeping standards,"Significant assurance, moderate risk",,completed,https://www.stockport.nhs.uk/Documents/AppDocViewer.aspx?e=2580,,,,,,,,,,,,,,,,,,,,,,,,
484,non-orthopaedic,Pharmacy,,Safe and secure handling of medicines on wards,Safe and secure handling guidance,Significant assurance,,completed,https://www.stockport.nhs.uk/Documents/AppDocViewer.aspx?e=2580,,,,,,,,,,,,,,,,,,,,,,,,
485,non-orthopaedic,Pharmacy,,Prompt switch from IV to oral antibiotics,National commissioning goal,Full assurance,,completed,https://www.stockport.nhs.uk/Documents/AppDocViewer.aspx?e=2580,,,,,,,,,,,,,,,,,,,,,,,,
486,non-orthopaedic,Pharmacy,,Communicating medicine changes to community pharmacists at discharge,National discharge medicines service,Full assurance,,completed,https://www.stockport.nhs.uk/Documents/AppDocViewer.aspx?e=2580,,,,,,,,,,,,,,,,,,,,,,,,
487,non-orthopaedic,Nursing,,Mixed-sex accommodation breaches,National standard,Significant assurance,,completed,https://www.stockport.nhs.uk/Documents/AppDocViewer.aspx?e=2580,,,,,,,,,,,,,,,,,,,,,,,,
488,non-orthopaedic,Nursing,,Mattress condition,Infection prevention and tissue viability standards,Full assurance,,completed,https://www.stockport.nhs.uk/Documents/AppDocViewer.aspx?e=2580,,,,,,,,,,,,,,,,,,,,,,,,
489,non-orthopaedic,Nursing,,Malnutrition screening tool completion,MUST guidance,"Limited assurance, moderate risk",,completed,https://www.stockport.nhs.uk/Documents/AppDocViewer.aspx?e=2580,,,,,,,,,,,,,,,,,,,,,,,,
490,non-orthopaedic,Occupational health,,Staff flu vaccination uptake,National commissioning goal,Very limited assurance,,completed,https://www.stockport.nhs.uk/Documents/AppDocViewer.aspx?e=2580,,,,,,,,,,,,,,,,,,,,,,,,
491,non-orthopaedic,Tissue viability,,Pressure ulcer risk assessment and documentation,National commissioning goal,Significant assurance,,completed,https://www.stockport.nhs.uk/Documents/AppDocViewer.aspx?e=2580,,,,,,,,,,,,,,,,,,,,,,,,
492,non-orthopaedic,Tissue viability,,"Assessment, diagnosis and treatment of lower leg wounds",National commissioning goal,Significant assurance,,completed,https://www.stockport.nhs.uk/Documents/AppDocViewer.aspx?e=2580,,,,,,,,,,,,,,,,,,,,,,,,
493,non-orthopaedic,Emergency medicine,,Frailty identification and response in ED,National commissioning goal,Full assurance,,completed,https://www.stockport.nhs.uk/Documents/AppDocViewer.aspx?e=2580,,,,,,,,,,,,,,,,,,,,,,,,
494,non-orthopaedic,Acute medicine,,DVLA driving advice after transient loss of consciousness (re-audit),DVLA and NICE guidance,"Limited assurance, moderate risk",,completed,https://www.stockport.nhs.uk/Documents/AppDocViewer.aspx?e=2580,,,,,,,,,,,,,,,,,,,,,,,,
495,non-orthopaedic,Acute medicine,,Seven-day hospital services standards,National seven-day standards,"Significant assurance, moderate risk",,completed,https://www.stockport.nhs.uk/Documents/AppDocViewer.aspx?e=2580,,,,,,,,,,,,,,,,,,,,,,,,
496,non-orthopaedic,Acute medicine,,Clot prevention information given to patients,NICE VTE guidance,Limited assurance,,completed,https://www.stockport.nhs.uk/Documents/AppDocViewer.aspx?e=2580,,,,,,,,,,,,,,,,,,,,,,,,
497,non-orthopaedic,Acute medicine,,Follow-up of abnormal calcium results,Results governance,,,"registered, result not published",https://www.stockport.nhs.uk/Documents/AppDocViewer.aspx?e=2580,,,,,,,,,,,,,,,,,,,,,,,,
498,non-orthopaedic,Acute medicine,,Root cause analysis of hospital-acquired clots,NICE VTE guidance,,,"registered, result not published",https://www.stockport.nhs.uk/Documents/AppDocViewer.aspx?e=2580,,,,,,,,,,,,,,,,,,,,,,,,
499,non-orthopaedic,Acute medicine,,Timely thromboprophylaxis after admission,NICE VTE guidance,Limited assurance,,completed,https://www.stockport.nhs.uk/Documents/AppDocViewer.aspx?e=2580,,,,,,,,,,,,,,,,,,,,,,,,
500,non-orthopaedic,Community care,,Pressure risk documentation for discharge-to-assess patients,PURPOSE-T tool guidance,Limited assurance,,completed,https://www.stockport.nhs.uk/Documents/AppDocViewer.aspx?e=2580,,,,,,,,,,,,,,,,,,,,,,,,
501,non-orthopaedic,Cancer services,,Timed diagnostic pathways for cancer,National timed pathways,Full assurance,,completed,https://www.stockport.nhs.uk/Documents/AppDocViewer.aspx?e=2580,,,,,,,,,,,,,,,,,,,,,,,,
502,non-orthopaedic,Cancer services,,Treatment of non-small cell lung cancer,National commissioning goal,"Very limited assurance, high risk",,completed,https://www.stockport.nhs.uk/Documents/AppDocViewer.aspx?e=2580,,,,,,,,,,,,,,,,,,,,,,,,
503,non-orthopaedic,Diabetes,,Annual thyroid function tests in type 1 diabetes,NICE type 1 diabetes guidance,Limited assurance,,completed,https://www.stockport.nhs.uk/Documents/AppDocViewer.aspx?e=2580,,,,,,,,,,,,,,,,,,,,,,,,
504,non-orthopaedic,General medicine,,Reassessing clot risk when clinical circumstances change,NICE VTE guidance,"Very limited assurance, high risk",,completed,https://www.stockport.nhs.uk/Documents/AppDocViewer.aspx?e=2580,,,,,,,,,,,,,,,,,,,,,,,,
505,non-orthopaedic,Anaesthesia,,Stop Before You Block compliance (re-audit),National safety campaign,Full assurance,,completed,https://www.stockport.nhs.uk/Documents/AppDocViewer.aspx?e=2580,,,,,,,,,,,,,,,,,,,,,,,,
506,non-orthopaedic,Critical care,,Acute kidney injury in critical care,Kidney injury guidance,,,"registered, result not published",https://www.stockport.nhs.uk/Documents/AppDocViewer.aspx?e=2580,,,,,,,,,,,,,,,,,,,,,,,,
507,non-orthopaedic,Critical care,,NEWS2 recording and response before unplanned critical care admission,National commissioning goal,Full assurance,,completed,https://www.stockport.nhs.uk/Documents/AppDocViewer.aspx?e=2580,,,,,,,,,,,,,,,,,,,,,,,,
508,non-orthopaedic,Critical care,,Safety checklist for prone ventilation,National safety standards for invasive procedures,Significant assurance,,completed,https://www.stockport.nhs.uk/Documents/AppDocViewer.aspx?e=2580,,,,,,,,,,,,,,,,,,,,,,,,
509,non-orthopaedic,Surgery,,"Helping patients drink, eat and mobilise after surgery",National commissioning goal,Full assurance,,completed,https://www.stockport.nhs.uk/Documents/AppDocViewer.aspx?e=2580,,,,,,,,,,,,,,,,,,,,,,,,
510,non-orthopaedic,Spine,,Shared decision-making conversations,National commissioning goal,Full assurance,,completed,https://www.stockport.nhs.uk/Documents/AppDocViewer.aspx?e=2580,,,,,,,,,,,,,,,,,,,,,,,,
511,non-orthopaedic,Theatres,,Observational audit of theatre safety checks,National safety standards for invasive procedures,Significant assurance,,completed,https://www.stockport.nhs.uk/Documents/AppDocViewer.aspx?e=2580,,,,,,,,,,,,,,,,,,,,,,,,
512,non-orthopaedic,Spine,,Spine surgery consent forms,Consent guidance,Significant assurance,,completed,https://www.stockport.nhs.uk/Documents/AppDocViewer.aspx?e=2580,,,,,,,,,,,,,,,,,,,,,,,,
513,non-orthopaedic,Obstetrics,,CTG review with fresh eyes,Ockenden recommendations,,,"registered, result not published",https://www.stockport.nhs.uk/Documents/AppDocViewer.aspx?e=2580,,,,,,,,,,,,,,,,,,,,,,,,
514,non-orthopaedic,Obstetrics,,Personalised care and support plans,Ockenden recommendations,,,"registered, result not published",https://www.stockport.nhs.uk/Documents/AppDocViewer.aspx?e=2580,,,,,,,,,,,,,,,,,,,,,,,,
515,non-orthopaedic,Obstetrics,,Consultant-led ward rounds on labour ward,Ockenden recommendations,Significant assurance,,completed,https://www.stockport.nhs.uk/Documents/AppDocViewer.aspx?e=2580,,,,,,,,,,,,,,,,,,,,,,,,
516,non-orthopaedic,Obstetrics,,Management of complex pregnancy,Ockenden recommendations,,,"registered, result not published",https://www.stockport.nhs.uk/Documents/AppDocViewer.aspx?e=2580,,,,,,,,,,,,,,,,,,,,,,,,
517,non-orthopaedic,Obstetrics,,Carbon monoxide testing and smoking cessation at booking,Maternity incentive scheme,Significant assurance,,completed,https://www.stockport.nhs.uk/Documents/AppDocViewer.aspx?e=2580,,,,,,,,,,,,,,,,,,,,,,,,
518,non-orthopaedic,Obstetrics,,Preterm birth risk assessment at booking,Maternity incentive scheme,,,"registered, result not published",https://www.stockport.nhs.uk/Documents/AppDocViewer.aspx?e=2580,,,,,,,,,,,,,,,,,,,,,,,,
519,non-orthopaedic,Obstetrics,,Avoiding term admissions to the neonatal unit,Maternity incentive scheme,,,"registered, result not published",https://www.stockport.nhs.uk/Documents/AppDocViewer.aspx?e=2580,,,,,,,,,,,,,,,,,,,,,,,,
520,non-orthopaedic,Obstetrics,,Reduced fetal movements guideline compliance,Saving Babies' Lives bundle,Significant assurance,,completed,https://www.stockport.nhs.uk/Documents/AppDocViewer.aspx?e=2580,,,,,,,,,,,,,,,,,,,,,,,,
521,non-orthopaedic,Obstetrics,,PlGF testing in suspected pre-eclampsia,NICE diagnostics guidance,,,"registered, result not published",https://www.stockport.nhs.uk/Documents/AppDocViewer.aspx?e=2580,,,,,,,,,,,,,,,,,,,,,,,,
522,non-orthopaedic,Neonatology,,Pathway from neonatal care into transitional care,Maternity incentive scheme,,,"registered, result not published",https://www.stockport.nhs.uk/Documents/AppDocViewer.aspx?e=2580,,,,,,,,,,,,,,,,,,,,,,,,
523,non-orthopaedic,Paediatrics,,Paediatric assessment unit short-stay standards (re-audit),RCPCH short-stay standards,"Limited assurance, moderate risk",,completed,https://www.stockport.nhs.uk/Documents/AppDocViewer.aspx?e=2580,,,,,,,,,,,,,,,,,,,,,,,,
524,non-orthopaedic,Paediatrics,,Oxygen prescription for children on the ward (re-audit),Oxygen prescribing guidance,,,"registered, result not published",https://www.stockport.nhs.uk/Documents/AppDocViewer.aspx?e=2580,,,,,,,,,,,,,,,,,,,,,,,,
525,non-orthopaedic,Paediatrics,,Paediatric sepsis pathway compliance,National sepsis guidance,,,"registered, result not published",https://www.stockport.nhs.uk/Documents/AppDocViewer.aspx?e=2580,,,,,,,,,,,,,,,,,,,,,,,,
526,non-orthopaedic,Cross-specialty,,Consent audit repeated in every specialty,Consent policy,"Mostly significant; ED, acute medicine and urology limited",,completed,https://www.stockport.nhs.uk/Documents/AppDocViewer.aspx?e=2580,,,,,,,,,,,,,,,,,,,,,,,,
527,non-orthopaedic,Cross-specialty,,Results acknowledgement repeated in every specialty,Results governance policy,"Mostly significant; orthopaedics, ENT and paediatrics limited",,completed,https://www.stockport.nhs.uk/Documents/AppDocViewer.aspx?e=2580,,,,,,,,,,,,,,,,,,,,,,,,
528,non-orthopaedic,Cross-specialty,,Invasive procedure safety checklists repeated in every area,National safety standards for invasive procedures,"ED very limited; acute medicine, dental, delivery room and gynae outpatients limited",,completed,https://www.stockport.nhs.uk/Documents/AppDocViewer.aspx?e=2580,,,,,,,,,,,,,,,,,,,,,,,,
529,non-orthopaedic,Cross-specialty,,Outpatient clinic letter audit repeated in every specialty,Letter-writing standards,Cardiology and pain limited,,completed,https://www.stockport.nhs.uk/Documents/AppDocViewer.aspx?e=2580,,,,,,,,,,,,,,,,,,,,,,,,
530,non-orthopaedic,Cross-specialty,,Record keeping audit by division,Record keeping standards,Significant assurance across divisions,,completed,https://www.stockport.nhs.uk/Documents/AppDocViewer.aspx?e=2580,,,,,,,,,,,,,,,,,,,,,,,,
531,orthopaedic,Orthopaedics – Documentation,,Operation note quality against Royal College and BOA standards,"Royal College of Surgeons good surgical practice, BOA op note items",Post-op plan the weakest domain; patient ID and findings often incomplete,"Electronic template with mandatory headings, teaching",published or reported,https://pmc.ncbi.nlm.nih.gov/articles/PMC13290117/,,UK,True,,,,,,,,,,,Procedure-specific templates for the commonest trauma cases,Kamat A; Pillai AA; Ajmani U; Pasya S,Frontiers in surgery,2026,10.3389/fsurg.2026.1704348,42344576,PMC13290117,cc by,True,"Kamat A, Pillai AA, Ajmani U, Pasya S. Elevating orthopedic documentation: a clinical audit of orthopaedic operative note quality against RCSE and BOA standards. Front Surg. 2026;13:1704348. doi:10.3389/fsurg.2026.1704348. PMID: 42344576.",
532,orthopaedic,Orthopaedics – Documentation,,Adequacy of operative notes for orthopaedic procedures,Royal College op note standard,Prosthesis identification persistently poor even after template,Template plus sticker for implant labels,published or reported,https://pubmed.ncbi.nlm.nih.gov/41211261/,,UK,True,,,,,,,,,,,Audit implant traceability against the joint registry entry,Jan AA; Imtiaz H; Ahmed T; Alkhatib O; Rahim AK; Kouklidis G,Cureus,2025,10.7759/cureus.96179,41211261,PMC12589926,cc by,True,"Jan AA, Imtiaz H, Ahmed T, Alkhatib O, Rahim AK, Kouklidis G. Adequacy of Operative Notes for Orthopaedic Procedures: A Quality Improvement Project. Cureus. 2025;17(11):e96179. doi:10.7759/cureus.96179. PMID: 41211261.",
533,orthopaedic,Orthopaedics – Documentation,Operation note quality,Handwritten versus typed operation notes and a digital template,Royal College op note standard,Handwritten notes dominate and miss items,Templated typed op note service,published or reported,https://pmc.ncbi.nlm.nih.gov/articles/PMC9805340/,UK trauma and orthopaedic department,UK,False,"1–15 Jun 2020, retrospective",,Typed notes 9.5%; 10 parameters recorded in under 10% of notes,Templated digital operative note via IT software update,Feb–Mar 2021 and Aug 2021,,Typed notes 66.7%; handwritten down 40%; missing parameters fell from 10 to 4 then 3; 12 parameters improved,True,form or template,,Re-audit legibility and completeness of the typed version,Nasim O; Durrani A; Eskander B; Pantelias C; Gallagher K,Cureus,2022,10.7759/cureus.33171,36601195,PMC9805340,cc by,True,"Cureus 2022, article 128231",
534,orthopaedic,Orthopaedics – Documentation,,"Elective versus trauma operation note quality, completed loop",Royal College op note standard,Elective notes improve with a guideline note; trauma notes barely move,Guideline-based electronic note,published or reported,https://www.sciencedirect.com/science/article/pii/S2405857216300146,,,,,,,,,,,,,,Procedure-specific trauma notes,,,,,,,,,,
535,orthopaedic,Orthopaedics – Documentation,,Orthopaedic operation sheet completeness against college guidance,College op note guidance,"Tourniquet time, closure and serial numbers commonly missing",Redesigned proforma,published or reported,https://pmc.ncbi.nlm.nih.gov/articles/PMC4556872/,,Ireland,True,,,,,,,,,,,Compare consultant and trainee notes,Coughlan F; Ellanti P; Ní Fhoghlu C; Moriarity A; Hogan N,Surgery research and practice,2015,10.1155/2015/782720,26357669,PMC4556872,cc by,True,"Coughlan F, Ellanti P, Ní Fhoghlu C, Moriarity A, Hogan N. Audit of Orthopaedic Surgical Documentation. Surg Res Pract. 2015;2015:782720. doi:10.1155/2015/782720. PMID: 26357669.",
536,orthopaedic,Orthopaedics – Trauma,,Nerve and vascular documentation in acute limb fractures,BOA peripheral nerve injury standard,"Individual nerve function rarely recorded, pulses usually are",Teaching presentation on consequences of missed nerve injury,published or reported,https://www.cureus.com/articles/437445,,,,,,,,,,,,,,"Audit documentation after manipulation and casting, not just at presentation",,,,,,,,,,
537,orthopaedic,Orthopaedics – Foot and ankle,,Early weight bearing after ankle fracture fixation,BOA standard on ankle fractures,Surgeons default to six weeks non-weight-bearing without documented reason,"Departmental agreement, default early weight bearing unless reason written",published or reported,https://www.ncbi.nlm.nih.gov/pmc/articles/PMC12356356/,,UK,True,,,,,,,,,,,Audit patient-reported function and wound complications with early loading,Mohamed A; Fuad U; Zahed M; Shyam M; Elasad A; Aqeel A,Cureus,2025,10.7759/cureus.88092,40821226,PMC12356356,cc by,True,"Mohamed A, Fuad U, Zahed M, Shyam M, Elasad A, Aqeel A. Improving Compliance With the British Orthopaedic Association Standards for Trauma and Orthopaedics (BOAST) Guidelines for Early Weight Bearing Following Ankle Fracture Fixation: A Closed-Loop Audit From a UK District General Hospital. Cureus. 2025;17(7):e88092. doi:10.7759/cureus.88092. PMID: 40821226.",
538,orthopaedic,Orthopaedics – Outpatients,,Fracture clinic timeliness against BOA fracture clinic standard,BOA fracture clinic services standard,Imaging and follow-up delays beyond the standard in a quarter to a third,Booking pathway changes,published or reported,https://www.scirp.org/journal/paperinformation?paperid=141121,,,,,,,,,,,,,,Audit virtual fracture clinic direct discharge safety,,,,,,,,,,
539,orthopaedic,Orthopaedics – Hip fracture,,Orthogeriatrician input for older trauma patients beyond hip fractures,Fragility fracture guidance,Non-hip fragility fractures miss orthogeriatric review,Extend orthogeriatric referral criteria,published or reported,https://pubmed.ncbi.nlm.nih.gov/39176321/,,UK,True,,,,,,,,,,,Audit length of stay and delirium in the extended group,Tahoun M; Collins T; Tahoun R; Kafagi AH; Pillai A,Cureus,2024,10.7759/cureus.65173,39176321,PMC11341078,cc by,True,"Tahoun M, Collins T, Tahoun R, Kafagi AH, Pillai A. Clinical Audit to Assess Orthogeriatrician Input to the Management of Elderly Trauma Patients. Cureus. 2024;16(7):e65173. doi:10.7759/cureus.65173. PMID: 39176321.",
540,orthopaedic,Orthopaedics – Arthroplasty,,Modifiable risk factors in hip and knee arthritis referrals,NICE osteoarthritis guidance,"Weight, smoking and diabetes documented but rarely acted on",Structured optimisation prompts in interface clinic,published or reported,https://pubmed.ncbi.nlm.nih.gov/42151745/,,UK,True,,,,,,,,,,,Audit whether optimisation changes surgical listing outcomes,Henning R; Henning M; McMillan J; Lynch G,Musculoskeletal care,2026,10.1002/msc.70234,42151745,PMC13183992,cc by,True,"Henning R, Henning M, McMillan J, Lynch G. Improving Identification and Management of Modifiable Risk Factors in Hip and Knee Osteoarthritis: A Quality Improvement Project in an NHS Orthopaedic Interface Service. Musculoskeletal Care. 2026;24(2):e70234. doi:10.1002/msc.70234. PMID: 42151745.",
541,orthopaedic,Orthopaedics – Theatre,,Surgical and imaging pauses to prevent never events,Local safety standards for invasive procedures,"Pauses done, but timing of the imaging pause unclear",Clear guidance and non-surgical staff collecting data,published or reported,https://pmc.ncbi.nlm.nih.gov/articles/PMC11772924/,,UK,True,,,,,,,,,,,Audit wrong-side near misses reported,Bhavanasi BA; Kulkarni S,BMJ open quality,2025,10.1136/bmjoq-2024-002971,39870479,PMC11772924,cc by,True,"Bhavanasi BA, Kulkarni S. Avoiding never events in orthopaedics theatres: a quality improvement project. BMJ Open Qual. 2025;14(1):e002971. doi:10.1136/bmjoq-2024-002971. PMID: 39870479.",
542,orthopaedic,Orthopaedics – Outpatients,,Fracture clinic service complete loop with patient questionnaire,BOA fracture clinic services standard,Waits and patient dissatisfaction,Management recommendations and re-audit of 100 patients,published or reported,https://www.cureus.com/articles/9974,,,,,,,,,,,,,,Audit clinic capacity against referral volume,,,,,,,,,,
543,orthopaedic,Orthopaedics – Paediatrics,,Paediatric orthopaedic service during the pandemic,BOA urgent conditions standard,Service largely compliant,Documented pathways,published or reported,https://www.boa.ac.uk/resource/an-audit-of-the-delivery-of-paediatric-orthopaedic-services-at-the-bristol-royal-children-s-hospital-in-response-to-the-british-orthopaedic-association-standards-for-trauma-boast-covid-19-guidance.html,,,,,,,,,,,,,,Audit backlog recovery,,,,,,,,,,
544,orthopaedic,Orthopaedics – Foot and ankle,,"Clot prevention after foot and ankle surgery, multicentre",National VTE guidance,Wide variation in who gets chemical prophylaxis,Shared risk assessment,published or reported,https://www.ncbi.nlm.nih.gov/pmc/articles/PMC11408974/,,UK,True,,,,,,,,,,,Audit clot rates in the untreated group,Malhotra K; Houchen-Wolloff L; Mason L; Mangwani J; UK-FATE Collaborative,Foot & ankle international,2024,10.1177/10711007241258159,38872313,PMC11408974,cc by,True,"Malhotra K, Houchen-Wolloff L, Mason L, Mangwani J, UK-FATE Collaborative. Characteristics of Patients Not Receiving Chemical Thromboprophylaxis Following Foot and Ankle Surgery: Data From the Multicenter, Prospective UK Foot and Ankle Thrombo-Embolism Audit (UK-FATE). Foot Ankle Int. 2024;45(9):943-949. doi:10.1177/10711007241258159. PMID: 38872313.",
545,orthopaedic,Orthopaedics – Foot and ankle,,Combined rheumatology and orthopaedic foot clinic,Local service standard,Joint clinic reduces duplicate appointments,Keep combined clinic,published or reported,https://wrap.warwick.ac.uk/id/eprint/154728,,,,,,,,,,,,,,Audit time to surgery for rheumatoid forefoot,,,,,,,,,,
546,orthopaedic,Orthopaedics – Hip fracture,,Consent form documentation of complications for hip fracture surgery,BOA-endorsed consent guidance,"Rare but serious complications, including death, omitted","Teaching and posters, then pre-printed consent",published or reported,https://www.ncbi.nlm.nih.gov/pmc/articles/PMC12591349/,,UK,True,,,,,,,,,,,Audit capacity assessment before consent,Shahbaz A; Shahbaz R; Dinesh Y; Imami F; Akbar R; Bose D,Cureus,2025,10.7759/cureus.96220,41211270,PMC12591349,cc by,True,"Shahbaz A, Shahbaz R, Dinesh Y, Imami F, Akbar R, Bose D. Enhancing Documentation Standards of Complications in Informed Consent for Neck of Femur Fracture Surgery. Cureus. 2025;17(11):e96220. doi:10.7759/cureus.96220. PMID: 41211270.",
547,orthopaedic,Orthopaedics – Arthroplasty,,Marker ball positioning for templating in hip arthroplasty,"Local standard, all films with correct marker",Poorly placed markers mislead head size,Instruction for radiographers,published or reported,https://www.ncbi.nlm.nih.gov/pmc/articles/PMC13557704/,,UK,True,,,,,,,,,,,Audit implant stock availability against template,Tetley H; Cox M; Fernandes A; Gordon S; Routledge JC; Shah S; Jowett C,Cureus,2026,10.7759/cureus.114297,42719498,PMC13557704,cc by,True,"Tetley H, Cox M, Fernandes A, Gordon S, Routledge JC, Shah S, et al.. Effect of Marker Ball Positioning on Templating Accuracy in Hip Arthroplasty: A Closed-Loop Audit. Cureus. 2026;18(8):e114297. doi:10.7759/cureus.114297. PMID: 42719498.",
548,orthopaedic,Orthopaedics – Hip fracture,,Enhanced recovery and best practice tariff adherence in hip fracture,"Best practice tariff, enhanced recovery guidance",Bone health bloods and fracture risk scoring missed,Reminder sticker on op note,published or reported,https://www.ncbi.nlm.nih.gov/pmc/articles/PMC7594660/,,not reported,True,,,,,,,,,,,Audit bone treatment started by discharge,Wilson E; Vala A; O'Callaghan J; McCann P; Al-Hourani K,Cureus,2020,10.7759/cureus.11217,33133805,PMC7594660,cc by,True,"Wilson E, Vala A, O'Callaghan J, McCann P, Al-Hourani K. The Effect of Simple Cost Effective Interventions in Improving Enhanced Recovery in Neck of Femur Fracture Care. Cureus. 2020;12(10):e11217. doi:10.7759/cureus.11217. PMID: 33133805.",
549,orthopaedic,Orthopaedics – Hip fracture,,Surgical site infection after hip fracture surgery,Local infection standard,Infection linked to modifiable risks,Recommendations then re-audit over 16 months,published or reported,https://doaj.org/article/e00dc2447f3040d6a12fa70df77a9064,,,,,,,,,,,,,,Audit wound checks after discharge,,,,,,,,,,
550,orthopaedic,Orthopaedics – Hip fracture,,Emergency department care of hip fracture,Royal College of Emergency Medicine hip fracture standards,Under half get pain relief and x-ray within an hour,ED fast-track pathway,published or reported,https://rcem.ac.uk/wp-content/uploads/2021/11/Fractured_Neck_of_Femur_Audit_Information_FINAL.pdf,,,,,,,,,,,,,,Audit nerve block in ED,,,,,,,,,,
551,orthopaedic,Orthopaedics – Hip fracture,,Intravenous fluid management in hip fracture patients,Local fluid guidance,Fluids prescribed inconsistently while fasting,Fluid protocol,published or reported,https://openorthopaedicsjournal.com/VOLUME/4/PAGE/188/FULLTEXT/,,,,,,,,,,,,,,Audit acute kidney injury rates,,,,,,,,,,
552,orthopaedic,Orthopaedics – Hip fracture,,Reasons for delay to hip fracture surgery,NICE hip fracture guidance,Delays mostly organisational not medical,"Named delay reasons, extra list capacity",published or reported,https://openorthopaedicsjournal.com/VOLUME/4/PAGE/188/FULLTEXT/,,,,,,,,,,,,,,Audit delays for anticoagulated patients,,,,,,,,,,
553,orthopaedic,Orthopaedics – Hip fracture,,Delays in physiotherapy and mobilisation after hip fracture,"NICE, mobilise day after surgery",Weekend operations miss next-day physio,Weekend physio cover,published or reported,https://openorthopaedicsjournal.com/VOLUME/4/PAGE/188/FULLTEXT/,,,,,,,,,,,,,,Audit return to prior residence,,,,,,,,,,
554,orthopaedic,Orthopaedics – Hip fracture,,Cemented versus uncemented hemiarthroplasty,"NICE, cemented stems",Uncemented still used by some surgeons,Departmental standard,published or reported,https://openorthopaedicsjournal.com/VOLUME/4/PAGE/188/FULLTEXT/,,,,,,,,,,,,,,Audit cement reaction safety checklist use,,,,,,,,,,
555,orthopaedic,Orthopaedics – Arthroplasty,,Outcome after hip resurfacing,Registry revision benchmarks,Higher revision in some groups,Restrict indications,published or reported,https://openorthopaedicsjournal.com/VOLUME/4/PAGE/188/FULLTEXT/,,,,,,,,,,,,,,Audit metal ion surveillance,,,,,,,,,,
556,orthopaedic,Orthopaedics – Knee,,Outcomes after ACL reconstruction,Local outcome standard,Variable follow-up of function,Standard outcome scores,published or reported,https://openorthopaedicsjournal.com/VOLUME/4/PAGE/188/FULLTEXT/,,,,,,,,,,,,,,Audit return to sport timeline,,,,,,,,,,
557,orthopaedic,Orthopaedics – Foot and ankle,,Outcome of hallux rigidus fusion with a specific plate,Local outcome standard,"Union rates acceptable, hardware irritation noted",Continue with removal consent,published or reported,https://openorthopaedicsjournal.com/VOLUME/4/PAGE/188/FULLTEXT/,,,,,,,,,,,,,,Audit patient-reported outcome at a year,,,,,,,,,,
558,orthopaedic,Orthopaedics – Infection,,Infection rates in hip versus knee surgery,Surveillance benchmarks,Rates within national range,Continue surveillance,published or reported,https://openorthopaedicsjournal.com/VOLUME/4/PAGE/188/FULLTEXT/,,,,,,,,,,,,,,Audit wound infection after discharge,,,,,,,,,,
559,orthopaedic,Orthopaedics – Hip fracture,,Chest infection after hip fracture,Local standard,Common and under-recognised,Early chest physio and sitting out,published or reported,https://openorthopaedicsjournal.com/VOLUME/4/PAGE/188/FULLTEXT/,,,,,,,,,,,,,,Audit swallow assessment,,,,,,,,,,
560,orthopaedic,Orthopaedics – Infection,,Antibiotic sensitivities of joint replacement infections,Microbiology guidance,Organisms not always covered by prophylaxis,Microbiology review of prophylaxis,published or reported,https://openorthopaedicsjournal.com/VOLUME/4/PAGE/188/FULLTEXT/,,,,,,,,,,,,,,Audit prophylaxis timing,,,,,,,,,,
561,orthopaedic,Orthopaedics – Foot and ankle,,Management of fifth metatarsal base fractures,Evidence for functional treatment,Many followed up and casted unnecessarily,Boot and discharge pathway,published or reported,https://openorthopaedicsjournal.com/VOLUME/4/PAGE/188/FULLTEXT/,,,,,,,,,,,,,,Audit virtual clinic discharge of these fractures,,,,,,,,,,
562,orthopaedic,Orthopaedics – Hand,,Follow-up of fifth metacarpal fractures,Evidence for minimal follow-up,Repeated clinic visits and x-rays,Discharge with advice,published or reported,https://openorthopaedicsjournal.com/VOLUME/4/PAGE/188/FULLTEXT/,,,,,,,,,,,,,,Audit return rate after discharge,,,,,,,,,,
563,orthopaedic,Orthopaedics – Foot and ankle,,Adequacy of plaster application in ankle fractures,Plaster standards,Poorly moulded or wrongly positioned casts,Plaster teaching,published or reported,https://openorthopaedicsjournal.com/VOLUME/4/PAGE/188/FULLTEXT/,,,,,,,,,,,,,,Audit loss of reduction in cast,,,,,,,,,,
564,orthopaedic,Orthopaedics – Hand,,Bone scan use in suspected scaphoid and wrist injuries,Scaphoid imaging guidance,Imaging used late and inconsistently,MRI pathway,published or reported,https://openorthopaedicsjournal.com/VOLUME/4/PAGE/188/FULLTEXT/,,,,,,,,,,,,,,Audit time to definitive scaphoid diagnosis,,,,,,,,,,
565,orthopaedic,Orthopaedics – Arthroplasty,,Reasons for revision hip surgery,Registry categories,Loosening and dislocation dominate,Feedback to surgeons,published or reported,https://openorthopaedicsjournal.com/VOLUME/4/PAGE/188/FULLTEXT/,,,,,,,,,,,,,,Audit dislocation after primary,,,,,,,,,,
566,orthopaedic,Orthopaedics – Arthroplasty,,Reasons for hip dislocation after replacement,Local outcome standard,Cup position outliers,Post-op radiograph review,published or reported,https://openorthopaedicsjournal.com/VOLUME/4/PAGE/188/FULLTEXT/,,,,,,,,,,,,,,Audit cup inclination on post-op films,,,,,,,,,,
567,orthopaedic,Orthopaedics – Arthroplasty,,Clot incidence after hip and knee replacement,NICE VTE guidance,"Low rates, prophylaxis variably documented",Standard prescription,published or reported,https://openorthopaedicsjournal.com/VOLUME/4/PAGE/188/FULLTEXT/,,,,,,,,,,,,,,Audit extended prophylaxis compliance at discharge,,,,,,,,,,
568,orthopaedic,Orthopaedics – Foot and ankle,,Clot incidence after ankle fractures,NICE VTE guidance,Risk assessment rarely done in plaster,Leg-in-plaster risk tool,published or reported,https://openorthopaedicsjournal.com/VOLUME/4/PAGE/188/FULLTEXT/,,,,,,,,,,,,,,Audit prophylaxis given against the tool,,,,,,,,,,
569,orthopaedic,Orthopaedics – Arthroplasty,,Blood transfusion after primary hip and knee replacement,Patient blood management guidance,Group and save and crossmatch overused,"Tranexamic acid, drop routine crossmatch",published or reported,https://openorthopaedicsjournal.com/VOLUME/4/PAGE/188/FULLTEXT/,,,,,,,,,,,,,,Audit pre-op anaemia optimisation,,,,,,,,,,
570,orthopaedic,Orthopaedics – Theatre,,Utilisation of theatre time,Local utilisation target,Late starts and early finishes,Start-time agreements,published or reported,https://openorthopaedicsjournal.com/VOLUME/4/PAGE/188/FULLTEXT/,,,,,,,,,,,,,,Audit turnaround between cases,,,,,,,,,,
571,orthopaedic,Orthopaedics – Theatre,,Cancellations of trauma patients,Local standard,Cancellations from list overruns and fasting,Planned trauma list order,published or reported,https://openorthopaedicsjournal.com/VOLUME/4/PAGE/188/FULLTEXT/,,,,,,,,,,,,,,Audit fasting times of cancelled patients,,,,,,,,,,
572,orthopaedic,Orthopaedics – Theatre,,Accuracy of theatre clocks,Correct time for records,"Clocks disagree by minutes, skewing tourniquet and anaesthetic records",Synchronised clocks,published or reported,https://openorthopaedicsjournal.com/VOLUME/4/PAGE/188/FULLTEXT/,,,,,,,,,,,,,,Audit tourniquet times recorded,,,,,,,,,,
573,orthopaedic,Orthopaedics – Arthroplasty,,Length of stay after knee replacement,Enhanced recovery targets,Stay longer than peers,Enhanced recovery pathway,published or reported,https://openorthopaedicsjournal.com/VOLUME/4/PAGE/188/FULLTEXT/,,,,,,,,,,,,,,Audit day-one mobilisation,,,,,,,,,,
574,orthopaedic,Orthopaedics – Training,,Foundation doctors' skills and experience in orthopaedics,Curriculum expectations,Little procedural experience,Structured induction,published or reported,https://openorthopaedicsjournal.com/VOLUME/4/PAGE/188/FULLTEXT/,,,,,,,,,,,,,,Audit supervision on nights,,,,,,,,,,
575,orthopaedic,Orthopaedics – Governance,,Audit of orthopaedic audits: are we closing the loop,Audit cycle standard,"Under a third ever re-audited, a fifth abandoned",Audit register with re-audit dates,published or reported,https://openorthopaedicsjournal.com/VOLUME/4/PAGE/188/FULLTEXT/,,,,,,,,,,,,,,Audit of rotating-trainee handover of projects,,,,,,,,,,
576,orthopaedic,Orthopaedics – Governance,,Auditing orthopaedic audit over a decade,Audit cycle standard,"Only a fifth closed the loop, over a quarter had no standard",Require a standard at registration,published or reported,https://publishing.rcseng.ac.uk/doi/10.1308/003588408X318147,,UK,True,,,,,,,,,,,Audit impact of registration requirement,Guryel E; Acton K; Patel S,Annals of the Royal College of Surgeons of England,2008,10.1308/003588408x318147,18828963,PMC2727811,not reported,False,"Guryel E, Acton K, Patel S. Auditing orthopaedic audit. Ann R Coll Surg Engl. 2008;90(8):675-678. doi:10.1308/003588408x318147. PMID: 18828963.",
577,orthopaedic,Orthopaedics – Arthroplasty,,Joint registry data quality validation,Registry completeness,Missing and mismatched entries,Formal data quality programme,published or reported,https://boneandjoint.org.uk/Article/10.1302/2633-1462.39.BJO-2022-0051.R1/pdf,,,,,,,,,,,,,,Local reconciliation of theatre records with registry,,,,,,,,,,
578,orthopaedic,Orthopaedics – Paediatrics,Supracondylar fracture nerve and vessel documentation,Nerve and vessel documentation in children's supracondylar fractures (Cornwall),BOA supracondylar standard,Under half compliant,Proforma and teaching,published or reported,https://www.ncbi.nlm.nih.gov/pmc/articles/PMC12414540/,"Royal Cornwall Hospital, district general hospital",UK,False,Jan–Sep 2022,24,45.8% compliant (11/24),Staff education and a standardised neurovascular assessment proforma,Oct 2022–Jun 2023,34,"76.5% compliant (26/34), p=0.017",True,form or template,"Pre-op neurovascular compromise in 12.5% then 14.7%, all resolved after surgery",Audit post-reduction documentation,Mohamed A; Fuad U; Shrestha S; Elasad A,Cureus,2025,10.7759/cureus.89644,40922850,PMC12414540,cc by,True,Mohamed A et al. Cureus 2025;17(8):e89644,
579,orthopaedic,Orthopaedics – Paediatrics,,Supracondylar documentation across a large London trust,BOA supracondylar standard,Anterior interosseous nerve almost never documented,Proforma,published or reported,https://www.ncbi.nlm.nih.gov/pmc/articles/PMC12699280/,,Ireland,True,,,,,,,,,,,Audit ED versus orthopaedic documentation,Umer MR; Rasul S; Abouelsadat MK; Shehata Abdelmesih S; Mohammed T; Ibrahim AS; Elfatih Elbadri M; Sahnon ASA; Melkumian M; Rehman L,Cureus,2025,10.7759/cureus.96635,41393646,PMC12699280,cc by,True,"Umer MR, Rasul S, Abouelsadat MK, Shehata Abdelmesih S, Mohammed T, Ibrahim AS, et al.. A Quality Improvement Initiative of Standard 1 of the British Orthopaedic Association Standards for Trauma (BOAST) for Management of Supracondylar Fractures in Children. Cureus. 2025;17(11):e96635. doi:10.7759/cureus.96635. PMID: 41393646.",
580,orthopaedic,Orthopaedics – Paediatrics,,Supracondylar documentation in a trauma unit (East Kent),BOA supracondylar standard,Incomplete documentation,Proforma and MDT teaching,published or reported,https://www.ncbi.nlm.nih.gov/pmc/articles/PMC9745387/,,not reported,False,,,,,,,,,,,Audit follow-up length,Sibanda V; Raad M; Legg PI; Chipperfield A; Oliver MC,Cureus,2022,10.7759/cureus.31431,36523668,PMC9745387,cc by,True,"Sibanda V, Raad M, Legg PI, Chipperfield A, Oliver MC. Quality of Documentation in Paediatric Supracondylar Fractures: A Quality Improvement Project. Cureus. 2022;14(11):e31431. doi:10.7759/cureus.31431. PMID: 36523668.",
581,orthopaedic,Orthopaedics – Paediatrics,,Electronic clerking proforma for supracondylar fractures,BOA supracondylar standard,Anterior interosseous nerve documented in a tenth,Electronic proforma,published or reported,https://www.imrpress.com/journal/BJHM/82/12/10.12968/hmed.2021.0280,,UK,True,,,,,,,,,,,Audit proforma use rate,Jones NJ; Clough O; Gaukroger A; Patnaik S,"British journal of hospital medicine (London, England : 2005)",2021,10.12968/hmed.2021.0280,34983234,,not reported,False,"Jones NJ, Clough O, Gaukroger A, Patnaik S. Supracondylar fractures of the humerus in children: is departmental documentation hitting national standards?. Br J Hosp Med (Lond). 2021;82(12):1-8. doi:10.12968/hmed.2021.0280. PMID: 34983234.",
582,orthopaedic,Orthopaedics – Paediatrics,,"Multicentre supracondylar documentation, eight hospitals",BOA supracondylar standard,Poor across all sites,Quality improvement pilot,published or reported,https://boneandjoint.org.uk/Article/10.1302/0301-620X.100B3.BJJ-2017-0780.R2,,UK,True,,,,,,,,,,,National proforma adoption,Goodall R; Claireaux H; Hill J; Wilson E; Monsell F; Boast Collaborative; Tarassoli P,The bone & joint journal,2018,10.1302/0301-620x.100b3.bjj-2017-0780.r2,29589502,,not reported,False,"Goodall R, Claireaux H, Hill J, Wilson E, Monsell F, Boast Collaborative, et al.. Comparison between a multicentre, collaborative, closed-loop audit assessing management of supracondylar fractures and the British Orthopaedic Association Standard for Trauma 11 (BOAST 11) guidelines. Bone Joint J. 2018;100-B(3):346-351. doi:10.1302/0301-620x.100b3.bjj-2017-0780.r2. PMID: 29589502.",
583,orthopaedic,Orthopaedics – Paediatrics,Supracondylar fracture nerve and vessel documentation,Simple proforma for supracondylar neurovascular status,BOA supracondylar standard,Incomplete,Proforma,published or reported,https://www.citedrive.com/en/discovery/91-introduction-of-a-simple-proforma-improves-documentation-of-neuro-vascular-status-in-paediatric-supracondylar-humerus-fractures-closing-loop-audit,UK hospital (BJS abstract),UK,,not stated,30,Detailed documentation under 40%,Simple documentation proforma in admission clerking,not stated,31,Detailed documentation 70%,True,form or template,,Audit sustained use at a year,,,,,,,,,"El-Gendy M et al. Br J Surg 2023, abstract 91",
584,orthopaedic,Orthopaedics – Hand,,Unnecessary x-ray at cast removal in wrist fractures,BOA distal radius standard,Most get a routine film without indication,Teaching at morbidity meeting,published or reported,https://www.ncbi.nlm.nih.gov/pmc/articles/PMC9705069/,,not reported,False,,,,,,,,,,,Audit virtual discharge of these fractures,Kazzam ME; Clowes R; Wilson C; Walker L,Cureus,2022,10.7759/cureus.31929,36457816,PMC9705069,cc by,True,"Kazzam ME, Clowes R, Wilson C, Walker L. Reducing Exposure to X-Ray in Patients With Conservatively Managed Distal Radius Fractures: A Closed-Loop Pilot Audit. Cureus. 2022;14(11):e31929. doi:10.7759/cureus.31929. PMID: 36457816.",
585,orthopaedic,Orthopaedics – Hand,,Time to fixation of wrist fractures,"NICE and BOA, 72 hours intra-articular, 7 days extra-articular",A third to a half compliant,Hand consultant and dedicated trauma list,published or reported,https://www.ncbi.nlm.nih.gov/pmc/articles/PMC12741471/,,UK,True,,,,,,,,,,,Audit booking-to-surgery pathway,Monzur R; Imtiaz H; Youssef H; Mandishona T; Agarwal S; Afzal I; Kouklidis G; Barot K; Wong K; Chojnowski A,Cureus,2025,10.7759/cureus.100097,41458349,PMC12741471,cc by,True,"Monzur R, Imtiaz H, Youssef H, Mandishona T, Agarwal S, Afzal I, et al.. Timely Fixation of Distal Radius Fractures: Improving Compliance With National Institute for Health and Care Excellence (NICE) and British Orthopaedic Association Standards for Trauma (BOAST) Guidelines. Cureus. 2025;17(12):e100097. doi:10.7759/cureus.100097. PMID: 41458349.",
586,orthopaedic,Orthopaedics – Hand,,Wrist fracture time to surgery over three cycles,BOA distal radius standard,Improves when elective work moves out and hand list added,Weekly hand trauma list,published or reported,https://www.citedrive.com/en/discovery/998-distal-radius-fractures-assessing-time-to-surgery,,,,,,,,,,,,,,Audit outcomes versus timing,,,,,,,,,,
587,orthopaedic,Orthopaedics – Hand,,Review process for wrist fractures,Local guidance,Inconsistent review,Guideline dissemination,published or reported,https://www.uhbw.nhs.uk/assets/1/23-639_uhbw_ca_annual_report_2021-22.pdf,,,,,,,,,,,,,,Audit manipulation under regional anaesthesia,,,,,,,,,,
588,orthopaedic,Orthopaedics – Hip fracture,,Review within 6 and 12 hours after hip fracture surgery,Local post-op review standard,Night reviews missed,"Proforma at induction, formal overnight handover",published or reported,https://www.uhbw.nhs.uk/assets/1/23-639_uhbw_ca_annual_report_2021-22.pdf,,,,,,,,,,,,,,Audit early warning escalations after surgery,,,,,,,,,,
589,orthopaedic,Orthopaedics – Hip fracture,,Management of post-operative delirium,Delirium guidance,Full compliance at one site,Maintain,published or reported,https://www.uhbw.nhs.uk/assets/1/23-639_uhbw_ca_annual_report_2021-22.pdf,,,,,,,,,,,,,,Audit delirium screening on admission,,,,,,,,,,
590,orthopaedic,Orthopaedics – Hip fracture,,Clot prevention for a month after hip fracture surgery,NICE VTE guidance,About three quarters offered extended prophylaxis,Junior doctor induction,published or reported,https://www.uhbw.nhs.uk/assets/1/23-639_uhbw_ca_annual_report_2021-22.pdf,,,,,,,,,,,,,,Audit prescription on discharge letters,,,,,,,,,,
591,orthopaedic,Orthopaedics – Paediatrics,,Paediatric orthopaedic clinical information proforma re-audit,Local proforma standard,Improved after revised proforma,Revised proforma,published or reported,https://www.uhbw.nhs.uk/assets/1/23-639_uhbw_ca_annual_report_2021-22.pdf,,,,,,,,,,,,,,Audit completion by grade,,,,,,,,,,
592,orthopaedic,Orthopaedics – Paediatrics,,Neurovascular observation chart quality in children,Local standard,"Hard to complete, poor handover",Redesigned chart,published or reported,https://www.uhbw.nhs.uk/assets/1/23-639_uhbw_ca_annual_report_2021-22.pdf,,,,,,,,,,,,,,Audit escalation from abnormal obs,,,,,,,,,,
593,orthopaedic,Orthopaedics – Paediatrics,,Tertiary survey in paediatric major trauma,Major trauma standards,Tertiary survey inconsistently documented,"Grand round teaching, document in trauma areas",published or reported,https://www.uhbw.nhs.uk/assets/1/23-639_uhbw_ca_annual_report_2021-22.pdf,,,,,,,,,,,,,,Audit missed injuries found late,,,,,,,,,,
594,orthopaedic,Orthopaedics – Hip fracture,,Nerve blocks for hip fracture patients,NICE hip fracture guidance,Blocks not universal,Block pathway in ED,published or reported,https://www.uhbw.nhs.uk/assets/1/23-639_uhbw_ca_annual_report_2021-22.pdf,,,,,,,,,,,,,,Audit time to block from arrival,,,,,,,,,,
595,orthopaedic,Orthopaedics – Paediatrics,,Introduction of electronic operation notes in paediatric orthopaedics,National guidance,Paper notes incomplete,Electronic notes,published or reported,https://www.uhbw.nhs.uk/assets/1/23-639_uhbw_ca_annual_report_2021-22.pdf,,,,,,,,,,,,,,Audit completeness after switch,,,,,,,,,,
596,orthopaedic,Orthopaedics – Governance,,Accurate clinical coding in children's trauma and orthopaedics,Coding standards,Coding errors affect income and data,Coder-clinician review,published or reported,https://www.uhbw.nhs.uk/assets/1/23-639_uhbw_ca_annual_report_2021-22.pdf,,,,,,,,,,,,,,Audit coding of complications,,,,,,,,,,
597,orthopaedic,Orthopaedics – Paediatrics,,Discharge medications and supplies for children in frames,Local standard,Supplies inconsistent,Standard discharge guideline,published or reported,https://www.uhbw.nhs.uk/assets/1/23-639_uhbw_ca_annual_report_2021-22.pdf,,,,,,,,,,,,,,Audit pin-site infection readmissions,,,,,,,,,,
598,orthopaedic,Orthopaedics – Spine,,Scoliosis pathway including weekend consultant review,Local pathway,Gaps identified through risk process,Pathway redesign,published or reported,https://www.uhbw.nhs.uk/assets/1/23-639_uhbw_ca_annual_report_2021-22.pdf,,,,,,,,,,,,,,Audit post-op complications by day of week,,,,,,,,,,
599,orthopaedic,Orthopaedics – Foot and ankle,,Clot risk documentation in lower limb immobilisation in ED,NICE VTE guidance,Leaflet provision undocumented,Electronic prompt,published or reported,https://www.uhbw.nhs.uk/assets/1/23-639_uhbw_ca_annual_report_2021-22.pdf,,,,,,,,,,,,,,Audit prophylaxis started,,,,,,,,,,
600,orthopaedic,Orthopaedics – Ward care,,Lying and standing blood pressure in older fallers in ED,NICE falls guidance,Rarely measured,Posters and pocket cards,published or reported,https://www.uhbw.nhs.uk/assets/1/23-639_uhbw_ca_annual_report_2021-22.pdf,,,,,,,,,,,,,,Audit on the orthopaedic ward,,,,,,,,,,
601,orthopaedic,Orthopaedics – Spine,,Lumbar spine radiograph requesting,Imaging referral guidance,Many films without indication,Referral guidance,published or reported,https://www.uhbw.nhs.uk/assets/1/23-639_uhbw_ca_annual_report_2021-22.pdf,,,,,,,,,,,,,,Audit MRI requests for back pain,,,,,,,,,,
602,orthopaedic,Orthopaedics – Spine,,Whole spine MRI requesting,Imaging guidance,Whole spine requested where targeted would do,Protocol change,published or reported,https://www.uhbw.nhs.uk/assets/1/23-639_uhbw_ca_annual_report_2021-22.pdf,,,,,,,,,,,,,,Audit scan times saved,,,,,,,,,,
603,orthopaedic,Orthopaedics – Training,,Orthopaedic trainee teaching in theatre,Supervision standards,Teaching in under a third of cases,Logbook audit system,published or reported,https://pmc.ncbi.nlm.nih.gov/articles/PMC2503163/,,UK,True,,,,,,,,,,,Audit trainee cases lost to independent sector,Cool P; Morgan-Jones RL; Oliver CW; Richardson JB,Annals of the Royal College of Surgeons of England,1999,,10364954,PMC2503163,not reported,False,"Cool P, Morgan-Jones RL, Oliver CW, Richardson JB. The audit of orthopaedic trainee teaching improves supervision rates. Ann R Coll Surg Engl. 1999;81(3):195-197. PMID: 10364954.",
604,orthopaedic,Orthopaedics – Documentation,,Surgical handover closed loop,Handover guidance,Incomplete handover,Structured handover tool,published or reported,https://cn.aminer.org/pub/65793df1939a5f408217d4f4/getting-the-surgical-handover-right-a-closed-loop-audit,,,,,,,,,,,,,,Audit tasks missed overnight,,,,,,,,,,
605,orthopaedic,Orthopaedics – Hip fracture,,Time to theatre within 36 hours,"NICE hip fracture guidance, best practice tariff",Most delays are list capacity and weekend,Ring-fenced morning hip list,"recurring topic, not individually linked",,,,,,,,,,,,,,,Audit why the remaining fifth wait,,,,,,,,,,
606,orthopaedic,Orthopaedics – Hip fracture,,Delay for anticoagulants and blood thinners,Anaesthetic and haematology guidance,Clopidogrel and DOACs delay surgery unnecessarily,Local anticoagulant protocol,"recurring topic, not individually linked",,,,,,,,,,,,,,,Audit bleeding in those operated early,,,,,,,,,,
607,orthopaedic,Orthopaedics – Hip fracture,,Delay for echocardiogram in murmur patients,"Anaesthetic guidance, do not delay for echo",Echo requests delay a day or more,Point-of-care echo or proceed with precautions,"recurring topic, not individually linked",,,,,,,,,,,,,,,Audit outcomes in patients operated without echo,,,,,,,,,,
608,orthopaedic,Orthopaedics – Hip fracture,,Orthogeriatric review within 72 hours,NICE and best practice tariff,Weekend admissions miss review,Weekend orthogeriatric cover,"recurring topic, not individually linked",,,,,,,,,,,,,,,Audit review within 24 hours,,,,,,,,,,
609,orthopaedic,Orthopaedics – Hip fracture,,Pre-operative delirium screening,NICE delirium guidance,4AT not done on admission,Screening in admission proforma,"recurring topic, not individually linked",,,,,,,,,,,,,,,Audit post-op delirium rates,,,,,,,,,,
610,orthopaedic,Orthopaedics – Hip fracture,,Time in ED before ward admission,Four-hour standard,Most breach,Direct admission pathway,"recurring topic, not individually linked",,,,,,,,,,,,,,,Audit pressure damage acquired in ED,,,,,,,,,,
611,orthopaedic,Orthopaedics – Hip fracture,,Pressure ulcer prevention,NICE pressure ulcer guidance,New heel ulcers during admission,Heel offloading on admission,"recurring topic, not individually linked",,,,,,,,,,,,,,,Audit ulcers by length of ED stay,,,,,,,,,,
612,orthopaedic,Orthopaedics – Hip fracture,,Total hip replacement for eligible intracapsular fractures,NICE hip fracture guidance,Eligible patients get hemiarthroplasty,Consultant-level decision and criteria checklist,"recurring topic, not individually linked",,,,,,,,,,,,,,,Audit dislocation after trauma replacements,,,,,,,,,,
613,orthopaedic,Orthopaedics – Hip fracture,,Sliding hip screw versus nail for stable trochanteric fractures,NICE hip fracture guidance,Nails used where screws are recommended,Departmental standard,"recurring topic, not individually linked",,,,,,,,,,,,,,,Audit cost difference,,,,,,,,,,
614,orthopaedic,Orthopaedics – Hip fracture,,Cement safety checklist during hemiarthroplasty,Anaesthetic association cementing safety guidance,Roles and communication not documented,Cement pause in checklist,"recurring topic, not individually linked",,,,,,,,,,,,,,,Audit cement reaction events,,,,,,,,,,
615,orthopaedic,Orthopaedics – Hip fracture,,Bone health assessment and treatment,NICE osteoporosis and hip fracture guidance,Treatment not started or not communicated to GP,Fracture liaison referral,"recurring topic, not individually linked",,,,,,,,,,,,,,,Audit adherence at one year,,,,,,,,,,
616,orthopaedic,Orthopaedics – Hip fracture,,Falls assessment before discharge,NICE falls guidance,Multifactorial assessment incomplete,Falls proforma,"recurring topic, not individually linked",,,,,,,,,,,,,,,Audit repeat falls at a year,,,,,,,,,,
617,orthopaedic,Orthopaedics – Hip fracture,,Nutritional assessment and supplements,NICE nutrition guidance,"Weights not recorded, supplements not given",Dietitian screening,"recurring topic, not individually linked",,,,,,,,,,,,,,,Audit weight loss by discharge,,,,,,,,,,
618,orthopaedic,Orthopaedics – Hip fracture,,Blood transfusion thresholds,National transfusion guidance,Transfusions above threshold,Threshold prompt,"recurring topic, not individually linked",,,,,,,,,,,,,,,Audit pre-op iron,,,,,,,,,,
619,orthopaedic,Orthopaedics – Hip fracture,,Pre-operative sodium and fluid status,Local fluid guidance,Hyponatraemia unaddressed,Fluid protocol,"recurring topic, not individually linked",,,,,,,,,,,,,,,Audit sodium-related delays,,,,,,,,,,
620,orthopaedic,Orthopaedics – Hip fracture,,Urinary catheter use and removal,Infection prevention guidance,Catheters left in too long,Catheter removal date on insertion,"recurring topic, not individually linked",,,,,,,,,,,,,,,Audit urinary infections,,,,,,,,,,
621,orthopaedic,Orthopaedics – Hip fracture,,Constipation prevention with opioids,Local analgesia guidance,Laxatives not co-prescribed,Opioid order set with laxatives,"recurring topic, not individually linked",,,,,,,,,,,,,,,Audit bowels-open chart completion,,,,,,,,,,
622,orthopaedic,Orthopaedics – Hip fracture,,Pain scores before and after surgery,Local pain standard,Pain not scored in cognitively impaired,Behavioural pain scale,"recurring topic, not individually linked",,,,,,,,,,,,,,,Audit analgesia in dementia patients,,,,,,,,,,
623,orthopaedic,Orthopaedics – Hip fracture,,Treatment escalation plans and resuscitation decisions,National guidance on advance decisions,Decisions not documented before surgery,Admission proforma prompt,"recurring topic, not individually linked",,,,,,,,,,,,,,,Audit decisions discussed with families,,,,,,,,,,
624,orthopaedic,Orthopaedics – Hip fracture,,Capacity assessment before consent,Mental Capacity Act,Capacity assumed or not recorded,Capacity prompt,"recurring topic, not individually linked",,,,,,,,,,,,,,,Audit use of consent form four,,,,,,,,,,
625,orthopaedic,Orthopaedics – Hip fracture,,Correct consent form for patients lacking capacity,Mental Capacity Act,Form one used for patients without capacity,Teaching,"recurring topic, not individually linked",,,,,,,,,,,,,,,Audit best-interests documentation,,,,,,,,,,
626,orthopaedic,Orthopaedics – Hip fracture,,Thirty-day mortality review,National hip fracture database,Deaths not reviewed systematically,Structured mortality review,"recurring topic, not individually linked",,,,,,,,,,,,,,,Audit themes across deaths,,,,,,,,,,
627,orthopaedic,Orthopaedics – Hip fracture,,Return to original residence at 120 days,National hip fracture database,Lower than peers,Early supported discharge,"recurring topic, not individually linked",,,,,,,,,,,,,,,Audit discharge destination changes,,,,,,,,,,
628,orthopaedic,Orthopaedics – Hip fracture,,Reoperation within a year,National database benchmarks,Fixation failures in unstable patterns,Implant choice review,"recurring topic, not individually linked",,,,,,,,,,,,,,,Audit tip-apex distance,,,,,,,,,,
629,orthopaedic,Orthopaedics – Hip fracture,,Tip-apex distance in hip screw fixation,Evidence on cut-out,Some screws above safe distance,Intra-op imaging check,"recurring topic, not individually linked",,,,,,,,,,,,,,,Audit cut-out rates,,,,,,,,,,
630,orthopaedic,Orthopaedics – Hip fracture,,Periprosthetic fracture management and timing,BOA periprosthetic guidance,Transfers and delays,Network pathway,"recurring topic, not individually linked",,,,,,,,,,,,,,,Audit time to specialist surgery,,,,,,,,,,
631,orthopaedic,Orthopaedics – Hip fracture,,Atypical femoral fracture recognition in bisphosphonate users,National guidance,Features missed on imaging,Radiology prompt,"recurring topic, not individually linked",,,,,,,,,,,,,,,Audit contralateral imaging,,,,,,,,,,
632,orthopaedic,Orthopaedics – Hip fracture,,Acute kidney injury after hip fracture,NICE kidney injury guidance,Nephrotoxic drugs continued,Medicines review on admission,"recurring topic, not individually linked",,,,,,,,,,,,,,,Audit fluids in the first 24 hours,,,,,,,,,,
633,orthopaedic,Orthopaedics – Hip fracture,,Chest x-ray on admission necessity,Imaging guidance,Routine films rarely change management,Indication-only policy,"recurring topic, not individually linked",,,,,,,,,,,,,,,Audit cost saved,,,,,,,,,,
634,orthopaedic,Orthopaedics – Hip fracture,,Pre-operative bloods and group and save timing,Local standard,Missing group and save delays theatre,ED bundle includes crossmatch,"recurring topic, not individually linked",,,,,,,,,,,,,,,Audit theatre delays for labs,,,,,,,,,,
635,orthopaedic,Orthopaedics – Hip fracture,,Discharge letters to GP including bone and falls plans,Local discharge standard,Bone treatment not mentioned,Template section,"recurring topic, not individually linked",,,,,,,,,,,,,,,Audit GP continuation,,,,,,,,,,
636,orthopaedic,Orthopaedics – Hip fracture,,Eye and hearing aids during admission,Delirium prevention guidance,Aids not brought or lost,Admission checklist,"recurring topic, not individually linked",,,,,,,,,,,,,,,Audit delirium in those without aids,,,,,,,,,,
637,orthopaedic,Orthopaedics – Hip fracture,,Hip precautions and their necessity,Evidence on precautions,Precautions applied inconsistently,Precaution-free protocol,"recurring topic, not individually linked",,,,,,,,,,,,,,,Audit dislocation without precautions,,,,,,,,,,
638,orthopaedic,Orthopaedics – Hip fracture,,Occupational therapy assessment before discharge,Local standard,Assessments delayed,Earlier referral,"recurring topic, not individually linked",,,,,,,,,,,,,,,Audit length of stay impact,,,,,,,,,,
639,orthopaedic,Orthopaedics – Hip fracture,,Swallow assessment and aspiration pneumonia,Stroke and elderly care guidance,Swallow not assessed in drowsy patients,Nurse swallow screen,"recurring topic, not individually linked",,,,,,,,,,,,,,,Audit pneumonia rates,,,,,,,,,,
640,orthopaedic,Orthopaedics – Hip fracture,,Weekend and out-of-hours operating outcomes,National database,"Outcomes similar, delays longer",Weekend lists,"recurring topic, not individually linked",,,,,,,,,,,,,,,Audit consultant presence out of hours,,,,,,,,,,
641,orthopaedic,Orthopaedics – Hip fracture,,Laterality marking and consent side accuracy,Local invasive procedure standards,Marks missing on arrival to theatre,Ward marking protocol,"recurring topic, not individually linked",,,,,,,,,,,,,,,Audit near misses,,,,,,,,,,
642,orthopaedic,Orthopaedics – Hip fracture,,Oxygen prescription in older trauma patients,Oxygen prescribing guidance,Oxygen given without prescription,Prescription prompt,"recurring topic, not individually linked",,,,,,,,,,,,,,,Audit target saturations recorded,,,,,,,,,,
643,orthopaedic,Orthopaedics – Hip fracture,,Hypothermia on arrival to theatre,Perioperative hypothermia guidance,Patients arrive cold,Warming from ED,"recurring topic, not individually linked",,,,,,,,,,,,,,,Audit infection and bleeding by temperature,,,,,,,,,,
644,orthopaedic,Orthopaedics – Hip fracture,,Blood glucose monitoring in diabetic hip fractures,Perioperative diabetes guidance,Variable monitoring,Diabetes pathway,"recurring topic, not individually linked",,,,,,,,,,,,,,,Audit sliding scale use,,,,,,,,,,
645,orthopaedic,Orthopaedics – Hip fracture,,Anaesthetic type and documented reasoning,NICE hip fracture guidance,Choice undocumented,Anaesthetic proforma,"recurring topic, not individually linked",,,,,,,,,,,,,,,Audit delirium by anaesthetic type,,,,,,,,,,
646,orthopaedic,Orthopaedics – Hip fracture,,Sedation during spinal anaesthesia,Anaesthetic guidance,Heavy sedation common,Minimal sedation standard,"recurring topic, not individually linked",,,,,,,,,,,,,,,Audit post-op delirium,,,,,,,,,,
647,orthopaedic,Orthopaedics – Hip fracture,,Fixation versus replacement for displaced intracapsular fractures,NICE hip fracture guidance,Fixation in older patients with displacement,Consultant review,"recurring topic, not individually linked",,,,,,,,,,,,,,,Audit failure of fixation,,,,,,,,,,
648,orthopaedic,Orthopaedics – Hip fracture,,Readmission within 30 days,National benchmarks,Chest and urinary infections dominate,Discharge checks,"recurring topic, not individually linked",,,,,,,,,,,,,,,Audit community follow-up,,,,,,,,,,
649,orthopaedic,Orthopaedics – Hip fracture,,Patient and family communication,Patient experience standards,Families unaware of plans,Named contact,"recurring topic, not individually linked",,,,,,,,,,,,,,,Audit complaints themes,,,,,,,,,,
650,orthopaedic,Orthopaedics – Hip fracture,,End-of-life care in non-operative hip fractures,Palliative care guidance,Non-operative patients poorly managed,Palliative pathway,"recurring topic, not individually linked",,,,,,,,,,,,,,,Audit symptom control,,,,,,,,,,
651,orthopaedic,Orthopaedics – Hip fracture,,Hip fracture in care home residents,National database,Delays to discharge back,Liaison with homes,"recurring topic, not individually linked",,,,,,,,,,,,,,,Audit length of stay,,,,,,,,,,
652,orthopaedic,Orthopaedics – Trauma,,Open fracture antibiotics within an hour,BOA open fracture standard,Antibiotics delayed in ED,Antibiotics in trauma bundle,"recurring topic, not individually linked",,,,,,,,,,,,,,,Audit time to debridement,,,,,,,,,,
653,orthopaedic,Orthopaedics – Trauma,,Open fracture debridement timing,BOA open fracture standard,Debridement after target in lower-energy injuries,Orthoplastic pathway,"recurring topic, not individually linked",,,,,,,,,,,,,,,Audit infection rates,,,,,,,,,,
654,orthopaedic,Orthopaedics – Trauma,,Photograph of open wound before dressing,BOA open fracture standard,"No photograph, repeated dressing removal",Photo protocol,"recurring topic, not individually linked",,,,,,,,,,,,,,,Audit dressing changes before theatre,,,,,,,,,,
655,orthopaedic,Orthopaedics – Trauma,,Joint orthoplastic management of open tibial fractures,BOA open fracture standard,Plastic surgery input late,Joint lists,"recurring topic, not individually linked",,,,,,,,,,,,,,,Audit time to soft tissue cover,,,,,,,,,,
656,orthopaedic,Orthopaedics – Trauma,,Compartment syndrome recognition and documentation,BOA compartment syndrome standard,Pain escalation not documented,Monitoring chart,"recurring topic, not individually linked",,,,,,,,,,,,,,,Audit time from suspicion to fasciotomy,,,,,,,,,,
657,orthopaedic,Orthopaedics – Trauma,,Compartment pressure monitoring use,BOA compartment syndrome standard,Monitoring inconsistent in high-risk tibial fractures,Guideline,"recurring topic, not individually linked",,,,,,,,,,,,,,,Audit fasciotomy outcomes,,,,,,,,,,
658,orthopaedic,Orthopaedics – Trauma,,Pelvic binder application,Major trauma standards,Binder placed too high,Placement teaching,"recurring topic, not individually linked",,,,,,,,,,,,,,,Audit binder removal timing,,,,,,,,,,
659,orthopaedic,Orthopaedics – Trauma,,Tertiary survey in adult major trauma,Major trauma standards,Missed within 24 hours,Proforma,"recurring topic, not individually linked",,,,,,,,,,,,,,,Audit late-found injuries,,,,,,,,,,
660,orthopaedic,Orthopaedics – Trauma,,Spinal immobilisation removal times,National spinal assessment guidance,Collars left on too long,Clearance protocol,"recurring topic, not individually linked",,,,,,,,,,,,,,,Audit pressure damage from collars,,,,,,,,,,
661,orthopaedic,Orthopaedics – Trauma,,Clavicle fracture follow-up,Evidence for minimal follow-up,Routine clinic and repeat x-rays,Virtual discharge,"recurring topic, not individually linked",,,,,,,,,,,,,,,Audit non-union returns,,,,,,,,,,
662,orthopaedic,Orthopaedics – Trauma,,Ankle fracture stability assessment,Ankle fracture guidance,Weight-bearing views underused,Stress or weight-bearing film protocol,"recurring topic, not individually linked",,,,,,,,,,,,,,,Audit unnecessary fixation,,,,,,,,,,
663,orthopaedic,Orthopaedics – Trauma,,Ankle fracture time to surgery and swelling delays,Local standard,Delays from swelling and list access,Elevation and ambulatory pathway,"recurring topic, not individually linked",,,,,,,,,,,,,,,Audit wound complications,,,,,,,,,,
664,orthopaedic,Orthopaedics – Trauma,,Ambulatory trauma pathway for ankle fractures,Local service standard,Inpatients waiting at home would be safe,Ambulatory list,"recurring topic, not individually linked",,,,,,,,,,,,,,,Audit bed days saved,,,,,,,,,,
665,orthopaedic,Orthopaedics – Trauma,,Tibial plateau fracture CT use,Local imaging guidance,CT requested late,Early CT protocol,"recurring topic, not individually linked",,,,,,,,,,,,,,,Audit planning changes from CT,,,,,,,,,,
666,orthopaedic,Orthopaedics – Trauma,,Scaphoid fracture follow-up imaging,National scaphoid guidance,Repeat x-rays and missed fractures,Early MRI pathway,"recurring topic, not individually linked",,,,,,,,,,,,,,,Audit avascular necrosis,,,,,,,,,,
667,orthopaedic,Orthopaedics – Trauma,,Achilles tendon rupture functional rehabilitation,Evidence on non-operative care,Variable immobilisation protocols,Standard functional protocol,"recurring topic, not individually linked",,,,,,,,,,,,,,,Audit re-rupture rates,,,,,,,,,,
668,orthopaedic,Orthopaedics – Trauma,,Achilles rupture clot prevention,NICE VTE guidance,Prophylaxis inconsistent,Risk tool,"recurring topic, not individually linked",,,,,,,,,,,,,,,Audit clot rates,,,,,,,,,,
669,orthopaedic,Orthopaedics – Trauma,,Rib fracture management in older patients,National guidance,"Admitted under wrong specialty, analgesia poor",Rib fracture pathway,"recurring topic, not individually linked",,,,,,,,,,,,,,,Audit pneumonia rates,,,,,,,,,,
670,orthopaedic,Orthopaedics – Trauma,,Head injury admissions under orthopaedics,NICE head injury guidance,Neuro obs incomplete on orthopaedic wards,Specialty agreement,"recurring topic, not individually linked",,,,,,,,,,,,,,,Audit deterioration events,,,,,,,,,,
671,orthopaedic,Orthopaedics – Trauma,,Elbow dislocation follow-up,Local guidance,Stiffness from prolonged immobilisation,Early movement,"recurring topic, not individually linked",,,,,,,,,,,,,,,Audit range at follow-up,,,,,,,,,,
672,orthopaedic,Orthopaedics – Trauma,,Patella fracture fixation complications,Local outcome standard,Metalwork removal common,Implant choice review,"recurring topic, not individually linked",,,,,,,,,,,,,,,Audit removal rates,,,,,,,,,,
673,orthopaedic,Orthopaedics – Trauma,,Knee dislocation vascular assessment,BOA arterial injury standard,Ankle-brachial index not measured,Vascular protocol,"recurring topic, not individually linked",,,,,,,,,,,,,,,Audit time to vascular imaging,,,,,,,,,,
674,orthopaedic,Orthopaedics – Trauma,,Arterial injury recognition in extremity trauma,BOA arterial injury standard,Delays to revascularisation,Hard signs pathway,"recurring topic, not individually linked",,,,,,,,,,,,,,,Audit ischaemic times,,,,,,,,,,
675,orthopaedic,Orthopaedics – Trauma,,Necrotising fasciitis recognition,BOA soft tissue infection standard,Delay to theatre,Early senior review,"recurring topic, not individually linked",,,,,,,,,,,,,,,Audit time to debridement,,,,,,,,,,
676,orthopaedic,Orthopaedics – Trauma,,Native septic joint management,BOA soft tissue infection standard,Antibiotics before aspiration,Aspirate-first protocol,"recurring topic, not individually linked",,,,,,,,,,,,,,,Audit culture-positive rates,,,,,,,,,,
677,orthopaedic,Orthopaedics – Trauma,,Spinal cord injury referral to specialist centre,BOA spinal cord injury standard,Referral delays,Network pathway,"recurring topic, not individually linked",,,,,,,,,,,,,,,Audit time to transfer,,,,,,,,,,
678,orthopaedic,Orthopaedics – Trauma,,Metastatic bone disease assessment,BOA metastatic bone disease standard,Fixation without full staging,Oncology referral pathway,"recurring topic, not individually linked",,,,,,,,,,,,,,,Audit prophylactic fixation decisions,,,,,,,,,,
679,orthopaedic,Orthopaedics – Trauma,,First-time patellar dislocation management,BOA patellar dislocation standard,MRI and physio inconsistent,Standard pathway,"recurring topic, not individually linked",,,,,,,,,,,,,,,Audit recurrence,,,,,,,,,,
680,orthopaedic,Orthopaedics – Trauma,,Peri-prosthetic joint infection acute management,BOA acute PJI standard,Antibiotics before samples,Sampling protocol,"recurring topic, not individually linked",,,,,,,,,,,,,,,Audit implant retention success,,,,,,,,,,
681,orthopaedic,Orthopaedics – Trauma,,Trauma list utilisation and start times,Local standard,Late starts waiting for first patient,Night-before planning,"recurring topic, not individually linked",,,,,,,,,,,,,,,Audit cases cancelled on the day,,,,,,,,,,
682,orthopaedic,Orthopaedics – Trauma,,Trauma meeting handover quality,Local standard,Plans not documented,Structured trauma meeting,"recurring topic, not individually linked",,,,,,,,,,,,,,,Audit decisions carried out,,,,,,,,,,
683,orthopaedic,Orthopaedics – Trauma,,Fasting times for trauma patients,Anaesthetic fasting guidance,Patients fasted from midnight for afternoon surgery,Sip-til-send,"recurring topic, not individually linked",,,,,,,,,,,,,,,Audit fasting hours,,,,,,,,,,
684,orthopaedic,Orthopaedics – Trauma,,Plaster cast complications and returns,Local standard,Returns for tight or broken casts,Plaster teaching,"recurring topic, not individually linked",,,,,,,,,,,,,,,Audit skin complications,,,,,,,,,,
685,orthopaedic,Orthopaedics – Arthroplasty,,Pre-operative anaemia screening and treatment,Patient blood management guidance,Anaemia found but not treated before surgery,Anaemia clinic and IV iron,"recurring topic, not individually linked",,,,,,,,,,,,,,,Audit transfusion in optimised patients,,,,,,,,,,
686,orthopaedic,Orthopaedics – Arthroplasty,,Tranexamic acid use in joint replacement,NICE joint replacement guidance,Not given routinely,Order set,"recurring topic, not individually linked",,,,,,,,,,,,,,,Audit transfusion rates,,,,,,,,,,
687,orthopaedic,Orthopaedics – Arthroplasty,,Antibiotic prophylaxis timing before incision,Surgical infection guidance,Given too early or after tourniquet,Checklist timing prompt,"recurring topic, not individually linked",,,,,,,,,,,,,,,Audit infection rates,,,,,,,,,,
688,orthopaedic,Orthopaedics – Arthroplasty,,MRSA and MSSA screening before joint replacement,Infection prevention guidance,"Screening done, decolonisation missed",Decolonisation pathway,"recurring topic, not individually linked",,,,,,,,,,,,,,,Audit infections in carriers,,,,,,,,,,
689,orthopaedic,Orthopaedics – Arthroplasty,,Patient-reported outcome collection rates,National PROMs programme,Low return of forms,Digital collection,"recurring topic, not individually linked",,,,,,,,,,,,,,,Audit outcome by surgeon,,,,,,,,,,
690,orthopaedic,Orthopaedics – Arthroplasty,,Day-case hip and knee replacement selection,Getting It Right First Time,Eligible patients not offered day case,Selection criteria,"recurring topic, not individually linked",,,,,,,,,,,,,,,Audit same-day discharge failures,,,,,,,,,,
691,orthopaedic,Orthopaedics – Arthroplasty,,Length of stay after hip replacement,Enhanced recovery,Stay longer than peers,Enhanced recovery pathway,"recurring topic, not individually linked",,,,,,,,,,,,,,,Audit barriers to discharge,,,,,,,,,,
692,orthopaedic,Orthopaedics – Arthroplasty,,Cemented versus uncemented fixation in older patients,Registry evidence,Uncemented in older patients,Departmental policy,"recurring topic, not individually linked",,,,,,,,,,,,,,,Audit early periprosthetic fracture,,,,,,,,,,
693,orthopaedic,Orthopaedics – Arthroplasty,,Implant choice against registry benchmarks,Orthopaedic data evaluation panel ratings,Some implants below benchmark,Formulary,"recurring topic, not individually linked",,,,,,,,,,,,,,,Audit cost of formulary,,,,,,,,,,
694,orthopaedic,Orthopaedics – Arthroplasty,,Post-operative radiograph cup position,Safe zone evidence,Outliers in inclination,Intra-op checks,"recurring topic, not individually linked",,,,,,,,,,,,,,,Audit dislocation link,,,,,,,,,,
695,orthopaedic,Orthopaedics – Arthroplasty,,Leg length discrepancy after hip replacement,Local outcome standard,Discrepancy undocumented,Templating and intra-op check,"recurring topic, not individually linked",,,,,,,,,,,,,,,Audit complaints,,,,,,,,,,
696,orthopaedic,Orthopaedics – Arthroplasty,,Wound drains use,Evidence against routine drains,Drains still used,No-drain policy,"recurring topic, not individually linked",,,,,,,,,,,,,,,Audit wound ooze,,,,,,,,,,
697,orthopaedic,Orthopaedics – Arthroplasty,,Wound dressing and ooze management,Local wound guidance,Frequent dressing changes,Standard dressing,"recurring topic, not individually linked",,,,,,,,,,,,,,,Audit wound infection,,,,,,,,,,
698,orthopaedic,Orthopaedics – Arthroplasty,,Knee manipulation under anaesthetic rates,Local outcome standard,Stiffness,Physio pathway,"recurring topic, not individually linked",,,,,,,,,,,,,,,Audit timing of manipulation,,,,,,,,,,
699,orthopaedic,Orthopaedics – Arthroplasty,,Unexplained painful knee replacement investigation,National guidance,Investigations incomplete before revision,Revision network MDT,"recurring topic, not individually linked",,,,,,,,,,,,,,,Audit revision outcomes,,,,,,,,,,
700,orthopaedic,Orthopaedics – Arthroplasty,,Revision joint replacement network referrals,Revision network standards,Complex revisions done locally,Network MDT,"recurring topic, not individually linked",,,,,,,,,,,,,,,Audit MDT decisions implemented,,,,,,,,,,
701,orthopaedic,Orthopaedics – Arthroplasty,,Consent for joint replacement including risks,Consent guidance,Risks incomplete,Procedure-specific consent,"recurring topic, not individually linked",,,,,,,,,,,,,,,Audit patient recall,,,,,,,,,,
702,orthopaedic,Orthopaedics – Arthroplasty,,Pre-operative assessment cancellations,Local standard,Cancelled for unoptimised conditions,Earlier assessment,"recurring topic, not individually linked",,,,,,,,,,,,,,,Audit cancellation reasons,,,,,,,,,,
703,orthopaedic,Orthopaedics – Arthroplasty,,Hospital-acquired clot after replacement,NICE VTE guidance,Extended prophylaxis not prescribed,Discharge prompt,"recurring topic, not individually linked",,,,,,,,,,,,,,,Audit readmissions,,,,,,,,,,
704,orthopaedic,Orthopaedics – Arthroplasty,,Urinary retention after replacement,Local standard,Retention after spinal,Bladder scan protocol,"recurring topic, not individually linked",,,,,,,,,,,,,,,Audit catheter infections,,,,,,,,,,
705,orthopaedic,Orthopaedics – Arthroplasty,,Post-operative nausea and vomiting,Anaesthetic guidance,Delays mobilisation,Prophylaxis protocol,"recurring topic, not individually linked",,,,,,,,,,,,,,,Audit same-day mobilisation,,,,,,,,,,
706,orthopaedic,Orthopaedics – Arthroplasty,,Physiotherapy on day of surgery,Enhanced recovery,Not done for evening cases,Theatre ordering,"recurring topic, not individually linked",,,,,,,,,,,,,,,Audit length of stay,,,,,,,,,,
707,orthopaedic,Orthopaedics – Arthroplasty,,Follow-up after hip and knee replacement,Arthroplasty follow-up guidance,Unnecessary face-to-face reviews,Virtual follow-up,"recurring topic, not individually linked",,,,,,,,,,,,,,,Audit problems found virtually,,,,,,,,,,
708,orthopaedic,Orthopaedics – Arthroplasty,,Long-term surveillance of metal-on-metal hips,Regulator guidance,Patients lost to follow-up,Recall database,"recurring topic, not individually linked",,,,,,,,,,,,,,,Audit metal ion levels,,,,,,,,,,
709,orthopaedic,Orthopaedics – Arthroplasty,,Implant traceability and sticker records,Regulatory standard,Stickers missing from notes,Electronic implant record,"recurring topic, not individually linked",,,,,,,,,,,,,,,Audit recall readiness,,,,,,,,,,
710,orthopaedic,Orthopaedics – Arthroplasty,,Shoulder replacement outcomes,Registry benchmarks,Low-volume surgeons,Case concentration,"recurring topic, not individually linked",,,,,,,,,,,,,,,Audit revision rates,,,,,,,,,,
711,orthopaedic,Orthopaedics – Arthroplasty,,Unicompartmental knee replacement use,Registry evidence,Revision rate higher at low volume,Volume thresholds,"recurring topic, not individually linked",,,,,,,,,,,,,,,Audit indications,,,,,,,,,,
712,orthopaedic,Orthopaedics – Arthroplasty,,Patellar resurfacing policy,Registry evidence,Inconsistent policy,Departmental decision,"recurring topic, not individually linked",,,,,,,,,,,,,,,Audit anterior knee pain,,,,,,,,,,
713,orthopaedic,Orthopaedics – Arthroplasty,,Waiting list prioritisation and harm review,National waiting list guidance,Long waiters deteriorate,Harm review,"recurring topic, not individually linked",,,,,,,,,,,,,,,Audit prioritisation category accuracy,,,,,,,,,,
714,orthopaedic,Orthopaedics – Arthroplasty,,Referral criteria for hip and knee arthritis,NICE osteoarthritis guidance,Referred before conservative care,Referral template,"recurring topic, not individually linked",,,,,,,,,,,,,,,Audit conversion to surgery,,,,,,,,,,
715,orthopaedic,Orthopaedics – Arthroplasty,,Weight and BMI thresholds for surgery,Local commissioning,Thresholds applied inconsistently,Clear policy,"recurring topic, not individually linked",,,,,,,,,,,,,,,Audit outcomes in high BMI,,,,,,,,,,
716,orthopaedic,Orthopaedics – Arthroplasty,,Diabetes control before surgery,Perioperative diabetes guidance,HbA1c not checked,Pre-op screen,"recurring topic, not individually linked",,,,,,,,,,,,,,,Audit infection in poor control,,,,,,,,,,
717,orthopaedic,Orthopaedics – Arthroplasty,,Smoking cessation before surgery,Public health guidance,Not offered,Referral at listing,"recurring topic, not individually linked",,,,,,,,,,,,,,,Audit quit rates,,,,,,,,,,
718,orthopaedic,Orthopaedics – Arthroplasty,,Opioid prescribing on discharge,Opioid stewardship,Large quantities,Limited supply protocol,"recurring topic, not individually linked",,,,,,,,,,,,,,,Audit repeat prescriptions,,,,,,,,,,
719,orthopaedic,Orthopaedics – Arthroplasty,,Dental checks before joint replacement,Local guidance,Variable,Pre-op screen,"recurring topic, not individually linked",,,,,,,,,,,,,,,Audit infections from oral organisms,,,,,,,,,,
720,orthopaedic,Orthopaedics – Arthroplasty,,Hip dislocation reduction and readmission,Local standard,Repeated dislocations,Early revision decision,"recurring topic, not individually linked",,,,,,,,,,,,,,,Audit cup position in dislocators,,,,,,,,,,
721,orthopaedic,Orthopaedics – Arthroplasty,,Periprosthetic infection diagnostic workup,International consensus criteria,Incomplete workup,Standard workup,"recurring topic, not individually linked",,,,,,,,,,,,,,,Audit culture yield,,,,,,,,,,
722,orthopaedic,Orthopaedics – Arthroplasty,,Two-stage revision outcomes,Local outcome standard,Reinfection,Network MDT,"recurring topic, not individually linked",,,,,,,,,,,,,,,Audit time between stages,,,,,,,,,,
723,orthopaedic,Orthopaedics – Arthroplasty,,Theatre ventilation and laminar flow compliance,Infection prevention,Doors opened frequently,Door discipline,"recurring topic, not individually linked",,,,,,,,,,,,,,,Audit door openings per case,,,,,,,,,,
724,orthopaedic,Orthopaedics – Foot and ankle,,Bunion surgery outcomes,Patient-reported outcome standard,Recurrence and stiffness,Technique review,"recurring topic, not individually linked",,,,,,,,,,,,,,,Audit metalwork removal rates,,,,,,,,,,
725,orthopaedic,Orthopaedics – Foot and ankle,,Ankle fusion union rates,Local outcome standard,Smokers fail to fuse,Smoking cessation before surgery,"recurring topic, not individually linked",,,,,,,,,,,,,,,Audit time to union,,,,,,,,,,
726,orthopaedic,Orthopaedics – Foot and ankle,,Ankle replacement outcomes,Registry benchmarks,Revision rates vary,Case concentration,"recurring topic, not individually linked",,,,,,,,,,,,,,,Audit patient-reported outcome,,,,,,,,,,
727,orthopaedic,Orthopaedics – Foot and ankle,,Morton's neuroma injection versus excision,Evidence on stepwise care,Surgery before injection,Pathway,"recurring topic, not individually linked",,,,,,,,,,,,,,,Audit recurrence,,,,,,,,,,
728,orthopaedic,Orthopaedics – Foot and ankle,,Plantar fasciitis referral appropriateness,Primary care guidance,Referred before conservative care,Referral criteria,"recurring topic, not individually linked",,,,,,,,,,,,,,,Audit conversion to procedures,,,,,,,,,,
729,orthopaedic,Orthopaedics – Foot and ankle,,Diabetic foot referral times,NICE diabetic foot guidance,Delays to multidisciplinary foot team,Rapid access pathway,"recurring topic, not individually linked",,,,,,,,,,,,,,,Audit amputation rates,,,,,,,,,,
730,orthopaedic,Orthopaedics – Foot and ankle,,Charcot foot recognition and offloading,NICE diabetic foot guidance,Missed as infection,Offloading protocol,"recurring topic, not individually linked",,,,,,,,,,,,,,,Audit time to diagnosis,,,,,,,,,,
731,orthopaedic,Orthopaedics – Foot and ankle,,Weight bearing after bunion surgery,Local protocol,Inconsistent advice,Standard advice,"recurring topic, not individually linked",,,,,,,,,,,,,,,Audit complications,,,,,,,,,,
732,orthopaedic,Orthopaedics – Foot and ankle,,Day-case foot and ankle surgery rates,Getting It Right First Time,Overnight stays unnecessary,Regional blocks,"recurring topic, not individually linked",,,,,,,,,,,,,,,Audit readmissions,,,,,,,,,,
733,orthopaedic,Orthopaedics – Foot and ankle,,Nerve blocks for foot and ankle surgery,Anaesthetic guidance,General anaesthetic dominates,Block-first pathway,"recurring topic, not individually linked",,,,,,,,,,,,,,,Audit day-case success,,,,,,,,,,
734,orthopaedic,Orthopaedics – Foot and ankle,,Ingrowing toenail procedure outcomes,Local standard,Recurrence,Phenol technique,"recurring topic, not individually linked",,,,,,,,,,,,,,,Audit infection,,,,,,,,,,
735,orthopaedic,Orthopaedics – Foot and ankle,,Hallux rigidus fusion versus cheilectomy selection,Evidence on grading,Inconsistent selection,Grading-based pathway,"recurring topic, not individually linked",,,,,,,,,,,,,,,Audit revision,,,,,,,,,,
736,orthopaedic,Orthopaedics – Foot and ankle,,Ankle arthroscopy indications,Evidence on arthroscopy,Low-value arthroscopies,Indication checklist,"recurring topic, not individually linked",,,,,,,,,,,,,,,Audit outcomes,,,,,,,,,,
737,orthopaedic,Orthopaedics – Foot and ankle,,Tibialis posterior dysfunction management,Local pathway,Surgery before orthotics,Orthotic pathway,"recurring topic, not individually linked",,,,,,,,,,,,,,,Audit conversion,,,,,,,,,,
738,orthopaedic,Orthopaedics – Foot and ankle,,Orthotic referral waits,Local standard,Long waits,Direct referral,"recurring topic, not individually linked",,,,,,,,,,,,,,,Audit patient satisfaction,,,,,,,,,,
739,orthopaedic,Orthopaedics – Foot and ankle,,Lisfranc injury recognition,Trauma guidance,Missed on initial films,Weight-bearing and CT protocol,"recurring topic, not individually linked",,,,,,,,,,,,,,,Audit late presentations,,,,,,,,,,
740,orthopaedic,Orthopaedics – Foot and ankle,,Calcaneal fracture management,Evidence on non-operative care,Wound complications after fixation,Minimally invasive approach,"recurring topic, not individually linked",,,,,,,,,,,,,,,Audit wound outcomes,,,,,,,,,,
741,orthopaedic,Orthopaedics – Foot and ankle,,Metalwork removal after ankle fixation,Local standard,Routine removal without indication,Indication-only policy,"recurring topic, not individually linked",,,,,,,,,,,,,,,Audit theatre time saved,,,,,,,,,,
742,orthopaedic,Orthopaedics – Foot and ankle,,Syndesmosis screw removal,Evidence against routine removal,Routine removal,Leave-in policy,"recurring topic, not individually linked",,,,,,,,,,,,,,,Audit complications,,,,,,,,,,
743,orthopaedic,Orthopaedics – Hand,,Carpal tunnel decompression in outpatient settings,Getting It Right First Time,Done in main theatre,Procedure room pathway,"recurring topic, not individually linked",,,,,,,,,,,,,,,Audit cost and infection,,,,,,,,,,
744,orthopaedic,Orthopaedics – Hand,,Wide-awake local anaesthetic no tourniquet surgery,Evidence on awake surgery,Underused,Awake hand service,"recurring topic, not individually linked",,,,,,,,,,,,,,,Audit patient satisfaction,,,,,,,,,,
745,orthopaedic,Orthopaedics – Hand,,Trigger finger injection before surgery,Evidence on stepwise care,Surgery first,Injection pathway,"recurring topic, not individually linked",,,,,,,,,,,,,,,Audit recurrence,,,,,,,,,,
746,orthopaedic,Orthopaedics – Hand,,Dupuytren's disease treatment choice,NICE guidance,Surgery where needle release suitable,Pathway,"recurring topic, not individually linked",,,,,,,,,,,,,,,Audit recurrence,,,,,,,,,,
747,orthopaedic,Orthopaedics – Hand,,Flexor tendon repair time to surgery,Hand trauma standards,Delays over a week,Hand trauma list,"recurring topic, not individually linked",,,,,,,,,,,,,,,Audit rupture rates,,,,,,,,,,
748,orthopaedic,Orthopaedics – Hand,,Hand therapy after tendon repair,Hand therapy standards,Late first therapy,Direct referral,"recurring topic, not individually linked",,,,,,,,,,,,,,,Audit range at 12 weeks,,,,,,,,,,
749,orthopaedic,Orthopaedics – Hand,,Nerve conduction studies before carpal tunnel surgery,Evidence on selective testing,Routine studies,Selective policy,"recurring topic, not individually linked",,,,,,,,,,,,,,,Audit waits saved,,,,,,,,,,
750,orthopaedic,Orthopaedics – Hand,,Hand injury referrals to plastics versus orthopaedics,Local pathway,Confusion and delays,Single hand trauma pathway,"recurring topic, not individually linked",,,,,,,,,,,,,,,Audit time to treatment,,,,,,,,,,
751,orthopaedic,Orthopaedics – Hand,,Mallet finger splinting advice,Evidence on splinting,Inconsistent splints and advice,Standard splint leaflet,"recurring topic, not individually linked",,,,,,,,,,,,,,,Audit outcomes,,,,,,,,,,
752,orthopaedic,Orthopaedics – Hand,,Metacarpal fracture buddy strapping,Evidence on functional care,Casting unnecessary,Buddy strap and discharge,"recurring topic, not individually linked",,,,,,,,,,,,,,,Audit returns,,,,,,,,,,
753,orthopaedic,Orthopaedics – Hand,,Scaphoid waist fracture fixation criteria,National guidance,Variable fixation,Criteria,"recurring topic, not individually linked",,,,,,,,,,,,,,,Audit union,,,,,,,,,,
754,orthopaedic,Orthopaedics – Hand,,Wrist ganglion treatment,Evidence on natural history,Surgery for asymptomatic ganglia,Watch-and-wait advice,"recurring topic, not individually linked",,,,,,,,,,,,,,,Audit recurrence,,,,,,,,,,
755,orthopaedic,Orthopaedics – Hand,,Thumb base arthritis surgery,Local outcome standard,Outcomes rarely measured,Outcome scoring,"recurring topic, not individually linked",,,,,,,,,,,,,,,Audit patient satisfaction,,,,,,,,,,
756,orthopaedic,Orthopaedics – Hand,,Tourniquet time in hand surgery,Local standard,Long tourniquet times recorded poorly,Timer and documentation,"recurring topic, not individually linked",,,,,,,,,,,,,,,Audit nerve complications,,,,,,,,,,
757,orthopaedic,Orthopaedics – Hand,,Hand infection time to washout,Hand trauma standards,Delays,Emergency list priority,"recurring topic, not individually linked",,,,,,,,,,,,,,,Audit amputation and stiffness,,,,,,,,,,
758,orthopaedic,Orthopaedics – Hand,,Fight bite management,Local guidance,Antibiotics and exploration inconsistent,Standard protocol,"recurring topic, not individually linked",,,,,,,,,,,,,,,Audit infection,,,,,,,,,,
759,orthopaedic,Orthopaedics – Hand,,Finger tip injury management in ED,Local guidance,Unnecessary referrals,ED protocol,"recurring topic, not individually linked",,,,,,,,,,,,,,,Audit clinic referrals avoided,,,,,,,,,,
760,orthopaedic,Orthopaedics – Hand,,Distal radius fracture manipulation under haematoma block versus regional,BOA distal radius standard,Haematoma blocks dominate,Regional block training,"recurring topic, not individually linked",,,,,,,,,,,,,,,Audit loss of reduction,,,,,,,,,,
761,orthopaedic,Orthopaedics – Hand,,Wrist fracture in older patients non-operative care,BOA distal radius standard,Fixation without benefit,Age-based pathway,"recurring topic, not individually linked",,,,,,,,,,,,,,,Audit function,,,,,,,,,,
762,orthopaedic,Orthopaedics – Spine,,Cauda equina syndrome imaging within four hours,National cauda equina pathway,Out-of-hours MRI delays,24-hour MRI access,"recurring topic, not individually linked",,,,,,,,,,,,,,,Audit time to decompression,,,,,,,,,,
763,orthopaedic,Orthopaedics – Spine,,Cauda equina safety-netting documentation,National pathway,Safety-net advice not documented,Leaflet and prompt,"recurring topic, not individually linked",,,,,,,,,,,,,,,Audit re-presentations,,,,,,,,,,
764,orthopaedic,Orthopaedics – Spine,,Spinal cord compression from cancer referral,NICE metastatic cord compression guidance,Delays to MRI and oncology,Acute oncology pathway,"recurring topic, not individually linked",,,,,,,,,,,,,,,Audit ambulatory status at discharge,,,,,,,,,,
765,orthopaedic,Orthopaedics – Spine,,Low back pain imaging appropriateness,NICE back pain guidance,Imaging without red flags,Referral criteria,"recurring topic, not individually linked",,,,,,,,,,,,,,,Audit cost,,,,,,,,,,
766,orthopaedic,Orthopaedics – Spine,,Spinal injection outcomes,Local outcome standard,Repeated injections without benefit,Outcome tracking,"recurring topic, not individually linked",,,,,,,,,,,,,,,Audit repeat injection rates,,,,,,,,,,
767,orthopaedic,Orthopaedics – Spine,,Spinal surgery site infection,Infection surveillance,Rates above benchmark,Bundle,"recurring topic, not individually linked",,,,,,,,,,,,,,,Audit bundle compliance,,,,,,,,,,
768,orthopaedic,Orthopaedics – Spine,,Spinal fracture in older patients bracing,Evidence on bracing,Braces without benefit,Brace policy,"recurring topic, not individually linked",,,,,,,,,,,,,,,Audit mobility,,,,,,,,,,
769,orthopaedic,Orthopaedics – Spine,,Cervical spine clearance in ED,NICE head and neck injury guidance,Over-imaging,Clinical decision rule,"recurring topic, not individually linked",,,,,,,,,,,,,,,Audit missed injuries,,,,,,,,,,
770,orthopaedic,Orthopaedics – Spine,,Thoracolumbar fracture imaging whole-spine,Guidance on non-contiguous fractures,Whole spine not imaged,Protocol,"recurring topic, not individually linked",,,,,,,,,,,,,,,Audit missed second fractures,,,,,,,,,,
771,orthopaedic,Orthopaedics – Spine,,Spinal surgery consent documentation,Consent guidance,Risks incomplete,Procedure-specific form,"recurring topic, not individually linked",,,,,,,,,,,,,,,Audit complaints,,,,,,,,,,
772,orthopaedic,Orthopaedics – Spine,,Neuromonitoring use in deformity surgery,Spinal society standards,Inconsistent,Standard,"recurring topic, not individually linked",,,,,,,,,,,,,,,Audit neurological events,,,,,,,,,,
773,orthopaedic,Orthopaedics – Spine,,Discitis diagnosis and biopsy before antibiotics,Infection guidance,Antibiotics before biopsy,Biopsy-first protocol,"recurring topic, not individually linked",,,,,,,,,,,,,,,Audit culture yield,,,,,,,,,,
774,orthopaedic,Orthopaedics – Spine,,Degenerative cervical myelopathy referral delays,National myelopathy guidance,Late recognition,Primary care education,"recurring topic, not individually linked",,,,,,,,,,,,,,,Audit time to surgery,,,,,,,,,,
775,orthopaedic,Orthopaedics – Spine,,Back pain physiotherapy pathway,NICE back pain guidance,Referral delays,Self-referral,"recurring topic, not individually linked",,,,,,,,,,,,,,,Audit surgical conversion,,,,,,,,,,
776,orthopaedic,Orthopaedics – Spine,,Opioids in chronic back pain,NICE guidance,Long-term opioids,Tapering pathway,"recurring topic, not individually linked",,,,,,,,,,,,,,,Audit reduction,,,,,,,,,,
777,orthopaedic,Orthopaedics – Spine,,Spinal surgery length of stay,Getting It Right First Time,Longer than peers,Enhanced recovery,"recurring topic, not individually linked",,,,,,,,,,,,,,,Audit discharge barriers,,,,,,,,,,
778,orthopaedic,Orthopaedics – Spine,,Emergency spinal referrals via online system,Network standards,Incomplete referral information,Mandatory fields,"recurring topic, not individually linked",,,,,,,,,,,,,,,Audit response times,,,,,,,,,,
779,orthopaedic,Orthopaedics – Spine,,Scoliosis surgery blood management,Patient blood management guidance,High transfusion,Cell salvage and tranexamic acid,"recurring topic, not individually linked",,,,,,,,,,,,,,,Audit transfusion,,,,,,,,,,
780,orthopaedic,Orthopaedics – Shoulder,,Frozen shoulder injection and hydrodilatation,Evidence on stepwise care,Surgery early,Pathway,"recurring topic, not individually linked",,,,,,,,,,,,,,,Audit function,,,,,,,,,,
781,orthopaedic,Orthopaedics – Shoulder,,Subacromial decompression appropriateness,Evidence against routine decompression,Procedure still common,Commissioning criteria,"recurring topic, not individually linked",,,,,,,,,,,,,,,Audit rates,,,,,,,,,,
782,orthopaedic,Orthopaedics – Shoulder,,Rotator cuff repair outcomes,Local outcome standard,Retears unmeasured,Outcome scores,"recurring topic, not individually linked",,,,,,,,,,,,,,,Audit retear,,,,,,,,,,
783,orthopaedic,Orthopaedics – Shoulder,,Shoulder dislocation first-time management,Local pathway,Physio and imaging inconsistent,Standard pathway,"recurring topic, not individually linked",,,,,,,,,,,,,,,Audit recurrence,,,,,,,,,,
784,orthopaedic,Orthopaedics – Shoulder,,Acromioclavicular joint injury management,Evidence on non-operative care,Surgery for low grades,Pathway,"recurring topic, not individually linked",,,,,,,,,,,,,,,Audit function,,,,,,,,,,
785,orthopaedic,Orthopaedics – Shoulder,,Proximal humerus fracture in older patients,Evidence from trials,Surgery without benefit,Consultant review,"recurring topic, not individually linked",,,,,,,,,,,,,,,Audit outcomes,,,,,,,,,,
786,orthopaedic,Orthopaedics – Shoulder,,Shoulder surgery nerve blocks,Anaesthetic guidance,Rebound pain at night,Rebound pain protocol,"recurring topic, not individually linked",,,,,,,,,,,,,,,Audit readmission for pain,,,,,,,,,,
787,orthopaedic,Orthopaedics – Shoulder,,Shoulder injection documentation,Local standard,Drug and dose missing,Template,"recurring topic, not individually linked",,,,,,,,,,,,,,,Audit complications,,,,,,,,,,
788,orthopaedic,Orthopaedics – Elbow,,Distal biceps rupture time to surgery,Evidence on early repair,Delays,Rapid pathway,"recurring topic, not individually linked",,,,,,,,,,,,,,,Audit outcomes,,,,,,,,,,
789,orthopaedic,Orthopaedics – Elbow,,Tennis elbow injection appropriateness,Evidence against steroid,Steroid injections common,Physio first,"recurring topic, not individually linked",,,,,,,,,,,,,,,Audit recurrence,,,,,,,,,,
790,orthopaedic,Orthopaedics – Elbow,,Radial head fracture management,Evidence on non-operative care,Over-immobilised,Early movement,"recurring topic, not individually linked",,,,,,,,,,,,,,,Audit stiffness,,,,,,,,,,
791,orthopaedic,Orthopaedics – Elbow,,Olecranon fracture in older patients,Evidence on non-operative care,Fixation with high metalwork problems,Age-based decision,"recurring topic, not individually linked",,,,,,,,,,,,,,,Audit complications,,,,,,,,,,
792,orthopaedic,Orthopaedics – Knee,,Knee arthroscopy for degenerative disease,NICE guidance against,Still performed,Commissioning criteria,"recurring topic, not individually linked",,,,,,,,,,,,,,,Audit rates,,,,,,,,,,
793,orthopaedic,Orthopaedics – Knee,,ACL reconstruction time to surgery,Local standard,Long waits,Priority pathway,"recurring topic, not individually linked",,,,,,,,,,,,,,,Audit meniscal damage,,,,,,,,,,
794,orthopaedic,Orthopaedics – Knee,,Meniscal repair versus meniscectomy,Evidence on preservation,Meniscectomy default,Repair-first policy,"recurring topic, not individually linked",,,,,,,,,,,,,,,Audit repair failure,,,,,,,,,,
795,orthopaedic,Orthopaedics – Knee,,Knee MRI requests from primary care,Imaging guidance,Low-yield scans,Referral criteria,"recurring topic, not individually linked",,,,,,,,,,,,,,,Audit surgery rates,,,,,,,,,,
796,orthopaedic,Orthopaedics – Knee,,Patient-reported outcomes after knee arthroscopy,Local outcome standard,Rarely collected,Digital scores,"recurring topic, not individually linked",,,,,,,,,,,,,,,Audit benefit,,,,,,,,,,
797,orthopaedic,Orthopaedics – Knee,,Osteotomy outcomes,Local outcome standard,Low volume,Case concentration,"recurring topic, not individually linked",,,,,,,,,,,,,,,Audit conversion to replacement,,,,,,,,,,
798,orthopaedic,Orthopaedics – Knee,,Knee injection steroid frequency,Local guidance,Repeated too often,Injection limit,"recurring topic, not individually linked",,,,,,,,,,,,,,,Audit infection,,,,,,,,,,
799,orthopaedic,Orthopaedics – Knee,,Sports injury clinic direct access,Local service standard,Delays,Direct access,"recurring topic, not individually linked",,,,,,,,,,,,,,,Audit outcomes,,,,,,,,,,
800,orthopaedic,Orthopaedics – Paediatrics,,Developmental dysplasia of the hip screening referrals,National screening programme,Late referrals,Screening pathway,"recurring topic, not individually linked",,,,,,,,,,,,,,,Audit late diagnoses,,,,,,,,,,
801,orthopaedic,Orthopaedics – Paediatrics,,Slipped upper femoral epiphysis delay to diagnosis,Local standard,Missed as knee pain,Education in primary care,"recurring topic, not individually linked",,,,,,,,,,,,,,,Audit time to diagnosis,,,,,,,,,,
802,orthopaedic,Orthopaedics – Paediatrics,,Limping child assessment and septic arthritis,Kocher criteria guidance,Inconsistent bloods and imaging,Pathway,"recurring topic, not individually linked",,,,,,,,,,,,,,,Audit missed infection,,,,,,,,,,
803,orthopaedic,Orthopaedics – Paediatrics,,Forearm fracture manipulation under sedation in ED,ED sedation guidance,Theatre used unnecessarily,ED sedation pathway,"recurring topic, not individually linked",,,,,,,,,,,,,,,Audit remanipulation,,,,,,,,,,
804,orthopaedic,Orthopaedics – Paediatrics,,Buckle fractures of the wrist,NICE and BOA,Casting and follow-up,Soft splint and discharge,"recurring topic, not individually linked",,,,,,,,,,,,,,,Audit returns,,,,,,,,,,
805,orthopaedic,Orthopaedics – Paediatrics,,Paediatric fracture safeguarding,Safeguarding guidance,Concerning injury patterns not flagged,Checklist,"recurring topic, not individually linked",,,,,,,,,,,,,,,Audit referrals to safeguarding,,,,,,,,,,
806,orthopaedic,Orthopaedics – Paediatrics,,Non-accidental injury skeletal survey,Royal College of Radiologists guidance,Surveys incomplete,Protocol,"recurring topic, not individually linked",,,,,,,,,,,,,,,Audit repeat surveys,,,,,,,,,,
807,orthopaedic,Orthopaedics – Paediatrics,,Clubfoot Ponseti outcomes,Local outcome standard,Brace compliance poor,Parent support,"recurring topic, not individually linked",,,,,,,,,,,,,,,Audit relapse,,,,,,,,,,
808,orthopaedic,Orthopaedics – Paediatrics,,Perthes disease follow-up,Local standard,Variable follow-up,Standard pathway,"recurring topic, not individually linked",,,,,,,,,,,,,,,Audit outcomes,,,,,,,,,,
809,orthopaedic,Orthopaedics – Paediatrics,,Elbow fracture K-wire removal timing,Local standard,Delayed removal,Clinic scheduling,"recurring topic, not individually linked",,,,,,,,,,,,,,,Audit pin infection,,,,,,,,,,
810,orthopaedic,Orthopaedics – Paediatrics,,Paediatric fasting before trauma surgery,Anaesthetic guidance,Children fasted too long,Clear fluids until called,"recurring topic, not individually linked",,,,,,,,,,,,,,,Audit fasting times,,,,,,,,,,
811,orthopaedic,Orthopaedics – Paediatrics,,Children's pain relief in ED for fractures,Royal College of Emergency Medicine,Delays,Triage analgesia,"recurring topic, not individually linked",,,,,,,,,,,,,,,Audit time to analgesia,,,,,,,,,,
812,orthopaedic,Orthopaedics – Paediatrics,,Toddler fracture diagnosis,Local guidance,Missed,Repeat x-ray protocol,"recurring topic, not individually linked",,,,,,,,,,,,,,,Audit late diagnosis,,,,,,,,,,
813,orthopaedic,Orthopaedics – Paediatrics,,Scoliosis referral from primary care,Local guidance,Referrals without imaging,Standard referral,"recurring topic, not individually linked",,,,,,,,,,,,,,,Audit surgical rates,,,,,,,,,,
814,orthopaedic,Orthopaedics – Paediatrics,,Cerebral palsy hip surveillance,National surveillance guidance,Missed x-rays,Surveillance register,"recurring topic, not individually linked",,,,,,,,,,,,,,,Audit hip migration found late,,,,,,,,,,
815,orthopaedic,Orthopaedics – Paediatrics,,Paediatric consent and competence documentation,Consent guidance,Competence undocumented,Prompt,"recurring topic, not individually linked",,,,,,,,,,,,,,,Audit complaints,,,,,,,,,,
816,orthopaedic,Orthopaedics – Paediatrics,,Femoral fracture in young children management,Local guidance,Variable treatment,Pathway,"recurring topic, not individually linked",,,,,,,,,,,,,,,Audit length of stay,,,,,,,,,,
817,orthopaedic,Orthopaedics – Paediatrics,,Transition from paediatric to adult orthopaedic care,National transition guidance,Poor transition,Transition clinic,"recurring topic, not individually linked",,,,,,,,,,,,,,,Audit lost to follow-up,,,,,,,,,,
818,orthopaedic,Orthopaedics – Perioperative,,WHO surgical safety checklist completion,WHO checklist,Sign-out often missed,Checklist ownership,"recurring topic, not individually linked",,,,,,,,,,,,,,,Audit quality not just completion,,,,,,,,,,
819,orthopaedic,Orthopaedics – Perioperative,,Team brief before theatre lists,Local safety standard,Briefs skipped,Standard brief,"recurring topic, not individually linked",,,,,,,,,,,,,,,Audit list overruns,,,,,,,,,,
820,orthopaedic,Orthopaedics – Perioperative,,Site marking before theatre,Local invasive procedure standards,Marks missing or washed off,Marking policy,"recurring topic, not individually linked",,,,,,,,,,,,,,,Audit near misses,,,,,,,,,,
821,orthopaedic,Orthopaedics – Perioperative,,Tourniquet time and pressure documentation,Local standard,Incomplete,Theatre record fields,"recurring topic, not individually linked",,,,,,,,,,,,,,,Audit prolonged times,,,,,,,,,,
822,orthopaedic,Orthopaedics – Perioperative,,Surgical antibiotic prophylaxis choice and redosing,Infection guidance,No redosing in long cases,Redose prompt,"recurring topic, not individually linked",,,,,,,,,,,,,,,Audit infection,,,,,,,,,,
823,orthopaedic,Orthopaedics – Perioperative,,Post-operative antibiotics beyond 24 hours,Antimicrobial stewardship,Prolonged antibiotics,Stop date,"recurring topic, not individually linked",,,,,,,,,,,,,,,Audit resistance,,,,,,,,,,
824,orthopaedic,Orthopaedics – Perioperative,,Pre-operative carbohydrate loading,Enhanced recovery,Not given,Pathway,"recurring topic, not individually linked",,,,,,,,,,,,,,,Audit nausea,,,,,,,,,,
825,orthopaedic,Orthopaedics – Perioperative,,Pre-operative hair removal,Infection prevention,Razors used,Clippers only,"recurring topic, not individually linked",,,,,,,,,,,,,,,Audit infection,,,,,,,,,,
826,orthopaedic,Orthopaedics – Perioperative,,Skin preparation agent,Infection guidance,Inconsistent agents,Standard preparation,"recurring topic, not individually linked",,,,,,,,,,,,,,,Audit infection,,,,,,,,,,
827,orthopaedic,Orthopaedics – Perioperative,,Normothermia during surgery,NICE hypothermia guidance,Temperature not recorded,Warming protocol,"recurring topic, not individually linked",,,,,,,,,,,,,,,Audit infection,,,,,,,,,,
828,orthopaedic,Orthopaedics – Perioperative,,Blood glucose in diabetics around surgery,Perioperative diabetes guidance,Poor monitoring,Pathway,"recurring topic, not individually linked",,,,,,,,,,,,,,,Audit infection,,,,,,,,,,
829,orthopaedic,Orthopaedics – Perioperative,,Clot risk assessment on admission,NICE VTE guidance,Assessment missed or not repeated at 24 hours,Electronic prompt,"recurring topic, not individually linked",,,,,,,,,,,,,,,Audit hospital-acquired clots,,,,,,,,,,
830,orthopaedic,Orthopaedics – Perioperative,,Mechanical clot prevention stockings,NICE VTE guidance,Wrongly sized or contraindicated,Measuring protocol,"recurring topic, not individually linked",,,,,,,,,,,,,,,Audit skin damage,,,,,,,,,,
831,orthopaedic,Orthopaedics – Perioperative,,Anticoagulation bridging around surgery,Haematology guidance,Unnecessary bridging,Protocol,"recurring topic, not individually linked",,,,,,,,,,,,,,,Audit bleeding,,,,,,,,,,
832,orthopaedic,Orthopaedics – Perioperative,,Pre-operative ECG and bloods necessity,NICE pre-operative testing guidance,Over-testing,Test-by-indication policy,"recurring topic, not individually linked",,,,,,,,,,,,,,,Audit cost,,,,,,,,,,
833,orthopaedic,Orthopaedics – Perioperative,,Pregnancy testing before surgery,National guidance,Undocumented,Checklist,"recurring topic, not individually linked",,,,,,,,,,,,,,,Audit compliance,,,,,,,,,,
834,orthopaedic,Orthopaedics – Perioperative,,Allergy documentation on drug charts,Local standard,Allergies missing,Mandatory field,"recurring topic, not individually linked",,,,,,,,,,,,,,,Audit near misses,,,,,,,,,,
835,orthopaedic,Orthopaedics – Perioperative,,Drug chart prescribing errors on orthopaedic wards,Prescribing standards,Frequent errors,Pharmacist review,"recurring topic, not individually linked",,,,,,,,,,,,,,,Audit harm,,,,,,,,,,
836,orthopaedic,Orthopaedics – Perioperative,,Medicines reconciliation within 24 hours,National pharmacy standard,Delayed,Pharmacy technician,"recurring topic, not individually linked",,,,,,,,,,,,,,,Audit omitted doses,,,,,,,,,,
837,orthopaedic,Orthopaedics – Perioperative,,Omitted critical medicines around surgery,Patient safety alert,Parkinson's drugs omitted,Time-critical list,"recurring topic, not individually linked",,,,,,,,,,,,,,,Audit omissions,,,,,,,,,,
838,orthopaedic,Orthopaedics – Perioperative,,Parkinson's medication timing in surgical patients,Patient safety guidance,Doses late,Self-administration,"recurring topic, not individually linked",,,,,,,,,,,,,,,Audit delirium and falls,,,,,,,,,,
839,orthopaedic,Orthopaedics – Perioperative,,Post-operative nausea management,Anaesthetic guidance,Undertreated,Protocol,"recurring topic, not individually linked",,,,,,,,,,,,,,,Audit mobilisation delays,,,,,,,,,,
840,orthopaedic,Orthopaedics – Perioperative,,Post-operative pain scores in recovery,Pain standards,Poor documentation,Scores in recovery record,"recurring topic, not individually linked",,,,,,,,,,,,,,,Audit rescue analgesia,,,,,,,,,,
841,orthopaedic,Orthopaedics – Perioperative,,Regional anaesthesia block documentation,Anaesthetic guidance,Stop-before-you-block missing,Checklist,"recurring topic, not individually linked",,,,,,,,,,,,,,,Audit wrong-side blocks,,,,,,,,,,
842,orthopaedic,Orthopaedics – Perioperative,,Epidural and block follow-up,Acute pain standards,No review,Pain team review,"recurring topic, not individually linked",,,,,,,,,,,,,,,Audit complications,,,,,,,,,,
843,orthopaedic,Orthopaedics – Perioperative,,Blood group and save before elective surgery,Blood management guidance,Unnecessary crossmatch,Schedule by procedure,"recurring topic, not individually linked",,,,,,,,,,,,,,,Audit wasted units,,,,,,,,,,
844,orthopaedic,Orthopaedics – Perioperative,,Cell salvage use,Blood management guidance,Underused,Protocol,"recurring topic, not individually linked",,,,,,,,,,,,,,,Audit transfusion,,,,,,,,,,
845,orthopaedic,Orthopaedics – Perioperative,,Recovery discharge criteria,Anaesthetic guidance,Criteria not documented,Standard score,"recurring topic, not individually linked",,,,,,,,,,,,,,,Audit returns,,,,,,,,,,
846,orthopaedic,Orthopaedics – Perioperative,,Frailty assessment before elective surgery,Perioperative medicine guidance,Not done,Frailty score,"recurring topic, not individually linked",,,,,,,,,,,,,,,Audit complications,,,,,,,,,,
847,orthopaedic,Orthopaedics – Perioperative,,Cognitive screening before elective surgery,Perioperative guidance,Not done,Screen,"recurring topic, not individually linked",,,,,,,,,,,,,,,Audit delirium,,,,,,,,,,
848,orthopaedic,Orthopaedics – Perioperative,,Smoking status and advice,Public health guidance,Not recorded,Prompt,"recurring topic, not individually linked",,,,,,,,,,,,,,,Audit quit referrals,,,,,,,,,,
849,orthopaedic,Orthopaedics – Theatre,,First-case start times,Local start standard,Late starts,Anaesthetic room readiness,"recurring topic, not individually linked",,,,,,,,,,,,,,,Audit reasons,,,,,,,,,,
850,orthopaedic,Orthopaedics – Theatre,,Turnaround time between cases,Getting It Right First Time,Long turnarounds,Parallel preparation,"recurring topic, not individually linked",,,,,,,,,,,,,,,Audit cases added,,,,,,,,,,
851,orthopaedic,Orthopaedics – Theatre,,On-the-day cancellations,National cancellation standard,Cancelled for list overruns and bed shortage,Realistic scheduling,"recurring topic, not individually linked",,,,,,,,,,,,,,,Audit rebooking within 28 days,,,,,,,,,,
852,orthopaedic,Orthopaedics – Theatre,,Cases per list against benchmark,Getting It Right First Time,Fewer cases than peers,High-volume lists,"recurring topic, not individually linked",,,,,,,,,,,,,,,Audit outcomes on high-volume lists,,,,,,,,,,
853,orthopaedic,Orthopaedics – Theatre,,Open-and-unused sterile items on instrument trays,Sustainability guidance,Single-use items opened routinely and not used,Remove single-use items from default opening,"recurring topic, not individually linked",,,,,,,,,,,,,,,Audit sustained change at six months,,,,,,,,,,
854,orthopaedic,Orthopaedics – Theatre,,Instrument tray rationalisation,Sustainability and efficiency guidance,Unused instruments on trays add weight and count time,Tray redesign,"recurring topic, not individually linked",,,,,,,,,,,,,,,Audit count time and tray weight,,,,,,,,,,
855,orthopaedic,Orthopaedics – Theatre,,Single-use versus reusable drapes and gowns,NHS net zero guidance,Single-use default,Reusable options,"recurring topic, not individually linked",,,,,,,,,,,,,,,Audit carbon and cost,,,,,,,,,,
856,orthopaedic,Orthopaedics – Theatre,,Anaesthetic gas carbon footprint,Net zero guidance,Desflurane use,Switch agents,"recurring topic, not individually linked",,,,,,,,,,,,,,,Audit carbon saved,,,,,,,,,,
857,orthopaedic,Orthopaedics – Theatre,,Clinical waste segregation in theatre,Waste guidance,Offensive waste in clinical waste stream,Bins and teaching,"recurring topic, not individually linked",,,,,,,,,,,,,,,Audit waste costs,,,,,,,,,,
858,orthopaedic,Orthopaedics – Theatre,,Implant waste and opened wrong sizes,Local standard,Opened wrong implants,Size confirmation step,"recurring topic, not individually linked",,,,,,,,,,,,,,,Audit cost of wasted implants,,,,,,,,,,
859,orthopaedic,Orthopaedics – Theatre,,Surgical instrument loan kit delays,Local standard,Loan kits late,Booking process,"recurring topic, not individually linked",,,,,,,,,,,,,,,Audit cancellations,,,,,,,,,,
860,orthopaedic,Orthopaedics – Theatre,,Theatre list booking accuracy,Local standard,Procedures booked wrongly,Booking template,"recurring topic, not individually linked",,,,,,,,,,,,,,,Audit equipment problems,,,,,,,,,,
861,orthopaedic,Orthopaedics – Theatre,,Swab and instrument count errors,Local safety standard,Count discrepancies,Count protocol,"recurring topic, not individually linked",,,,,,,,,,,,,,,Audit retained items,,,,,,,,,,
862,orthopaedic,Orthopaedics – Theatre,,Specimen labelling errors,Pathology standards,Mislabelled specimens,Label at point of taking,"recurring topic, not individually linked",,,,,,,,,,,,,,,Audit rejected samples,,,,,,,,,,
863,orthopaedic,Orthopaedics – Theatre,,Radiation dose from intraoperative imaging,Radiation regulations,Doses not recorded,Recording,"recurring topic, not individually linked",,,,,,,,,,,,,,,Audit high-dose cases,,,,,,,,,,
864,orthopaedic,Orthopaedics – Theatre,,Radiographer availability for trauma lists,Local standard,Waiting for radiographer,Allocated radiographer,"recurring topic, not individually linked",,,,,,,,,,,,,,,Audit delays,,,,,,,,,,
865,orthopaedic,Orthopaedics – Theatre,,Theatre overruns and staff overtime,Local standard,Regular overruns,Planning,"recurring topic, not individually linked",,,,,,,,,,,,,,,Audit cancellations from overruns,,,,,,,,,,
866,orthopaedic,Orthopaedics – Theatre,,Emergency theatre access by urgency category,National emergency surgery classification,Category breaches,Booking by category,"recurring topic, not individually linked",,,,,,,,,,,,,,,Audit harm from waits,,,,,,,,,,
867,orthopaedic,Orthopaedics – Theatre,,Surgeon supervision of trainee cases,Supervision standards,Undocumented supervision,Recording,"recurring topic, not individually linked",,,,,,,,,,,,,,,Audit outcomes by supervision,,,,,,,,,,
868,orthopaedic,Orthopaedics – Theatre,,Independent sector transfer and training loss,Training standards,Training cases moved out,Training lists,"recurring topic, not individually linked",,,,,,,,,,,,,,,Audit trainee logbooks,,,,,,,,,,
869,orthopaedic,Orthopaedics – Outpatients,,Virtual fracture clinic direct discharge,BOA fracture clinic services standard,Many patients seen face-to-face unnecessarily,Virtual clinic protocols,"recurring topic, not individually linked",,,,,,,,,,,,,,,Audit returns after discharge,,,,,,,,,,
870,orthopaedic,Orthopaedics – Outpatients,,Follow-up x-rays in fracture clinic,Imaging guidance,Films that don't change management,Imaging criteria,"recurring topic, not individually linked",,,,,,,,,,,,,,,Audit radiation and cost,,,,,,,,,,
871,orthopaedic,Orthopaedics – Outpatients,,Clinic letter timeliness,Local standard,Letters weeks late,Dictation turnaround,"recurring topic, not individually linked",,,,,,,,,,,,,,,Audit GP complaints,,,,,,,,,,
872,orthopaedic,Orthopaedics – Outpatients,,Clinic letters written to the patient,Royal Academy guidance on writing to patients,Letters to GP only,Patient-addressed letters,"recurring topic, not individually linked",,,,,,,,,,,,,,,Audit patient understanding,,,,,,,,,,
873,orthopaedic,Orthopaedics – Outpatients,,Did-not-attend rates,Local standard,High DNA,Text reminders,"recurring topic, not individually linked",,,,,,,,,,,,,,,Audit DNA by clinic type,,,,,,,,,,
874,orthopaedic,Orthopaedics – Outpatients,,Patient-initiated follow-up,National outpatient guidance,Unused,Pathway,"recurring topic, not individually linked",,,,,,,,,,,,,,,Audit safety,,,,,,,,,,
875,orthopaedic,Orthopaedics – Outpatients,,New-to-follow-up ratio,Getting It Right First Time,High ratio,Discharge criteria,"recurring topic, not individually linked",,,,,,,,,,,,,,,Audit capacity freed,,,,,,,,,,
876,orthopaedic,Orthopaedics – Outpatients,,Referral triage and rejection,Local standard,Inappropriate referrals,Advice and guidance,"recurring topic, not individually linked",,,,,,,,,,,,,,,Audit re-referral,,,,,,,,,,
877,orthopaedic,Orthopaedics – Outpatients,,Advice and guidance responses,National standard,Slow responses,Protected time,"recurring topic, not individually linked",,,,,,,,,,,,,,,Audit referrals avoided,,,,,,,,,,
878,orthopaedic,Orthopaedics – Outpatients,,Waiting time for first orthopaedic appointment,National referral-to-treatment standard,Long waits,Triage,"recurring topic, not individually linked",,,,,,,,,,,,,,,Audit harm,,,,,,,,,,
879,orthopaedic,Orthopaedics – Outpatients,,Results acknowledgement,Local standard,Results not acknowledged,Electronic sign-off,"recurring topic, not individually linked",,,,,,,,,,,,,,,Audit missed findings,,,,,,,,,,
880,orthopaedic,Orthopaedics – Outpatients,,Incidental findings follow-up on imaging,Radiology guidance,Not actioned,Alert process,"recurring topic, not individually linked",,,,,,,,,,,,,,,Audit missed cancers,,,,,,,,,,
881,orthopaedic,Orthopaedics – Outpatients,,Clinic cancellation at short notice,Local standard,Clinics cancelled,Leave rules,"recurring topic, not individually linked",,,,,,,,,,,,,,,Audit rebooking,,,,,,,,,,
882,orthopaedic,Orthopaedics – Outpatients,,Interpreter use in clinic,Equality guidance,Family members interpret,Professional interpreters,"recurring topic, not individually linked",,,,,,,,,,,,,,,Audit consent validity,,,,,,,,,,
883,orthopaedic,Orthopaedics – Outpatients,,Chaperone offer documentation,Chaperone guidance,Not documented,Prompt,"recurring topic, not individually linked",,,,,,,,,,,,,,,Audit complaints,,,,,,,,,,
884,orthopaedic,Orthopaedics – Outpatients,,Musculoskeletal interface service conversion to surgery,Local standard,Low conversion rate,Referral criteria,"recurring topic, not individually linked",,,,,,,,,,,,,,,Audit appropriateness,,,,,,,,,,
885,orthopaedic,Orthopaedics – Outpatients,,Shared decision-making documentation,NICE shared decision-making guidance,Not documented,Decision aids,"recurring topic, not individually linked",,,,,,,,,,,,,,,Audit regret,,,,,,,,,,
886,orthopaedic,Orthopaedics – Outpatients,,Fit notes and return-to-work advice,Occupational guidance,Not given,Prompt,"recurring topic, not individually linked",,,,,,,,,,,,,,,Audit time off work,,,,,,,,,,
887,orthopaedic,Orthopaedics – Imaging,,Radiograph request completion,Radiation regulations,Clinical details missing,Mandatory fields,"recurring topic, not individually linked",,,,,,,,,,,,,,,Audit rejected requests,,,,,,,,,,
888,orthopaedic,Orthopaedics – Imaging,,Correct radiograph views for injury,Imaging guidance,Wrong views,Protocols,"recurring topic, not individually linked",,,,,,,,,,,,,,,Audit repeat films,,,,,,,,,,
889,orthopaedic,Orthopaedics – Imaging,,Reporting turnaround for trauma films,Radiology standards,Delays,Reporting priority,"recurring topic, not individually linked",,,,,,,,,,,,,,,Audit missed fractures,,,,,,,,,,
890,orthopaedic,Orthopaedics – Imaging,,ED missed fractures review,Local standard,Missed fractures,Hot reporting,"recurring topic, not individually linked",,,,,,,,,,,,,,,Audit recall process,,,,,,,,,,
891,orthopaedic,Orthopaedics – Imaging,,CT requests in orthopaedic trauma,Imaging guidance,Over-requesting,Criteria,"recurring topic, not individually linked",,,,,,,,,,,,,,,Audit change in management,,,,,,,,,,
892,orthopaedic,Orthopaedics – Imaging,,MRI waiting times for orthopaedic referrals,Local standard,Long waits,Prioritisation,"recurring topic, not individually linked",,,,,,,,,,,,,,,Audit harm,,,,,,,,,,
893,orthopaedic,Orthopaedics – Imaging,,Pregnancy status before imaging,Radiation regulations,Not documented,Check process,"recurring topic, not individually linked",,,,,,,,,,,,,,,Audit compliance,,,,,,,,,,
894,orthopaedic,Orthopaedics – Imaging,,Weight-bearing radiographs for knee arthritis,Imaging guidance,Non-weight-bearing films,Protocol,"recurring topic, not individually linked",,,,,,,,,,,,,,,Audit diagnosis accuracy,,,,,,,,,,
895,orthopaedic,Orthopaedics – Imaging,,Ultrasound-guided injections outcome,Local standard,No outcome tracking,Tracking,"recurring topic, not individually linked",,,,,,,,,,,,,,,Audit repeat injections,,,,,,,,,,
896,orthopaedic,Orthopaedics – Infection,,Surgical site infection surveillance after joint replacement,National surveillance service,Under-reporting,Post-discharge surveillance,"recurring topic, not individually linked",,,,,,,,,,,,,,,Audit bundle compliance,,,,,,,,,,
897,orthopaedic,Orthopaedics – Infection,,Pin-site care in external fixators,Pin-site guidance,Variable care,Protocol,"recurring topic, not individually linked",,,,,,,,,,,,,,,Audit pin infections,,,,,,,,,,
898,orthopaedic,Orthopaedics – Infection,,Wound review after discharge,Local standard,Wounds unchecked,Community wound pathway,"recurring topic, not individually linked",,,,,,,,,,,,,,,Audit readmissions,,,,,,,,,,
899,orthopaedic,Orthopaedics – Infection,,Hand hygiene on orthopaedic wards,Infection prevention,Missed moments,Observations,"recurring topic, not individually linked",,,,,,,,,,,,,,,Audit infection rates,,,,,,,,,,
900,orthopaedic,Orthopaedics – Infection,,Cannula care and removal,Infection prevention,Cannulas left in,Daily review,"recurring topic, not individually linked",,,,,,,,,,,,,,,Audit phlebitis,,,,,,,,,,
901,orthopaedic,Orthopaedics – Infection,,Antibiotic review at 48 hours,Antimicrobial stewardship,No review,Prompt,"recurring topic, not individually linked",,,,,,,,,,,,,,,Audit courses shortened,,,,,,,,,,
902,orthopaedic,Orthopaedics – Infection,,Diabetic foot infection antibiotic choice,NICE diabetic foot guidance,Wrong antibiotics,Guideline,"recurring topic, not individually linked",,,,,,,,,,,,,,,Audit outcomes,,,,,,,,,,
903,orthopaedic,Orthopaedics – Infection,,Osteomyelitis biopsy before treatment,Infection guidance,Treatment before samples,Protocol,"recurring topic, not individually linked",,,,,,,,,,,,,,,Audit culture yield,,,,,,,,,,
904,orthopaedic,Orthopaedics – Infection,,Fracture-related infection management,International consensus,Inconsistent,MDT,"recurring topic, not individually linked",,,,,,,,,,,,,,,Audit eradication,,,,,,,,,,
905,orthopaedic,Orthopaedics – Infection,,Clostridioides difficile after orthopaedic antibiotics,Infection guidance,Cases linked to prolonged antibiotics,Stewardship,"recurring topic, not individually linked",,,,,,,,,,,,,,,Audit rates,,,,,,,,,,
906,orthopaedic,Orthopaedics – Ward care,,Early warning score calculation and escalation,NEWS2 guidance,Scores miscalculated and escalations missed,Electronic observations,"recurring topic, not individually linked",,,,,,,,,,,,,,,Audit response times,,,,,,,,,,
907,orthopaedic,Orthopaedics – Ward care,,Sepsis screening and six-hour bundle,National sepsis guidance,Bundle incomplete,Sepsis trolley,"recurring topic, not individually linked",,,,,,,,,,,,,,,Audit time to antibiotics,,,,,,,,,,
908,orthopaedic,Orthopaedics – Ward care,,Inpatient falls on orthopaedic wards,NICE falls guidance,Falls at night,Enhanced observation,"recurring topic, not individually linked",,,,,,,,,,,,,,,Audit injury from falls,,,,,,,,,,
909,orthopaedic,Orthopaedics – Ward care,,Delirium screening on orthopaedic wards,NICE delirium guidance,Not screened,4AT,"recurring topic, not individually linked",,,,,,,,,,,,,,,Audit length of stay,,,,,,,,,,
910,orthopaedic,Orthopaedics – Ward care,,Pressure area care in immobile patients,NICE pressure ulcer guidance,Turns not charted,Care bundle,"recurring topic, not individually linked",,,,,,,,,,,,,,,Audit ulcers,,,,,,,,,,
911,orthopaedic,Orthopaedics – Ward care,,Fluid balance charts,Local standard,Incomplete,Chart redesign,"recurring topic, not individually linked",,,,,,,,,,,,,,,Audit kidney injury,,,,,,,,,,
912,orthopaedic,Orthopaedics – Ward care,,Food and fluid intake charts,Nutrition guidance,Not completed,Protected mealtimes,"recurring topic, not individually linked",,,,,,,,,,,,,,,Audit weight loss,,,,,,,,,,
913,orthopaedic,Orthopaedics – Ward care,,Bowel chart and constipation,Local standard,Unrecognised constipation,Chart prompt,"recurring topic, not individually linked",,,,,,,,,,,,,,,Audit delirium,,,,,,,,,,
914,orthopaedic,Orthopaedics – Ward care,,Discharge summary within 24 hours,Local discharge standard,Late summaries,Summary before discharge,"recurring topic, not individually linked",,,,,,,,,,,,,,,Audit GP queries,,,,,,,,,,
915,orthopaedic,Orthopaedics – Ward care,,Discharge summary content quality,Royal College discharge standards,Missing medication changes,Template,"recurring topic, not individually linked",,,,,,,,,,,,,,,Audit readmissions,,,,,,,,,,
916,orthopaedic,Orthopaedics – Ward care,,Estimated date of discharge setting,National flow guidance,Not set,Board rounds,"recurring topic, not individually linked",,,,,,,,,,,,,,,Audit length of stay,,,,,,,,,,
917,orthopaedic,Orthopaedics – Ward care,,Weekend discharges,Local flow standard,Few weekend discharges,Weekend board round,"recurring topic, not individually linked",,,,,,,,,,,,,,,Audit bed occupancy,,,,,,,,,,
918,orthopaedic,Orthopaedics – Ward care,,Medically fit for discharge delays,Local standard,Waiting for care,Discharge to assess,"recurring topic, not individually linked",,,,,,,,,,,,,,,Audit deconditioning,,,,,,,,,,
919,orthopaedic,Orthopaedics – Ward care,,Ward round documentation quality,Royal College ward round guidance,Plans unclear,Structured ward round,"recurring topic, not individually linked",,,,,,,,,,,,,,,Audit tasks completed,,,,,,,,,,
920,orthopaedic,Orthopaedics – Ward care,,Handover of sick patients overnight,Handover guidance,Unwell patients not handed over,Structured handover,"recurring topic, not individually linked",,,,,,,,,,,,,,,Audit deteriorations,,,,,,,,,,
921,orthopaedic,Orthopaedics – Ward care,,Outlier patients on non-orthopaedic wards,Local standard,Outliers missed on ward rounds,Outlier list,"recurring topic, not individually linked",,,,,,,,,,,,,,,Audit missed reviews,,,,,,,,,,
922,orthopaedic,Orthopaedics – Ward care,,Hospital at night task allocation,Local standard,Tasks lost,Electronic tasking,"recurring topic, not individually linked",,,,,,,,,,,,,,,Audit completion times,,,,,,,,,,
923,orthopaedic,Orthopaedics – Ward care,,Blood test requesting frequency,Choosing wisely guidance,Daily bloods without indication,Indication policy,"recurring topic, not individually linked",,,,,,,,,,,,,,,Audit cost,,,,,,,,,,
924,orthopaedic,Orthopaedics – Ward care,,Oxygen prescribing,Oxygen prescribing guidance,Unprescribed,Prescription prompt,"recurring topic, not individually linked",,,,,,,,,,,,,,,Audit saturations,,,,,,,,,,
925,orthopaedic,Orthopaedics – Ward care,,Insulin prescribing errors,Diabetes inpatient guidance,Errors,Chart redesign,"recurring topic, not individually linked",,,,,,,,,,,,,,,Audit hypoglycaemia,,,,,,,,,,
926,orthopaedic,Orthopaedics – Ward care,,Hypoglycaemia management,Diabetes guidance,Treatment delayed,Hypo boxes,"recurring topic, not individually linked",,,,,,,,,,,,,,,Audit recurrence,,,,,,,,,,
927,orthopaedic,Orthopaedics – Ward care,,Anticoagulant prescribing on admission,Medicines safety guidance,Doses wrong,Pharmacist review,"recurring topic, not individually linked",,,,,,,,,,,,,,,Audit bleeding,,,,,,,,,,
928,orthopaedic,Orthopaedics – Ward care,,Opioid prescribing in renal impairment,Prescribing guidance,Morphine in kidney failure,Alternative opioids,"recurring topic, not individually linked",,,,,,,,,,,,,,,Audit toxicity,,,,,,,,,,
929,orthopaedic,Orthopaedics – Ward care,,Paracetamol dosing in low-weight patients,Prescribing guidance,Full dose in low weight,Weight-based dosing,"recurring topic, not individually linked",,,,,,,,,,,,,,,Audit liver tests,,,,,,,,,,
930,orthopaedic,Orthopaedics – Ward care,,Deprivation of liberty safeguards,Mental Capacity Act,Not applied,Screening,"recurring topic, not individually linked",,,,,,,,,,,,,,,Audit applications,,,,,,,,,,
931,orthopaedic,Orthopaedics – Ward care,,Do-not-resuscitate discussions documented,National guidance,Family not informed,Discussion prompt,"recurring topic, not individually linked",,,,,,,,,,,,,,,Audit complaints,,,,,,,,,,
932,orthopaedic,Orthopaedics – Ward care,,Patient information leaflets given,Local standard,Not given,Leaflet packs,"recurring topic, not individually linked",,,,,,,,,,,,,,,Audit patient understanding,,,,,,,,,,
933,orthopaedic,Orthopaedics – Ward care,,Patient-reported experience on orthopaedic wards,Friends and family test,Noise and sleep complaints,Night quiet measures,"recurring topic, not individually linked",,,,,,,,,,,,,,,Audit sleep,,,,,,,,,,
934,orthopaedic,Orthopaedics – Ward care,,Complaints themes in orthopaedics,Local governance,Communication dominates,Communication training,"recurring topic, not individually linked",,,,,,,,,,,,,,,Audit repeat complaints,,,,,,,,,,
935,orthopaedic,Orthopaedics – Ward care,,Incident reporting culture,Patient safety framework,Under-reporting by doctors,Reporting teaching,"recurring topic, not individually linked",,,,,,,,,,,,,,,Audit learning shared,,,,,,,,,,
936,orthopaedic,Orthopaedics – Ward care,,Morbidity and mortality meeting outputs,Royal College guidance,Actions not tracked,Action log,"recurring topic, not individually linked",,,,,,,,,,,,,,,Audit completion,,,,,,,,,,
937,orthopaedic,Orthopaedics – Ward care,,Duty of candour compliance,Regulatory standard,Late or missing letters,Tracking,"recurring topic, not individually linked",,,,,,,,,,,,,,,Audit timeliness,,,,,,,,,,
938,orthopaedic,Orthopaedics – Ward care,,Consent for blood transfusion,National guidance,Undocumented,Consent prompt,"recurring topic, not individually linked",,,,,,,,,,,,,,,Audit compliance,,,,,,,,,,
939,orthopaedic,Orthopaedics – Bone health,,Fracture liaison service capture,Royal Osteoporosis Society standards,Non-hip fragility fractures missed,Automated identification,"recurring topic, not individually linked",,,,,,,,,,,,,,,Audit treatment started,,,,,,,,,,
940,orthopaedic,Orthopaedics – Bone health,,Vitamin D before bisphosphonate,Osteoporosis guidance,Not checked,Prompt,"recurring topic, not individually linked",,,,,,,,,,,,,,,Audit hypocalcaemia,,,,,,,,,,
941,orthopaedic,Orthopaedics – Bone health,,Osteoporosis treatment adherence at a year,Osteoporosis guidance,Poor adherence,Follow-up call,"recurring topic, not individually linked",,,,,,,,,,,,,,,Audit refracture,,,,,,,,,,
942,orthopaedic,Orthopaedics – Bone health,,Vertebral fracture identification on imaging,Osteoporosis guidance,Reported but not acted on,Radiology alert,"recurring topic, not individually linked",,,,,,,,,,,,,,,Audit referrals,,,,,,,,,,
943,orthopaedic,Orthopaedics – Bone health,,Denosumab discontinuation risk,Regulator guidance,Stopped without follow-on,Transition plan,"recurring topic, not individually linked",,,,,,,,,,,,,,,Audit rebound fractures,,,,,,,,,,
944,orthopaedic,Orthopaedics – Tumour,,Soft tissue lump referral to sarcoma centre,NICE sarcoma guidance,Excised locally without imaging,Two-week pathway,"recurring topic, not individually linked",,,,,,,,,,,,,,,Audit unplanned excisions,,,,,,,,,,
945,orthopaedic,Orthopaedics – Tumour,,Bone lesion referral before biopsy,Sarcoma guidance,Biopsied locally,Refer-first policy,"recurring topic, not individually linked",,,,,,,,,,,,,,,Audit contaminated biopsy tracts,,,,,,,,,,
946,orthopaedic,Orthopaedics – Tumour,,Myeloma screening in unexplained bone pain,NICE guidance,Missed,Blood test prompt,"recurring topic, not individually linked",,,,,,,,,,,,,,,Audit diagnostic delay,,,,,,,,,,
947,orthopaedic,Orthopaedics – Tumour,,Pathological fracture risk scoring,Mirels scoring,Not used,Scoring prompt,"recurring topic, not individually linked",,,,,,,,,,,,,,,Audit prophylactic fixation,,,,,,,,,,
948,orthopaedic,Orthopaedics – Training,,Trainee operative exposure against curriculum,Training curriculum,Gaps in key procedures,Allocation to lists,"recurring topic, not individually linked",,,,,,,,,,,,,,,Audit logbooks,,,,,,,,,,
949,orthopaedic,Orthopaedics – Training,,Teaching attendance on rotation,Deanery standards,Attendance lost to rota,Protected time,"recurring topic, not individually linked",,,,,,,,,,,,,,,Audit exam success,,,,,,,,,,
950,orthopaedic,Orthopaedics – Training,,Workplace-based assessments completion,Curriculum standards,Last-minute completion,Scheduled assessments,"recurring topic, not individually linked",,,,,,,,,,,,,,,Audit feedback quality,,,,,,,,,,
951,orthopaedic,Orthopaedics – Training,,Induction effectiveness for rotating doctors,Deanery standards,Missing key information,Induction handbook,"recurring topic, not individually linked",,,,,,,,,,,,,,,Audit first-week incidents,,,,,,,,,,
952,orthopaedic,Orthopaedics – Training,,Rota gaps and locum use,Workforce guidance,Frequent gaps,Rota redesign,"recurring topic, not individually linked",,,,,,,,,,,,,,,Audit safety incidents,,,,,,,,,,
953,orthopaedic,Orthopaedics – Training,,Consultant presence on post-take ward round,Royal College guidance,Delayed,Timed ward rounds,"recurring topic, not individually linked",,,,,,,,,,,,,,,Audit decisions,,,,,,,,,,
954,orthopaedic,Orthopaedics – Governance,,Audit registration before starting,Trust audit policy,Unregistered projects,Registration requirement,"recurring topic, not individually linked",,,,,,,,,,,,,,,Audit completion,,,,,,,,,,
955,orthopaedic,Orthopaedics – Governance,,Re-audit completion rates,Audit cycle standard,Few re-audits,Register with dates,"recurring topic, not individually linked",,,,,,,,,,,,,,,Audit handover at rotation,,,,,,,,,,
956,orthopaedic,Orthopaedics – Governance,,NICE guidance compliance in orthopaedics,NICE implementation,Assessments incomplete,Guidance tracker,"recurring topic, not individually linked",,,,,,,,,,,,,,,Audit gaps,,,,,,,,,,
957,orthopaedic,Orthopaedics – Governance,,Clinical coding accuracy for orthopaedic procedures,Coding standards,Complications uncoded,Coder review,"recurring topic, not individually linked",,,,,,,,,,,,,,,Audit income,,,,,,,,,,
958,orthopaedic,Orthopaedics – Governance,,Data quality in the hip fracture database,National database,Missing fields,Data clerk,"recurring topic, not individually linked",,,,,,,,,,,,,,,Audit completeness,,,,,,,,,,
959,orthopaedic,Orthopaedics – Governance,,Consent form version and expiry,Consent policy,Old forms used,Form control,"recurring topic, not individually linked",,,,,,,,,,,,,,,Audit compliance,,,,,,,,,,
960,orthopaedic,Orthopaedics – Governance,,Patient confidentiality in handover lists,Information governance,Lists left around,Disposal process,"recurring topic, not individually linked",,,,,,,,,,,,,,,Audit breaches,,,,,,,,,,
961,orthopaedic,Orthopaedics – Governance,,Litigation themes in orthopaedics,NHS Resolution data,Missed fractures and nerve injury,Targeted teaching,"recurring topic, not individually linked",,,,,,,,,,,,,,,Audit repeat themes,,,,,,,,,,
962,orthopaedic,Orthopaedics – Governance,,Never events review in orthopaedics,National never events framework,Wrong-site and wrong-implant events,Implant check,"recurring topic, not individually linked",,,,,,,,,,,,,,,Audit near misses,,,,,,,,,,
963,orthopaedic,Orthopaedics – Governance,,Wrong implant near misses,Local safety standard,Size and side mismatch,Two-person check,"recurring topic, not individually linked",,,,,,,,,,,,,,,Audit events,,,,,,,,,,
964,orthopaedic,Orthopaedics – Foot and ankle,,Ankle fracture follow-up x-ray frequency,Imaging guidance,Weekly films in stable fractures,Reduced imaging schedule,"recurring topic, not individually linked",,,,,,,,,,,,,,,Audit displacement found,,,,,,,,,,
965,orthopaedic,Orthopaedics – Foot and ankle,,Weber B ankle fractures managed in a boot,Evidence on stable fractures,Casted unnecessarily,Boot and early weight bearing,"recurring topic, not individually linked",,,,,,,,,,,,,,,Audit function,,,,,,,,,,
966,orthopaedic,Orthopaedics – Foot and ankle,,Ankle fracture fixation in diabetics,Local guidance,Wound and fixation complications,Enhanced fixation and offloading,"recurring topic, not individually linked",,,,,,,,,,,,,,,Audit complications,,,,,,,,,,
967,orthopaedic,Orthopaedics – Foot and ankle,,Ankle fracture fixation in older osteoporotic patients,Evidence on fixation,Fixation failure,Hindfoot nail option,"recurring topic, not individually linked",,,,,,,,,,,,,,,Audit mobility,,,,,,,,,,
968,orthopaedic,Orthopaedics – Foot and ankle,,Posterior malleolus CT assessment,Evidence on fragment size,CT inconsistent,CT criteria,"recurring topic, not individually linked",,,,,,,,,,,,,,,Audit fixation change,,,,,,,,,,
969,orthopaedic,Orthopaedics – Foot and ankle,,Pilon fracture staged management,Trauma guidance,Early fixation with wound problems,Span-scan-plan,"recurring topic, not individually linked",,,,,,,,,,,,,,,Audit wound complications,,,,,,,,,,
970,orthopaedic,Orthopaedics – Foot and ankle,,Talus fracture time to reduction,Trauma guidance,Delays,Urgent pathway,"recurring topic, not individually linked",,,,,,,,,,,,,,,Audit avascular necrosis,,,,,,,,,,
971,orthopaedic,Orthopaedics – Foot and ankle,,Fifth metatarsal Jones fracture management,Evidence on non-union,Treated like avulsions,Distinct pathway,"recurring topic, not individually linked",,,,,,,,,,,,,,,Audit non-union,,,,,,,,,,
972,orthopaedic,Orthopaedics – Foot and ankle,,Toe fracture follow-up,Evidence on simple care,Clinic follow-up,Discharge with advice,"recurring topic, not individually linked",,,,,,,,,,,,,,,Audit returns,,,,,,,,,,
973,orthopaedic,Orthopaedics – Foot and ankle,,Diabetic foot ulcer offloading,NICE diabetic foot guidance,Offloading not provided,Total contact cast service,"recurring topic, not individually linked",,,,,,,,,,,,,,,Audit healing time,,,,,,,,,,
974,orthopaedic,Orthopaedics – Foot and ankle,,Diabetic foot amputation level and timing,NICE diabetic foot guidance,Late decisions,MDT,"recurring topic, not individually linked",,,,,,,,,,,,,,,Audit re-amputation,,,,,,,,,,
975,orthopaedic,Orthopaedics – Foot and ankle,,Foot and ankle patient-reported outcomes,Local outcome standard,Not collected,Digital scores,"recurring topic, not individually linked",,,,,,,,,,,,,,,Audit benefit by procedure,,,,,,,,,,
976,orthopaedic,Orthopaedics – Foot and ankle,,Bunion surgery waiting list prioritisation,National prioritisation,Low priority but long waits,Advice and footwear,"recurring topic, not individually linked",,,,,,,,,,,,,,,Audit deterioration,,,,,,,,,,
977,orthopaedic,Orthopaedics – Foot and ankle,,First toe joint arthritis referral criteria,Local commissioning,Prior approval delays,Criteria review,"recurring topic, not individually linked",,,,,,,,,,,,,,,Audit time to surgery,,,,,,,,,,
978,orthopaedic,Orthopaedics – Foot and ankle,,Achilles tendinopathy injection,Evidence against steroid,Steroid injections given,Physio first,"recurring topic, not individually linked",,,,,,,,,,,,,,,Audit rupture,,,,,,,,,,
979,orthopaedic,Orthopaedics – Foot and ankle,,Ankle sprain management in ED,NICE and Ottawa rules,Over-imaging,Ottawa rules,"recurring topic, not individually linked",,,,,,,,,,,,,,,Audit missed fractures,,,,,,,,,,
980,orthopaedic,Orthopaedics – Foot and ankle,,Ankle ligament reconstruction outcomes,Local outcome standard,Unmeasured,Outcome scores,"recurring topic, not individually linked",,,,,,,,,,,,,,,Audit recurrence,,,,,,,,,,
981,orthopaedic,Orthopaedics – Foot and ankle,,Hallux valgus metalwork removal rates,Local outcome standard,Frequent removal,Implant choice,"recurring topic, not individually linked",,,,,,,,,,,,,,,Audit costs,,,,,,,,,,
982,orthopaedic,Orthopaedics – Foot and ankle,,Foot surgery tourniquet time,Local standard,Long times,Timer,"recurring topic, not individually linked",,,,,,,,,,,,,,,Audit complications,,,,,,,,,,
983,orthopaedic,Orthopaedics – Foot and ankle,,Foot and ankle clinic podiatry triage,Local service standard,Consultant sees non-surgical cases,Podiatry triage,"recurring topic, not individually linked",,,,,,,,,,,,,,,Audit conversion,,,,,,,,,,
984,orthopaedic,Orthopaedics – Trauma,,Hip fracture in patients under 60,Trauma guidance,Fixation delays,Urgent fixation priority,"recurring topic, not individually linked",,,,,,,,,,,,,,,Audit avascular necrosis,,,,,,,,,,
985,orthopaedic,Orthopaedics – Trauma,,Femoral shaft fracture time to fixation,Trauma guidance,Delays,Priority list,"recurring topic, not individually linked",,,,,,,,,,,,,,,Audit fat embolism,,,,,,,,,,
986,orthopaedic,Orthopaedics – Trauma,,Traction for femoral fractures,Evidence on traction,Traction used without benefit,No-traction policy,"recurring topic, not individually linked",,,,,,,,,,,,,,,Audit pain,,,,,,,,,,
987,orthopaedic,Orthopaedics – Trauma,,Tibial shaft fracture nailing,Trauma guidance,Delays,Priority list,"recurring topic, not individually linked",,,,,,,,,,,,,,,Audit compartment syndrome,,,,,,,,,,
988,orthopaedic,Orthopaedics – Trauma,,Humeral shaft fracture brace management,Evidence on non-operative care,Surgery for simple patterns,Brace pathway,"recurring topic, not individually linked",,,,,,,,,,,,,,,Audit non-union,,,,,,,,,,
989,orthopaedic,Orthopaedics – Trauma,,Radial nerve palsy with humeral fracture follow-up,Trauma guidance,Nerve recovery not tracked,Nerve follow-up protocol,"recurring topic, not individually linked",,,,,,,,,,,,,,,Audit recovery,,,,,,,,,,
990,orthopaedic,Orthopaedics – Trauma,,Pelvic fracture in older patients mobilisation,Fragility fracture guidance,Bed rest,Early mobilisation,"recurring topic, not individually linked",,,,,,,,,,,,,,,Audit complications,,,,,,,,,,
991,orthopaedic,Orthopaedics – Trauma,,Acetabular fracture transfer to specialist centre,Network standards,Delays,Network pathway,"recurring topic, not individually linked",,,,,,,,,,,,,,,Audit time to surgery,,,,,,,,,,
992,orthopaedic,Orthopaedics – Trauma,,Major trauma rehabilitation prescription,Major trauma standards,Not completed,Prescription at discharge,"recurring topic, not individually linked",,,,,,,,,,,,,,,Audit rehab access,,,,,,,,,,
993,orthopaedic,Orthopaedics – Trauma,,Polytrauma thromboprophylaxis timing,Trauma guidance,Delayed,Protocol,"recurring topic, not individually linked",,,,,,,,,,,,,,,Audit clots,,,,,,,,,,
994,orthopaedic,Orthopaedics – Trauma,,Gunshot and knife injury documentation,Forensic guidance,Poor documentation,Proforma,"recurring topic, not individually linked",,,,,,,,,,,,,,,Audit completeness,,,,,,,,,,
995,orthopaedic,Orthopaedics – Trauma,,Dog bite wound management,Local guidance,Antibiotics inconsistent,Protocol,"recurring topic, not individually linked",,,,,,,,,,,,,,,Audit infection,,,,,,,,,,
996,orthopaedic,Orthopaedics – Trauma,,Nail bed injury repair location,Local guidance,Theatre used unnecessarily,Procedure room,"recurring topic, not individually linked",,,,,,,,,,,,,,,Audit outcomes,,,,,,,,,,
997,orthopaedic,Orthopaedics – Trauma,,Wrist fracture in children remanipulation,Evidence on remodelling,Unnecessary remanipulation,Acceptance criteria,"recurring topic, not individually linked",,,,,,,,,,,,,,,Audit outcomes,,,,,,,,,,
998,orthopaedic,Orthopaedics – Arthroplasty,,Hip and knee replacement outcome by surgeon volume,Registry evidence,Low-volume surgeons,Volume thresholds,"recurring topic, not individually linked",,,,,,,,,,,,,,,Audit revision,,,,,,,,,,
999,orthopaedic,Orthopaedics – Arthroplasty,,Robotic knee replacement outcomes,Local evaluation standard,New technology without evaluation,Structured evaluation,"recurring topic, not individually linked",,,,,,,,,,,,,,,Audit cost per case,,,,,,,,,,
1000,orthopaedic,Orthopaedics – Arthroplasty,,Post-operative haemoglobin checks,Blood management guidance,Routine checks unnecessary,Indication policy,"recurring topic, not individually linked",,,,,,,,,,,,,,,Audit transfusion,,,,,,,,,,
1001,orthopaedic,Orthopaedics – Arthroplasty,,Knee replacement tourniquet use,Evidence on tourniquet,Routine use,Selective use,"recurring topic, not individually linked",,,,,,,,,,,,,,,Audit pain,,,,,,,,,,
1002,orthopaedic,Orthopaedics – Arthroplasty,,Hip replacement approach and dislocation,Registry evidence,Variation,Surgeon feedback,"recurring topic, not individually linked",,,,,,,,,,,,,,,Audit dislocation,,,,,,,,,,
1003,orthopaedic,Orthopaedics – Arthroplasty,,Periprosthetic knee fracture management,BOA periprosthetic guidance,Delays,Network pathway,"recurring topic, not individually linked",,,,,,,,,,,,,,,Audit outcomes,,,,,,,,,,
1004,orthopaedic,Orthopaedics – Arthroplasty,,Joint replacement in patients on steroids and biologics,Rheumatology guidance,Drugs not held appropriately,Protocol,"recurring topic, not individually linked",,,,,,,,,,,,,,,Audit infection,,,,,,,,,,
1005,orthopaedic,Orthopaedics – Arthroplasty,,Hospital-acquired pneumonia after joint replacement,Local standard,Cases linked to immobility,Early mobilisation,"recurring topic, not individually linked",,,,,,,,,,,,,,,Audit rates,,,,,,,,,,
1006,orthopaedic,Orthopaedics – Arthroplasty,,Anaesthetic choice in joint replacement,NICE guidance,General anaesthetic used without reason,Spinal default,"recurring topic, not individually linked",,,,,,,,,,,,,,,Audit delirium,,,,,,,,,,
1007,orthopaedic,Orthopaedics – Arthroplasty,,Patient education class attendance,Enhanced recovery,Low attendance,Online class,"recurring topic, not individually linked",,,,,,,,,,,,,,,Audit length of stay,,,,,,,,,,
1008,orthopaedic,Orthopaedics – Sustainability,,Carbon footprint of a standard orthopaedic procedure,NHS net zero guidance,Largest share from single-use items and anaesthetic gases,Targeted switches,"recurring topic, not individually linked",,,,,,,,,,,,,,,Audit carbon after changes,,,,,,,,,,
1009,orthopaedic,Orthopaedics – Sustainability,,Paper use in orthopaedic clinics,Net zero guidance,Paper letters and forms,Digital correspondence,"recurring topic, not individually linked",,,,,,,,,,,,,,,Audit paper saved,,,,,,,,,,
1010,orthopaedic,Orthopaedics – Sustainability,,Plaster and cast material waste,Net zero guidance,Excess material,Standard sizes,"recurring topic, not individually linked",,,,,,,,,,,,,,,Audit cost,,,,,,,,,,
1011,orthopaedic,Orthopaedics – Sustainability,,Patient travel for follow-up,Net zero guidance,Travel for unnecessary visits,Virtual follow-up,"recurring topic, not individually linked",,,,,,,,,,,,,,,Audit miles saved,,,,,,,,,,
1012,orthopaedic,Orthopaedics – Sustainability,,Unused medicines at discharge,Net zero and medicines guidance,Waste,Patient's own drugs,"recurring topic, not individually linked",,,,,,,,,,,,,,,Audit waste cost,,,,,,,,,,
1013,orthopaedic,Orthopaedics – Digital,,Electronic observation adoption on orthopaedic wards,Digital standards,Paper observations persist,Device roll-out,"recurring topic, not individually linked",,,,,,,,,,,,,,,Audit escalation timeliness,,,,,,,,,,
1014,orthopaedic,Orthopaedics – Digital,,Electronic operation note adoption,Digital standards,Mixed paper and electronic,Mandatory electronic note,"recurring topic, not individually linked",,,,,,,,,,,,,,,Audit completeness,,,,,,,,,,
1015,orthopaedic,Orthopaedics – Digital,,Photograph consent and storage for wounds,Information governance,Personal phones used,Trust-approved app,"recurring topic, not individually linked",,,,,,,,,,,,,,,Audit breaches,,,,,,,,,,
1016,orthopaedic,Orthopaedics – Digital,,Remote monitoring after joint replacement,Local evaluation,Uptake low,Onboarding,"recurring topic, not individually linked",,,,,,,,,,,,,,,Audit readmissions,,,,,,,,,,
1017,orthopaedic,Orthopaedics – Equity,,Access to joint replacement by deprivation,Health inequalities guidance,Lower rates in deprived areas,Targeted referral support,"recurring topic, not individually linked",,,,,,,,,,,,,,,Audit waits by deprivation,,,,,,,,,,
1018,orthopaedic,Orthopaedics – Equity,,Interpreter use for orthopaedic consent,Equality guidance,Relatives interpret,Professional interpreters,"recurring topic, not individually linked",,,,,,,,,,,,,,,Audit consent quality,,,,,,,,,,
1019,orthopaedic,Orthopaedics – Equity,,Learning disability reasonable adjustments in orthopaedics,Equality guidance,Adjustments not recorded,Flag and plan,"recurring topic, not individually linked",,,,,,,,,,,,,,,Audit cancellations,,,,,,,,,,
1020,orthopaedic,Orthopaedics – Equity,,Did-not-attend by deprivation,Health inequalities guidance,Higher DNA in deprived areas,Transport and reminders,"recurring topic, not individually linked",,,,,,,,,,,,,,,Audit attendance,,,,,,,,,,
1021,orthopaedic,Orthopaedics – Equity,,Waiting list harm in long waiters,National guidance,Deterioration unrecorded,Harm review,"recurring topic, not individually linked",,,,,,,,,,,,,,,Audit prioritisation,,,,,,,,,,
1022,orthopaedic,Orthopaedics – Patient experience,,Pre-operative information and anxiety,Patient experience standards,Patients unprepared,Information pack,"recurring topic, not individually linked",,,,,,,,,,,,,,,Audit satisfaction,,,,,,,,,,
1023,orthopaedic,Orthopaedics – Patient experience,,Post-discharge phone call after day surgery,Day surgery standards,No follow-up call,Nurse call,"recurring topic, not individually linked",,,,,,,,,,,,,,,Audit readmissions,,,,,,,,,,
1024,orthopaedic,Orthopaedics – Patient experience,,Pain at home after day surgery,Day surgery standards,Poor pain control,Take-home analgesia packs,"recurring topic, not individually linked",,,,,,,,,,,,,,,Audit calls,,,,,,,,,,
1025,orthopaedic,Orthopaedics – Patient experience,,Sleep disturbance on orthopaedic wards,Patient experience,Night noise,Quiet hours,"recurring topic, not individually linked",,,,,,,,,,,,,,,Audit delirium,,,,,,,,,,
1026,orthopaedic,Orthopaedics – Patient experience,,Patient understanding of consent,Consent guidance,Poor recall of risks,Written information,"recurring topic, not individually linked",,,,,,,,,,,,,,,Audit recall,,,,,,,,,,
1027,orthopaedic,Orthopaedics – Trauma,,Immediate reduction of deformed ankle fracture-dislocations,BOA ankle fracture standard,Reduction waits for x-ray,Reduce-then-image for clinically deformed ankles,"recurring topic, not individually linked",,,,,,,,,,,,,,,Audit skin complications,,,,,,,,,,
1028,orthopaedic,Orthopaedics – Trauma,,Check film after ankle reduction and backslab,BOA ankle fracture standard,Films not taken or not reviewed,Mandatory check film,"recurring topic, not individually linked",,,,,,,,,,,,,,,Audit loss of reduction,,,,,,,,,,
1029,orthopaedic,Orthopaedics – Paediatrics,,Supracondylar fractures operated overnight versus next morning,BOA supracondylar standard,Stable cases operated at night,Morning list if perfused and stable,"recurring topic, not individually linked",,,,,,,,,,,,,,,Audit outcomes by timing,,,,,,,,,,
1030,orthopaedic,Orthopaedics – Trauma,,Ready-for-theatre flag on the trauma list,Local standard,"Unfit patients booked, fit patients waiting",Fitness flag agreed with anaesthetics,"recurring topic, not individually linked",,,,,,,,,,,,,,,Audit list cancellations,,,,,,,,,,
1031,orthopaedic,Orthopaedics – Hand,,Scaphoid clinic review within two weeks of suspected injury,National scaphoid guidance,Patients lost between ED and clinic,Direct booking,"recurring topic, not individually linked",,,,,,,,,,,,,,,Audit missed fractures,,,,,,,,,,
1032,orthopaedic,Orthopaedics – Outpatients,,Plaster room waiting times,Local standard,Long waits in fracture clinic,Separate plaster flow,"recurring topic, not individually linked",,,,,,,,,,,,,,,Audit clinic overruns,,,,,,,,,,
1033,orthopaedic,Orthopaedics – Perioperative,,Restarting anticoagulants after surgery documented,Haematology guidance,Restart date not written,Op note field,"recurring topic, not individually linked",,,,,,,,,,,,,,,Audit clots and bleeds,,,,,,,,,,
1034,orthopaedic,Orthopaedics – Governance,,Audit topics repeated without change,Audit cycle standard,The same documentation audit rerun every rotation,Register and require a new intervention,"recurring topic, not individually linked",,,,,,,,,,,,,,,Audit the intervention not the documentation,,,,,,,,,,
1035,non-orthopaedic,General surgery,,Prophylactic antibiotics in colorectal surgery,,,,"completed, results not published",https://www.mtw.nhs.uk/wp-content/uploads/2024/01/Urology-and-General-Surgery.150124.pdf,,,,,,,,,,,,,,,,,,,,,,,,
1036,non-orthopaedic,General surgery,,Surveillance after colorectal cancer,,,,"completed, results not published",https://www.mtw.nhs.uk/wp-content/uploads/2024/01/Urology-and-General-Surgery.150124.pdf,,,,,,,,,,,,,,,,,,,,,,,,
1037,non-orthopaedic,General surgery,,Patient satisfaction with rectal irrigation for pelvic floor patients,,,,"completed, results not published",https://www.mtw.nhs.uk/wp-content/uploads/2024/01/Urology-and-General-Surgery.150124.pdf,,,,,,,,,,,,,,,,,,,,,,,,
1038,non-orthopaedic,General surgery,,Colorectal enhanced recovery after surgery,,,,"completed, results not published",https://www.mtw.nhs.uk/wp-content/uploads/2024/01/Urology-and-General-Surgery.150124.pdf,,,,,,,,,,,,,,,,,,,,,,,,
1039,non-orthopaedic,General surgery,,Extended 28-day clot prevention after major abdominal and thoracic surgery,,,,"completed, results not published",https://www.mtw.nhs.uk/wp-content/uploads/2024/01/Urology-and-General-Surgery.150124.pdf,,,,,,,,,,,,,,,,,,,,,,,,
1040,non-orthopaedic,General surgery,,"Clot prevention and anti-embolism stockings in surgical patients (re-audited repeatedly, 2012 to 2020)",,,,"completed, results not published",https://www.mtw.nhs.uk/wp-content/uploads/2024/01/Urology-and-General-Surgery.150124.pdf,,,,,,,,,,,,,,,,,,,,,,,,
1041,non-orthopaedic,General surgery,,Referral pathway to a tertiary centre for liver and pancreatic cancer,,,,"completed, results not published",https://www.mtw.nhs.uk/wp-content/uploads/2024/01/Urology-and-General-Surgery.150124.pdf,,,,,,,,,,,,,,,,,,,,,,,,
1042,non-orthopaedic,General surgery,,Cholecystostomy tubes in acute cholecystitis,,,,"completed, results not published",https://www.mtw.nhs.uk/wp-content/uploads/2024/01/Urology-and-General-Surgery.150124.pdf,,,,,,,,,,,,,,,,,,,,,,,,
1043,non-orthopaedic,General surgery,,Nurse-led telephone follow-up for pancreatic cancer patients,,,,"completed, results not published",https://www.mtw.nhs.uk/wp-content/uploads/2024/01/Urology-and-General-Surgery.150124.pdf,,,,,,,,,,,,,,,,,,,,,,,,
1044,non-orthopaedic,General surgery,,Patient satisfaction after oesophago-gastric resection,,,,"completed, results not published",https://www.mtw.nhs.uk/wp-content/uploads/2024/01/Urology-and-General-Surgery.150124.pdf,,,,,,,,,,,,,,,,,,,,,,,,
1045,non-orthopaedic,General surgery,,Extended clot prevention in cancer patients after major abdominal surgery (re-audited repeatedly),,,,"completed, results not published",https://www.mtw.nhs.uk/wp-content/uploads/2024/01/Urology-and-General-Surgery.150124.pdf,,,,,,,,,,,,,,,,,,,,,,,,
1046,non-orthopaedic,Urology,,Visiting lithotripsy service,,,,"completed, results not published",https://www.mtw.nhs.uk/wp-content/uploads/2024/01/Urology-and-General-Surgery.150124.pdf,,,,,,,,,,,,,,,,,,,,,,,,
1047,non-orthopaedic,Urology,,Mitomycin use in bladder tumours,,,,"completed, results not published",https://www.mtw.nhs.uk/wp-content/uploads/2024/01/Urology-and-General-Surgery.150124.pdf,,,,,,,,,,,,,,,,,,,,,,,,
1048,non-orthopaedic,Urology,,Renal mass pathway (re-audit),,,,"completed, results not published",https://www.mtw.nhs.uk/wp-content/uploads/2024/01/Urology-and-General-Surgery.150124.pdf,,,,,,,,,,,,,,,,,,,,,,,,
1049,non-orthopaedic,General surgery,,Endoscopy patient satisfaction,,,,"completed, results not published",https://www.mtw.nhs.uk/wp-content/uploads/2024/01/Urology-and-General-Surgery.150124.pdf,,,,,,,,,,,,,,,,,,,,,,,,
1050,non-orthopaedic,General surgery,,Pre-operative fasting in emergency surgical patients (re-audit),,,,"completed, results not published",https://www.mtw.nhs.uk/wp-content/uploads/2024/01/Urology-and-General-Surgery.150124.pdf,,,,,,,,,,,,,,,,,,,,,,,,
1051,non-orthopaedic,General surgery,,IV fluid management in surgical patients against NICE,,,,"completed, results not published",https://www.mtw.nhs.uk/wp-content/uploads/2024/01/Urology-and-General-Surgery.150124.pdf,,,,,,,,,,,,,,,,,,,,,,,,
1052,non-orthopaedic,General surgery,,Pathway timescales for upper GI cancer with neoadjuvant chemotherapy,,,,"completed, results not published",https://www.mtw.nhs.uk/wp-content/uploads/2024/01/Urology-and-General-Surgery.150124.pdf,,,,,,,,,,,,,,,,,,,,,,,,
1053,non-orthopaedic,General surgery,,Gallstone pancreatitis management (re-audited),,,,"completed, results not published",https://www.mtw.nhs.uk/wp-content/uploads/2024/01/Urology-and-General-Surgery.150124.pdf,,,,,,,,,,,,,,,,,,,,,,,,
1054,non-orthopaedic,General surgery,,Oesophagectomy and gastrectomy quality-of-life outcomes,,,,"completed, results not published",https://www.mtw.nhs.uk/wp-content/uploads/2024/01/Urology-and-General-Surgery.150124.pdf,,,,,,,,,,,,,,,,,,,,,,,,
1055,non-orthopaedic,General surgery,,Benign upper GI surgery review,,,,"completed, results not published",https://www.mtw.nhs.uk/wp-content/uploads/2024/01/Urology-and-General-Surgery.150124.pdf,,,,,,,,,,,,,,,,,,,,,,,,
1056,non-orthopaedic,Urology,,Accuracy of MRI for clinically significant prostate cancer (re-audited),,,,"completed, results not published",https://www.mtw.nhs.uk/wp-content/uploads/2024/01/Urology-and-General-Surgery.150124.pdf,,,,,,,,,,,,,,,,,,,,,,,,
1057,non-orthopaedic,Urology,,Vacuum erectile device clinic after prostatectomy,,,,"completed, results not published",https://www.mtw.nhs.uk/wp-content/uploads/2024/01/Urology-and-General-Surgery.150124.pdf,,,,,,,,,,,,,,,,,,,,,,,,
1058,non-orthopaedic,General surgery,,Clinical effectiveness of emergency surgical services,,,,"completed, results not published",https://www.mtw.nhs.uk/wp-content/uploads/2024/01/Urology-and-General-Surgery.150124.pdf,,,,,,,,,,,,,,,,,,,,,,,,
1059,non-orthopaedic,General surgery,,"Surgical discharge notification quality (closed loop, re-audited)",,,,"completed, results not published",https://www.mtw.nhs.uk/wp-content/uploads/2024/01/Urology-and-General-Surgery.150124.pdf,,,,,,,,,,,,,,,,,,,,,,,,
1060,non-orthopaedic,General surgery,,Bowel screening time from clinic to procedure for complex patients,,,,"completed, results not published",https://www.mtw.nhs.uk/wp-content/uploads/2024/01/Urology-and-General-Surgery.150124.pdf,,,,,,,,,,,,,,,,,,,,,,,,
1061,non-orthopaedic,General surgery,,Barrett's oesophagus classification and surveillance (re-audited),,,,"completed, results not published",https://www.mtw.nhs.uk/wp-content/uploads/2024/01/Urology-and-General-Surgery.150124.pdf,,,,,,,,,,,,,,,,,,,,,,,,
1062,non-orthopaedic,General surgery,,Readmissions after cholecystectomy,,,,"completed, results not published",https://www.mtw.nhs.uk/wp-content/uploads/2024/01/Urology-and-General-Surgery.150124.pdf,,,,,,,,,,,,,,,,,,,,,,,,
1063,non-orthopaedic,General surgery,,Emergency laparoscopic cholecystectomy on emergency lists (re-audit),,,,"completed, results not published",https://www.mtw.nhs.uk/wp-content/uploads/2024/01/Urology-and-General-Surgery.150124.pdf,,,,,,,,,,,,,,,,,,,,,,,,
1064,non-orthopaedic,General surgery,,Follow-up after diverticulitis,,,,"completed, results not published",https://www.mtw.nhs.uk/wp-content/uploads/2024/01/Urology-and-General-Surgery.150124.pdf,,,,,,,,,,,,,,,,,,,,,,,,
1065,non-orthopaedic,General surgery,,Intestinal biopsy at endoscopy for diarrhoea,,,,"completed, results not published",https://www.mtw.nhs.uk/wp-content/uploads/2024/01/Urology-and-General-Surgery.150124.pdf,,,,,,,,,,,,,,,,,,,,,,,,
1066,non-orthopaedic,General surgery,,Length of stay after laparoscopic fundoplication (re-audited),,,,"completed, results not published",https://www.mtw.nhs.uk/wp-content/uploads/2024/01/Urology-and-General-Surgery.150124.pdf,,,,,,,,,,,,,,,,,,,,,,,,
1067,non-orthopaedic,General surgery,,Outcomes after kidney injury in surgery,,,,"completed, results not published",https://www.mtw.nhs.uk/wp-content/uploads/2024/01/Urology-and-General-Surgery.150124.pdf,,,,,,,,,,,,,,,,,,,,,,,,
1068,non-orthopaedic,General surgery,,Inter-hospital surgical patient transfers,,,,"completed, results not published",https://www.mtw.nhs.uk/wp-content/uploads/2024/01/Urology-and-General-Surgery.150124.pdf,,,,,,,,,,,,,,,,,,,,,,,,
1069,non-orthopaedic,General surgery,,Time from request to inpatient MRCP,,,,"completed, results not published",https://www.mtw.nhs.uk/wp-content/uploads/2024/01/Urology-and-General-Surgery.150124.pdf,,,,,,,,,,,,,,,,,,,,,,,,
1070,non-orthopaedic,General surgery,,Colorectal cancer follow-up across a cancer network,,,,"completed, results not published",https://www.mtw.nhs.uk/wp-content/uploads/2024/01/Urology-and-General-Surgery.150124.pdf,,,,,,,,,,,,,,,,,,,,,,,,
1071,non-orthopaedic,General surgery,,Closure of intestinal stomas,,,,"completed, results not published",https://www.mtw.nhs.uk/wp-content/uploads/2024/01/Urology-and-General-Surgery.150124.pdf,,,,,,,,,,,,,,,,,,,,,,,,
1072,non-orthopaedic,General surgery,,Junior doctor confirmation of nasogastric tube position (re-audited),,,,"completed, results not published",https://www.mtw.nhs.uk/wp-content/uploads/2024/01/Urology-and-General-Surgery.150124.pdf,,,,,,,,,,,,,,,,,,,,,,,,
1073,non-orthopaedic,General surgery,,Quality of surgical handovers (re-audited),,,,"completed, results not published",https://www.mtw.nhs.uk/wp-content/uploads/2024/01/Urology-and-General-Surgery.150124.pdf,,,,,,,,,,,,,,,,,,,,,,,,
1074,non-orthopaedic,General surgery,,Management of acute pancreatitis,,,,"completed, results not published",https://www.mtw.nhs.uk/wp-content/uploads/2024/01/Urology-and-General-Surgery.150124.pdf,,,,,,,,,,,,,,,,,,,,,,,,
1075,non-orthopaedic,General surgery,,Two-week-wait gastroscopy review,,,,"completed, results not published",https://www.mtw.nhs.uk/wp-content/uploads/2024/01/Urology-and-General-Surgery.150124.pdf,,,,,,,,,,,,,,,,,,,,,,,,
1076,non-orthopaedic,General surgery,,Time from admission with gallstone disease to surgery,,,,"completed, results not published",https://www.mtw.nhs.uk/wp-content/uploads/2024/01/Urology-and-General-Surgery.150124.pdf,,,,,,,,,,,,,,,,,,,,,,,,
1077,non-orthopaedic,General surgery,,Pre-operative clotting screen and group and save before elective cholecystectomy (re-audited),,,,"completed, results not published",https://www.mtw.nhs.uk/wp-content/uploads/2024/01/Urology-and-General-Surgery.150124.pdf,,,,,,,,,,,,,,,,,,,,,,,,
1078,non-orthopaedic,General surgery,,Antibiotic use in general surgery (re-audit),,,,"completed, results not published",https://www.mtw.nhs.uk/wp-content/uploads/2024/01/Urology-and-General-Surgery.150124.pdf,,,,,,,,,,,,,,,,,,,,,,,,
1079,non-orthopaedic,General surgery,,Follow-up investigations after benign two-week-wait gastroscopy,,,,"completed, results not published",https://www.mtw.nhs.uk/wp-content/uploads/2024/01/Urology-and-General-Surgery.150124.pdf,,,,,,,,,,,,,,,,,,,,,,,,
1080,non-orthopaedic,General surgery,,Risks documented on consent for laparoscopic cholecystectomy (four rounds),,,,"completed, results not published",https://www.mtw.nhs.uk/wp-content/uploads/2024/01/Urology-and-General-Surgery.150124.pdf,,,,,,,,,,,,,,,,,,,,,,,,
1081,non-orthopaedic,General surgery,,Risks documented on consent for open inguinal hernia repair (three rounds),,,,"completed, results not published",https://www.mtw.nhs.uk/wp-content/uploads/2024/01/Urology-and-General-Surgery.150124.pdf,,,,,,,,,,,,,,,,,,,,,,,,
1082,non-orthopaedic,Urology,,Intravesical botox outcomes,,,,"completed, results not published",https://www.mtw.nhs.uk/wp-content/uploads/2024/01/Urology-and-General-Surgery.150124.pdf,,,,,,,,,,,,,,,,,,,,,,,,
1083,non-orthopaedic,Urology,,Emergency care pathway for urology patients,,,,"completed, results not published",https://www.mtw.nhs.uk/wp-content/uploads/2024/01/Urology-and-General-Surgery.150124.pdf,,,,,,,,,,,,,,,,,,,,,,,,
1084,non-orthopaedic,General surgery,,Surgical recurrence in Crohn's disease,,,,"completed, results not published",https://www.mtw.nhs.uk/wp-content/uploads/2024/01/Urology-and-General-Surgery.150124.pdf,,,,,,,,,,,,,,,,,,,,,,,,
1085,non-orthopaedic,General surgery,,Bowel preparation for colonoscopy,,,,"completed, results not published",https://www.mtw.nhs.uk/wp-content/uploads/2024/01/Urology-and-General-Surgery.150124.pdf,,,,,,,,,,,,,,,,,,,,,,,,
1086,non-orthopaedic,General surgery,,Efficiency of emergency abscess incision and drainage (three rounds),,,,"completed, results not published",https://www.mtw.nhs.uk/wp-content/uploads/2024/01/Urology-and-General-Surgery.150124.pdf,,,,,,,,,,,,,,,,,,,,,,,,
1087,non-orthopaedic,General surgery,,Missed pre-operative medicines in surgical patients (re-audited),,,,"completed, results not published",https://www.mtw.nhs.uk/wp-content/uploads/2024/01/Urology-and-General-Surgery.150124.pdf,,,,,,,,,,,,,,,,,,,,,,,,
1088,non-orthopaedic,General surgery,,Colonoscopy withdrawal times (closed loop),,,,"completed, results not published",https://www.mtw.nhs.uk/wp-content/uploads/2024/01/Urology-and-General-Surgery.150124.pdf,,,,,,,,,,,,,,,,,,,,,,,,
1089,non-orthopaedic,General surgery,,Labelling of colonoscopy photographs (re-audited),,,,"completed, results not published",https://www.mtw.nhs.uk/wp-content/uploads/2024/01/Urology-and-General-Surgery.150124.pdf,,,,,,,,,,,,,,,,,,,,,,,,
1090,non-orthopaedic,General surgery,,Colonoscopic tattooing (four rounds),,,,"completed, results not published",https://www.mtw.nhs.uk/wp-content/uploads/2024/01/Urology-and-General-Surgery.150124.pdf,,,,,,,,,,,,,,,,,,,,,,,,
1091,non-orthopaedic,General surgery,,Accuracy of tumour site identification at colonoscopy (three rounds),,,,"completed, results not published",https://www.mtw.nhs.uk/wp-content/uploads/2024/01/Urology-and-General-Surgery.150124.pdf,,,,,,,,,,,,,,,,,,,,,,,,
1092,non-orthopaedic,General surgery,,Management of faecal incontinence against NICE,,,,"completed, results not published",https://www.mtw.nhs.uk/wp-content/uploads/2024/01/Urology-and-General-Surgery.150124.pdf,,,,,,,,,,,,,,,,,,,,,,,,
1093,non-orthopaedic,General surgery,,Peri-operative fluid guideline adherence (re-audited),,,,"completed, results not published",https://www.mtw.nhs.uk/wp-content/uploads/2024/01/Urology-and-General-Surgery.150124.pdf,,,,,,,,,,,,,,,,,,,,,,,,
1094,non-orthopaedic,General surgery,,Emergency laparotomy delays from limited night radiology,,,,"completed, results not published",https://www.mtw.nhs.uk/wp-content/uploads/2024/01/Urology-and-General-Surgery.150124.pdf,,,,,,,,,,,,,,,,,,,,,,,,
1095,non-orthopaedic,General surgery,,Enhanced recovery adherence in elective colonic resection,,,,"completed, results not published",https://www.mtw.nhs.uk/wp-content/uploads/2024/01/Urology-and-General-Surgery.150124.pdf,,,,,,,,,,,,,,,,,,,,,,,,
1096,non-orthopaedic,General surgery,,Urology admissions managed by general surgeons,,,,"completed, results not published",https://www.mtw.nhs.uk/wp-content/uploads/2024/01/Urology-and-General-Surgery.150124.pdf,,,,,,,,,,,,,,,,,,,,,,,,
1097,non-orthopaedic,Urology,,"Acute scrotal pain and torsion (re-audited, plus regional paediatric network data)",,,,"completed, results not published",https://www.mtw.nhs.uk/wp-content/uploads/2024/01/Urology-and-General-Surgery.150124.pdf,,,,,,,,,,,,,,,,,,,,,,,,
1098,non-orthopaedic,General surgery,,Hot gallbladder pathway against NICE,,,,"completed, results not published",https://www.mtw.nhs.uk/wp-content/uploads/2024/01/Urology-and-General-Surgery.150124.pdf,,,,,,,,,,,,,,,,,,,,,,,,
1099,non-orthopaedic,General surgery,,Timing of cholecystectomy after percutaneous cholecystostomy,,,,"completed, results not published",https://www.mtw.nhs.uk/wp-content/uploads/2024/01/Urology-and-General-Surgery.150124.pdf,,,,,,,,,,,,,,,,,,,,,,,,
1100,non-orthopaedic,General surgery,,Head injury management under general surgery,,,,"completed, results not published",https://www.mtw.nhs.uk/wp-content/uploads/2024/01/Urology-and-General-Surgery.150124.pdf,,,,,,,,,,,,,,,,,,,,,,,,
1101,non-orthopaedic,General surgery,,Appendicitis management during the pandemic,,,,"completed, results not published",https://www.mtw.nhs.uk/wp-content/uploads/2024/01/Urology-and-General-Surgery.150124.pdf,,,,,,,,,,,,,,,,,,,,,,,,
1102,non-orthopaedic,Urology,,Prostate enucleation techniques in HoLEP,,,,"completed, results not published",https://www.mtw.nhs.uk/wp-content/uploads/2024/01/Urology-and-General-Surgery.150124.pdf,,,,,,,,,,,,,,,,,,,,,,,,
1103,non-orthopaedic,Urology,,Acute management of renal and ureteric stones,,,,"completed, results not published",https://www.mtw.nhs.uk/wp-content/uploads/2024/01/Urology-and-General-Surgery.150124.pdf,,,,,,,,,,,,,,,,,,,,,,,,
1104,non-orthopaedic,General surgery,,Glasgow-Imrie scoring in acute pancreatitis,,,,"completed, results not published",https://www.mtw.nhs.uk/wp-content/uploads/2024/01/Urology-and-General-Surgery.150124.pdf,,,,,,,,,,,,,,,,,,,,,,,,
1105,non-orthopaedic,General surgery,,Written operation notes (re-audited),,,,"completed, results not published",https://www.mtw.nhs.uk/wp-content/uploads/2024/01/Urology-and-General-Surgery.150124.pdf,,,,,,,,,,,,,,,,,,,,,,,,
1106,non-orthopaedic,General surgery,,Electronic operation note template (re-audited),,,,"completed, results not published",https://www.mtw.nhs.uk/wp-content/uploads/2024/01/Urology-and-General-Surgery.150124.pdf,,,,,,,,,,,,,,,,,,,,,,,,
1107,non-orthopaedic,General surgery,,Peri-operative diabetic control,,,,"completed, results not published",https://www.mtw.nhs.uk/wp-content/uploads/2024/01/Urology-and-General-Surgery.150124.pdf,,,,,,,,,,,,,,,,,,,,,,,,
1108,non-orthopaedic,General surgery,,Post-operative CRP requesting (re-audited),,,,"completed, results not published",https://www.mtw.nhs.uk/wp-content/uploads/2024/01/Urology-and-General-Surgery.150124.pdf,,,,,,,,,,,,,,,,,,,,,,,,
1109,non-orthopaedic,General surgery,,Surgical patient list quality (three rounds),,,,"completed, results not published",https://www.mtw.nhs.uk/wp-content/uploads/2024/01/Urology-and-General-Surgery.150124.pdf,,,,,,,,,,,,,,,,,,,,,,,,
1110,non-orthopaedic,General surgery,,Weekend handover of surgical patients,,,,"completed, results not published",https://www.mtw.nhs.uk/wp-content/uploads/2024/01/Urology-and-General-Surgery.150124.pdf,,,,,,,,,,,,,,,,,,,,,,,,
1111,non-orthopaedic,Urology,,Serum calcium in stone patients referred from ED (re-audited),,,,"completed, results not published",https://www.mtw.nhs.uk/wp-content/uploads/2024/01/Urology-and-General-Surgery.150124.pdf,,,,,,,,,,,,,,,,,,,,,,,,
1112,non-orthopaedic,General surgery,,Operative note quality in emergency surgery,,,,"completed, results not published",https://www.mtw.nhs.uk/wp-content/uploads/2024/01/Urology-and-General-Surgery.150124.pdf,,,,,,,,,,,,,,,,,,,,,,,,
1113,non-orthopaedic,Paediatric surgery,,Non-operative management of uncomplicated appendicitis in children over five,,,,"completed, results not published",https://www.mtw.nhs.uk/wp-content/uploads/2024/01/Urology-and-General-Surgery.150124.pdf,,,,,,,,,,,,,,,,,,,,,,,,
1114,non-orthopaedic,General surgery,,Clot risk assessment and prophylaxis in general surgery,NICE VTE guidance,"Risk assessment rose from 76% to 93%, prescribing reached 100%, mechanical prophylaxis stayed low",Education and feedback,completed,https://www.ncbi.nlm.nih.gov/pmc/articles/PMC12548487/,,,,,,,,,,,,,,,,,,,,,,,,
1115,orthopaedic,Orthopaedics,,Group and save sample rejection in hip fracture patients,Laboratory labelling standards,Rejected samples delayed surgery and cost money,"ED changes, then re-audit",completed,https://www.ncbi.nlm.nih.gov/pmc/articles/PMC12865866/,,not reported,False,,,,,,,,,,,,Shah B; Grandhi TSP; Syeda Z; Idowu E; Chetty N; Sharma A,Cureus,2026,10.7759/cureus.102811,41641182,PMC12865866,cc by,True,"Shah B, Grandhi TSP, Syeda Z, Idowu E, Chetty N, Sharma A. Audit of Group and Save Sample Rejection in Fractured Neck of Femur Patients at a United Kingdom District Hospital. Cureus. 2026;18(2):e102811. doi:10.7759/cureus.102811. PMID: 41641182.",
1116,non-orthopaedic,General surgery,,Gastrografin protocol for adhesive small bowel obstruction,Local protocol,Non-operative success rose from 77% to 88%,Trust-wide protocol,completed,https://www.ncbi.nlm.nih.gov/pmc/articles/PMC11549899/,,,,,,,,,,,,,,,,,,,,,,,,
1117,non-orthopaedic,Theatre,,Out-of-hours operating after midnight,Emergency surgery guidance,Half of after-midnight operations avoidable; re-audit showed no change,Loop failed without a protocol; needed daytime emergency theatre,completed,https://kar.kent.ac.uk/66826/,,,,,,,,,,,,,,,,,,,,,,,,
1118,non-orthopaedic,General surgery,,Operation notes against Royal College guidance (tertiary unit),Royal College good surgical practice,Incomplete,Checklist then re-audit,completed,https://assets.cureus.com/uploads/original_article/pdf/181936/20230922-16958-a5z81e.pdf,,,,,,,,,,,,,,,,,,,,,,,,
1119,non-orthopaedic,Anaesthesia,,Opioids actually used after discharge across 20 procedures,Opioid stewardship,Only a third of prescribed opioids used,Procedure-specific discharge guidance,completed,https://ulive.ouh.nhs.uk/media/i5fjhjjh/quality-account-2023-2024.pdf,,,,,,,,,,,,,,,,,,,,,,,,
1120,non-orthopaedic,Emergency medicine,,ED opioid discharge supplies over three days,Opioid stewardship,Baseline collected,Education and guidance,completed,https://ulive.ouh.nhs.uk/media/i5fjhjjh/quality-account-2023-2024.pdf,,,,,,,,,,,,,,,,,,,,,,,,
1121,non-orthopaedic,Emergency medicine,,Clinical frailty score documentation in over-65s,Frailty commissioning goal,Documented in over 95%,Embedded in ED workflow,completed,https://ulive.ouh.nhs.uk/media/i5fjhjjh/quality-account-2023-2024.pdf,,,,,,,,,,,,,,,,,,,,,,,,
1122,non-orthopaedic,Care of the elderly,,Comprehensive geriatric assessment in ED and assessment unit,Frailty commissioning goal,53% to 61% against a 30% target,Frailty MDT,completed,https://ulive.ouh.nhs.uk/media/i5fjhjjh/quality-account-2023-2024.pdf,,,,,,,,,,,,,,,,,,,,,,,,
1123,non-orthopaedic,Ward care,,Multifactorial falls risk assessment on high-fall wards,NICE falls guidance,All eight wards improved; falls dropped on five,QI cycles and training,completed,https://ulive.ouh.nhs.uk/media/i5fjhjjh/quality-account-2023-2024.pdf,,,,,,,,,,,,,,,,,,,,,,,,
1124,orthopaedic,Orthopaedics,,Medical assessment after inpatient falls causing hip fracture,NICE falls guidance,Injury confirmation poorly documented; little change after re-audit,Carried into next year,completed,https://ulive.ouh.nhs.uk/media/i5fjhjjh/quality-account-2023-2024.pdf,,,,,,,,,,,,,,,,,,,,,,,,
1125,non-orthopaedic,Ward care,,Under-reporting of inpatient falls,Incident reporting standards,19% of post-fall care plans had no incident report,"Gap analysis, monthly tracking",completed,https://ulive.ouh.nhs.uk/media/i5fjhjjh/quality-account-2023-2024.pdf,,,,,,,,,,,,,,,,,,,,,,,,
1126,non-orthopaedic,Governance,,Ethnicity data completeness,Health inequalities guidance,About a fifth to a quarter of patients unknown,Live dashboard and data capture pilot,completed,https://ulive.ouh.nhs.uk/media/i5fjhjjh/quality-account-2023-2024.pdf,,,,,,,,,,,,,,,,,,,,,,,,
1127,non-orthopaedic,End of life care,,Tissue donation referrals and organ donor register status,National tissue donation guidance,About six referrals a year,Champions and teaching; rose to 32,completed,https://ulive.ouh.nhs.uk/media/i5fjhjjh/quality-account-2023-2024.pdf,,,,,,,,,,,,,,,,,,,,,,,,
1128,non-orthopaedic,Diabetes,,Severe hypoglycaemia below 2.2 in inpatients,National diabetes inpatient safety audit,Over 600 events a year; milder episodes preceded severe ones,Ward dashboard and after-action reviews,completed,https://ulive.ouh.nhs.uk/media/i5fjhjjh/quality-account-2023-2024.pdf,,,,,,,,,,,,,,,,,,,,,,,,
1129,orthopaedic,Orthopaedics,Hip fracture time to ward,Time to ward transfer for acute hip fracture from the emergency department,"BOA and BGS Blue Book, ward within four hours",Mean time to orthopaedic review 83 min; mean time to ward 417 min,On-call orthopaedics review suspected hip fractures before full workup,"published, detailed",https://www.ncbi.nlm.nih.gov/pmc/articles/PMC6988480/,"Beaumont Hospital, Dublin",Ireland,True,"8 weeks, retrospective",,Mean time to orthopaedic review 83 min; mean time to ward 417 min,On-call orthopaedics review suspected hip fractures before full workup,6 weeks,,"Review 76 min, ward 333 min; when trainees on call, review 37.5 min and ward 294 min",True,system change,Still well above four hours after the change,,Grant-Freemantle MC; Kenyon RM; Gibbons J; Flynn SO; Davey M; Burke N,Cureus,2020,10.7759/cureus.6794,32025448,PMC6988480,cc by,True,Grant-Freemantle MC et al. Cureus 2020;12(1):e6794,
1130,orthopaedic,Orthopaedics,Hip fracture time to theatre,Impact of a dedicated daytime emergency theatre on time to hip fracture surgery,Surgery within 36 hours; anaesthetic association acceptable delay reasons,49% delayed over 36 hours; 39% of delays unacceptable; no theatre space in 28% of delays,Dedicated daytime emergency theatre,"published, detailed",https://imj.ie/?p=4973,"Mater Misericordiae University Hospital, Dublin",Ireland,,2013,65,49% delayed over 36 hours; 39% of delays unacceptable; no theatre space in 28% of delays,Dedicated daytime emergency theatre,after opening,,Delays over 36 hours fell to 26%; theatre space now 23% of delays,True,system change,,,,,,,,,,,ffrench-O'Carroll R et al. Ir Med J,
1131,orthopaedic,Orthopaedics,Hip fracture time to theatre,Early-trigger IV vitamin K for warfarin reversal in hip fracture,"Best practice tariff, surgery within 36 hours",Median time to theatre 49.7 hours; 21% achieved best practice tariff,Nurse-led 2mg IV vitamin K in ED before clotting results,"published, detailed",https://boneandjoint.org.uk/Article/10.1302/1358-992X.96BSUPP_9.CSOS2014-006,UK trauma unit,UK,,32 months,83,Median time to theatre 49.7 hours; 21% achieved best practice tariff,Nurse-led 2mg IV vitamin K in ED before clotting results,3 months,14,"Median 33.9 hours; 12/14 reversed, 8 with one dose; 86% compliant on anticoagulation delay",True,system change,Delays had cost the trust tariff income,,,,,,,,,,Bone Joint J Orthop Proc 2014;96-B(Supp 9),
1132,orthopaedic,Orthopaedics,Hip fracture time to theatre,Complete audit cycle of hip fracture care in a district general hospital,Surgery within 36 hours; best practice tariff,Mean time to theatre 49 h; 41% within 36 h; tariff achieved 28%; delays varied by day of admission,Two additional morning trauma lists,"published, detailed",https://qualitysafety.bmj.com/content/24/8/532,UK district general hospital,UK,,May 2012–Apr 2013,379,Mean time to theatre 49 h; 41% within 36 h; tariff achieved 28%; delays varied by day of admission,Two additional morning trauma lists,"Jan–Jun 2014, prospective",162,Mean 27 h; 78% within 36 h; tariff 73% (all p<0.0001),True,system change,,,,,,,,,,,BMJ Qual Saf 2015;24(8):532,
1133,orthopaedic,Orthopaedics,Hip fracture time to theatre,Consultant seven-day trauma on-call and time to hip fracture surgery,Surgery within 36 hours,see paper,Consultant on call for seven days at a time instead of one,"published, detailed",https://doaj.org/article/f944dd6e4b9d463691c9773a3fa922d2,UK trust,UK,,one-day consultant on-call,,see paper,Consultant on call for seven days at a time instead of one,after rota change,,"Time to theatre dramatically reduced, fewer cases outside 36 h, tariff income up",True,system change,,,,,,,,,,,Geriatr Orthop Surg Rehabil 2014,
1134,orthopaedic,Orthopaedics,Hip fracture time to theatre,Hip fracture improvement bundle,National hip fracture standards,Surgery within 36 h 81% (national 86%); consultant surgeon 24% (national 62%); nerve block documented 86%; consultant anaesthetist 83%,"Hip bundle: referral pathway, anaesthetic review within 6 hours, and more","published, detailed",https://discovery-pp.ucl.ac.uk/10124425/1/Oliver_Saxena_NOF_poster_ESRA.pdf,Croydon University Hospital,UK,,May–Nov 2016,,Surgery within 36 h 81% (national 86%); consultant surgeon 24% (national 62%); nerve block documented 86%; consultant anaesthetist 83%,"Hip bundle: referral pathway, anaesthetic review within 6 hours, and more",see poster,,see poster,,system change,"Delay reasons included no trauma theatre space, echo, awaiting hip surgeon, missed fracture, clotting, antibodies, sepsis, imaging, troponin, not fasted, electrolytes",,,,,,,,,,"Oliver, Saxena. ESRA poster",
1135,orthopaedic,Orthopaedics,Hip fracture time to theatre,Interventional audit to reduce time to hip fracture surgery in a major trauma centre,NICE hip fracture guidance,see abstract,"Extra theatre, dedicated hip team, medical evaluation, imaging, standard anticoagulation reversal","published, detailed",https://www.bgs.org.uk/comment/1867,"St George's Hospital, London, major trauma centre",UK,,Dec 2023–Mar 2024,272,see abstract,"Extra theatre, dedicated hip team, medical evaluation, imaging, standard anticoagulation reversal",Sep–Dec 2024,291,see abstract,True,system change,Mean age 84; also measured 30-day mortality and length of stay,,,,,,,,,,British Geriatrics Society abstract,
1136,orthopaedic,Orthopaedics,Operation note quality,"Closed-loop audit of orthopaedic trauma operation notes, typed versus handwritten","Royal College of Surgeons good surgical practice, 17 parameters","Indication 45%, tourniquet time 20%, antibiotics 71%, closure 62%, post-op instructions 40%, blood loss 7%",Typed operation note template,"published, detailed",https://www.ncbi.nlm.nih.gov/pmc/articles/PMC9374023/,"William Harvey Hospital, Ashford",UK,False,not stated,58,"Indication 45%, tourniquet time 20%, antibiotics 71%, closure 62%, post-op instructions 40%, blood loss 7%",Typed operation note template,not stated,41,"Indication 75%, tourniquet 45%, antibiotics 89%, closure 86%, post-op instructions 92%; blood loss unchanged at 8%; 25% of typed notes fully compliant versus none handwritten",True,form or template,No significant difference in mean parameters between typed and handwritten notes,,Anazor F; Sibanda V; Abubakar A; Ekungba-Adewole M; Elbardesy H; Dhinsa BS,Cureus,2022,10.7759/cureus.26808,35971362,PMC9374023,cc by,True,Anazor F et al. Cureus 2022;14(7):e26808,
1137,orthopaedic,Orthopaedics,Operation note quality,Adherence to guidelines in orthopaedic operation notes,Royal College of Surgeons good surgical practice,see paper,Two-month awareness training and new proforma,"published, detailed",https://www.ncbi.nlm.nih.gov/pmc/articles/PMC12182270/,"Dr Ram Manohar Lohia Institute of Medical Sciences, Lucknow",India,False,"Dec 2024, retrospective",100,see paper,Two-month awareness training and new proforma,"Mar 2025, prospective",100,see paper,True,form or template,,,Aslam MA; Chhutani D; Kumar V; Mahapatra S; Aggarwal P,Cureus,2025,10.7759/cureus.84632,40546492,PMC12182270,cc by,True,"Cureus 2025, article 369101",
1138,orthopaedic,General surgery,Operation note quality,Royal College of Surgeons guideline adherence on improvement of operative notes: a six-month closed loop audit,Royal College of Surgeons 2014 guidance,see paper,see paper,"published, detailed",https://pmc.ncbi.nlm.nih.gov/articles/PMC7273460,"District Headquarter Hospital, Rawalpindi",Pakistan,False,Apr–Sep 2019,,see paper,see paper,,,,True,unclassified,,,Bhatti DS; Ahmad R; Asad A,Cureus,2020,10.7759/cureus.7970,32523827,PMC7273460,cc by,True,Bhatti DS et al. Cureus 2020;12(5):e7970,
1139,orthopaedic,Orthopaedics,Operation note quality,Quality of orthopaedic operation notes against Royal College guidelines: an audit cycle,Royal College of Surgeons of England,see paper,see paper,"published, detailed",https://pmc.ncbi.nlm.nih.gov/articles/PMC7429670,Sudan,Sudan,True,see paper,,see paper,see paper,,,,True,unclassified,,,Mustafa MKE; Khairy AMM; Ahmed ABE,Cureus,2020,10.7759/cureus.9707,32821626,PMC7429670,cc by,True,Mustafa MKE et al. Cureus 2020;12(8):e9707,
1140,orthopaedic,Orthopaedics,Operation note quality,Royal College standards for operation notes in hip fracture patients,Royal College of Surgeons of England,see abstract,"Autotext templates for each operation, presented at governance","published, detailed",https://citedrive.com/en/discovery/901-assessing-adherence-to-rcseng-standards-for-operation-notes-in-patients-with-neck-of-femur-fractures-a-closed-loop-audit,UK hospital,UK,,retrospective,,see abstract,"Autotext templates for each operation, presented at governance",3 months later,,see abstract,True,form or template,,,,,,,,,,,"Bull D et al. Br J Surg 2023, abstract 901",
1141,orthopaedic,Orthopaedics,Operation note quality,Typed proforma orthopaedic operation notes: a completed audit loop,Royal College of Surgeons 2014,see paper,Typed proforma operation notes,"published, detailed",https://pmc.ncbi.nlm.nih.gov/articles/PMC5384846,"St James's Hospital, Dublin",Ireland,False,"previous audit, handwritten",,see paper,Typed proforma operation notes,Aug–Nov 2015,57,see paper,True,form or template,,,Coughlan F; Ellanti P; Moriarty A; McAuley N; Hogan N,Cureus,2017,10.7759/cureus.1084,28405534,PMC5384846,cc by,True,Coughlan F et al. Cureus 2017;9(3):e1084,
1142,orthopaedic,Paediatric orthopaedics,Supracondylar fracture nerve and vessel documentation,Electronic clerking pro forma for supracondylar humerus fractures,BOA supracondylar fracture standard,Ranged from 10% (anterior interosseous nerve) to 53% (radial pulse),Electronic clerking pro forma with prompts,"published, detailed",https://storage.imrpress.com/IMR/hmed/application/10.12968/hmed.2021.0280.pdf,UK hospital,UK,,one year retrospective,,Ranged from 10% (anterior interosseous nerve) to 53% (radial pulse),Electronic clerking pro forma with prompts,re-audits at 6 and 12 months,,Ranged from 86% (anterior interosseous nerve) to 95% (median nerve); every fully documented case used the pro forma,True,form or template,,,,,,,,,,,"Br J Hosp Med 2021, hmed.2021.0280",
1143,orthopaedic,Paediatric orthopaedics,Supracondylar fracture nerve and vessel documentation,"Supracondylar documentation proforma and multidisciplinary teaching, case series",BOA supracondylar fracture standard,see paper,Documentation proforma and multidisciplinary teaching,"published, detailed",https://assets.cureus.com/uploads/original_article/pdf/122074/20221213-32673-1qcdi0l.pdf,District general hospital,UK,,"Jan 2018–Nov 2020, retrospective",48,see paper,Documentation proforma and multidisciplinary teaching,"Apr–Oct 2021, prospective",26,see paper,True,form or template,,,,,,,,,,,"Cureus 2022, article 122074",
1144,orthopaedic,Paediatric orthopaedics,Supracondylar fracture nerve and vessel documentation,Neurovascular status documentation and a new assessment proforma for paediatric supracondylar fractures,Documentation standards,see paper,New assessment proforma,"published, detailed",https://www.journalrmc.com/index.php/JRMC/article/download/2623/2563/12225,"Holy Family Hospital, Rawalpindi",Pakistan,,Oct 2022–Oct 2023,112,see paper,New assessment proforma,,,,,form or template,,,,,,,,,,,J Rawalpindi Med Coll,
1145,orthopaedic,Paediatric orthopaedics,Supracondylar fracture nerve and vessel documentation,Documentation of neurovascular status in supracondylar fractures and the development of an assessment proforma,Clinical documentation of neurovascular status,see paper,Assessment proforma,"published, detailed",https://emj.bmj.com/content/30/6/480,"Alder Hey Children's Hospital, Liverpool",UK,,not stated,,see paper,Assessment proforma,,,,,form or template,,,,,,,,,,,"Mayne AIW, Perry DC et al. Emerg Med J 2013;30(6):480",
1146,orthopaedic,Orthopaedics – Arthroplasty,,National Joint Registry for England and Wales 5th annual report.,,,,"published, pending extraction",https://europepmc.org/article/CTX/C3089,,not reported,False,,,,,,,,,,,,,,2008,,,,not reported,False,. National Joint Registry for England and Wales 5th annual report. . 2008.,
1147,orthopaedic,Orthopaedics – Foot and ankle,,UK Foot and Ankle Thrombo-Embolism Audit (UK-FATE): A Multicentre Prospective Study of Venous Thromboembolism in Foot and Ankle Surgery,,,,"published, pending extraction",https://pmc.ncbi.nlm.nih.gov/articles/PMC10748749/,,not reported,False,,,,,,,,,,,,,Foot & ankle orthopaedics,2023,,,PMC10748749,cc by-nc,True,. UK Foot and Ankle Thrombo-Embolism Audit (UK-FATE): A Multicentre Prospective Study of Venous Thromboembolism in Foot and Ankle Surgery. Foot Ankle Orthop. 2023;8(4).,
1148,orthopaedic,Orthopaedics – Trauma,,Re-Audit of the Assessment and Prevention of Risk of Fragility/Osteoporotic Fractures by Community Physicians in at Risk Old-Age Female Patients Admitted to Central Norfolk Older Adult Inpatient Unit at the Norfolk and Suffolk NHS Foundation Trust,,,,"published, pending extraction",https://pmc.ncbi.nlm.nih.gov/articles/PMC12260834/,,UK,True,,,,,,,,,,,,Diduyemi S; Jaji A; Samuel R,BJPsych open,2025,,,PMC12260834,cc by,True,"Diduyemi S, Jaji A, Samuel R. Re-Audit of the Assessment and Prevention of Risk of Fragility/Osteoporotic Fractures by Community Physicians in at Risk Old-Age Female Patients Admitted to Central Norfolk Older Adult Inpatient Unit at the Norfolk and Suffolk NHS Foundation Trust. BJPsych Open. 2025;11(Suppl 1):S273-S274.",
1149,orthopaedic,Orthopaedics – Foot and ankle,,Unmet foot health needs in people with Systemic Sclerosis: an audit of foot health care provision,,,,"published, pending extraction",https://pmc.ncbi.nlm.nih.gov/articles/PMC3032135/,,UK,True,,,,,,,,,,,,Alcacer-Pitarch B; Siddle H; Christie M; Buch M; Emery P; Redmon A,Journal of foot and ankle research,2010,10.1186/1757-1146-3-s1-o2,,PMC3032135,cc by,True,"Alcacer-Pitarch B, Siddle H, Christie M, Buch M, Emery P, Redmon A. Unmet foot health needs in people with Systemic Sclerosis: an audit of foot health care provision. J Foot Ankle Res. 2010;3(Suppl 1):O2-O2. doi:10.1186/1757-1146-3-s1-o2.",
1150,orthopaedic,Orthopaedics – Foot and ankle,,An audit of a combined rheumatology and orthopaedic foot and ankle surgery clinic,,,,"published, pending extraction",https://pmc.ncbi.nlm.nih.gov/articles/PMC3032141/,,UK,True,,,,,,,,,,,,Siddle H; Backhouse M; Monkhouse R; Harris N; Helliwell P,Journal of foot and ankle research,2010,10.1186/1757-1146-3-s1-o25,,PMC3032141,cc by,True,"Siddle H, Backhouse M, Monkhouse R, Harris N, Helliwell P. An audit of a combined rheumatology and orthopaedic foot and ankle surgery clinic. J Foot Ankle Res. 2010;3(Suppl 1):O25-O25. doi:10.1186/1757-1146-3-s1-o25.",
1151,orthopaedic,Orthopaedics – Foot and ankle,,"18 month audit of anesthetist led sedation vs podiatric ankle and poplitieal blocks: review of protocols, procedures and patient perceptions",,,,"published, pending extraction",https://pmc.ncbi.nlm.nih.gov/articles/PMC3032146/,,UK,True,,,,,,,,,,,,Beech I,Journal of foot and ankle research,2010,10.1186/1757-1146-3-s1-o4,,PMC3032146,cc by,True,"Beech I. 18 month audit of anesthetist led sedation vs podiatric ankle and poplitieal blocks: review of protocols, procedures and patient perceptions. J Foot Ankle Res. 2010;3(Suppl 1):O4-O4. doi:10.1186/1757-1146-3-s1-o4.",
1152,orthopaedic,Orthopaedics – Foot and ankle,,Improving the outcomes of foot and ankle surgery through the audit cycle: a case study,,,,"published, pending extraction",https://pmc.ncbi.nlm.nih.gov/articles/PMC3102942/,,Australia,False,,,,,,,,,,,,Hermann R; Bennett P; Gallegos D,Journal of foot and ankle research,2011,10.1186/1757-1146-4-s1-o21,,PMC3102942,cc by,True,"Hermann R, Bennett P, Gallegos D. Improving the outcomes of foot and ankle surgery through the audit cycle: a case study. J Foot Ankle Res. 2011;4(Suppl 1):O21-O21. doi:10.1186/1757-1146-4-s1-o21.",
1153,orthopaedic,Orthopaedics – Foot and ankle,,The impact of introducing an orthopaedic surgeon to an established multi-disciplinary foot ulcer clinic: a retrospective audit,,,,"published, pending extraction",https://pmc.ncbi.nlm.nih.gov/articles/PMC3102964/,,Australia,False,,,,,,,,,,,,Ryan E; Gurr J; Westphal C,Journal of foot and ankle research,2011,10.1186/1757-1146-4-s1-o41,,PMC3102964,cc by,True,"Ryan E, Gurr J, Westphal C. The impact of introducing an orthopaedic surgeon to an established multi-disciplinary foot ulcer clinic: a retrospective audit. J Foot Ankle Res. 2011;4(Suppl 1):O41-O41. doi:10.1186/1757-1146-4-s1-o41.",
1154,orthopaedic,Orthopaedics – Foot and ankle,,Microbiology culture results in high risk foot clinic patients: an audit,,,,"published, pending extraction",https://pmc.ncbi.nlm.nih.gov/articles/PMC3102974/,,Australia,True,,,,,,,,,,,,White J; Toh L; Dickson H; Koo E; Winters G; Harpur M; Widdup J; Lau N,Journal of foot and ankle research,2011,10.1186/1757-1146-4-s1-o50,,PMC3102974,cc by,True,"White J, Toh L, Dickson H, Koo E, Winters G, Harpur M, et al.. Microbiology culture results in high risk foot clinic patients: an audit. J Foot Ankle Res. 2011;4(Suppl 1):O50-O50. doi:10.1186/1757-1146-4-s1-o50.",
1155,orthopaedic,Orthopaedics – Foot and ankle,,Clinical photography in a high risk foot clinic: a quality audit,,,,"published, pending extraction",https://pmc.ncbi.nlm.nih.gov/articles/PMC3103036/,,Australia,True,,,,,,,,,,,,White J; Dickson H; Koo E; Winters G; Harpur M; Widdup J; Lau N,Journal of foot and ankle research,2011,10.1186/1757-1146-4-s1-p58,,PMC3103036,cc by,True,"White J, Dickson H, Koo E, Winters G, Harpur M, Widdup J, et al.. Clinical photography in a high risk foot clinic: a quality audit. J Foot Ankle Res. 2011;4(Suppl 1):P58-P58. doi:10.1186/1757-1146-4-s1-p58.",
1156,orthopaedic,Orthopaedics – Shoulder and elbow,,Management of shoulder dystocia: a re-audit,,,,"published, pending extraction",https://pmc.ncbi.nlm.nih.gov/articles/PMC3426014/,,UK,True,,,,,,,,,,,,Lynch N; Emmerson C,BMC proceedings,2012,10.1186/1753-6561-6-s4-p11,,PMC3426014,cc by,True,"Lynch N, Emmerson C. Management of shoulder dystocia: a re-audit. BMC Proc. 2012;6(Suppl 4):P11-P11. doi:10.1186/1753-6561-6-s4-p11.",
1157,orthopaedic,Orthopaedics – Foot and ankle,,Improving the outcomes of foot and ankle surgery. Professional impact of the Australasian College of Podiatric Surgeons' audit tool,,,,"published, pending extraction",https://pmc.ncbi.nlm.nih.gov/articles/PMC4595035/,,Australia,False,,,,,,,,,,,,Hermann R; Meuter R; Bennett P,Journal of foot and ankle research,2015,10.1186/1757-1146-8-s2-o18,,PMC4595035,cc by,True,"Hermann R, Meuter R, Bennett P. Improving the outcomes of foot and ankle surgery. Professional impact of the Australasian College of Podiatric Surgeons' audit tool. J Foot Ankle Res. 2015;8(Suppl 2):O18-O18. doi:10.1186/1757-1146-8-s2-o18.",
1158,orthopaedic,Orthopaedics – Hip fracture,,A RETROSPECTIVE AUDIT OF PAIN MANAGEMENT IN PATIENTS PRESENTING WITH HIP FRACTURE,,,,"published, pending extraction",https://pmc.ncbi.nlm.nih.gov/articles/PMC6184774/,,UK,True,,,,,,,,,,,,Gillespie H; Kwok A; Raves V; Bari A; Mestrov F; Rees T; Harris L; Payne B,Innovation in aging,2017,,,PMC6184774,not reported,False,"Gillespie H, Kwok A, Raves V, Bari A, Mestrov F, Rees T, et al.. A RETROSPECTIVE AUDIT OF PAIN MANAGEMENT IN PATIENTS PRESENTING WITH HIP FRACTURE. Innov Aging. 2017;1(Suppl 1):869-869.",
1159,orthopaedic,Orthopaedics – Hip fracture,,Falls and Fragility Fracture Audit Programme – using national audit data to monitor risk of hip fracture as a result of an inpatient fall,,,,"published, pending extraction",https://pmc.ncbi.nlm.nih.gov/articles/PMC6752495/,,UK,True,,,,,,,,,,,,Johansen A; Boulton C; O’Riordan S; Vasilakis N; Martin F,"Clinical medicine (London, England)",2019,,,PMC6752495,not reported,False,"Johansen A, Boulton C, O’Riordan S, Vasilakis N, Martin F. Falls and Fragility Fracture Audit Programme – using national audit data to monitor risk of hip fracture as a result of an inpatient fall. Clin Med (Lond). 2019;19(Suppl 2):49-49.",
1160,orthopaedic,Orthopaedics – Trauma,,Assessing the impact of prescribing antiosteoporosis ­medication after an index fracture as part of a national clinical audit,,,,"published, pending extraction",https://pmc.ncbi.nlm.nih.gov/articles/PMC6752593/,,UK,True,,,,,,,,,,,,Vasilakis N; Judge A; Gallagher C; Javaid M,"Clinical medicine (London, England)",2019,,,PMC6752593,not reported,False,"Vasilakis N, Judge A, Gallagher C, Javaid M. Assessing the impact of prescribing antiosteoporosis ­medication after an index fracture as part of a national clinical audit. Clin Med (Lond). 2019;19(Suppl 2):30-30.",
1161,orthopaedic,Orthopaedics – Trauma,,91 Mrs Bad Bones: Impact of COVID-19 on Secondary Prevention of Fragility Fractures,,,,"published, pending extraction",https://pmc.ncbi.nlm.nih.gov/articles/PMC7989631/,,not reported,False,,,,,,,,,,,,Stephens A; Rudd H; Stephens E; Ward J,Age and ageing,2021,,,PMC7989631,not reported,True,"Stephens A, Rudd H, Stephens E, Ward J. 91 Mrs Bad Bones: Impact of COVID-19 on Secondary Prevention of Fragility Fractures. Age Ageing. 2021;50(Suppl 1):i12-i42.",
1162,orthopaedic,Orthopaedics – Paediatric,,P18 An audit on the delivery of Bristol Royal Children's Hospital paediatric orthopaedic services in response to BOAST COVID-19 guidance,,,,"published, pending extraction",https://pmc.ncbi.nlm.nih.gov/articles/PMC8030224/,,not reported,True,,,,,,,,,,,,Benning M; Berwin J; Knapper T; Crosswell S; Carpenter C; Kenall J; Monsell F; Thomas S; Benning M,BJS open,2021,,,PMC8030224,cc by-nc,True,"Benning M, Berwin J, Knapper T, Crosswell S, Carpenter C, Kenall J, et al.. P18 An audit on the delivery of Bristol Royal Children's Hospital paediatric orthopaedic services in response to BOAST COVID-19 guidance. BJS Open. 2021;5(Suppl 1).",
1163,orthopaedic,Orthopaedics – Trauma,,989 Improving the Completion of Hospital Anticipatory Care Plans in Orthopaedic Trauma Wards During The COVID-19 Pandemic,,,,"published, pending extraction",https://pmc.ncbi.nlm.nih.gov/articles/PMC8135667/,,not reported,True,,,,,,,,,,,,McCann C; Powell-Bowns M; Duckworth A; White T,The British journal of surgery,2021,,,PMC8135667,not reported,True,"McCann C, Powell-Bowns M, Duckworth A, White T. 989 Improving the Completion of Hospital Anticipatory Care Plans in Orthopaedic Trauma Wards During The COVID-19 Pandemic. Br J Surg. 2021;108(Suppl 2).",
1164,orthopaedic,Orthopaedics – Paediatric,,192 An Audit of The Delivery of Paediatric Orthopaedic Services at The Bristol Royal Children’s Hospital in Response to The British Orthopaedic Association Standards for Trauma (BOAST) COVID-19 Guidance,,,,"published, pending extraction",https://pmc.ncbi.nlm.nih.gov/articles/PMC8135796/,,not reported,True,,,,,,,,,,,,Benning M; Berwin J; Monsell F; Carpenter C; Kendall J; Crosswell S; Thomas S; Knapper T,The British journal of surgery,2021,,,PMC8135796,not reported,True,"Benning M, Berwin J, Monsell F, Carpenter C, Kendall J, Crosswell S, et al.. 192 An Audit of The Delivery of Paediatric Orthopaedic Services at The Bristol Royal Children’s Hospital in Response to The British Orthopaedic Association Standards for Trauma (BOAST) COVID-19 Guidance. Br J Surg. 2021;108(Suppl 2).",
1165,orthopaedic,Orthopaedics – Theatre and perioperative,,P3 A closed loop audit on pre-operative anaemia in major elective orthopaedic surgery,,,,"published, pending extraction",https://pmc.ncbi.nlm.nih.gov/articles/PMC8153812/,,not reported,False,,,,,,,,,,,,Koh C; Gruner-Hegge N; Ignatov D; Shakir A,BJS open,2021,,,PMC8153812,cc by-nc,True,"Koh C, Gruner-Hegge N, Ignatov D, Shakir A. P3 A closed loop audit on pre-operative anaemia in major elective orthopaedic surgery. BJS Open. 2021;5(Suppl 1).",
1166,orthopaedic,Orthopaedics – Trauma,,P16 An audit of elderly patients with a femoral fracture: is the quality of care received by patients affected by where in the femur the fracture occurs?,,,,"published, pending extraction",https://pmc.ncbi.nlm.nih.gov/articles/PMC8153828/,,UK,True,,,,,,,,,,,,Javed O; Khan M; Abbas Y; Pillai S; Hristova K; Chiang M; Mason W,BJS open,2021,,,PMC8153828,cc by-nc,True,"Javed O, Khan M, Abbas Y, Pillai S, Hristova K, Chiang M, et al.. P16 An audit of elderly patients with a femoral fracture: is the quality of care received by patients affected by where in the femur the fracture occurs?. BJS Open. 2021;5(Suppl 1).",
1167,orthopaedic,Orthopaedics – Theatre and perioperative,,239 An Audit on The Consenting Process For Orthopaedic Surgery During The COVID Pandemic,,,,"published, pending extraction",https://pmc.ncbi.nlm.nih.gov/articles/PMC8524492/,,UK,True,,,,,,,,,,,,Manoharan G; Edakalathur J; Akhbari P; Potter R,The British journal of surgery,2021,,,PMC8524492,not reported,True,"Manoharan G, Edakalathur J, Akhbari P, Potter R. 239 An Audit on The Consenting Process For Orthopaedic Surgery During The COVID Pandemic. Br J Surg. 2021;108(Suppl 6).",
1168,orthopaedic,Orthopaedics – Paediatric,,360 The Impact COVID-19 Has Had on Paediatric Supracondylar Fractures: A Closed Loop Audit Demonstrating How Compliance to BOAST 11 Guidelines Has Changed in An Orthopaedic Department,,,,"published, pending extraction",https://pmc.ncbi.nlm.nih.gov/articles/PMC8524515/,,UK,True,,,,,,,,,,,,Yeoh T; Arslanboga E; Yeoh C,The British journal of surgery,2021,,,PMC8524515,not reported,True,"Yeoh T, Arslanboga E, Yeoh C. 360 The Impact COVID-19 Has Had on Paediatric Supracondylar Fractures: A Closed Loop Audit Demonstrating How Compliance to BOAST 11 Guidelines Has Changed in An Orthopaedic Department. Br J Surg. 2021;108(Suppl 6).",
1169,orthopaedic,Orthopaedics – Hip fracture,,441 Management of Intracapsular Hip Fractures During Unprecedented COVID Times In A DGH,,,,"published, pending extraction",https://pmc.ncbi.nlm.nih.gov/articles/PMC8524584/,,UK,True,,,,,,,,,,,,Zafar A; Galloway E,The British journal of surgery,2021,,,PMC8524584,not reported,True,"Zafar A, Galloway E. 441 Management of Intracapsular Hip Fractures During Unprecedented COVID Times In A DGH. Br J Surg. 2021;108(Suppl 6).",
1170,orthopaedic,Orthopaedics – Theatre and perioperative,,406 Audit of Current COVID-19 Consent Process,,,,"published, pending extraction",https://pmc.ncbi.nlm.nih.gov/articles/PMC8524610/,,UK,True,,,,,,,,,,,,Goldmann N; Brown C,The British journal of surgery,2021,,,PMC8524610,not reported,True,"Goldmann N, Brown C. 406 Audit of Current COVID-19 Consent Process. Br J Surg. 2021;108(Suppl 6).",
1171,orthopaedic,Orthopaedics – Theatre and perioperative,,SP10.2.13 Theatre-team meeting start times during the COVID-19 pandemic: An audit of elective orthopaedic theatre practices at a high volume elective orthopaedic centre during the COVID-19 pandemic,,,,"published, pending extraction",https://pmc.ncbi.nlm.nih.gov/articles/PMC8574453/,,not reported,True,,,,,,,,,,,,Bishi H; Getachew F; Kader N; Kader D,The British journal of surgery,2021,,,PMC8574453,not reported,True,"Bishi H, Getachew F, Kader N, Kader D. SP10.2.13 Theatre-team meeting start times during the COVID-19 pandemic: An audit of elective orthopaedic theatre practices at a high volume elective orthopaedic centre during the COVID-19 pandemic. Br J Surg. 2021;108(Suppl 7).",
1172,orthopaedic,Orthopaedics – Trauma,,Vitamin D deficiency in a high secure forensic psychiatry hospital: A clinical audit and service evaluation,,,,"published, pending extraction",https://pmc.ncbi.nlm.nih.gov/articles/PMC8771450/,,not reported,True,,,,,,,,,,,,Gillett G; Chudleigh-Warren S; Hardy B; Gordon C,BJPsych open,2021,,,PMC8771450,cc by,True,"Gillett G, Chudleigh-Warren S, Hardy B, Gordon C. Vitamin D deficiency in a high secure forensic psychiatry hospital: A clinical audit and service evaluation. BJPsych Open. 2021;7(Suppl 1):S26-S26.",
1173,orthopaedic,Orthopaedics – Foot and ankle,,The UK Foot and Ankle COVID-19 National Audit – Rate of COVID-19 Infection and 30 Day Mortality in Foot and Ankle Surgery in the UK,,,,"published, pending extraction",https://pmc.ncbi.nlm.nih.gov/articles/PMC8793471/,,not reported,False,,,,,,,,,,,,,Foot & ankle orthopaedics,2022,,,PMC8793471,cc by-nc,True,. The UK Foot and Ankle COVID-19 National Audit – Rate of COVID-19 Infection and 30 Day Mortality in Foot and Ankle Surgery in the UK. Foot Ankle Orthop. 2022;7(1).,
1174,orthopaedic,Orthopaedics – Foot and ankle,,The UK foot and ankle COVID-19 national (FAlCoN) audit - Regional variations in COVID-19 infection and national foot and ankle surgical activity.,,,,"published, pending extraction",https://pmc.ncbi.nlm.nih.gov/articles/PMC7970797/,,UK,True,,,,,,,,,,,,Mason LW; Malhotra K; Houchen-Wollof L; Mangwani J; UK FAlCoN Audit Collaborative,Foot and ankle surgery : official journal of the European Society of Foot and Ankle Surgeons,2022,10.1016/j.fas.2021.03.012,33785283,PMC7970797,not reported,True,"Mason LW, Malhotra K, Houchen-Wollof L, Mangwani J, UK FAlCoN Audit Collaborative. The UK foot and ankle COVID-19 national (FAlCoN) audit - Regional variations in COVID-19 infection and national foot and ankle surgical activity. Foot Ankle Surg. 2022;28(2):205-216. doi:10.1016/j.fas.2021.03.012. PMID: 33785283.",
1175,orthopaedic,Orthopaedics – Knee,,Factors Associated with Stiffness Following Pediatric and Adolescent ACL Reconstruction: Early Results from Score: A Multi-Center Quality Improvement Registry,,,,"published, pending extraction",https://pmc.ncbi.nlm.nih.gov/articles/PMC9112772/,,USA,False,,,,,,,,,,,,Cooper S; Adsit L; Schmitz M; Ganley T; Ellington M; Rhodes J; Frank J; Mansour A; Saper M; Parikh S; Mayer S; Wilson P; Shea K; Ellis H,Orthopaedic journal of sports medicine,2022,,,PMC9112772,cc by-nc-nd,True,"Cooper S, Adsit L, Schmitz M, Ganley T, Ellington M, Rhodes J, et al.. Factors Associated with Stiffness Following Pediatric and Adolescent ACL Reconstruction: Early Results from Score: A Multi-Center Quality Improvement Registry. Orthop J Sports Med. 2022;10(5 suppl2).",
1176,orthopaedic,Orthopaedics – Trauma,,"Improving the Identification, Assessment and Management of Osteoporosis and Fragility Fracture Risk on a Later Life Psychiatry Ward: A Complete Audit Cycle",,,,"published, pending extraction",https://pmc.ncbi.nlm.nih.gov/articles/PMC9378028/,,UK,True,,,,,,,,,,,,Senior M; Hewson T; Brownless F; Dunne R,BJPsych open,2022,,,PMC9378028,cc by,True,"Senior M, Hewson T, Brownless F, Dunne R. Improving the Identification, Assessment and Management of Osteoporosis and Fragility Fracture Risk on a Later Life Psychiatry Ward: A Complete Audit Cycle. BJPsych Open. 2022;8(Suppl 1):S113-S113.",
1177,orthopaedic,Orthopaedics – Trauma,,85 A Closed Loop Audit of Consent for Trauma and Orthopaedic Surgery in the COVID-19 Pandemic,,,,"published, pending extraction",https://pmc.ncbi.nlm.nih.gov/articles/PMC9383534/,,not reported,True,,,,,,,,,,,,Goh J; Neary C; Razii N; Little K; Leach W,The British journal of surgery,2022,,,PMC9383534,not reported,True,"Goh J, Neary C, Razii N, Little K, Leach W. 85 A Closed Loop Audit of Consent for Trauma and Orthopaedic Surgery in the COVID-19 Pandemic. Br J Surg. 2022;109(Suppl 1).",
1178,orthopaedic,Orthopaedics – Hip fracture,,695 QUALITY IMPROVEMENT PROJECT ON TRANSFER TIMES OF ACUTE HIP FRACTURE PATIENTS FROM ED TO INPATIENT BED POST SIMULATION TRAINING,,,,"published, pending extraction",https://pmc.ncbi.nlm.nih.gov/articles/PMC9383599/,,not reported,False,,,,,,,,,,,,,Age and ageing,2022,,,PMC9383599,not reported,True,. 695 QUALITY IMPROVEMENT PROJECT ON TRANSFER TIMES OF ACUTE HIP FRACTURE PATIENTS FROM ED TO INPATIENT BED POST SIMULATION TRAINING. Age Ageing. 2022;51(Suppl 1).,
1179,orthopaedic,Orthopaedics – Trauma,,P008 Fracture liaison service management of patients aged 85 and older who sustain fragility fractures: audit and quality improvement,,,,"published, pending extraction",https://pmc.ncbi.nlm.nih.gov/articles/PMC9383793/,,not reported,False,,,,,,,,,,,,,"Rheumatology (Oxford, England)",2022,,,PMC9383793,not reported,True,. P008 Fracture liaison service management of patients aged 85 and older who sustain fragility fractures: audit and quality improvement. Rheumatology (Oxford). 2022;61(Suppl 1).,
1180,orthopaedic,Orthopaedics – Trauma,,"Prevention and Management of Falls in Older Adults admitted to Woodlands Hospital, an inpatient Old Age Psychiatric Unit",,,,"published, pending extraction",https://pmc.ncbi.nlm.nih.gov/articles/PMC9567124/,,not reported,False,,,,,,,,,,,,Darod N,European psychiatry : the journal of the Association of European Psychiatrists,2022,,,PMC9567124,cc by,True,"Darod N. Prevention and Management of Falls in Older Adults admitted to Woodlands Hospital, an inpatient Old Age Psychiatric Unit. Eur Psychiatry. 2022;65(Suppl 1):S174-S175.",
1181,orthopaedic,Orthopaedics – Foot and ankle,,Rate of COVID-19 Infection and 30 Day Mortality Between Blue and Green (Dedicated COVID-19 Safe) Pathways: Results From the UK Foot and Ankle COVID-19 National-Audit,,,,"published, pending extraction",https://pmc.ncbi.nlm.nih.gov/articles/PMC9673558/,,not reported,False,,,,,,,,,,,,,Foot & ankle orthopaedics,2022,,,PMC9673558,cc by-nc,True,. Rate of COVID-19 Infection and 30 Day Mortality Between Blue and Green (Dedicated COVID-19 Safe) Pathways: Results From the UK Foot and Ankle COVID-19 National-Audit. Foot Ankle Orthop. 2022;7(4).,
1182,orthopaedic,Orthopaedics – Trauma,,The SIMPLER Nutrition Pathway for Fragility Fractures: A Quality Improvement Initiative.,,,,"published, pending extraction",https://pmc.ncbi.nlm.nih.gov/articles/PMC12195995/,,UK,True,,,,,,,,,,,,Bell JJ; Geirsdottir OG; Johansen A; Santy-Tomlinson J; Frihagen F; McGlasson R; Sutton E; Hertz K,Nutrients,2025,10.3390/nu17121987,40573098,PMC12195995,cc by,True,"Bell JJ, Geirsdottir OG, Johansen A, Santy-Tomlinson J, Frihagen F, McGlasson R, et al.. The SIMPLER Nutrition Pathway for Fragility Fractures: A Quality Improvement Initiative. Nutrients. 2025;17(12):1987. doi:10.3390/nu17121987. PMID: 40573098.",figures/PMC12195995/nutrients-17-01987-g001.jpg
1183,orthopaedic,Orthopaedics – Theatre and perioperative,,From Register to Electronic Medical Records: A Data-Quality Audit in a Bangladeshi Orthopaedic Outpatient Department,,,,"published, pending extraction",https://doi.org/10.21203/rs.3.rs-7791604/v1,,not reported,False,,,,,,,,,,,,Molla ME; Islam MN; Paul RK; Farazi MMA,,2025,10.21203/rs.3.rs-7791604/v1,,,cc by,False,"Molla ME, Islam MN, Paul RK, Farazi MMA. From Register to Electronic Medical Records: A Data-Quality Audit in a Bangladeshi Orthopaedic Outpatient Department. . 2025. doi:10.21203/rs.3.rs-7791604/v1.",
1184,orthopaedic,Orthopaedics – Theatre and perioperative,,Prospective Audit of Hand-Scrubbing Practices in an Orthopedic Operating Theatre in a Regional Headquarter Hospital of Northern Pakistan,,,,"published, pending extraction",https://doi.org/10.64898/2026.03.14.26348091,,not reported,False,,,,,,,,,,,,Rehman S; Rathore Z; Mehdivi MA; Hussain N; Uroosh L,,2026,10.64898/2026.03.14.26348091,,,not reported,False,"Rehman S, Rathore Z, Mehdivi MA, Hussain N, Uroosh L. Prospective Audit of Hand-Scrubbing Practices in an Orthopedic Operating Theatre in a Regional Headquarter Hospital of Northern Pakistan. . 2026. doi:10.64898/2026.03.14.26348091.",
1185,orthopaedic,Orthopaedics – Theatre and perioperative,,Clinical audit of surgical waste reduction in an equine theatre,,,,"published, pending extraction",https://doi.org/10.22541/au.176798170.04777892/v1,,not reported,False,,,,,,,,,,,,Mair T; Dawson TA,,2026,10.22541/au.176798170.04777892/v1,,,not reported,False,"Mair T, Dawson TA. Clinical audit of surgical waste reduction in an equine theatre. . 2026. doi:10.22541/au.176798170.04777892/v1.",
1186,orthopaedic,Orthopaedics – Hip fracture,,"Understanding how a national clinical audit is established, maintained and sustained using the Irish Hip Fracture Database as an exemplar: a realist evaluation protocol",,,,"published, pending extraction",https://doi.org/10.12688/hrbopenres.14451.2,,not reported,False,,,,,,,,,,,,Brent L; Hickey P; Walsh M; Fitzpatrick F; Merriman NA; Byrne E,,2026,10.12688/hrbopenres.14451.2,,,not reported,False,"Brent L, Hickey P, Walsh M, Fitzpatrick F, Merriman NA, Byrne E. Understanding how a national clinical audit is established, maintained and sustained using the Irish Hip Fracture Database as an exemplar: a realist evaluation protocol. . 2026. doi:10.12688/hrbopenres.14451.2.",
1187,orthopaedic,Orthopaedics – Paediatric,,The Genetic Epidemiology of Developmental Dysplasia of the Hip: A Genome-Wide Association Study Harnessing National Clinical Audit Data,,,,"published, pending extraction",https://doi.org/10.1101/154013,,not reported,False,,,,,,,,,,,,Hatzikotoulas K; Roposch A; Shah KM; Clark MJ; Bratherton S; Limbani V; Steinberg J; Zengini E; Warsame K; Ratnayake M; Tselepi M; Schwartzentruber J; Loughlin J; Eastwood DM; Zeggini E; Wilkinson JM,,2017,10.1101/154013,,,cc by-nc-nd,False,"Hatzikotoulas K, Roposch A, Shah KM, Clark MJ, Bratherton S, Limbani V, et al.. The Genetic Epidemiology of Developmental Dysplasia of the Hip: A Genome-Wide Association Study Harnessing National Clinical Audit Data. . 2017. doi:10.1101/154013.",
1188,orthopaedic,Orthopaedics – Hip fracture,,Improving Administration of Fascia-iliaca Blocks for Patients With a Fractured Neck of Femur by Clinical Audit,,,,"published, pending extraction",https://doi.org/10.21203/rs.3.rs-502228/v1,,not reported,False,,,,,,,,,,,,Okereke I; Sampalli SR,,2021,10.21203/rs.3.rs-502228/v1,,,cc by,False,"Okereke I, Sampalli SR. Improving Administration of Fascia-iliaca Blocks for Patients With a Fractured Neck of Femur by Clinical Audit. . 2021. doi:10.21203/rs.3.rs-502228/v1.",
1189,orthopaedic,Orthopaedics – Theatre and perioperative,,Use of abbreviations in consent forms for orthopaedic patients: A quality improvement project,,,,"published, pending extraction",https://doi.org/10.22541/au.170665488.84870109/v1,,not reported,False,,,,,,,,,,,,Khan MN; Anjum S; Shafique H,,2024,10.22541/au.170665488.84870109/v1,,,not reported,False,"Khan MN, Anjum S, Shafique H. Use of abbreviations in consent forms for orthopaedic patients: A quality improvement project. . 2024. doi:10.22541/au.170665488.84870109/v1.",
1190,orthopaedic,Orthopaedics – Hip fracture,,"PAIN-AGE, a Controlled Before/After Study Assessing an Audit and Feedback Perioperative Pain Management Intervention in Older Patients with Hip Fracture.",,,,"published, pending extraction",https://doi.org/10.21203/rs.3.rs-3978284/v1,,not reported,False,,,,,,,,,,,,Drevet S; Boussat B; Grevy A; Brevet A; Olive F; Richard M; Marchesi L; Guyomard A; Maindet C; Pailhe R; Duval BR; Bouzat P; Tonetti J; Bioteau C; Gavazzi G; Francois P; Gibert P,,2024,10.21203/rs.3.rs-3978284/v1,,,cc by,False,"Drevet S, Boussat B, Grevy A, Brevet A, Olive F, Richard M, et al.. PAIN-AGE, a Controlled Before/After Study Assessing an Audit and Feedback Perioperative Pain Management Intervention in Older Patients with Hip Fracture. . 2024. doi:10.21203/rs.3.rs-3978284/v1.",
1191,orthopaedic,Orthopaedics – Theatre and perioperative,,A Closed-Loop Audit of Thrombo-Embolic Deterrent Stocking Use in an Orthopaedic Ward.,,,,"published, pending extraction",https://doi.org/10.14293/pr2199.000761.v1,,not reported,False,,,,,,,,,,,,Lim B; Mc Kenna J,,2024,10.14293/pr2199.000761.v1,,,cc by,False,"Lim B, Mc Kenna J. A Closed-Loop Audit of Thrombo-Embolic Deterrent Stocking Use in an Orthopaedic Ward. . 2024. doi:10.14293/pr2199.000761.v1.",
1192,orthopaedic,Orthopaedics – Theatre and perioperative,,Audit of ketoprofen prescribing after orthopedic and general surgery.,,,,"published, pending extraction",https://pubmed.ncbi.nlm.nih.gov/10083989/,,France,False,,,,,,,,,,,,Benhamou D; Bouaziz H; Zerrouk N; Préaux N,Canadian journal of anaesthesia = Journal canadien d'anesthesie,1999,10.1007/bf03012543,10083989,,not reported,False,"Benhamou D, Bouaziz H, Zerrouk N, Préaux N. Audit of ketoprofen prescribing after orthopedic and general surgery. Can J Anaesth. 1999;46(2):109-113. doi:10.1007/bf03012543. PMID: 10083989.",
1193,orthopaedic,Orthopaedics – Theatre and perioperative,,Quality of life of long wait orthopaedic patients before and after admission: a consumer audit.,,,,"published, pending extraction",https://pmc.ncbi.nlm.nih.gov/articles/PMC1055220/,,not reported,True,,,,,,,,,,,,Rigge M,Quality in health care : QHC,1994,10.1136/qshc.3.3.159,10139414,PMC1055220,not reported,False,Rigge M. Quality of life of long wait orthopaedic patients before and after admission: a consumer audit. Qual Health Care. 1994;3(3):159-163. doi:10.1136/qshc.3.3.159. PMID: 10139414.,
1194,orthopaedic,Orthopaedics – Theatre and perioperative,,Auditing neomycin irrigating solution in orthopedic surgery.,,,,"published, pending extraction",https://pubmed.ncbi.nlm.nih.gov/10247653/,,not reported,False,,,,,,,,,,,,Hawley HB; Foster RL Jr; Santrock DA,Hospital formulary,1980,,10247653,,not reported,False,"Hawley HB, Foster RL Jr, Santrock DA. Auditing neomycin irrigating solution in orthopedic surgery. Hosp Formul. 1980;15(7):555, 558. PMID: 10247653.",
1195,orthopaedic,Orthopaedics – Theatre and perioperative,,Orthopaedic audit: a comprehensive system for in-patients.,,,,"published, pending extraction",https://pubmed.ncbi.nlm.nih.gov/10267243/,,not reported,False,,,,,,,,,,,,Sikorski JM; Mander JM,Health trends,1984,,10267243,,not reported,False,"Sikorski JM, Mander JM. Orthopaedic audit: a comprehensive system for in-patients. Health Trends. 1984;16(2):30-33. PMID: 10267243.",
1196,orthopaedic,Orthopaedics – Foot and ankle,,Audit: an Achilles heel?,,,,"published, pending extraction",https://pubmed.ncbi.nlm.nih.gov/10294665/,,not reported,False,,,,,,,,,,,,Maynard A,The Health service journal,1989,,10294665,,not reported,False,Maynard A. Audit: an Achilles heel?. Health Serv J. 1989;99(5167):1105. PMID: 10294665.,
1197,orthopaedic,Orthopaedics – Arthroplasty,,A one-centre prospective audit of peri- and postoperative blood loss and transfusion practice in patients undergoing hip or knee replacement surgery.,,,,"published, pending extraction",https://pmc.ncbi.nlm.nih.gov/articles/PMC2503461/,,UK,True,,,,,,,,,,,,Roberts M; Ahya R; Greaves M; Maffulli N,Annals of the Royal College of Surgeons of England,2000,,10700768,PMC2503461,not reported,False,"Roberts M, Ahya R, Greaves M, Maffulli N. A one-centre prospective audit of peri- and postoperative blood loss and transfusion practice in patients undergoing hip or knee replacement surgery. Ann R Coll Surg Engl. 2000;82(1):44-48. PMID: 10700768.",
1198,orthopaedic,Orthopaedics – Paediatric,,Displaced supracondylar fractures of the humerus in children. Audit changes practice.,,,,"published, pending extraction",https://pubmed.ncbi.nlm.nih.gov/10755427/,,UK,True,,,,,,,,,,,,O'Hara LJ; Barlow JW; Clarke NM,The Journal of bone and joint surgery. British volume,2000,10.1302/0301-620x.82b2 .9570,10755427,,not reported,False,"O'Hara LJ, Barlow JW, Clarke NM. Displaced supracondylar fractures of the humerus in children. Audit changes practice. J Bone Joint Surg Br. 2000;82(2):204-210. doi:10.1302/0301-620x.82b2 .9570. PMID: 10755427.",
1199,orthopaedic,Orthopaedics – Hip fracture,,Audit of deep wound infection following hip fracture surgery.,,,,"published, pending extraction",https://pubmed.ncbi.nlm.nih.gov/10815382/,,not reported,True,,,,,,,,,,,,Mackay DC; Harrison WJ; Bates JH; Dickenson D,Journal of the Royal College of Surgeons of Edinburgh,2000,,10815382,,not reported,False,"Mackay DC, Harrison WJ, Bates JH, Dickenson D. Audit of deep wound infection following hip fracture surgery. J R Coll Surg Edinb. 2000;45(1):56-59. PMID: 10815382.",
1200,orthopaedic,Orthopaedics – Arthroplasty,,Revision hip arthroplasty activity in a single UK health region: an audit of 1265 cases.,,,,"published, pending extraction",https://pmc.ncbi.nlm.nih.gov/articles/PMC2503498/,,UK,True,,,,,,,,,,,,Hassan T; Birtwistle S; Power RA; Harper WM,Annals of the Royal College of Surgeons of England,2000,,10932666,PMC2503498,not reported,False,"Hassan T, Birtwistle S, Power RA, Harper WM. Revision hip arthroplasty activity in a single UK health region: an audit of 1265 cases. Ann R Coll Surg Engl. 2000;82(4):283-286. PMID: 10932666.",
1201,orthopaedic,Orthopaedics – Arthroplasty,,Patient-controlled analgesia and urinary retention following lower limb joint replacement: prospective audit and logistic regression analysis.,,,,"published, pending extraction",https://pubmed.ncbi.nlm.nih.gov/10964144/,,UK,True,,,,,,,,,,,,O'Riordan JA; Hopkins PM; Ravenscroft A; Stevens JD,European journal of anaesthesiology,2000,10.1046/j.1365-2346.2000.00720.x,10964144,,not reported,False,"O'Riordan JA, Hopkins PM, Ravenscroft A, Stevens JD. Patient-controlled analgesia and urinary retention following lower limb joint replacement: prospective audit and logistic regression analysis. Eur J Anaesthesiol. 2000;17(7):431-435. doi:10.1046/j.1365-2346.2000.00720.x. PMID: 10964144.",
1202,orthopaedic,Orthopaedics – Hip fracture,,Audit of the effect of a fast tracking protocol on transfer time from A&E to ward for patients with hip fractures.,,,,"published, pending extraction",https://pubmed.ncbi.nlm.nih.gov/10986371/,,UK,True,,,,,,,,,,,,Rajmohan B,Injury,2000,10.1016/s0020-1383(00)00056-5,10986371,,not reported,False,Rajmohan B. Audit of the effect of a fast tracking protocol on transfer time from A&E to ward for patients with hip fractures. Injury. 2000;31(8):585-589. doi:10.1016/s0020-1383(00)00056-5. PMID: 10986371.,
1203,orthopaedic,Orthopaedics – Theatre and perioperative,,A patient temperature audit within a theatre recovery unit.,,,,"published, pending extraction",https://pubmed.ncbi.nlm.nih.gov/11033626/,,not reported,True,,,,,,,,,,,,Kean M,British journal of nursing (Mark Allen Publishing),2000,10.12968/bjon.2000.9.3.150,11033626,,not reported,False,Kean M. A patient temperature audit within a theatre recovery unit. Br J Nurs. 2000;9(3):150-156. doi:10.12968/bjon.2000.9.3.150. PMID: 11033626.,
1204,orthopaedic,Orthopaedics – Trauma,,Audit of open tibial diaphyseal fracture management at a district accident centre.,,,,"published, pending extraction",https://pmc.ncbi.nlm.nih.gov/articles/PMC2503484/,,UK,True,,,,,,,,,,,,Clough TM; Bale RS,Annals of the Royal College of Surgeons of England,2000,,11103167,PMC2503484,not reported,False,"Clough TM, Bale RS. Audit of open tibial diaphyseal fracture management at a district accident centre. Ann R Coll Surg Engl. 2000;82(6):436-440. PMID: 11103167.",
1205,orthopaedic,Orthopaedics – Arthroplasty,,Variance analysis in clinical pathways for total hip and knee joint arthroplasty.,,,,"published, pending extraction",https://pubmed.ncbi.nlm.nih.gov/11207952/,,Australia,False,,,,,,,,,,,,Dalton P; Macintosh DJ; Pearson B,Journal of quality in clinical practice,2000,10.1046/j.1440-1762.2000.00382.x,11207952,,not reported,False,"Dalton P, Macintosh DJ, Pearson B. Variance analysis in clinical pathways for total hip and knee joint arthroplasty. J Qual Clin Pract. 2000;20(4):145-149. doi:10.1046/j.1440-1762.2000.00382.x. PMID: 11207952.",
1206,orthopaedic,Orthopaedics – Knee,,An audit of tunnel position in anterior cruciate ligament reconstruction.,,,,"published, pending extraction",https://pubmed.ncbi.nlm.nih.gov/11248570/,,UK,True,,,,,,,,,,,,Topliss C; Webb J,The Knee,2001,10.1016/s0968-0160(01)00067-9,11248570,,not reported,False,"Topliss C, Webb J. An audit of tunnel position in anterior cruciate ligament reconstruction. Knee. 2001;8(1):59-63. doi:10.1016/s0968-0160(01)00067-9. PMID: 11248570.",
1207,orthopaedic,Orthopaedics – Hand and wrist,,Missing a therapeutic window of opportunity: an audit of patients attending a tertiary teaching hospital with potentially osteoporotic hip and wrist fractures.,,,,"published, pending extraction",https://pubmed.ncbi.nlm.nih.gov/11708425/,,Australia,False,,,,,,,,,,,,Smith MD; Ross W; Ahern MJ,The Journal of rheumatology,2001,,11708425,,not reported,False,"Smith MD, Ross W, Ahern MJ. Missing a therapeutic window of opportunity: an audit of patients attending a tertiary teaching hospital with potentially osteoporotic hip and wrist fractures. J Rheumatol. 2001;28(11):2504-2508. PMID: 11708425.",
1208,orthopaedic,Orthopaedics – Theatre and perioperative,,An audit of microbiology laboratory utilization: the diagnosis of infection in orthopedic surgery.,,,,"published, pending extraction",https://pubmed.ncbi.nlm.nih.gov/11864175/,,not reported,False,,,,,,,,,,,,Gyssens IC; Smits-Caris C; Stolk-Engelaar MV; Slooff TJ; Hoogkamp-Korstanje JA,Clinical microbiology and infection : the official publication of the European Society of Clinical Microbiology and Infectious Diseases,1997,10.1111/j.1469-0691.1997.tb00301.x,11864175,,not reported,False,"Gyssens IC, Smits-Caris C, Stolk-Engelaar MV, Slooff TJ, Hoogkamp-Korstanje JA. An audit of microbiology laboratory utilization: the diagnosis of infection in orthopedic surgery. Clin Microbiol Infect. 1997;3(5):518-522. doi:10.1111/j.1469-0691.1997.tb00301.x. PMID: 11864175.",
1209,orthopaedic,Orthopaedics – Spine,,A regional audit of the prevention and treatment of corticosteroid-induced osteoporosis in patients with rheumatic diseases in the West Midlands.,,,,"published, pending extraction",https://pubmed.ncbi.nlm.nih.gov/12209036/,,UK,True,,,,,,,,,,,,Erb N; Duncan RC; Raza K; Rowe IF; Kitas GD; Situnayake RD; West Midlands Rheumatology Services and Training Committee,"Rheumatology (Oxford, England)",2002,10.1093/rheumatology/41.9.1021,12209036,,not reported,False,"Erb N, Duncan RC, Raza K, Rowe IF, Kitas GD, Situnayake RD, et al.. A regional audit of the prevention and treatment of corticosteroid-induced osteoporosis in patients with rheumatic diseases in the West Midlands. Rheumatology (Oxford). 2002;41(9):1021-1024. doi:10.1093/rheumatology/41.9.1021. PMID: 12209036.",
1210,orthopaedic,Orthopaedics – Arthroplasty,,An audit on the blood transfusion requirements for revision hip arthroplasty.,,,,"published, pending extraction",https://pmc.ncbi.nlm.nih.gov/articles/PMC2504240/,,UK,True,,,,,,,,,,,,Sharma S; Cooper H; Ivory JP,Annals of the Royal College of Surgeons of England,2002,10.1308/003588402320439720,12215032,PMC2504240,not reported,False,"Sharma S, Cooper H, Ivory JP. An audit on the blood transfusion requirements for revision hip arthroplasty. Ann R Coll Surg Engl. 2002;84(4):269-272. doi:10.1308/003588402320439720. PMID: 12215032.",
1211,orthopaedic,Orthopaedics – Shoulder and elbow,,Management of paediatric clavicle fractures--is follow-up necessary? An audit of 346 cases.,,,,"published, pending extraction",https://pmc.ncbi.nlm.nih.gov/articles/PMC2504174/,,UK,True,,,,,,,,,,,,Calder JD; Solan M; Gidwani S; Allen S; Ricketts DM,Annals of the Royal College of Surgeons of England,2002,10.1308/003588402760452457,12398126,PMC2504174,not reported,False,"Calder JD, Solan M, Gidwani S, Allen S, Ricketts DM. Management of paediatric clavicle fractures--is follow-up necessary? An audit of 346 cases. Ann R Coll Surg Engl. 2002;84(5):331-333. doi:10.1308/003588402760452457. PMID: 12398126.",
1212,orthopaedic,Orthopaedics – Theatre and perioperative,,Management of osteoporosis in an orthopaedic department: audit improves practice.,,,,"published, pending extraction",https://pubmed.ncbi.nlm.nih.gov/12425375/,,UK,True,,,,,,,,,,,,Charalambous CP; Kumar S; Tryfonides M; Rajkumar P; Hirst P,International journal of clinical practice,2002,10.1111/j.1742-1241.2002.tb11336.x,12425375,,not reported,False,"Charalambous CP, Kumar S, Tryfonides M, Rajkumar P, Hirst P. Management of osteoporosis in an orthopaedic department: audit improves practice. Int J Clin Pract. 2002;56(8):620-621. doi:10.1111/j.1742-1241.2002.tb11336.x. PMID: 12425375.",
1213,orthopaedic,Orthopaedics – Shoulder and elbow,,Auditing and reporting for HIPAA compliance. Accounting principles help healthcare providers shoulder the burden of proof.,,,,"published, pending extraction",https://pubmed.ncbi.nlm.nih.gov/12467259/,,USA,False,,,,,,,,,,,,Stevens M,Health management technology,2002,,12467259,,not reported,False,Stevens M. Auditing and reporting for HIPAA compliance. Accounting principles help healthcare providers shoulder the burden of proof. Health Manag Technol. 2002;23(12):12-13. PMID: 12467259.,
1214,orthopaedic,Orthopaedics – Hip fracture,,Quality improvement for patients with hip fracture: experience from a multi-site audit.,,,,"published, pending extraction",https://pmc.ncbi.nlm.nih.gov/articles/PMC1743638/,,UK,True,,,,,,,,,,,,Freeman C; Todd C; Camilleri-Ferrante C; Laxton C; Murrell P; Palmer CR; Parker M; Payne B; Rushton N,Quality & safety in health care,2002,10.1136/qhc.11.3.239,12486988,PMC1743638,not reported,False,"Freeman C, Todd C, Camilleri-Ferrante C, Laxton C, Murrell P, Palmer CR, et al.. Quality improvement for patients with hip fracture: experience from a multi-site audit. Qual Saf Health Care. 2002;11(3):239-245. doi:10.1136/qhc.11.3.239. PMID: 12486988.",
1215,orthopaedic,Orthopaedics – Hip fracture,,"Improvements in pain relief, handling time and pressure ulcers through internal audits of hip fracture patients.",,,,"published, pending extraction",https://pubmed.ncbi.nlm.nih.gov/12581299/,,not reported,False,,,,,,,,,,,,Hommel A; Ulander K; Thorngren KG,Scandinavian journal of caring sciences,2003,10.1046/j.1471-6712.2003.00212.x,12581299,,not reported,False,"Hommel A, Ulander K, Thorngren KG. Improvements in pain relief, handling time and pressure ulcers through internal audits of hip fracture patients. Scand J Caring Sci. 2003;17(1):78-83. doi:10.1046/j.1471-6712.2003.00212.x. PMID: 12581299.",
1216,orthopaedic,Orthopaedics – Arthroplasty,,An audit of the out-patient follow-up of hip and knee replacements.,,,,"published, pending extraction",https://pmc.ncbi.nlm.nih.gov/articles/PMC1964341/,,UK,True,,,,,,,,,,,,Bhatia M; Obadare Z,Annals of the Royal College of Surgeons of England,2003,10.1308/003588403321001408,12585629,PMC1964341,not reported,False,"Bhatia M, Obadare Z. An audit of the out-patient follow-up of hip and knee replacements. Ann R Coll Surg Engl. 2003;85(1):32-35. doi:10.1308/003588403321001408. PMID: 12585629.",
1217,orthopaedic,Orthopaedics – Theatre and perioperative,,Audit of orthopaedic bed utilisation.,,,,"published, pending extraction",https://pubmed.ncbi.nlm.nih.gov/12661384/,,not reported,True,,,,,,,,,,,,Mohammed A; Thomas BM; Hullin MG; McCreath SW,Health bulletin,2001,,12661384,,not reported,False,"Mohammed A, Thomas BM, Hullin MG, McCreath SW. Audit of orthopaedic bed utilisation. Health Bull (Edinb). 2001;59(6):353-355. PMID: 12661384.",
1218,orthopaedic,Orthopaedics – Foot and ankle,,A unitary patient record improves admission documentation in a medical assessment unit in a major teaching hospital.,,,,"published, pending extraction",https://pubmed.ncbi.nlm.nih.gov/12664729/,,not reported,True,,,,,,,,,,,,Morrison LG; Lam S; Sutherland M; Kefala K; Morse T; Bell D,Health bulletin,2001,,12664729,,not reported,False,"Morrison LG, Lam S, Sutherland M, Kefala K, Morse T, Bell D. A unitary patient record improves admission documentation in a medical assessment unit in a major teaching hospital. Health Bull (Edinb). 2001;59(4):218-223. PMID: 12664729.",
1219,orthopaedic,Orthopaedics – Hand and wrist,,Parametric analysis of rate-dependent hemodynamic response functions of cortical and subcortical brain structures during auditorily cued finger tapping: a fMRI study.,,,,"published, pending extraction",https://pubmed.ncbi.nlm.nih.gov/12667850/,,Germany,False,,,,,,,,,,,,Riecker A; Wildgruber D; Mathiak K; Grodd W; Ackermann H,NeuroImage,2003,10.1016/s1053-8119(03)00003-x,12667850,,not reported,False,"Riecker A, Wildgruber D, Mathiak K, Grodd W, Ackermann H. Parametric analysis of rate-dependent hemodynamic response functions of cortical and subcortical brain structures during auditorily cued finger tapping: a fMRI study. Neuroimage. 2003;18(3):731-739. doi:10.1016/s1053-8119(03)00003-x. PMID: 12667850.",
1220,orthopaedic,Orthopaedics – Foot and ankle,,The Football Association Medical Research Programme: an audit of injuries in professional football: an analysis of ankle sprains.,,,,"published, pending extraction",https://pmc.ncbi.nlm.nih.gov/articles/PMC1724634/,,UK,True,,,,,,,,,,,,Woods C; Hawkins R; Hulse M; Hodson A,British journal of sports medicine,2003,10.1136/bjsm.37.3.233,12782548,PMC1724634,not reported,False,"Woods C, Hawkins R, Hulse M, Hodson A. The Football Association Medical Research Programme: an audit of injuries in professional football: an analysis of ankle sprains. Br J Sports Med. 2003;37(3):233-238. doi:10.1136/bjsm.37.3.233. PMID: 12782548.",
1221,orthopaedic,Orthopaedics – Arthroplasty,,A strategy for reducing blood-transfusion requirements in elective orthopaedic surgery. Audit of an algorithm for arthroplasty of the lower limb.,,,,"published, pending extraction",https://pubmed.ncbi.nlm.nih.gov/12793549/,,UK,True,,,,,,,,,,,,Helm AT; Karski MT; Parsons SJ; Sampath JS; Bale RS,The Journal of bone and joint surgery. British volume,2003,10.1302/0301-620x.85b4.13615,12793549,,not reported,False,"Helm AT, Karski MT, Parsons SJ, Sampath JS, Bale RS. A strategy for reducing blood-transfusion requirements in elective orthopaedic surgery. Audit of an algorithm for arthroplasty of the lower limb. J Bone Joint Surg Br. 2003;85(4):484-489. doi:10.1302/0301-620x.85b4.13615. PMID: 12793549.",
1222,orthopaedic,Orthopaedics – Theatre and perioperative,,Audit of antibiotic prophylaxis for surgical patients in three hospital trusts in Tayside. Tayside Area Clinical Audit Commitee.,,,,"published, pending extraction",https://pubmed.ncbi.nlm.nih.gov/12828137/,,not reported,False,,,,,,,,,,,,Davey P; Napier A; McMillan J; Ruta D,Health bulletin,1999,,12828137,,not reported,False,"Davey P, Napier A, McMillan J, Ruta D. Audit of antibiotic prophylaxis for surgical patients in three hospital trusts in Tayside. Tayside Area Clinical Audit Commitee. Health Bull (Edinb). 1999;57(2):118-127. PMID: 12828137.",
1223,orthopaedic,Orthopaedics – Knee,,Clinical effectiveness of high tibial osteotomy for osteoarthritis of the knee.,,,,"published, pending extraction",https://pubmed.ncbi.nlm.nih.gov/12828379/,,UK,True,,,,,,,,,,,,Madan S; Rushforth GF,"Bulletin (Hospital for Joint Diseases (New York, N.Y.))",2002,,12828379,,not reported,False,"Madan S, Rushforth GF. Clinical effectiveness of high tibial osteotomy for osteoarthritis of the knee. Bull Hosp Jt Dis. 2002;61(1-2):45-48. PMID: 12828379.",
1224,orthopaedic,Orthopaedics – Trauma,,The perioperative care of orthopaedic and trauma patients in a high-dependency unit: a 2-year prospective audit.,,,,"published, pending extraction",https://pubmed.ncbi.nlm.nih.gov/1286900/,,UK,True,,,,,,,,,,,,Helm RH; Newman RJ,Injury,1992,10.1016/0020-1383(92)90148-l,1286900,,not reported,False,"Helm RH, Newman RJ. The perioperative care of orthopaedic and trauma patients in a high-dependency unit: a 2-year prospective audit. Injury. 1992;23(8):515-517. doi:10.1016/0020-1383(92)90148-l. PMID: 1286900.",
1225,orthopaedic,Orthopaedics – Trauma,,Auditing a nurse led fracture referral service.,,,,"published, pending extraction",https://pubmed.ncbi.nlm.nih.gov/12889404/,,not reported,False,,,,,,,,,,,,Malkin B,Emergency nurse : the journal of the RCN Accident and Emergency Nursing Association,2003,10.7748/en2003.06.11.4.22.c1126,12889404,,not reported,False,Malkin B. Auditing a nurse led fracture referral service. Emerg Nurse. 2003;11(4):22-23. doi:10.7748/en2003.06.11.4.22.c1126. PMID: 12889404.,
1226,orthopaedic,Orthopaedics – Theatre and perioperative,,Closing the audit loop--prevention of perioperative hypothermia: audit and reaudit of perioperative hypothermia.,,,,"published, pending extraction",https://pubmed.ncbi.nlm.nih.gov/12974599/,,UK,True,,,,,,,,,,,,Gallagher GA; McLintock T; Booth MG,European journal of anaesthesiology,2003,10.1017/s0265021503001224,12974599,,not reported,False,"Gallagher GA, McLintock T, Booth MG. Closing the audit loop--prevention of perioperative hypothermia: audit and reaudit of perioperative hypothermia. Eur J Anaesthesiol. 2003;20(9):750-752. doi:10.1017/s0265021503001224. PMID: 12974599.",
1227,orthopaedic,Orthopaedics – Trauma,,An audit of university education in trauma and orthopaedic surgery in Great Britain.,,,,"published, pending extraction",https://pmc.ncbi.nlm.nih.gov/articles/PMC1294726/,,not reported,True,,,,,,,,,,,,O'Dowd JK; Spencer JD,Journal of the Royal Society of Medicine,1992,10.1177/014107689208500411,1433062,PMC1294726,not reported,False,"O'Dowd JK, Spencer JD. An audit of university education in trauma and orthopaedic surgery in Great Britain. J R Soc Med. 1992;85(4):211-213. doi:10.1177/014107689208500411. PMID: 1433062.",
1228,orthopaedic,Orthopaedics – Shoulder and elbow,,Use of an integrated care pathway: a third round audit of the management of shoulder pain in neurological conditions.,,,,"published, pending extraction",https://pubmed.ncbi.nlm.nih.gov/14664316/,,UK,True,,,,,,,,,,,,Jackson D; Turner-Stokes L; Williams H; Das-Gupta R,Journal of rehabilitation medicine,2003,10.1080/16501970310012446,14664316,,not reported,False,"Jackson D, Turner-Stokes L, Williams H, Das-Gupta R. Use of an integrated care pathway: a third round audit of the management of shoulder pain in neurological conditions. J Rehabil Med. 2003;35(6):265-270. doi:10.1080/16501970310012446. PMID: 14664316.",
1229,orthopaedic,Orthopaedics – Trauma,,Pelvic and acetabular fractures in the United Kingdom: a continued public health emergency.,,,,"published, pending extraction",https://pubmed.ncbi.nlm.nih.gov/14728950/,,UK,True,,,,,,,,,,,,Solan MC; Molloy S; Packham I; Ward DA; Bircher MD,Injury,2004,10.1016/s0020-1383(03)00264-x,14728950,,not reported,False,"Solan MC, Molloy S, Packham I, Ward DA, Bircher MD. Pelvic and acetabular fractures in the United Kingdom: a continued public health emergency. Injury. 2004;35(1):16-22. doi:10.1016/s0020-1383(03)00264-x. PMID: 14728950.",
1230,orthopaedic,Orthopaedics – Trauma,,The effect of time delay on infection in open long-bone fractures: a 5-year prospective audit from a district general hospital.,,,,"published, pending extraction",https://pmc.ncbi.nlm.nih.gov/articles/PMC1964145/,,UK,True,,,,,,,,,,,,Spencer J; Smith A; Woods D,Annals of the Royal College of Surgeons of England,2004,10.1308/003588404322827491,15005929,PMC1964145,not reported,False,"Spencer J, Smith A, Woods D. The effect of time delay on infection in open long-bone fractures: a 5-year prospective audit from a district general hospital. Ann R Coll Surg Engl. 2004;86(2):108-112. doi:10.1308/003588404322827491. PMID: 15005929.",
1231,orthopaedic,Orthopaedics – Hip fracture,,Nationwide continuous quality improvement using clinical indicators: the Danish National Indicator Project.,,,,"published, pending extraction",https://pubmed.ncbi.nlm.nih.gov/15059986/,,not reported,False,,,,,,,,,,,,Mainz J; Krog BR; Bjørnshave B; Bartels P,International journal for quality in health care : journal of the International Society for Quality in Health Care,2004,10.1093/intqhc/mzh031,15059986,,not reported,False,"Mainz J, Krog BR, Bjørnshave B, Bartels P. Nationwide continuous quality improvement using clinical indicators: the Danish National Indicator Project. Int J Qual Health Care. 2004;16 Suppl 1:i45-50. doi:10.1093/intqhc/mzh031. PMID: 15059986.",
1232,orthopaedic,Orthopaedics – Arthroplasty,,Total knee replacement surgery and surgical site infection: a prospective audit.,,,,"published, pending extraction",https://pmc.ncbi.nlm.nih.gov/articles/PMC3211912/,,Saudi Arabia,False,,,,,,,,,,,,Austin TW; Austin MA; Coleman B; Jamjoom M; Al Thaqafi AO,Canadian journal of surgery. Journal canadien de chirurgie,2004,,15132473,PMC3211912,not reported,False,"Austin TW, Austin MA, Coleman B, Jamjoom M, Al Thaqafi AO. Total knee replacement surgery and surgical site infection: a prospective audit. Can J Surg. 2004;47(2):145. PMID: 15132473.",
1233,orthopaedic,Orthopaedics – Theatre and perioperative,,Regional audit: perioperative management of MRSA orthopaedic patients in the Oxford region.,,,,"published, pending extraction",https://pubmed.ncbi.nlm.nih.gov/15206512/,,UK,True,,,,,,,,,,,,Aslam N; Mirza S; Lo S,International journal of clinical practice,2004,10.1111/j.1368-5031.2004.00137.x,15206512,,not reported,False,"Aslam N, Mirza S, Lo S. Regional audit: perioperative management of MRSA orthopaedic patients in the Oxford region. Int J Clin Pract. 2004;58(5):523-526. doi:10.1111/j.1368-5031.2004.00137.x. PMID: 15206512.",
1234,orthopaedic,Orthopaedics – Foot and ankle,,Improvement in the treatment of stable ankle fractures: an audit based approach.,,,,"published, pending extraction",https://pubmed.ncbi.nlm.nih.gov/15246804/,,UK,True,,,,,,,,,,,,Wykes PR; Eccles K; Thennavan B; Barrie JL,Injury,2004,10.1016/s0020-1383(03)00207-9,15246804,,not reported,False,"Wykes PR, Eccles K, Thennavan B, Barrie JL. Improvement in the treatment of stable ankle fractures: an audit based approach. Injury. 2004;35(8):799-804. doi:10.1016/s0020-1383(03)00207-9. PMID: 15246804.",
1235,orthopaedic,Orthopaedics – Theatre and perioperative,,"Bone bank service in Odense, Denmark. Audit of the first ten years with bone banking at the Department of Orthopaedics, Odense University Hospital.",,,,"published, pending extraction",https://pubmed.ncbi.nlm.nih.gov/15256916/,,not reported,False,,,,,,,,,,,,Nielsen HT; Larsen S; Andersen M; Ovesen O,Cell and tissue banking,2001,10.1023/a:1020162323539,15256916,,not reported,False,"Nielsen HT, Larsen S, Andersen M, Ovesen O. Bone bank service in Odense, Denmark. Audit of the first ten years with bone banking at the Department of Orthopaedics, Odense University Hospital. Cell Tissue Bank. 2001;2(3):179-183. doi:10.1023/a:1020162323539. PMID: 15256916.",
1236,orthopaedic,Orthopaedics – Hip fracture,,Reduction of nosocomial pressure ulcers in patients with hip fractures: a quality improvement program.,,,,"published, pending extraction",https://pubmed.ncbi.nlm.nih.gov/15301263/,,not reported,False,,,,,,,,,,,,Peich S; Calderon-Margalit R,International journal of health care quality assurance incorporating Leadership in health services,2004,10.1108/09526860410526682,15301263,,not reported,False,"Peich S, Calderon-Margalit R. Reduction of nosocomial pressure ulcers in patients with hip fractures: a quality improvement program. Int J Health Care Qual Assur Inc Leadersh Health Serv. 2004;17(2-3):75-80. doi:10.1108/09526860410526682. PMID: 15301263.",
1237,orthopaedic,Orthopaedics – Theatre and perioperative,,Quality of post-anesthetic care in a hospital without a Post-Anesthetic Care Unit. A clinical audit.,,,,"published, pending extraction",https://pubmed.ncbi.nlm.nih.gov/15467495/,,Italy,False,,,,,,,,,,,,Trevisan P; Gobber G,Minerva anestesiologica,2004,,15467495,,not reported,False,"Trevisan P, Gobber G. Quality of post-anesthetic care in a hospital without a Post-Anesthetic Care Unit. A clinical audit. Minerva Anestesiol. 2004;70(9):631-642. PMID: 15467495.",
1238,orthopaedic,Orthopaedics – Hip fracture,,Hip fractures in Finland--a comparison of patient characteristics and outcomes in six hospitals.,,,,"published, pending extraction",https://pubmed.ncbi.nlm.nih.gov/15544081/,,not reported,False,,,,,,,,,,,,Heikkinen T; Willig R; Hänninen A; Koskinen K; Mannismäki P; Alavaikko A; von und zu Fraunberg M; Jalovaara P,Scandinavian journal of surgery : SJS : official organ for the Finnish Surgical Society and the Scandinavian Surgical Society,2004,10.1177/145749690409300312,15544081,,not reported,False,"Heikkinen T, Willig R, Hänninen A, Koskinen K, Mannismäki P, Alavaikko A, et al.. Hip fractures in Finland--a comparison of patient characteristics and outcomes in six hospitals. Scand J Surg. 2004;93(3):234-240. doi:10.1177/145749690409300312. PMID: 15544081.",
1239,orthopaedic,Orthopaedics – Foot and ankle,,Acceptability of ankle tourniquet use in midfoot and forefoot surgery: audit of 1000 cases.,,,,"published, pending extraction",https://pubmed.ncbi.nlm.nih.gov/15574237/,,Australia,False,,,,,,,,,,,,Rudkin AK; Rudkin GE; Dracopoulos GC,Foot & ankle international,2004,10.1177/107110070402501106,15574237,,not reported,False,"Rudkin AK, Rudkin GE, Dracopoulos GC. Acceptability of ankle tourniquet use in midfoot and forefoot surgery: audit of 1000 cases. Foot Ankle Int. 2004;25(11):788-794. doi:10.1177/107110070402501106. PMID: 15574237.",
1240,orthopaedic,Orthopaedics – Knee,,Hybrid external fixation in complex tibial plateau and plafond fractures: an Australian audit of outcomes.,,,,"published, pending extraction",https://pubmed.ncbi.nlm.nih.gov/15589938/,,Australia,False,,,,,,,,,,,,Piper KJ; Won HY; Ellis AM,Injury,2005,10.1016/j.injury.2004.04.006,15589938,,not reported,False,"Piper KJ, Won HY, Ellis AM. Hybrid external fixation in complex tibial plateau and plafond fractures: an Australian audit of outcomes. Injury. 2005;36(1):178-184. doi:10.1016/j.injury.2004.04.006. PMID: 15589938.",
1241,orthopaedic,Orthopaedics – Arthroplasty,,Human skeletal allograft collection--room for improvement?,,,,"published, pending extraction",https://pubmed.ncbi.nlm.nih.gov/15648710/,,not reported,False,,,,,,,,,,,,Holt G; Arthur A; Frame D; Muirhead A,Scottish medical journal,2004,10.1177/003693300404900410,15648710,,not reported,False,"Holt G, Arthur A, Frame D, Muirhead A. Human skeletal allograft collection--room for improvement?. Scott Med J. 2004;49(4):146-148. doi:10.1177/003693300404900410. PMID: 15648710.",
1242,orthopaedic,Orthopaedics – Foot and ankle,,Bilateral ankle blocks: a prospective audit.,,,,"published, pending extraction",https://pubmed.ncbi.nlm.nih.gov/15740515/,,Australia,False,,,,,,,,,,,,Rudkin GE; Rudkin AK; Dracopoulos GC,ANZ journal of surgery,2005,10.1111/j.1445-2197.2005.03286.x,15740515,,not reported,False,"Rudkin GE, Rudkin AK, Dracopoulos GC. Bilateral ankle blocks: a prospective audit. ANZ J Surg. 2005;75(1-2):39-42. doi:10.1111/j.1445-2197.2005.03286.x. PMID: 15740515.",
1243,orthopaedic,Orthopaedics – Hand and wrist,,Management of clinical fractures of the scaphoid: results of an audit and literature review.,,,,"published, pending extraction",https://pubmed.ncbi.nlm.nih.gov/15756078/,,UK,True,,,,,,,,,,,,Pillai A; Jain M,European journal of emergency medicine : official journal of the European Society for Emergency Medicine,2005,10.1097/00063110-200504000-00002,15756078,,not reported,False,"Pillai A, Jain M. Management of clinical fractures of the scaphoid: results of an audit and literature review. Eur J Emerg Med. 2005;12(2):47-51. doi:10.1097/00063110-200504000-00002. PMID: 15756078.",
1244,orthopaedic,Orthopaedics – Arthroplasty,,An audit of Keller arthroplasty and metatarsophalangeal joint arthrodesis from national data.,,,,"published, pending extraction",https://pubmed.ncbi.nlm.nih.gov/15866830/,,USA,False,,,,,,,,,,,,Stewart J; Reed JF 3rd,The international journal of lower extremity wounds,2003,10.1177/1534734603256013,15866830,,not reported,False,"Stewart J, Reed JF 3rd. An audit of Keller arthroplasty and metatarsophalangeal joint arthrodesis from national data. Int J Low Extrem Wounds. 2003;2(2):69-73. doi:10.1177/1534734603256013. PMID: 15866830.",
1245,orthopaedic,Orthopaedics – Trauma,,An analysis of errors causing morbidity and mortality in a trauma system: a guide for quality improvement.,,,,"published, pending extraction",https://pubmed.ncbi.nlm.nih.gov/1588657/,,not reported,False,,,,,,,,,,,,Davis JW; Hoyt DB; McArdle MS; Mackersie RC; Eastman AB; Virgilio RW; Cooper G; Hammill F; Lynch FP,The Journal of trauma,1992,10.1097/00005373-199205000-00020,1588657,,not reported,False,"Davis JW, Hoyt DB, McArdle MS, Mackersie RC, Eastman AB, Virgilio RW, et al.. An analysis of errors causing morbidity and mortality in a trauma system: a guide for quality improvement. J Trauma. 1992;32(5):660-5; discussion 665-6. doi:10.1097/00005373-199205000-00020. PMID: 1588657.",
1246,orthopaedic,Orthopaedics – Paediatric,,Auditing hip ultrasound screening of infants at increased risk of developmental dysplasia of the hip.,,,,"published, pending extraction",https://pmc.ncbi.nlm.nih.gov/articles/PMC1720452/,,Ireland,True,,,,,,,,,,,,Lowry CA; Donoghue VB; Murphy JF,Archives of disease in childhood,2005,10.1136/adc.2003.033597,15908620,PMC1720452,not reported,False,"Lowry CA, Donoghue VB, Murphy JF. Auditing hip ultrasound screening of infants at increased risk of developmental dysplasia of the hip. Arch Dis Child. 2005;90(6):579-581. doi:10.1136/adc.2003.033597. PMID: 15908620.",
1247,orthopaedic,Orthopaedics – Spine,,Improvement in initial survival of spinal injuries: a 10-year audit.,,,,"published, pending extraction",https://pubmed.ncbi.nlm.nih.gov/16023908/,,UK,True,,,,,,,,,,,,Tan HB; Sloan JP; Barlow IF,Injury,2005,10.1016/j.injury.2004.06.019,16023908,,not reported,False,"Tan HB, Sloan JP, Barlow IF. Improvement in initial survival of spinal injuries: a 10-year audit. Injury. 2005;36(8):941-945. doi:10.1016/j.injury.2004.06.019. PMID: 16023908.",
1248,orthopaedic,Orthopaedics – Trauma,,The effect of a fracture protocol on hospital prescriptions after minimal trauma fractured neck of the femur: a retrospective audit.,,,,"published, pending extraction",https://pubmed.ncbi.nlm.nih.gov/16133648/,,not reported,False,,,,,,,,,,,,Jones G; Warr S; Francis E; Greenaway T,Osteoporosis international : a journal established as result of cooperation between the European Foundation for Osteoporosis and the National Osteoporosis Foundation of the USA,2005,10.1007/s00198-005-1960-y,16133648,,not reported,False,"Jones G, Warr S, Francis E, Greenaway T. The effect of a fracture protocol on hospital prescriptions after minimal trauma fractured neck of the femur: a retrospective audit. Osteoporos Int. 2005;16(10):1277-1280. doi:10.1007/s00198-005-1960-y. PMID: 16133648.",
1249,orthopaedic,Orthopaedics – Theatre and perioperative,,A clinical audit of patients on an orthopaedic waiting list for greater than two years.,,,,"published, pending extraction",https://pubmed.ncbi.nlm.nih.gov/1620513/,,not reported,False,,,,,,,,,,,,Tomlinson M; Cullen J,The New Zealand medical journal,1992,,1620513,,not reported,False,"Tomlinson M, Cullen J. A clinical audit of patients on an orthopaedic waiting list for greater than two years. N Z Med J. 1992;105(937):266-268. PMID: 1620513.",
1250,orthopaedic,Orthopaedics – Shoulder and elbow,,Audit on radiographs in anterior shoulder dislocations.,,,,"published, pending extraction",https://pubmed.ncbi.nlm.nih.gov/16250275/,,Malaysia,False,,,,,,,,,,,,Lee DJ; Yeap JS; Fazir M; Muhd Borhan TA; Kareem BA,The Medical journal of Malaysia,2005,,16250275,,not reported,False,"Lee DJ, Yeap JS, Fazir M, Muhd Borhan TA, Kareem BA. Audit on radiographs in anterior shoulder dislocations. Med J Malaysia. 2005;60(1):15-20. PMID: 16250275.",
1251,orthopaedic,Orthopaedics – Hip fracture,,"Audit, guidelines and standards: clinical governance for hip fracture care in Scotland.",,,,"published, pending extraction",https://pubmed.ncbi.nlm.nih.gov/16278178/,,UK,True,,,,,,,,,,,,Currie CT; Hutchison JD,Disability and rehabilitation,2005,10.1080/09638280500056329,16278178,,not reported,False,"Currie CT, Hutchison JD. Audit, guidelines and standards: clinical governance for hip fracture care in Scotland. Disabil Rehabil. 2005;27(18-19):1099-1105. doi:10.1080/09638280500056329. PMID: 16278178.",
1252,orthopaedic,Orthopaedics – Hip fracture,,Evaluation of 238 consecutive patients with the extended data set of the Standardised Audit for Hip Fractures in Europe (SAHFE).,,,,"published, pending extraction",https://pubmed.ncbi.nlm.nih.gov/16278179/,,not reported,False,,,,,,,,,,,,Heikkinen T; Partanen J; Ristiniemi J; Jalovaara P,Disability and rehabilitation,2005,10.1080/09638280500061220,16278179,,not reported,False,"Heikkinen T, Partanen J, Ristiniemi J, Jalovaara P. Evaluation of 238 consecutive patients with the extended data set of the Standardised Audit for Hip Fractures in Europe (SAHFE). Disabil Rehabil. 2005;27(18-19):1107-1115. doi:10.1080/09638280500061220. PMID: 16278179.",
1253,orthopaedic,Orthopaedics – Trauma,,Pink pulseless hand following supra-condylar fractures: an audit of British practice.,,,,"published, pending extraction",https://pubmed.ncbi.nlm.nih.gov/16280723/,,UK,True,,,,,,,,,,,,Malviya A; Simmons D; Vallamshetla R; Bache CE,Journal of pediatric orthopedics. Part B,2006,10.1097/01202412-200601000-00013,16280723,,not reported,False,"Malviya A, Simmons D, Vallamshetla R, Bache CE. Pink pulseless hand following supra-condylar fractures: an audit of British practice. J Pediatr Orthop B. 2006;15(1):62-64. doi:10.1097/01202412-200601000-00013. PMID: 16280723.",
1254,orthopaedic,Orthopaedics – Arthroplasty,,Audit on the efficient use of cross-matched blood in elective total hip and total knee replacement.,,,,"published, pending extraction",https://pmc.ncbi.nlm.nih.gov/articles/PMC1964061/,,UK,True,,,,,,,,,,,,Rogers BA; Johnstone DJ,Annals of the Royal College of Surgeons of England,2006,10.1308/003588406x82952,16551419,PMC1964061,not reported,False,"Rogers BA, Johnstone DJ. Audit on the efficient use of cross-matched blood in elective total hip and total knee replacement. Ann R Coll Surg Engl. 2006;88(2):199-201. doi:10.1308/003588406x82952. PMID: 16551419.",
1255,orthopaedic,Orthopaedics – Arthroplasty,,A prospective audit of blood usage post primary total knee arthroplasty.,,,,"published, pending extraction",https://pubmed.ncbi.nlm.nih.gov/16570890/,,Ireland,True,,,,,,,,,,,,Glynn A; McCarthy T; McCarroll M; Murray P,Acta orthopaedica Belgica,2006,,16570890,,not reported,False,"Glynn A, McCarthy T, McCarroll M, Murray P. A prospective audit of blood usage post primary total knee arthroplasty. Acta Orthop Belg. 2006;72(1):24-28. PMID: 16570890.",
1256,orthopaedic,Orthopaedics – Hip fracture,,Audit of morbidity and mortality following neck of femur fracture using the POSSUM scoring system.,,,,"published, pending extraction",https://pubmed.ncbi.nlm.nih.gov/16718297/,,UK,True,,,,,,,,,,,,Young W; Seigne R; Bright S; Gardner M,The New Zealand medical journal,2006,,16718297,,not reported,False,"Young W, Seigne R, Bright S, Gardner M. Audit of morbidity and mortality following neck of femur fracture using the POSSUM scoring system. N Z Med J. 2006;119(1234):U1986. PMID: 16718297.",
1257,orthopaedic,Orthopaedics – Spine,,Blood audit evidenced-based cross-match requesting for lumbar spine surgery.,,,,"published, pending extraction",https://pubmed.ncbi.nlm.nih.gov/16721282/,,UK,True,,,,,,,,,,,,Clarke A; O'Malley M; Hegarty JF; Freeman BJ,Spine,2006,10.1097/01.brs.0000219404.64336.9a,16721282,,not reported,False,"Clarke A, O'Malley M, Hegarty JF, Freeman BJ. Blood audit evidenced-based cross-match requesting for lumbar spine surgery. Spine (Phila Pa 1976). 2006;31(12):E373-5. doi:10.1097/01.brs.0000219404.64336.9a. PMID: 16721282.",
1258,orthopaedic,Orthopaedics – Spine,,National audit of post-operative management in spinal surgery.,,,,"published, pending extraction",https://pmc.ncbi.nlm.nih.gov/articles/PMC1481518/,,UK,True,,,,,,,,,,,,McGregor AH; Dicken B; Jamrozik K,BMC musculoskeletal disorders,2006,10.1186/1471-2474-7-47,16737522,PMC1481518,cc by,True,"McGregor AH, Dicken B, Jamrozik K. National audit of post-operative management in spinal surgery. BMC Musculoskelet Disord. 2006;7:47. doi:10.1186/1471-2474-7-47. PMID: 16737522.",
1259,orthopaedic,Orthopaedics – Shoulder and elbow,,[The quality of care in shoulder pain. A medical audit].,,,,"published, pending extraction",https://pubmed.ncbi.nlm.nih.gov/16753088/,,not reported,False,,,,,,,,,,,,Marín-Gómez M; Navarro-Collado MJ; Peiró S; Trenor-Gomis C; Payá-Rubio A; Bernal-Delgado E; Hernández-Royo A,Gaceta sanitaria,2006,10.1157/13087322,16753088,,cc by-nc-nd,False,"Marín-Gómez M, Navarro-Collado MJ, Peiró S, Trenor-Gomis C, Payá-Rubio A, Bernal-Delgado E, et al.. [The quality of care in shoulder pain. A medical audit]. Gac Sanit. 2006;20(2):116-123. doi:10.1157/13087322. PMID: 16753088.",
1260,orthopaedic,Orthopaedics – Shoulder and elbow,,Using clinical audit to improve the quality of obstetric care at the Tibetan Delek Hospital in North India: a longitudinal study.,,,,"published, pending extraction",https://pmc.ncbi.nlm.nih.gov/articles/PMC1524933/,,UK,True,,,,,,,,,,,,Mercer SW; Sevar K; Sadutshan TD,Reproductive health,2006,10.1186/1742-4755-3-4,16759384,PMC1524933,cc by,True,"Mercer SW, Sevar K, Sadutshan TD. Using clinical audit to improve the quality of obstetric care at the Tibetan Delek Hospital in North India: a longitudinal study. Reprod Health. 2006;3:4. doi:10.1186/1742-4755-3-4. PMID: 16759384.",
1261,orthopaedic,Orthopaedics – Trauma,,Auditing 655 fatalities with pelvic fractures by autopsy as a basis to evaluate trauma care.,,,,"published, pending extraction",https://pubmed.ncbi.nlm.nih.gov/16798485/,,not reported,False,,,,,,,,,,,,Papadopoulos IN; Kanakaris N; Bonovas S; Triantafillidis A; Garnavos C; Voros D; Leukidis C,Journal of the American College of Surgeons,2006,10.1016/j.jamcollsurg.2006.03.017,16798485,,not reported,False,"Papadopoulos IN, Kanakaris N, Bonovas S, Triantafillidis A, Garnavos C, Voros D, et al.. Auditing 655 fatalities with pelvic fractures by autopsy as a basis to evaluate trauma care. J Am Coll Surg. 2006;203(1):30-43. doi:10.1016/j.jamcollsurg.2006.03.017. PMID: 16798485.",
1262,orthopaedic,Orthopaedics – Trauma,,Secondary prevention of fragility fractures: are we following the guidelines? Closing the audit loop.,,,,"published, pending extraction",https://pmc.ncbi.nlm.nih.gov/articles/PMC1964691/,,UK,True,,,,,,,,,,,,Prasad N; Sunderamoorthy D; Martin J; Murray JM,Annals of the Royal College of Surgeons of England,2006,10.1308/003588406x116891,17002853,PMC1964691,not reported,False,"Prasad N, Sunderamoorthy D, Martin J, Murray JM. Secondary prevention of fragility fractures: are we following the guidelines? Closing the audit loop. Ann R Coll Surg Engl. 2006;88(5):470-474. doi:10.1308/003588406x116891. PMID: 17002853.",
1263,orthopaedic,Orthopaedics – Trauma,,Does it matter whom you see? - a fracture clinic audit.,,,,"published, pending extraction",https://pmc.ncbi.nlm.nih.gov/articles/PMC1963774/,,UK,True,,,,,,,,,,,,Cosker TD; Ghandour A; Naresh T; Visvakumar K; Johnson SR,Annals of the Royal College of Surgeons of England,2006,10.1308/003588406x130697,17059712,PMC1963774,not reported,False,"Cosker TD, Ghandour A, Naresh T, Visvakumar K, Johnson SR. Does it matter whom you see? - a fracture clinic audit. Ann R Coll Surg Engl. 2006;88(6):540-542. doi:10.1308/003588406x130697. PMID: 17059712.",
1264,orthopaedic,Orthopaedics – Theatre and perioperative,,The extended scope physiotherapist in orthopaedic out-patients - an audit.,,,,"published, pending extraction",https://pmc.ncbi.nlm.nih.gov/articles/PMC1963801/,,UK,True,,,,,,,,,,,,Pearse EO; Maclean A; Ricketts DM,Annals of the Royal College of Surgeons of England,2006,10.1308/003588406x149183,17132315,PMC1963801,not reported,False,"Pearse EO, Maclean A, Ricketts DM. The extended scope physiotherapist in orthopaedic out-patients - an audit. Ann R Coll Surg Engl. 2006;88(7):653-655. doi:10.1308/003588406x149183. PMID: 17132315.",
1265,orthopaedic,Orthopaedics – Trauma,,Broken bones and fractures - an audit of patients' perceptions.,,,,"published, pending extraction",https://pmc.ncbi.nlm.nih.gov/articles/PMC1963782/,,UK,True,,,,,,,,,,,,Kampa RJ; Pang J; Gleeson R,Annals of the Royal College of Surgeons of England,2006,10.1308/003588406x149192,17132318,PMC1963782,not reported,False,"Kampa RJ, Pang J, Gleeson R. Broken bones and fractures - an audit of patients' perceptions. Ann R Coll Surg Engl. 2006;88(7):663-666. doi:10.1308/003588406x149192. PMID: 17132318.",
1266,orthopaedic,Orthopaedics – Paediatric,,Rate of referral of breech infants for hip ultrasound: an audit cycle.,,,,"published, pending extraction",https://pubmed.ncbi.nlm.nih.gov/17137146/,,not reported,True,,,,,,,,,,,,Dryden C; White MP,Scottish medical journal,2006,10.1258/rsmsmj.51.4.33,17137146,,not reported,False,"Dryden C, White MP. Rate of referral of breech infants for hip ultrasound: an audit cycle. Scott Med J. 2006;51(4):33-34. doi:10.1258/rsmsmj.51.4.33. PMID: 17137146.",
1267,orthopaedic,Orthopaedics – Hip fracture,,The effect of laminar air-flow on the results of Austin-Moore hemiarthroplasty.,,,,"published, pending extraction",https://pubmed.ncbi.nlm.nih.gov/17157847/,,UK,True,,,,,,,,,,,,Kakwani RG; Yohannan D; Wahab KH,Injury,2007,10.1016/j.injury.2006.09.025,17157847,,not reported,False,"Kakwani RG, Yohannan D, Wahab KH. The effect of laminar air-flow on the results of Austin-Moore hemiarthroplasty. Injury. 2007;38(7):820-823. doi:10.1016/j.injury.2006.09.025. PMID: 17157847.",
1268,orthopaedic,Orthopaedics – Trauma,,The detection of patients with 'fragility fractures' in fracture clinic - an audit of practice with reference to recent British Orthopaedic Association guidelines.,,,,"published, pending extraction",https://pmc.ncbi.nlm.nih.gov/articles/PMC1964562/,,UK,True,,,,,,,,,,,,Gidwani S; Davidson N; Trigkilidas D; Blick C; Harborne R; Maurice HD,Annals of the Royal College of Surgeons of England,2007,10.1308/003588407x168217,17346409,PMC1964562,not reported,False,"Gidwani S, Davidson N, Trigkilidas D, Blick C, Harborne R, Maurice HD. The detection of patients with 'fragility fractures' in fracture clinic - an audit of practice with reference to recent British Orthopaedic Association guidelines. Ann R Coll Surg Engl. 2007;89(2):147-150. doi:10.1308/003588407x168217. PMID: 17346409.",
1269,orthopaedic,Orthopaedics – Theatre and perioperative,,OASYS: a computerized auditing system for orthopaedic surgery.,,,,"published, pending extraction",https://pubmed.ncbi.nlm.nih.gov/1757163/,,Australia,False,,,,,,,,,,,,Stoodley MA; Sikorski JM,International journal of bio-medical computing,1991,10.1016/0020-7101(91)90003-w,1757163,,not reported,False,"Stoodley MA, Sikorski JM. OASYS: a computerized auditing system for orthopaedic surgery. Int J Biomed Comput. 1991;29(2):119-131. doi:10.1016/0020-7101(91)90003-w. PMID: 1757163.",
1270,orthopaedic,Orthopaedics – Trauma,,Dentoalveolar trauma in Glasgow: an audit of mechanism and injury.,,,,"published, pending extraction",https://pubmed.ncbi.nlm.nih.gov/17635356/,,UK,True,,,,,,,,,,,,Wright G; Bell A; McGlashan G; Vincent C; Welbury RR,Dental traumatology : official publication of International Association for Dental Traumatology,2007,10.1111/j.1600-9657.2006.00430.x,17635356,,not reported,False,"Wright G, Bell A, McGlashan G, Vincent C, Welbury RR. Dentoalveolar trauma in Glasgow: an audit of mechanism and injury. Dent Traumatol. 2007;23(4):226-231. doi:10.1111/j.1600-9657.2006.00430.x. PMID: 17635356.",
1271,orthopaedic,Orthopaedics – Arthroplasty,,An audit on the current practice of red blood cell transfusion following elective primary hip arthroplasty.,,,,"published, pending extraction",https://pubmed.ncbi.nlm.nih.gov/17707695/,,USA,False,,,,,,,,,,,,Ozgönenel B; Kanhere R; O'Malley B; Balasubramaniam M; Eisenbrey AB,Transfusion and apheresis science : official journal of the World Apheresis Association : official journal of the European Society for Haemapheresis,2007,10.1016/j.transci.2006.12.008,17707695,,not reported,False,"Ozgönenel B, Kanhere R, O'Malley B, Balasubramaniam M, Eisenbrey AB. An audit on the current practice of red blood cell transfusion following elective primary hip arthroplasty. Transfus Apher Sci. 2007;37(1):9-16. doi:10.1016/j.transci.2006.12.008. PMID: 17707695.",
1272,orthopaedic,Orthopaedics – Trauma,,Randomized trial to improve fracture prevention in nursing home residents.,,,,"published, pending extraction",https://pmc.ncbi.nlm.nih.gov/articles/PMC2288656/,,USA,False,,,,,,,,,,,,Colón-Emeric CS; Lyles KW; House P; Levine DA; Schenck AP; Allison J; Gorospe J; Fermazin M; Oliver K; Curtis JR; Weissman N; Xie A; Saag KG,The American journal of medicine,2007,10.1016/j.amjmed.2007.04.020,17904460,PMC2288656,not reported,False,"Colón-Emeric CS, Lyles KW, House P, Levine DA, Schenck AP, Allison J, et al.. Randomized trial to improve fracture prevention in nursing home residents. Am J Med. 2007;120(10):886-892. doi:10.1016/j.amjmed.2007.04.020. PMID: 17904460.",
1273,orthopaedic,Orthopaedics – Shoulder and elbow,,"Prospective audit of emergency department transit times associated with entonox analgesia for reduction of the acute, traumatic dislocated shoulder.",,,,"published, pending extraction",https://pubmed.ncbi.nlm.nih.gov/17911025/,,UK,True,,,,,,,,,,,,Descamps MJ; Gwilym S; Weldon D; Holloway V,Accident and emergency nursing,2007,10.1016/j.aaen.2007.07.008,17911025,,not reported,False,"Descamps MJ, Gwilym S, Weldon D, Holloway V. Prospective audit of emergency department transit times associated with entonox analgesia for reduction of the acute, traumatic dislocated shoulder. Accid Emerg Nurs. 2007;15(4):223-227. doi:10.1016/j.aaen.2007.07.008. PMID: 17911025.",
1274,orthopaedic,Orthopaedics – Hip fracture,,Comparing properties of audit data and routinely collected register data in case of performance assessment of hip fracture treatment in Finland.,,,,"published, pending extraction",https://pubmed.ncbi.nlm.nih.gov/17938779/,,not reported,False,,,,,,,,,,,,Sund R; Nurmi-Lüthje I; Lüthje P; Tanninen S; Narinen A; Keskimäki I,Methods of information in medicine,2007,10.1160/me0382,17938779,,not reported,False,"Sund R, Nurmi-Lüthje I, Lüthje P, Tanninen S, Narinen A, Keskimäki I. Comparing properties of audit data and routinely collected register data in case of performance assessment of hip fracture treatment in Finland. Methods Inf Med. 2007;46(5):558-566. doi:10.1160/me0382. PMID: 17938779.",
1275,orthopaedic,Orthopaedics – Shoulder and elbow,,Age as a predictive factor for in-patient admission following day-case shoulder arthroscopic sub-acromial decompression - a district general hospital audit.,,,,"published, pending extraction",https://pmc.ncbi.nlm.nih.gov/articles/PMC2216720/,,UK,True,,,,,,,,,,,,Jain NP; Ogonda L; Trimmings NP,Annals of the Royal College of Surgeons of England,2008,10.1308/003588408x242132,18201504,PMC2216720,not reported,False,"Jain NP, Ogonda L, Trimmings NP. Age as a predictive factor for in-patient admission following day-case shoulder arthroscopic sub-acromial decompression - a district general hospital audit. Ann R Coll Surg Engl. 2008;90(1):62-64. doi:10.1308/003588408x242132. PMID: 18201504.",
1276,orthopaedic,Orthopaedics – Trauma,,Auditing bone densitometry and fractures in children with chronic disease.,,,,"published, pending extraction",https://pubmed.ncbi.nlm.nih.gov/18285391/,,UK,True,,,,,,,,,,,,Wong SC; Khanna S; Rashid R; Ahmed SF,Archives of disease in childhood,2008,10.1136/adc.2007.118265,18285391,,not reported,False,"Wong SC, Khanna S, Rashid R, Ahmed SF. Auditing bone densitometry and fractures in children with chronic disease. Arch Dis Child. 2008;93(8):705-707. doi:10.1136/adc.2007.118265. PMID: 18285391.",
1277,orthopaedic,Orthopaedics – Hip fracture,,The use of orthopaedic POSSUM as an audit tool for fractured neck of femur.,,,,"published, pending extraction",https://pubmed.ncbi.nlm.nih.gov/18316084/,,UK,True,,,,,,,,,,,,Wright DM; Blanckley S; Stewart GJ; Copeland GP,Injury,2008,10.1016/j.injury.2007.11.009,18316084,,not reported,False,"Wright DM, Blanckley S, Stewart GJ, Copeland GP. The use of orthopaedic POSSUM as an audit tool for fractured neck of femur. Injury. 2008;39(4):430-435. doi:10.1016/j.injury.2007.11.009. PMID: 18316084.",
1278,orthopaedic,Orthopaedics – Knee,,High volume acupuncture clinic (HVAC) for chronic knee pain--audit of a possible model for delivery of acupuncture in the National Health Service.,,,,"published, pending extraction",https://pubmed.ncbi.nlm.nih.gov/18356798/,,UK,True,,,,,,,,,,,,Berkovitz S; Cummings M; Perrin C; Ito R,Acupuncture in medicine : journal of the British Medical Acupuncture Society,2008,10.1136/aim.26.1.46,18356798,,not reported,False,"Berkovitz S, Cummings M, Perrin C, Ito R. High volume acupuncture clinic (HVAC) for chronic knee pain--audit of a possible model for delivery of acupuncture in the National Health Service. Acupunct Med. 2008;26(1):46-50. doi:10.1136/aim.26.1.46. PMID: 18356798.",
1279,orthopaedic,Orthopaedics – Hip fracture,,Gender differences in epidemiology and outcome after hip fracture: evidence from the Scottish Hip Fracture Audit.,,,,"published, pending extraction",https://pubmed.ncbi.nlm.nih.gov/18378923/,,UK,True,,,,,,,,,,,,Holt G; Smith R; Duncan K; Hutchison JD; Gregori A,The Journal of bone and joint surgery. British volume,2008,10.1302/0301-620x.90b4.20264,18378923,,not reported,False,"Holt G, Smith R, Duncan K, Hutchison JD, Gregori A. Gender differences in epidemiology and outcome after hip fracture: evidence from the Scottish Hip Fracture Audit. J Bone Joint Surg Br. 2008;90(4):480-483. doi:10.1302/0301-620x.90b4.20264. PMID: 18378923.",
1280,orthopaedic,Orthopaedics – Foot and ankle,,The ANKLe score: an audit of otolaryngology emergency clinic record keeping.,,,,"published, pending extraction",https://pmc.ncbi.nlm.nih.gov/articles/PMC2430432/,,UK,True,,,,,,,,,,,,Dexter SC; Hayashi D; Tysome JR,Annals of the Royal College of Surgeons of England,2008,10.1308/003588408x261537,18430339,PMC2430432,not reported,False,"Dexter SC, Hayashi D, Tysome JR. The ANKLe score: an audit of otolaryngology emergency clinic record keeping. Ann R Coll Surg Engl. 2008;90(3):231-234. doi:10.1308/003588408x261537. PMID: 18430339.",
1281,orthopaedic,Orthopaedics – Foot and ankle,,Domiciliary application of CryoCuff in severe haemophilia: qualitative questionnaire and clinical audit.,,,,"published, pending extraction",https://pubmed.ncbi.nlm.nih.gov/18462382/,,UK,True,,,,,,,,,,,,d'Young AI,Haemophilia : the official journal of the World Federation of Hemophilia,2008,10.1111/j.1365-2516.2008.01701.x,18462382,,not reported,False,d'Young AI. Domiciliary application of CryoCuff in severe haemophilia: qualitative questionnaire and clinical audit. Haemophilia. 2008;14(4):823-827. doi:10.1111/j.1365-2516.2008.01701.x. PMID: 18462382.,
1282,orthopaedic,Orthopaedics – Trauma,,A prospective audit over a six month period of condylar fractures at Chris Hani Baragwanath Hospital.,,,,"published, pending extraction",https://pubmed.ncbi.nlm.nih.gov/18689336/,,South Africa,False,,,,,,,,,,,,Rikhotso E; Ferretti C,SADJ : journal of the South African Dental Association = tydskrif van die Suid-Afrikaanse Tandheelkundige Vereniging,2008,,18689336,,not reported,False,"Rikhotso E, Ferretti C. A prospective audit over a six month period of condylar fractures at Chris Hani Baragwanath Hospital. SADJ. 2008;63(4):222-5, 228-9. PMID: 18689336.",
1283,orthopaedic,Orthopaedics – Hip fracture,,Epidemiology and outcome after hip fracture in the under 65s-evidence from the Scottish Hip Fracture Audit.,,,,"published, pending extraction",https://pubmed.ncbi.nlm.nih.gov/18703186/,,UK,True,,,,,,,,,,,,Holt G; Smith R; Duncan K; Hutchison JD; Gregori A,Injury,2008,10.1016/j.injury.2008.04.015,18703186,,not reported,False,"Holt G, Smith R, Duncan K, Hutchison JD, Gregori A. Epidemiology and outcome after hip fracture in the under 65s-evidence from the Scottish Hip Fracture Audit. Injury. 2008;39(10):1175-1181. doi:10.1016/j.injury.2008.04.015. PMID: 18703186.",
1284,orthopaedic,Orthopaedics – Arthroplasty,,Home surveillance of leaking wounds after hip and knee arthroplasty: a prospective audit.,,,,"published, pending extraction",https://pubmed.ncbi.nlm.nih.gov/18705229/,,UK,True,,,,,,,,,,,,Yousef A; Angadi DS; Nagare U; Raymond C,Journal of wound care,2008,10.12968/jowc.2008.17.7.30519,18705229,,not reported,False,"Yousef A, Angadi DS, Nagare U, Raymond C. Home surveillance of leaking wounds after hip and knee arthroplasty: a prospective audit. J Wound Care. 2008;17(7):289-291. doi:10.12968/jowc.2008.17.7.30519. PMID: 18705229.",
1285,orthopaedic,Orthopaedics – Foot and ankle,,Clinical audit of the management of stable ankle fractures.,,,,"published, pending extraction",https://pmc.ncbi.nlm.nih.gov/articles/PMC2647241/,,UK,True,,,,,,,,,,,,Jain N; Symes T; Doorgakant A; Dawson M,Annals of the Royal College of Surgeons of England,2008,10.1308/003588408x301145,18765028,PMC2647241,not reported,False,"Jain N, Symes T, Doorgakant A, Dawson M. Clinical audit of the management of stable ankle fractures. Ann R Coll Surg Engl. 2008;90(6):483-487. doi:10.1308/003588408x301145. PMID: 18765028.",
1286,orthopaedic,Orthopaedics – Theatre and perioperative,,An audit of orthopaedic referrals via Multi-Professional Triage Teams.,,,,"published, pending extraction",https://pmc.ncbi.nlm.nih.gov/articles/PMC2727810/,,UK,True,,,,,,,,,,,,Rogers BA; Kabir C; Bradley N,Annals of the Royal College of Surgeons of England,2008,10.1308/003588408x318174,18796190,PMC2727810,not reported,False,"Rogers BA, Kabir C, Bradley N. An audit of orthopaedic referrals via Multi-Professional Triage Teams. Ann R Coll Surg Engl. 2008;90(8):671-674. doi:10.1308/003588408x318174. PMID: 18796190.",
1287,orthopaedic,Orthopaedics – Trauma,,Standardised proformas improve patient handover: Audit of trauma handover practice.,,,,"published, pending extraction",https://pmc.ncbi.nlm.nih.gov/articles/PMC2565654/,,UK,True,,,,,,,,,,,,Ferran NA; Metcalfe AJ; O'Doherty D,Patient safety in surgery,2008,10.1186/1754-9493-2-24,18817559,PMC2565654,cc by,True,"Ferran NA, Metcalfe AJ, O'Doherty D. Standardised proformas improve patient handover: Audit of trauma handover practice. Patient Saf Surg. 2008;2:24. doi:10.1186/1754-9493-2-24. PMID: 18817559.",figures/PMC2565654/1754-9493-2-24-1.jpg | figures/PMC2565654/1754-9493-2-24-2.jpg
1288,orthopaedic,Orthopaedics – Hip fracture,,Early mortality after surgical fixation of hip fractures in the elderly: an analysis of data from the scottish hip fracture audit.,,,,"published, pending extraction",https://pubmed.ncbi.nlm.nih.gov/18827248/,,UK,True,,,,,,,,,,,,Holt G; Smith R; Duncan K; Finlayson DF; Gregori A,The Journal of bone and joint surgery. British volume,2008,10.1302/0301-620x.90b10.21328,18827248,,not reported,False,"Holt G, Smith R, Duncan K, Finlayson DF, Gregori A. Early mortality after surgical fixation of hip fractures in the elderly: an analysis of data from the scottish hip fracture audit. J Bone Joint Surg Br. 2008;90(10):1357-1363. doi:10.1302/0301-620x.90b10.21328. PMID: 18827248.",
1289,orthopaedic,Orthopaedics – Foot and ankle,,Audit of ankle injuries in an accident and emergency department.,,,,"published, pending extraction",https://pmc.ncbi.nlm.nih.gov/articles/PMC1669255/,,not reported,False,,,,,,,,,,,,Packer GJ; Goring CC; Gayner AD; Craxford AD,BMJ (Clinical research ed.),1991,10.1136/bmj.302.6781.885,1902753,PMC1669255,not reported,False,"Packer GJ, Goring CC, Gayner AD, Craxford AD. Audit of ankle injuries in an accident and emergency department. BMJ. 1991;302(6781):885-887. doi:10.1136/bmj.302.6781.885. PMID: 1902753.",
1290,orthopaedic,Orthopaedics – Arthroplasty,,A prospective clinical audit of a new dressing design for lower limb arthroplasty wounds.,,,,"published, pending extraction",https://pubmed.ncbi.nlm.nih.gov/19131911/,,UK,True,,,,,,,,,,,,Clarke JV; Deakin AH; Dillon JM; Emmerson S; Kinninmonth AW,Journal of wound care,2009,10.12968/jowc.2009.18.1.32128,19131911,,not reported,False,"Clarke JV, Deakin AH, Dillon JM, Emmerson S, Kinninmonth AW. A prospective clinical audit of a new dressing design for lower limb arthroplasty wounds. J Wound Care. 2009;18(1):5-8, 10-1. doi:10.12968/jowc.2009.18.1.32128. PMID: 19131911.",
1291,orthopaedic,Orthopaedics – Theatre and perioperative,,National audit of provision of MRI services 2006/07.,,,,"published, pending extraction",https://pubmed.ncbi.nlm.nih.gov/19185658/,,UK,True,,,,,,,,,,,,Barter S; Drinkwater K; Remedios D,Clinical radiology,2009,10.1016/j.crad.2008.09.008,19185658,,not reported,False,"Barter S, Drinkwater K, Remedios D. National audit of provision of MRI services 2006/07. Clin Radiol. 2009;64(3):284-290. doi:10.1016/j.crad.2008.09.008. PMID: 19185658.",
1292,orthopaedic,Orthopaedics – Theatre and perioperative,,Accuracy and completeness of orthopaedic computer audit.,,,,"published, pending extraction",https://pubmed.ncbi.nlm.nih.gov/1920244/,,UK,True,,,,,,,,,,,,Coleman NP; Warren PJ; Greenough CG,Journal of the Royal College of Surgeons of Edinburgh,1991,,1920244,,not reported,False,"Coleman NP, Warren PJ, Greenough CG. Accuracy and completeness of orthopaedic computer audit. J R Coll Surg Edinb. 1991;36(3):199-201. PMID: 1920244.",
1293,orthopaedic,Orthopaedics – Foot and ankle,,Clinical audit of core podiatry treatment in the NHS.,,,,"published, pending extraction",https://pmc.ncbi.nlm.nih.gov/articles/PMC2663778/,,UK,True,,,,,,,,,,,,Farndon L; Barnes A; Littlewood K; Harle J; Beecroft C; Burnside J; Wheeler T; Morris S; Walters SJ,Journal of foot and ankle research,2009,10.1186/1757-1146-2-7,19284645,PMC2663778,cc by,True,"Farndon L, Barnes A, Littlewood K, Harle J, Beecroft C, Burnside J, et al.. Clinical audit of core podiatry treatment in the NHS. J Foot Ankle Res. 2009;2:7. doi:10.1186/1757-1146-2-7. PMID: 19284645.",figures/PMC2663778/1757-1146-2-7-1.jpg
1294,orthopaedic,Orthopaedics – Foot and ankle,,"Clinical audit of foot problems in patients with rheumatoid arthritis treated at Counties Manukau District Health Board, Auckland, New Zealand.",,,,"published, pending extraction",https://pmc.ncbi.nlm.nih.gov/articles/PMC2685775/,,New Zealand,False,,,,,,,,,,,,Rome K; Gow PJ; Dalbeth N; Chapman JM,Journal of foot and ankle research,2009,10.1186/1757-1146-2-16,19442310,PMC2685775,cc by,True,"Rome K, Gow PJ, Dalbeth N, Chapman JM. Clinical audit of foot problems in patients with rheumatoid arthritis treated at Counties Manukau District Health Board, Auckland, New Zealand. J Foot Ankle Res. 2009;2:16. doi:10.1186/1757-1146-2-16. PMID: 19442310.",
1295,orthopaedic,Orthopaedics – Trauma,,Pain management practices in paediatric emergency departments in Australia and New Zealand: a clinical and organizational audit by National Health and Medical Research Council's National Institute of Clinical Studies and Paediatric Research in Emergency Departments International Collaborative.,,,,"published, pending extraction",https://pubmed.ncbi.nlm.nih.gov/19527281/,,Australia,False,,,,,,,,,,,,Herd DW; Babl FE; Gilhotra Y; Huckson S; PREDICT group,Emergency medicine Australasia : EMA,2009,10.1111/j.1742-6723.2009.01184.x,19527281,,not reported,False,"Herd DW, Babl FE, Gilhotra Y, Huckson S, PREDICT group. Pain management practices in paediatric emergency departments in Australia and New Zealand: a clinical and organizational audit by National Health and Medical Research Council's National Institute of Clinical Studies and Paediatric Research in Emergency Departments International Collaborative. Emerg Med Australas. 2009;21(3):210-221. doi:10.1111/j.1742-6723.2009.01184.x. PMID: 19527281.",
1296,orthopaedic,Orthopaedics – Hip fracture,,An audit of hip fracture services in the Mater Hospital Dublin 2001 compared with 2006.,,,,"published, pending extraction",https://pubmed.ncbi.nlm.nih.gov/19565316/,,Ireland,True,,,,,,,,,,,,Cogan L; Martin AJ; Kelly LA; Duggan J; Hynes D; Power D,Irish journal of medical science,2010,10.1007/s11845-009-0377-6,19565316,,not reported,False,"Cogan L, Martin AJ, Kelly LA, Duggan J, Hynes D, Power D. An audit of hip fracture services in the Mater Hospital Dublin 2001 compared with 2006. Ir J Med Sci. 2010;179(1):51-55. doi:10.1007/s11845-009-0377-6. PMID: 19565316.",
1297,orthopaedic,Orthopaedics – Hip fracture,,The national clinical audit of falls and bone health: the clinical management of hip fracture patients.,,,,"published, pending extraction",https://pubmed.ncbi.nlm.nih.gov/19647251/,,UK,True,,,,,,,,,,,,Youde J; Husk J; Lowe D; Grant R; Potter J; Martin F,Injury,2009,10.1016/j.injury.2009.06.167,19647251,,not reported,False,"Youde J, Husk J, Lowe D, Grant R, Potter J, Martin F. The national clinical audit of falls and bone health: the clinical management of hip fracture patients. Injury. 2009;40(11):1226-1230. doi:10.1016/j.injury.2009.06.167. PMID: 19647251.",
1298,orthopaedic,Orthopaedics – Arthroplasty,,National comparative audit of blood use in elective primary unilateral total hip replacement surgery in the UK.,,,,"published, pending extraction",https://pmc.ncbi.nlm.nih.gov/articles/PMC2966170/,,UK,True,,,,,,,,,,,,Boralessa H; Goldhill DR; Tucker K; Mortimer AJ; Grant-Casey J,Annals of the Royal College of Surgeons of England,2009,10.1308/003588409x432464,19686612,PMC2966170,not reported,False,"Boralessa H, Goldhill DR, Tucker K, Mortimer AJ, Grant-Casey J. National comparative audit of blood use in elective primary unilateral total hip replacement surgery in the UK. Ann R Coll Surg Engl. 2009;91(7):599-605. doi:10.1308/003588409x432464. PMID: 19686612.",
1299,orthopaedic,Orthopaedics – Trauma,,Low rates of treatment in postmenopausal women with a history of low trauma fractures: results of audit in a Fracture Liaison Service.,,,,"published, pending extraction",https://pubmed.ncbi.nlm.nih.gov/19864348/,,UK,True,,,,,,,,,,,,Premaor MO; Pilbrow L; Tonkin C; Adams M; Parker RA; Compston J,QJM : monthly journal of the Association of Physicians,2010,10.1093/qjmed/hcp154,19864348,,not reported,False,"Premaor MO, Pilbrow L, Tonkin C, Adams M, Parker RA, Compston J. Low rates of treatment in postmenopausal women with a history of low trauma fractures: results of audit in a Fracture Liaison Service. QJM. 2010;103(1):33-40. doi:10.1093/qjmed/hcp154. PMID: 19864348.",
1300,orthopaedic,Orthopaedics – Theatre and perioperative,,Urban pediatric orthopaedic surgical practice audit: implications for the future of this subspecialty.,,,,"published, pending extraction",https://pubmed.ncbi.nlm.nih.gov/19952265/,,USA,False,,,,,,,,,,,,Tuason D; Hohl JB; Levicoff E; Ward WT,The Journal of bone and joint surgery. American volume,2009,10.2106/jbjs.h.01708,19952265,,not reported,False,"Tuason D, Hohl JB, Levicoff E, Ward WT. Urban pediatric orthopaedic surgical practice audit: implications for the future of this subspecialty. J Bone Joint Surg Am. 2009;91(12):2992-2998. doi:10.2106/jbjs.h.01708. PMID: 19952265.",
1301,orthopaedic,Orthopaedics – Theatre and perioperative,,Improving the quality of procedure-specific operation reports in orthopaedic surgery.,,,,"published, pending extraction",https://pmc.ncbi.nlm.nih.gov/articles/PMC3025226/,,UK,True,,,,,,,,,,,,Barritt AW; Clark L; Cohen AM; Hosangadi-Jayedev N; Gibb PA,Annals of the Royal College of Surgeons of England,2010,10.1308/003588410x12518836439245,19995491,PMC3025226,not reported,False,"Barritt AW, Clark L, Cohen AM, Hosangadi-Jayedev N, Gibb PA. Improving the quality of procedure-specific operation reports in orthopaedic surgery. Ann R Coll Surg Engl. 2010;92(2):159-162. doi:10.1308/003588410x12518836439245. PMID: 19995491.",
1302,orthopaedic,Orthopaedics – Shoulder and elbow,,Retrospective audit of triage of acute traumatic shoulder dislocation by emergency nurses.,,,,"published, pending extraction",https://pubmed.ncbi.nlm.nih.gov/20109773/,,UK,True,,,,,,,,,,,,McQueen CP; Gay KJ,Journal of emergency nursing,2010,10.1016/j.jen.2009.03.002,20109773,,not reported,False,"McQueen CP, Gay KJ. Retrospective audit of triage of acute traumatic shoulder dislocation by emergency nurses. J Emerg Nurs. 2010;36(1):21-25. doi:10.1016/j.jen.2009.03.002. PMID: 20109773.",
1303,orthopaedic,Orthopaedics – Trauma,,The national clinical audit of falls and bone health-secondary prevention of falls and fractures: a physiotherapy perspective.,,,,"published, pending extraction",https://pubmed.ncbi.nlm.nih.gov/20113761/,,UK,True,,,,,,,,,,,,Goodwin V; Martin FC; Husk J; Lowe D; Grant R; Potter J,Physiotherapy,2010,10.1016/j.physio.2009.07.003,20113761,,not reported,False,"Goodwin V, Martin FC, Husk J, Lowe D, Grant R, Potter J. The national clinical audit of falls and bone health-secondary prevention of falls and fractures: a physiotherapy perspective. Physiotherapy. 2010;96(1):38-43. doi:10.1016/j.physio.2009.07.003. PMID: 20113761.",
1304,orthopaedic,Orthopaedics – Spine,,Incidence of early complications in cervical spine surgery and relation to preoperative diagnosis: a single-center prospective study.,,,,"published, pending extraction",https://pubmed.ncbi.nlm.nih.gov/20124909/,,USA,False,,,,,,,,,,,,Yadla S; Malone J; Campbell PG; Nasser R; Maltenfort MG; Harrop JS; Sharan AD; Ratliff JK,Journal of spinal disorders & techniques,2011,10.1097/bsd.0b013e3181d0d0e8,20124909,,not reported,False,"Yadla S, Malone J, Campbell PG, Nasser R, Maltenfort MG, Harrop JS, et al.. Incidence of early complications in cervical spine surgery and relation to preoperative diagnosis: a single-center prospective study. J Spinal Disord Tech. 2011;24(1):50-54. doi:10.1097/bsd.0b013e3181d0d0e8. PMID: 20124909.",
1305,orthopaedic,Orthopaedics – Trauma,,Redo-urethroplasty in pelvic fracture urethral distraction defect: an audit.,,,,"published, pending extraction",https://pubmed.ncbi.nlm.nih.gov/20204376/,,India,False,,,,,,,,,,,,Bhagat SK; Gopalakrishnan G; Kumar S; Devasia A; Kekre NS,World journal of urology,2011,10.1007/s00345-010-0524-8,20204376,,not reported,False,"Bhagat SK, Gopalakrishnan G, Kumar S, Devasia A, Kekre NS. Redo-urethroplasty in pelvic fracture urethral distraction defect: an audit. World J Urol. 2011;29(1):97-101. doi:10.1007/s00345-010-0524-8. PMID: 20204376.",
1306,orthopaedic,Orthopaedics – Spine,,Comparison of perioperative oral multimodal analgesia versus IV PCA for spine surgery.,,,,"published, pending extraction",https://pubmed.ncbi.nlm.nih.gov/20375829/,,USA,False,,,,,,,,,,,,Rajpal S; Gordon DB; Pellino TA; Strayer AL; Brost D; Trost GR; Zdeblick TA; Resnick DK,Journal of spinal disorders & techniques,2010,10.1097/bsd.0b013e3181cf07ee,20375829,,not reported,False,"Rajpal S, Gordon DB, Pellino TA, Strayer AL, Brost D, Trost GR, et al.. Comparison of perioperative oral multimodal analgesia versus IV PCA for spine surgery. J Spinal Disord Tech. 2010;23(2):139-145. doi:10.1097/bsd.0b013e3181cf07ee. PMID: 20375829.",
1307,orthopaedic,Orthopaedics – Theatre and perioperative,,Assessing the adequacy of procedure-specific consent forms in orthopaedic surgery against current methods of operative consent.,,,,"published, pending extraction",https://pmc.ncbi.nlm.nih.gov/articles/PMC3080073/,,UK,True,,,,,,,,,,,,Barritt AW; Clark L; Teoh V; Cohen AM; Gibb PA,Annals of the Royal College of Surgeons of England,2010,10.1308/003588410x12628812458257,20412675,PMC3080073,not reported,False,"Barritt AW, Clark L, Teoh V, Cohen AM, Gibb PA. Assessing the adequacy of procedure-specific consent forms in orthopaedic surgery against current methods of operative consent. Ann R Coll Surg Engl. 2010;92(3):246-9; quiz 2p following 249. doi:10.1308/003588410x12628812458257. PMID: 20412675.",
1308,orthopaedic,Orthopaedics – Hip fracture,,An audit of the role of vitamin K in the reversal of International Normalised Ratio (INR) in patients undergoing surgery for hip fracture.,,,,"published, pending extraction",https://pmc.ncbi.nlm.nih.gov/articles/PMC3182787/,,UK,True,,,,,,,,,,,,Bhatia M; Talawadekar G; Parihar S; Smith A,Annals of the Royal College of Surgeons of England,2010,10.1308/003588410x12664192075774,20487594,PMC3182787,not reported,False,"Bhatia M, Talawadekar G, Parihar S, Smith A. An audit of the role of vitamin K in the reversal of International Normalised Ratio (INR) in patients undergoing surgery for hip fracture. Ann R Coll Surg Engl. 2010;92(6):473-476. doi:10.1308/003588410x12664192075774. PMID: 20487594.",
1309,orthopaedic,Orthopaedics – Foot and ankle,,"Postoperative infection rates in foot and ankle surgery: a clinical audit of Australian podiatric surgeons, January to December 2007.",,,,"published, pending extraction",https://pubmed.ncbi.nlm.nih.gov/20497730/,,Australia,False,,,,,,,,,,,,Butterworth P; Gilheany MF; Tinley P,Australian health review : a publication of the Australian Hospital Association,2010,10.1071/ah08687,20497730,,cc by-nc-nd,False,"Butterworth P, Gilheany MF, Tinley P. Postoperative infection rates in foot and ankle surgery: a clinical audit of Australian podiatric surgeons, January to December 2007. Aust Health Rev. 2010;34(2):180-185. doi:10.1071/ah08687. PMID: 20497730.",
1310,orthopaedic,Orthopaedics – Theatre and perioperative,,Prospective audit on the use of the LMA-Supreme for airway management of adult patients undergoing elective orthopaedic surgery in prone position.,,,,"published, pending extraction",https://pubmed.ncbi.nlm.nih.gov/20542887/,,UK,True,,,,,,,,,,,,Sharma V; Verghese C; McKenna PJ,British journal of anaesthesia,2010,10.1093/bja/aeq118,20542887,,not reported,False,"Sharma V, Verghese C, McKenna PJ. Prospective audit on the use of the LMA-Supreme for airway management of adult patients undergoing elective orthopaedic surgery in prone position. Br J Anaesth. 2010;105(2):228-232. doi:10.1093/bja/aeq118. PMID: 20542887.",
1311,orthopaedic,Orthopaedics – Foot and ankle,,Audit of diabetic soft tissue infection and foot disease in Accra.,,,,"published, pending extraction",https://pubmed.ncbi.nlm.nih.gov/20544632/,,Ghana,False,,,,,,,,,,,,Asumanu E; Ametepi R; Koney CT,West African journal of medicine,2010,10.4314/wajm.v29i2.68202,20544632,,not reported,False,"Asumanu E, Ametepi R, Koney CT. Audit of diabetic soft tissue infection and foot disease in Accra. West Afr J Med. 2010;29(2):86-90. doi:10.4314/wajm.v29i2.68202. PMID: 20544632.",
1312,orthopaedic,Orthopaedics – Trauma,,Audit of the utilization of time in an orthopaedic trauma theatre.,,,,"published, pending extraction",https://pubmed.ncbi.nlm.nih.gov/20575946/,,Australia,False,,,,,,,,,,,,Delaney CL; Davis N; Tamblyn P,ANZ journal of surgery,2010,10.1111/j.1445-2197.2009.05043.x,20575946,,not reported,False,"Delaney CL, Davis N, Tamblyn P. Audit of the utilization of time in an orthopaedic trauma theatre. ANZ J Surg. 2010;80(4):217-222. doi:10.1111/j.1445-2197.2009.05043.x. PMID: 20575946.",
1313,orthopaedic,Orthopaedics – Hip fracture,,Change in long-term mortality associated with fractures of the hip: evidence from the scottish hip fracture audit.,,,,"published, pending extraction",https://pubmed.ncbi.nlm.nih.gov/20595120/,,UK,True,,,,,,,,,,,,Johnston AT; Barnsdale L; Smith R; Duncan K; Hutchison JD,The Journal of bone and joint surgery. British volume,2010,10.1302/0301-620x.92b7.23793,20595120,,not reported,False,"Johnston AT, Barnsdale L, Smith R, Duncan K, Hutchison JD. Change in long-term mortality associated with fractures of the hip: evidence from the scottish hip fracture audit. J Bone Joint Surg Br. 2010;92(7):989-993. doi:10.1302/0301-620x.92b7.23793. PMID: 20595120.",
1314,orthopaedic,Orthopaedics – Hip fracture,,Audit-induced change reduces complications of the Ganz trochanteric flip approach.,,,,"published, pending extraction",https://pmc.ncbi.nlm.nih.gov/articles/PMC3229358/,,UK,True,,,,,,,,,,,,Guyver PM; Cattell A; Reddy RP; Edwards C; Williams D; Dixon SM; Norton MR; Fern ED,Annals of the Royal College of Surgeons of England,2010,10.1308/003588410x12699663904637,20615300,PMC3229358,not reported,False,"Guyver PM, Cattell A, Reddy RP, Edwards C, Williams D, Dixon SM, et al.. Audit-induced change reduces complications of the Ganz trochanteric flip approach. Ann R Coll Surg Engl. 2010;92(7):619-622. doi:10.1308/003588410x12699663904637. PMID: 20615300.",
1315,orthopaedic,Orthopaedics – Arthroplasty,,Is there adequate provision of venous thromboembolism prophylaxis following hip arthroplasty? An audit and international survey.,,,,"published, pending extraction",https://pmc.ncbi.nlm.nih.gov/articles/PMC3229376/,,Canada,False,,,,,,,,,,,,Rogers BA; Phillips S; Foote J; Drabu KJ,Annals of the Royal College of Surgeons of England,2010,10.1308/003588410x12699663904952,20615303,PMC3229376,not reported,False,"Rogers BA, Phillips S, Foote J, Drabu KJ. Is there adequate provision of venous thromboembolism prophylaxis following hip arthroplasty? An audit and international survey. Ann R Coll Surg Engl. 2010;92(8):668-672. doi:10.1308/003588410x12699663904952. PMID: 20615303.",
1316,orthopaedic,Orthopaedics – Knee,,The impact of an Acute Knee Clinic.,,,,"published, pending extraction",https://pmc.ncbi.nlm.nih.gov/articles/PMC3229379/,,UK,True,,,,,,,,,,,,Ball S; Haddad FS,Annals of the Royal College of Surgeons of England,2010,10.1308/003588410x12771863936684,20663276,PMC3229379,not reported,False,"Ball S, Haddad FS. The impact of an Acute Knee Clinic. Ann R Coll Surg Engl. 2010;92(8):685-688. doi:10.1308/003588410x12771863936684. PMID: 20663276.",
1317,orthopaedic,Orthopaedics – Theatre and perioperative,,Audit of orthopaedic audits in an english teaching hospital: are we closing the loop?,,,,"published, pending extraction",https://pmc.ncbi.nlm.nih.gov/articles/PMC2923339/,,UK,True,,,,,,,,,,,,Iqbal HJ; Pidikiti P,The open orthopaedics journal,2010,10.2174/1874325001004010188,20721318,PMC2923339,cc by-nc,True,"Iqbal HJ, Pidikiti P. Audit of orthopaedic audits in an english teaching hospital: are we closing the loop?. Open Orthop J. 2010;4:188-192. doi:10.2174/1874325001004010188. PMID: 20721318.",
1318,orthopaedic,Orthopaedics – Spine,,Low back pain and physiotherapy use of red flags: the evidence from Scotland.,,,,"published, pending extraction",https://pubmed.ncbi.nlm.nih.gov/21056162/,,UK,True,,,,,,,,,,,,Ferguson F; Holdsworth L; Rafferty D,Physiotherapy,2010,10.1016/j.physio.2010.01.001,21056162,,not reported,False,"Ferguson F, Holdsworth L, Rafferty D. Low back pain and physiotherapy use of red flags: the evidence from Scotland. Physiotherapy. 2010;96(4):282-288. doi:10.1016/j.physio.2010.01.001. PMID: 21056162.",
1319,orthopaedic,Orthopaedics – Theatre and perioperative,,Assessing and improving the knowledge of orthopaedic foundation-year doctors.,,,,"published, pending extraction",https://pubmed.ncbi.nlm.nih.gov/21134142/,,UK,True,,,,,,,,,,,,Atrey A; Hunter J; Gibb PA; Gupte C,The clinical teacher,2010,10.1111/j.1743-498x.2009.00334.x,21134142,,not reported,False,"Atrey A, Hunter J, Gibb PA, Gupte C. Assessing and improving the knowledge of orthopaedic foundation-year doctors. Clin Teach. 2010;7(1):41-46. doi:10.1111/j.1743-498x.2009.00334.x. PMID: 21134142.",
1320,orthopaedic,Orthopaedics – Trauma,,Patients with pelvic fractures due to falls: A paradigm that contributed to autopsy-based audit of trauma in Greece.,,,,"published, pending extraction",https://pmc.ncbi.nlm.nih.gov/articles/PMC3024215/,,not reported,False,,,,,,,,,,,,Papadopoulos IN; Kanakaris NK; Bonovas S; Konstantoudakis G; Petropoulou K; Christodoulou S; Kotsilianou O; Leukidis C,Journal of trauma management & outcomes,2011,10.1186/1752-2897-5-2,21214946,PMC3024215,cc by,True,"Papadopoulos IN, Kanakaris NK, Bonovas S, Konstantoudakis G, Petropoulou K, Christodoulou S, et al.. Patients with pelvic fractures due to falls: A paradigm that contributed to autopsy-based audit of trauma in Greece. J Trauma Manag Outcomes. 2011;5:2. doi:10.1186/1752-2897-5-2. PMID: 21214946.",figures/PMC3024215/1752-2897-5-2-1.jpg | figures/PMC3024215/1752-2897-5-2-2.jpg | figures/PMC3024215/1752-2897-5-2-3.jpg
1321,orthopaedic,Orthopaedics – Arthroplasty,,[Clinical audits of the procedure of the total hip arthroplasty and its impact on the improvement of the quality care].,,,,"published, pending extraction",https://pubmed.ncbi.nlm.nih.gov/21339078/,,not reported,False,,,,,,,,,,,,Valdés JC; Videla M; Lafuente M; Henere E; Poal-Manresa A; Madrid P; Benet A; Videla S,Revista de calidad asistencial : organo de la Sociedad Espanola de Calidad Asistencial,2011,10.1016/j.cali.2010.09.004,21339078,,not reported,False,"Valdés JC, Videla M, Lafuente M, Henere E, Poal-Manresa A, Madrid P, et al.. [Clinical audits of the procedure of the total hip arthroplasty and its impact on the improvement of the quality care]. Rev Calid Asist. 2011;26(2):83-89. doi:10.1016/j.cali.2010.09.004. PMID: 21339078.",
1322,orthopaedic,Orthopaedics – Trauma,,Fracture incidence after liver transplantation: results of a 10-year audit.,,,,"published, pending extraction",https://pmc.ncbi.nlm.nih.gov/articles/PMC3116679/,,UK,True,,,,,,,,,,,,Premaor MO; Das TK; Debiram I; Parker RA; Ninkovic M; Alexander GT; Compston JE,QJM : monthly journal of the Association of Physicians,2011,10.1093/qjmed/hcr025,21385830,PMC3116679,not reported,False,"Premaor MO, Das TK, Debiram I, Parker RA, Ninkovic M, Alexander GT, et al.. Fracture incidence after liver transplantation: results of a 10-year audit. QJM. 2011;104(7):599-606. doi:10.1093/qjmed/hcr025. PMID: 21385830.",
1323,orthopaedic,Orthopaedics – Hip fracture,,Improving prescribing of antiosteoporosis discharge medication in fractured neck of femur patients: a completed audit cycle.,,,,"published, pending extraction",https://pubmed.ncbi.nlm.nih.gov/21515522/,,UK,True,,,,,,,,,,,,Goodwin SJ; Walker ND,Scottish medical journal,2011,10.1258/smj.2010.010008,21515522,,not reported,False,"Goodwin SJ, Walker ND. Improving prescribing of antiosteoporosis discharge medication in fractured neck of femur patients: a completed audit cycle. Scott Med J. 2011;56(1):2-4. doi:10.1258/smj.2010.010008. PMID: 21515522.",
1324,orthopaedic,Orthopaedics – Hip fracture,,Is urinary continence considered in the assessment of older people after a fall in England and Wales? Cross-sectional clinical audit results.,,,,"published, pending extraction",https://pubmed.ncbi.nlm.nih.gov/21530116/,,UK,True,,,,,,,,,,,,Edwards R; Martin FC; Grant R; Lowe D; Potter J; Husk J; Wagg A,Maturitas,2011,10.1016/j.maturitas.2011.03.018,21530116,,not reported,False,"Edwards R, Martin FC, Grant R, Lowe D, Potter J, Husk J, et al.. Is urinary continence considered in the assessment of older people after a fall in England and Wales? Cross-sectional clinical audit results. Maturitas. 2011;69(2):179-183. doi:10.1016/j.maturitas.2011.03.018. PMID: 21530116.",
1325,orthopaedic,Orthopaedics – Foot and ankle,,A prospective audit of referral patterns to a dedicated Foot and Ankle surgical service.,,,,"published, pending extraction",https://pubmed.ncbi.nlm.nih.gov/21561759/,,UK,True,,,,,,,,,,,,Hewitt S; Yates B; Williamson D,"Foot (Edinburgh, Scotland)",2011,10.1016/j.foot.2011.03.002,21561759,,not reported,False,"Hewitt S, Yates B, Williamson D. A prospective audit of referral patterns to a dedicated Foot and Ankle surgical service. Foot (Edinb). 2011;21(4):166-171. doi:10.1016/j.foot.2011.03.002. PMID: 21561759.",
1326,orthopaedic,Orthopaedics – Arthroplasty,,Retrospective audit of blood transfusion and comparison with haemoglobin concentration in patients undergoing elective primary and revision lower limb arthroplasty.,,,,"published, pending extraction",https://pubmed.ncbi.nlm.nih.gov/21675071/,,Australia,False,,,,,,,,,,,,Evans S; O'Loughlin E; Bruce J,Anaesthesia and intensive care,2011,10.1177/0310057x1103900322,21675071,,not reported,False,"Evans S, O'Loughlin E, Bruce J. Retrospective audit of blood transfusion and comparison with haemoglobin concentration in patients undergoing elective primary and revision lower limb arthroplasty. Anaesth Intensive Care. 2011;39(3):480-485. doi:10.1177/0310057x1103900322. PMID: 21675071.",
1327,orthopaedic,Orthopaedics – Spine,,An audit of current practice and management of metastatic spinal cord compression at a regional cancer centre.,,,,"published, pending extraction",https://pubmed.ncbi.nlm.nih.gov/21675093/,,not reported,False,,,,,,,,,,,,Sui J; Fleming JS; Kehoe M,Irish medical journal,2011,,21675093,,not reported,False,"Sui J, Fleming JS, Kehoe M. An audit of current practice and management of metastatic spinal cord compression at a regional cancer centre. Ir Med J. 2011;104(4):111-114. PMID: 21675093.",
1328,orthopaedic,Orthopaedics – Theatre and perioperative,,Iron studies and red cell transfusion in cardiothoracic and orthopaedic surgical patients: a retrospective audit at a tertiary hospital.,,,,"published, pending extraction",https://pubmed.ncbi.nlm.nih.gov/21781124/,,Australia,False,,,,,,,,,,,,Grey DE; Smith V; Finlayson J,Vox sanguinis,2012,10.1111/j.1423-0410.2011.01524.x,21781124,,not reported,False,"Grey DE, Smith V, Finlayson J. Iron studies and red cell transfusion in cardiothoracic and orthopaedic surgical patients: a retrospective audit at a tertiary hospital. Vox Sang. 2012;102(2):150-158. doi:10.1111/j.1423-0410.2011.01524.x. PMID: 21781124.",
1329,orthopaedic,Orthopaedics – Foot and ankle,,Postoperative infection after excisional toenail matrixectomy: a retrospective clinical audit.,,,,"published, pending extraction",https://pubmed.ncbi.nlm.nih.gov/21817000/,,Australia,False,,,,,,,,,,,,Rusmir A; Salerno A,Journal of the American Podiatric Medical Association,2011,10.7547/1010316,21817000,,not reported,False,"Rusmir A, Salerno A. Postoperative infection after excisional toenail matrixectomy: a retrospective clinical audit. J Am Podiatr Med Assoc. 2011;101(4):316-322. doi:10.7547/1010316. PMID: 21817000.",
1330,orthopaedic,Orthopaedics – Hip fracture,,Pre-operative echocardiogram in hip fracture patients with cardiac murmur--an audit.,,,,"published, pending extraction",https://pmc.ncbi.nlm.nih.gov/articles/PMC3189143/,,UK,True,,,,,,,,,,,,Jettoo P; Kakwani R; Junejo S; Talkhani I; Dixon P,Journal of orthopaedic surgery and research,2011,10.1186/1749-799x-6-49,21943077,PMC3189143,cc by,True,"Jettoo P, Kakwani R, Junejo S, Talkhani I, Dixon P. Pre-operative echocardiogram in hip fracture patients with cardiac murmur--an audit. J Orthop Surg Res. 2011;6:49. doi:10.1186/1749-799x-6-49. PMID: 21943077.",figures/PMC3189143/1749-799X-6-49-1.jpg | figures/PMC3189143/1749-799X-6-49-2.jpg | figures/PMC3189143/1749-799X-6-49-3.jpg
1331,orthopaedic,Orthopaedics – Hip fracture,,Auckland City Hospital's Ortho-Geriatric Service: an audit of patients aged over 65 with fractured neck of femur.,,,,"published, pending extraction",https://pubmed.ncbi.nlm.nih.gov/27362595/,,not reported,False,,,,,,,,,,,,Wimalasena B; Harris R,The New Zealand medical journal,2016,,27362595,,not reported,False,"Wimalasena B, Harris R. Auckland City Hospital's Ortho-Geriatric Service: an audit of patients aged over 65 with fractured neck of femur. N Z Med J. 2016;129(1437):15-26. PMID: 27362595.",
1332,orthopaedic,Orthopaedics – Theatre and perioperative,,The role of a multidisciplinary pre-assessment clinic in reducing mortality after complex orthopaedic surgery.,,,,"published, pending extraction",https://pmc.ncbi.nlm.nih.gov/articles/PMC3293311/,,UK,True,,,,,,,,,,,,Kamal T; Conway RM; Littlejohn I; Ricketts D,Annals of the Royal College of Surgeons of England,2011,10.1308/003588411x561026,22041145,PMC3293311,not reported,False,"Kamal T, Conway RM, Littlejohn I, Ricketts D. The role of a multidisciplinary pre-assessment clinic in reducing mortality after complex orthopaedic surgery. Ann R Coll Surg Engl. 2011;93(2):149-151. doi:10.1308/003588411x561026. PMID: 22041145.",
1333,orthopaedic,Orthopaedics – Trauma,,Audit of inpatient management and outcome of limb fractures in children.,,,,"published, pending extraction",https://pmc.ncbi.nlm.nih.gov/articles/PMC3191680/,,Oman,False,,,,,,,,,,,,Dhar D; Varghese T,Oman medical journal,2011,10.5001/omj.2011.33,22043401,PMC3191680,not reported,False,"Dhar D, Varghese T. Audit of inpatient management and outcome of limb fractures in children. Oman Med J. 2011;26(2):131-135. doi:10.5001/omj.2011.33. PMID: 22043401.",
1334,orthopaedic,Orthopaedics – Trauma,,The National Falls and Bone Health Audit: implications for UK emergency care.,,,,"published, pending extraction",https://pubmed.ncbi.nlm.nih.gov/22045604/,,UK,True,,,,,,,,,,,,Banerjee J; Benger J; Treml J; Martin FC; Grant R; Lowe D; Potter J; Husk J,Emergency medicine journal : EMJ,2012,10.1136/emermed-2011-200501,22045604,,not reported,False,"Banerjee J, Benger J, Treml J, Martin FC, Grant R, Lowe D, et al.. The National Falls and Bone Health Audit: implications for UK emergency care. Emerg Med J. 2012;29(10):830-832. doi:10.1136/emermed-2011-200501. PMID: 22045604.",
1335,orthopaedic,Orthopaedics – Theatre and perioperative,,The prevalence of defensive orthopaedic imaging: a prospective practice audit in Pennsylvania.,,,,"published, pending extraction",https://pubmed.ncbi.nlm.nih.gov/22298064/,,USA,False,,,,,,,,,,,,Miller RA; Sampson NR; Flynn JM,The Journal of bone and joint surgery. American volume,2012,10.2106/jbjs.k.00646,22298064,,not reported,False,"Miller RA, Sampson NR, Flynn JM. The prevalence of defensive orthopaedic imaging: a prospective practice audit in Pennsylvania. J Bone Joint Surg Am. 2012;94(3):e18. doi:10.2106/jbjs.k.00646. PMID: 22298064.",
1336,orthopaedic,Orthopaedics – Spine,,Imaging the spine for tumour and trauma--a national audit of practice in Irish hospitals.,,,,"published, pending extraction",https://pubmed.ncbi.nlm.nih.gov/22385529/,,Ireland,True,,,,,,,,,,,,Kelly JC; O'Briain DE; Kelly GA; Mc Cabe JP,The surgeon : journal of the Royal Colleges of Surgeons of Edinburgh and Ireland,2012,10.1016/j.surge.2011.01.007,22385529,,not reported,False,"Kelly JC, O'Briain DE, Kelly GA, Mc Cabe JP. Imaging the spine for tumour and trauma--a national audit of practice in Irish hospitals. Surgeon. 2012;10(2):80-83. doi:10.1016/j.surge.2011.01.007. PMID: 22385529.",
1337,orthopaedic,Orthopaedics – Foot and ankle,,The foot-health of people with diabetes in a regional Australian population: a prospective clinical audit.,,,,"published, pending extraction",https://pmc.ncbi.nlm.nih.gov/articles/PMC3353842/,,Australia,False,,,,,,,,,,,,Perrin BM; Gardner MJ; Kennett SR,Journal of foot and ankle research,2012,10.1186/1757-1146-5-6,22400802,PMC3353842,cc by,True,"Perrin BM, Gardner MJ, Kennett SR. The foot-health of people with diabetes in a regional Australian population: a prospective clinical audit. J Foot Ankle Res. 2012;5(1):6. doi:10.1186/1757-1146-5-6. PMID: 22400802.",figures/PMC3353842/1757-1146-5-6-1.jpg | figures/PMC3353842/1757-1146-5-6-2.jpg
1338,orthopaedic,Orthopaedics – Trauma,,"Injury-related mortality audit in a regional trauma center at Puducherry, India.",,,,"published, pending extraction",https://pmc.ncbi.nlm.nih.gov/articles/PMC3299153/,,India,False,,,,,,,,,,,,Radjou AN; Balliga DK; Pal R; Mahajan P,"Journal of emergencies, trauma, and shock",2012,10.4103/0974-2700.93111,22416154,PMC3299153,cc by-nc-sa,True,"Radjou AN, Balliga DK, Pal R, Mahajan P. Injury-related mortality audit in a regional trauma center at Puducherry, India. J Emerg Trauma Shock. 2012;5(1):42-48. doi:10.4103/0974-2700.93111. PMID: 22416154.",
1339,orthopaedic,Orthopaedics – Arthroplasty,,The appropriateness of blood transfusion following primary total hip replacement.,,,,"published, pending extraction",https://pmc.ncbi.nlm.nih.gov/articles/PMC3705237/,,UK,True,,,,,,,,,,,,Joy PJ; Bennet SJ,Annals of the Royal College of Surgeons of England,2012,10.1308/003588412x13171221501384,22507728,PMC3705237,not reported,False,"Joy PJ, Bennet SJ. The appropriateness of blood transfusion following primary total hip replacement. Ann R Coll Surg Engl. 2012;94(3):201-203. doi:10.1308/003588412x13171221501384. PMID: 22507728.",
1340,orthopaedic,Orthopaedics – Trauma,,Trauma quality improvement in low and middle income countries of the Asia-Pacific region: a mixed methods study.,,,,"published, pending extraction",https://pubmed.ncbi.nlm.nih.gov/22526038/,,Canada,False,,,,,,,,,,,,Stelfox HT; Joshipura M; Chadbunchachai W; Ellawala RN; O'Reilly G; Nguyen TS; Gruen RL,World journal of surgery,2012,10.1007/s00268-012-1593-1,22526038,,not reported,False,"Stelfox HT, Joshipura M, Chadbunchachai W, Ellawala RN, O'Reilly G, Nguyen TS, et al.. Trauma quality improvement in low and middle income countries of the Asia-Pacific region: a mixed methods study. World J Surg. 2012;36(8):1978-1992. doi:10.1007/s00268-012-1593-1. PMID: 22526038.",
1341,orthopaedic,Orthopaedics – Arthroplasty,,"Enhancing patient recovery following lower limb arthroplasty with a modern wound dressing: a prospective, comparative audit.",,,,"published, pending extraction",https://pubmed.ncbi.nlm.nih.gov/22584680/,,UK,True,,,,,,,,,,,,Hopper GP; Deakin AH; Crane EO; Clarke JV,Journal of wound care,2012,10.12968/jowc.2012.21.4.200,22584680,,not reported,False,"Hopper GP, Deakin AH, Crane EO, Clarke JV. Enhancing patient recovery following lower limb arthroplasty with a modern wound dressing: a prospective, comparative audit. J Wound Care. 2012;21(4):200-203. doi:10.12968/jowc.2012.21.4.200. PMID: 22584680.",
1342,orthopaedic,Orthopaedics – Arthroplasty,,"Effect of a patient blood management programme on preoperative anaemia, transfusion rate, and outcome after primary hip or knee arthroplasty: a quality improvement cycle.",,,,"published, pending extraction",https://pubmed.ncbi.nlm.nih.gov/22593128/,,UK,True,,,,,,,,,,,,Kotzé A; Carter LA; Scally AJ,British journal of anaesthesia,2012,10.1093/bja/aes135,22593128,,not reported,False,"Kotzé A, Carter LA, Scally AJ. Effect of a patient blood management programme on preoperative anaemia, transfusion rate, and outcome after primary hip or knee arthroplasty: a quality improvement cycle. Br J Anaesth. 2012;108(6):943-952. doi:10.1093/bja/aes135. PMID: 22593128.",
1343,orthopaedic,Orthopaedics – Arthroplasty,,Bone flap replacement vs acrylic cranioplasty: a clinical audit.,,,,"published, pending extraction",https://pubmed.ncbi.nlm.nih.gov/2261104/,,UK,True,,,,,,,,,,,,Aziz TZ; Mathew BG; Kirkpatrick PJ,British journal of neurosurgery,1990,10.3109/02688699008992764,2261104,,not reported,False,"Aziz TZ, Mathew BG, Kirkpatrick PJ. Bone flap replacement vs acrylic cranioplasty: a clinical audit. Br J Neurosurg. 1990;4(5):417-419. doi:10.3109/02688699008992764. PMID: 2261104.",
1344,orthopaedic,Orthopaedics – Theatre and perioperative,,Integration of podiatric surgery within an orthopaedic department: an audit of patient satisfaction with labour force implications.,,,,"published, pending extraction",https://pubmed.ncbi.nlm.nih.gov/22647555/,,Australia,False,,,,,,,,,,,,Armanasco P; Williamson D; Yates B,"Foot (Edinburgh, Scotland)",2012,10.1016/j.foot.2012.04.002,22647555,,not reported,False,"Armanasco P, Williamson D, Yates B. Integration of podiatric surgery within an orthopaedic department: an audit of patient satisfaction with labour force implications. Foot (Edinb). 2012;22(3):200-204. doi:10.1016/j.foot.2012.04.002. PMID: 22647555.",
1345,orthopaedic,Orthopaedics – Arthroplasty,,Safety of total hip replacement following an intra-articular steroid hip injection--an audit.,,,,"published, pending extraction",https://pubmed.ncbi.nlm.nih.gov/22696987/,,UK,True,,,,,,,,,,,,Sankar B; Seneviratne S; Radha S; Rajeev A; Banaszkiewicz P,Acta orthopaedica Belgica,2012,,22696987,,not reported,False,"Sankar B, Seneviratne S, Radha S, Rajeev A, Banaszkiewicz P. Safety of total hip replacement following an intra-articular steroid hip injection--an audit. Acta Orthop Belg. 2012;78(2):183-186. PMID: 22696987.",
1346,orthopaedic,Orthopaedics – Hand and wrist,,Transition to total one-stop wide-awake hand surgery service-audit: a retrospective review.,,,,"published, pending extraction",https://pmc.ncbi.nlm.nih.gov/articles/PMC3375846/,,UK,True,,,,,,,,,,,,Bismil M; Bismil Q; Harding D; Harris P; Lamyman E; Sansby L,JRSM short reports,2012,10.1258/shorts.2012.012019,22715424,PMC3375846,cc by-nc,True,"Bismil M, Bismil Q, Harding D, Harris P, Lamyman E, Sansby L. Transition to total one-stop wide-awake hand surgery service-audit: a retrospective review. JRSM Short Rep. 2012;3(4):23. doi:10.1258/shorts.2012.012019. PMID: 22715424.",
1347,orthopaedic,Orthopaedics – Spine,,Incidence of serious side effects with intravenous bisphosphonate: a clinical audit.,,,,"published, pending extraction",https://pubmed.ncbi.nlm.nih.gov/22753670/,,UK,True,,,,,,,,,,,,Powell D; Bowler C; Roberts T; Garton M; Matthews C; McCall I; Davie M,QJM : monthly journal of the Association of Physicians,2012,10.1093/qjmed/hcs112,22753670,,not reported,False,"Powell D, Bowler C, Roberts T, Garton M, Matthews C, McCall I, et al.. Incidence of serious side effects with intravenous bisphosphonate: a clinical audit. QJM. 2012;105(10):965-971. doi:10.1093/qjmed/hcs112. PMID: 22753670.",
1348,orthopaedic,Orthopaedics – Theatre and perioperative,,Systems-based safety intervention: reducing falls with injury and total falls on an orthopaedic ward.,,,,"published, pending extraction",https://pubmed.ncbi.nlm.nih.gov/22760390/,,USA,False,,,,,,,,,,,,Lohse GR; Leopold SS; Theiler S; Sayre C; Cizik A; Lee MJ,The Journal of bone and joint surgery. American volume,2012,10.2106/jbjs.j.01647,22760390,,not reported,False,"Lohse GR, Leopold SS, Theiler S, Sayre C, Cizik A, Lee MJ. Systems-based safety intervention: reducing falls with injury and total falls on an orthopaedic ward. J Bone Joint Surg Am. 2012;94(13):1217-1222. doi:10.2106/jbjs.j.01647. PMID: 22760390.",
1349,orthopaedic,Orthopaedics – Trauma,,Assessment of readiness to change and relationship to AUDIT score in a trauma population utilizing computerized alcohol screening and brief intervention.,,,,"published, pending extraction",https://pmc.ncbi.nlm.nih.gov/articles/PMC3448118/,,USA,False,,,,,,,,,,,,Lotfipour S; Cisneros V; Chakravarthy B; Barrios C; Anderson CL; Fox JC; Roumani S; Hoonpongsimanont W; Vaca FE,Substance abuse,2012,10.1080/08897077.2011.645951,22989282,PMC3448118,tdm,False,"Lotfipour S, Cisneros V, Chakravarthy B, Barrios C, Anderson CL, Fox JC, et al.. Assessment of readiness to change and relationship to AUDIT score in a trauma population utilizing computerized alcohol screening and brief intervention. Subst Abus. 2012;33(4):378-386. doi:10.1080/08897077.2011.645951. PMID: 22989282.",
1350,orthopaedic,Orthopaedics – Theatre and perioperative,,"The use of enhanced recovery after surgery (ERAS) principles in Scottish orthopaedic units--an implementation and follow-up at 1 year, 2010-2011: a report from the Musculoskeletal Audit, Scotland.",,,,"published, pending extraction",https://pubmed.ncbi.nlm.nih.gov/23070220/,,UK,True,,,,,,,,,,,,Scott NB; McDonald D; Campbell J; Smith RD; Carey AK; Johnston IG; James KR; Breusch SJ,Archives of orthopaedic and trauma surgery,2013,10.1007/s00402-012-1619-z,23070220,,not reported,False,"Scott NB, McDonald D, Campbell J, Smith RD, Carey AK, Johnston IG, et al.. The use of enhanced recovery after surgery (ERAS) principles in Scottish orthopaedic units--an implementation and follow-up at 1 year, 2010-2011: a report from the Musculoskeletal Audit, Scotland. Arch Orthop Trauma Surg. 2013;133(1):117-124. doi:10.1007/s00402-012-1619-z. PMID: 23070220.",
1351,orthopaedic,Orthopaedics – Hip fracture,,Audit of standards of practice in suspected hip fracture.,,,,"published, pending extraction",https://pubmed.ncbi.nlm.nih.gov/23084512/,,UK,True,,,,,,,,,,,,Taylor R; Nairn S,International emergency nursing,2012,10.1016/j.ienj.2011.09.004,23084512,,not reported,False,"Taylor R, Nairn S. Audit of standards of practice in suspected hip fracture. Int Emerg Nurs. 2012;20(4):236-242. doi:10.1016/j.ienj.2011.09.004. PMID: 23084512.",
1352,orthopaedic,Orthopaedics – Arthroplasty,,Hospital discharge information after elective total hip or knee joint replacement surgery: A clinical audit of preferences among general practitioners.,,,,"published, pending extraction",https://pmc.ncbi.nlm.nih.gov/articles/PMC3494827/,,Australia,False,,,,,,,,,,,,Briggs AM; Lee N; Sim M; Leys TJ; Yates PJ,The Australasian medical journal,2012,10.4066/amj.2012.1471,23173019,PMC3494827,not reported,False,"Briggs AM, Lee N, Sim M, Leys TJ, Yates PJ. Hospital discharge information after elective total hip or knee joint replacement surgery: A clinical audit of preferences among general practitioners. Australas Med J. 2012;5(10):544-550. doi:10.4066/amj.2012.1471. PMID: 23173019.",
1353,orthopaedic,Orthopaedics – Theatre and perioperative,,"Implementing NICE guidelines on risk assessment for venous thromboembolism: failure, success and controversy.",,,,"published, pending extraction",https://pubmed.ncbi.nlm.nih.gov/23276057/,,UK,True,,,,,,,,,,,,Thavarajah D; Wetherill M,International journal of health care quality assurance,2012,10.1108/09526861211261217,23276057,,not reported,False,"Thavarajah D, Wetherill M. Implementing NICE guidelines on risk assessment for venous thromboembolism: failure, success and controversy. Int J Health Care Qual Assur. 2012;25(7):618-624. doi:10.1108/09526861211261217. PMID: 23276057.",
1354,orthopaedic,Orthopaedics – Arthroplasty,,Surgical waste audit of 5 total knee arthroplasties.,,,,"published, pending extraction",https://pmc.ncbi.nlm.nih.gov/articles/PMC3617113/,,not reported,True,,,,,,,,,,,,Stall NM; Kagoma YK; Bondy JN; Naudie D,Canadian journal of surgery. Journal canadien de chirurgie,2013,10.1503/cjs.015711,23351497,PMC3617113,not reported,False,"Stall NM, Kagoma YK, Bondy JN, Naudie D. Surgical waste audit of 5 total knee arthroplasties. Can J Surg. 2013;56(2):97-102. doi:10.1503/cjs.015711. PMID: 23351497.",
1355,orthopaedic,Orthopaedics – Foot and ankle,,Common pitfalls in syndesmotic rupture management: a clinical audit.,,,,"published, pending extraction",https://pubmed.ncbi.nlm.nih.gov/23520291/,,not reported,False,,,,,,,,,,,,Symeonidis PD; Iselin LD; Chehade M; Stavrou P,Foot & ankle international,2013,10.1177/1071100712470914,23520291,,not reported,False,"Symeonidis PD, Iselin LD, Chehade M, Stavrou P. Common pitfalls in syndesmotic rupture management: a clinical audit. Foot Ankle Int. 2013;34(3):345-350. doi:10.1177/1071100712470914. PMID: 23520291.",
1356,orthopaedic,Orthopaedics – Arthroplasty,,Documenting informed consent in elective hip replacement surgery: a simple change in practice.,,,,"published, pending extraction",https://pubmed.ncbi.nlm.nih.gov/23571394/,,UK,True,,,,,,,,,,,,Isherwood J; Dean B; Pandit H,"British journal of hospital medicine (London, England : 2005)",2013,10.12968/hmed.2013.74.4.224,23571394,,not reported,False,"Isherwood J, Dean B, Pandit H. Documenting informed consent in elective hip replacement surgery: a simple change in practice. Br J Hosp Med (Lond). 2013;74(4):224-227. doi:10.12968/hmed.2013.74.4.224. PMID: 23571394.",
1357,orthopaedic,Orthopaedics – Hip fracture,,Implementing the National Hip Fracture Database: An audit of care.,,,,"published, pending extraction",https://pubmed.ncbi.nlm.nih.gov/23680283/,,UK,True,,,,,,,,,,,,Patel NK; Sarraf KM; Joseph S; Lee C; Middleton FR,Injury,2013,10.1016/j.injury.2013.04.012,23680283,,not reported,False,"Patel NK, Sarraf KM, Joseph S, Lee C, Middleton FR. Implementing the National Hip Fracture Database: An audit of care. Injury. 2013;44(12):1934-1939. doi:10.1016/j.injury.2013.04.012. PMID: 23680283.",
1358,orthopaedic,Orthopaedics – Foot and ankle,,Proximal metatarsal osteotomy for hallux valgus: an audit of radiologic outcome after single screw fixation and full postoperative weightbearing.,,,,"published, pending extraction",https://pmc.ncbi.nlm.nih.gov/articles/PMC3701541/,,Germany,False,,,,,,,,,,,,Mittag F; Leichtle U; Meisner C; Ipach I; Wülker N; Wünschel M,Journal of foot and ankle research,2013,10.1186/1757-1146-6-22,23725485,PMC3701541,cc by,True,"Mittag F, Leichtle U, Meisner C, Ipach I, Wülker N, Wünschel M. Proximal metatarsal osteotomy for hallux valgus: an audit of radiologic outcome after single screw fixation and full postoperative weightbearing. J Foot Ankle Res. 2013;6:22. doi:10.1186/1757-1146-6-22. PMID: 23725485.",figures/PMC3701541/1757-1146-6-22-1.jpg | figures/PMC3701541/1757-1146-6-22-2.jpg | figures/PMC3701541/1757-1146-6-22-3.jpg | figures/PMC3701541/1757-1146-6-22-4.jpg
1359,orthopaedic,Orthopaedics – Trauma,,Microbiological surveillance and antimicrobial stewardship minimise the need for ultrabroad-spectrum combination therapy for treatment of nosocomial infections in a trauma intensive care unit: an audit of an evidence-based empiric antimicrobial policy.,,,,"published, pending extraction",https://pubmed.ncbi.nlm.nih.gov/23725954/,,South Africa,False,,,,,,,,,,,,Ramsamy Y; Muckart DJ; Han KS,South African medical journal = Suid-Afrikaanse tydskrif vir geneeskunde,2013,10.7196/samj.6459,23725954,,not reported,False,"Ramsamy Y, Muckart DJ, Han KS. Microbiological surveillance and antimicrobial stewardship minimise the need for ultrabroad-spectrum combination therapy for treatment of nosocomial infections in a trauma intensive care unit: an audit of an evidence-based empiric antimicrobial policy. S Afr Med J. 2013;103(6):371-376. doi:10.7196/samj.6459. PMID: 23725954.",
1360,orthopaedic,Orthopaedics – Spine,,Closing the loop between evidence-based medicine and care delivery: a possible role for clinical audits in spinal surgery.,,,,"published, pending extraction",https://pubmed.ncbi.nlm.nih.gov/23830825/,,USA,False,,,,,,,,,,,,Dazley JM; Cha TD; Harris MB; Bono CM,The spine journal : official journal of the North American Spine Society,2013,10.1016/j.spinee.2013.03.055,23830825,,not reported,False,"Dazley JM, Cha TD, Harris MB, Bono CM. Closing the loop between evidence-based medicine and care delivery: a possible role for clinical audits in spinal surgery. Spine J. 2013;13(12):1951-1957. doi:10.1016/j.spinee.2013.03.055. PMID: 23830825.",
1361,orthopaedic,Orthopaedics – Knee,,Clinical audit for the tibial tuberosity advancement procedure: establishing the learning curve and monitoring ongoing performance for the tibial tuberosity advancement procedure using the cumulative summation technique.,,,,"published, pending extraction",https://pubmed.ncbi.nlm.nih.gov/23857572/,,UK,True,,,,,,,,,,,,Proot JL; Corr SA,Veterinary and comparative orthopaedics and traumatology : V.C.O.T,2013,10.3415/vcot-12-04-0052,23857572,,not reported,False,"Proot JL, Corr SA. Clinical audit for the tibial tuberosity advancement procedure: establishing the learning curve and monitoring ongoing performance for the tibial tuberosity advancement procedure using the cumulative summation technique. Vet Comp Orthop Traumatol. 2013;26(4):280-284. doi:10.3415/vcot-12-04-0052. PMID: 23857572.",
1362,orthopaedic,Orthopaedics – Theatre and perioperative,,The use of routine referral data in the development of clinical audit and management in North Lincolnshire.,,,,"published, pending extraction",https://pubmed.ncbi.nlm.nih.gov/2390307/,,not reported,True,,,,,,,,,,,,Madeley RJ; Evans JR; Muir B,Journal of public health medicine,1990,10.1093/oxfordjournals.pubmed.a042501,2390307,,not reported,False,"Madeley RJ, Evans JR, Muir B. The use of routine referral data in the development of clinical audit and management in North Lincolnshire. J Public Health Med. 1990;12(1):22-27. doi:10.1093/oxfordjournals.pubmed.a042501. PMID: 2390307.",
1363,orthopaedic,Orthopaedics – Hip fracture,,Timely delivery of hip fracture care: a Middlemore Hospital audit.,,,,"published, pending extraction",https://pubmed.ncbi.nlm.nih.gov/24162632/,,New Zealand,False,,,,,,,,,,,,De Silva CU; Tha HS; Armstrong D; Walker K,The New Zealand medical journal,2013,,24162632,,not reported,False,"De Silva CU, Tha HS, Armstrong D, Walker K. Timely delivery of hip fracture care: a Middlemore Hospital audit. N Z Med J. 2013;126(1384):77-83. PMID: 24162632.",
1364,orthopaedic,Orthopaedics – Hip fracture,,The Best Practice Tariff helps improve management of neck of femur fractures: a completed audit loop.,,,,"published, pending extraction",https://pubmed.ncbi.nlm.nih.gov/24220529/,,not reported,False,,,,,,,,,,,,Khan SK; Weusten A; Bonczek S; Tate A; Port A,"British journal of hospital medicine (London, England : 2005)",2013,10.12968/hmed.2013.74.11.644,24220529,,not reported,False,"Khan SK, Weusten A, Bonczek S, Tate A, Port A. The Best Practice Tariff helps improve management of neck of femur fractures: a completed audit loop. Br J Hosp Med (Lond). 2013;74(11):644-647. doi:10.12968/hmed.2013.74.11.644. PMID: 24220529.",
1365,orthopaedic,Orthopaedics – Trauma,,'Smart' electronic operation notes in surgery: an innovative way to improve patient care.,,,,"published, pending extraction",https://pubmed.ncbi.nlm.nih.gov/24239938/,,UK,True,,,,,,,,,,,,Ghani Y; Thakrar R; Kosuge D; Bates P,"International journal of surgery (London, England)",2014,10.1016/j.ijsu.2013.10.017,24239938,,not reported,False,"Ghani Y, Thakrar R, Kosuge D, Bates P. 'Smart' electronic operation notes in surgery: an innovative way to improve patient care. Int J Surg. 2014;12(5):30-32. doi:10.1016/j.ijsu.2013.10.017. PMID: 24239938.",
1366,orthopaedic,Orthopaedics – Hand and wrist,,Early MRI diagnostics for suspected scaphoid fractures subsequent to initial plain radiography.,,,,"published, pending extraction",https://pubmed.ncbi.nlm.nih.gov/24292423/,,UK,True,,,,,,,,,,,,Fallahi F; Oliver R; Mandalia SS; Jonker L,European journal of orthopaedic surgery & traumatology : orthopedie traumatologie,2014,10.1007/s00590-013-1372-1,24292423,,not reported,False,"Fallahi F, Oliver R, Mandalia SS, Jonker L. Early MRI diagnostics for suspected scaphoid fractures subsequent to initial plain radiography. Eur J Orthop Surg Traumatol. 2014;24(7):1161-1166. doi:10.1007/s00590-013-1372-1. PMID: 24292423.",
1367,orthopaedic,Orthopaedics – Spine,,A multi-centred audit of secondary spinal assessments in a trauma setting: are we ATLS compliant?,,,,"published, pending extraction",https://pubmed.ncbi.nlm.nih.gov/24306164/,,UK,True,,,,,,,,,,,,Brooks F; Clark A; O'Neil R; James C; Power C; Gillett M; Tindall S; Abdulrahman G; Murray C; Ahuja S,European journal of orthopaedic surgery & traumatology : orthopedie traumatologie,2014,10.1007/s00590-013-1371-2,24306164,,not reported,False,"Brooks F, Clark A, O'Neil R, James C, Power C, Gillett M, et al.. A multi-centred audit of secondary spinal assessments in a trauma setting: are we ATLS compliant?. Eur J Orthop Surg Traumatol. 2014;24 Suppl 1:S215-9. doi:10.1007/s00590-013-1371-2. PMID: 24306164.",
1368,orthopaedic,Orthopaedics – Spine,,Primary elective spine arthrodesis: Audit of institutional cross matched to transfused (C/T) ratio to develop blood product ordering guidelines.,,,,"published, pending extraction",https://pmc.ncbi.nlm.nih.gov/articles/PMC3841938/,,Pakistan,False,,,,,,,,,,,,Alam MM; Sobani ZA; Shamim MS; Ahmad K; Minai F,Surgical neurology international,2013,10.4103/2152-7806.120778,24340234,PMC3841938,cc by-nc-sa,True,"Alam MM, Sobani ZA, Shamim MS, Ahmad K, Minai F. Primary elective spine arthrodesis: Audit of institutional cross matched to transfused (C/T) ratio to develop blood product ordering guidelines. Surg Neurol Int. 2013;4(Suppl 5):S368-72. doi:10.4103/2152-7806.120778. PMID: 24340234.",
1369,orthopaedic,Orthopaedics – Arthroplasty,,The necessity of pharmacological prophylaxis against venous thromboembolism in major joint arthroplasty.,,,,"published, pending extraction",https://pmc.ncbi.nlm.nih.gov/articles/PMC3997761/,,UK,True,,,,,,,,,,,,Yassin M; Mitchell C; Diab M; Senior C,International orthopaedics,2014,10.1007/s00264-013-2233-6,24352825,PMC3997761,not reported,False,"Yassin M, Mitchell C, Diab M, Senior C. The necessity of pharmacological prophylaxis against venous thromboembolism in major joint arthroplasty. Int Orthop. 2014;38(5):1073-1075. doi:10.1007/s00264-013-2233-6. PMID: 24352825.",
1370,orthopaedic,Orthopaedics – Hip fracture,,Outcome by mode of anaesthesia for hip fracture surgery. An observational audit of 65 535 patients in a national dataset.,,,,"published, pending extraction",https://pubmed.ncbi.nlm.nih.gov/24428375/,,UK,True,,,,,,,,,,,,White SM; Moppett IK; Griffiths R,Anaesthesia,2014,10.1111/anae.12542,24428375,,not reported,False,"White SM, Moppett IK, Griffiths R. Outcome by mode of anaesthesia for hip fracture surgery. An observational audit of 65 535 patients in a national dataset. Anaesthesia. 2014;69(3):224-230. doi:10.1111/anae.12542. PMID: 24428375.",
1371,orthopaedic,Orthopaedics – Hip fracture,,Evidence-based clinical audit criteria for the prevention and management of delirium in the postoperative patient with a hip fracture.,,,,"published, pending extraction",https://pubmed.ncbi.nlm.nih.gov/24457386/,,not reported,False,,,,,,,,,,,,Holly C; Rittenmeyer L; Weeks SM,Orthopedic nursing,2014,10.1097/nor.0000000000000020,24457386,,not reported,False,"Holly C, Rittenmeyer L, Weeks SM. Evidence-based clinical audit criteria for the prevention and management of delirium in the postoperative patient with a hip fracture. Orthop Nurs. 2014;33(1):27-34; quiz 35-6. doi:10.1097/nor.0000000000000020. PMID: 24457386.",
1372,orthopaedic,Orthopaedics – Foot and ankle,,Effectiveness of 'in-cast' pneumatic intermittent pedal compression for the pre-operative management of closed ankle fractures: a clinical audit.,,,,"published, pending extraction",https://pubmed.ncbi.nlm.nih.gov/24480498/,,Ireland,True,,,,,,,,,,,,Dodds MK; Daly A; Ryan K; D'Souza L,Foot and ankle surgery : official journal of the European Society of Foot and Ankle Surgeons,2014,10.1016/j.fas.2013.09.004,24480498,,not reported,False,"Dodds MK, Daly A, Ryan K, D'Souza L. Effectiveness of 'in-cast' pneumatic intermittent pedal compression for the pre-operative management of closed ankle fractures: a clinical audit. Foot Ankle Surg. 2014;20(1):40-43. doi:10.1016/j.fas.2013.09.004. PMID: 24480498.",
1373,orthopaedic,Orthopaedics – Arthroplasty,,Audit: total hip arthroplasty.,,,,"published, pending extraction",https://pubmed.ncbi.nlm.nih.gov/245582/,,not reported,False,,,,,,,,,,,,,ONA journal,1977,,245582,,not reported,False,. Audit: total hip arthroplasty. ONA J. 1977;4(11):290-291. PMID: 245582.,
1374,orthopaedic,Orthopaedics – Hip fracture,,Audit: intertrochanteric fracture hip with internal fixation.,,,,"published, pending extraction",https://pubmed.ncbi.nlm.nih.gov/245585/,,not reported,False,,,,,,,,,,,,,ONA journal,1977,,245585,,not reported,False,. Audit: intertrochanteric fracture hip with internal fixation. ONA J. 1977;4(11):302-304. PMID: 245585.,
1375,orthopaedic,Orthopaedics – Trauma,,Audit criteria for fracture of the hip.,,,,"published, pending extraction",https://pubmed.ncbi.nlm.nih.gov/246506/,,not reported,False,,,,,,,,,,,,Spickler L,ONA journal,1978,,246506,,not reported,False,Spickler L. Audit criteria for fracture of the hip. ONA J. 1978;5(3):71-73. PMID: 246506.,
1376,orthopaedic,Orthopaedics – Trauma,,"Improving the management of tibia stress fractures: a collaborative, outpatient clinic-based quality improvement project.",,,,"published, pending extraction",https://pubmed.ncbi.nlm.nih.gov/24651138/,,not reported,False,,,,,,,,,,,,Roberts CL; Meyering CD; Zychowicz ME,Orthopedic nursing,2014,10.1097/nor.0000000000000032,24651138,,not reported,False,"Roberts CL, Meyering CD, Zychowicz ME. Improving the management of tibia stress fractures: a collaborative, outpatient clinic-based quality improvement project. Orthop Nurs. 2014;33(2):75-83; quiz 84-5. doi:10.1097/nor.0000000000000032. PMID: 24651138.",
1377,orthopaedic,Orthopaedics – Trauma,,Blunt chest trauma--an audit of injuries diagnosed by the MDCT examination.,,,,"published, pending extraction",https://pubmed.ncbi.nlm.nih.gov/24665574/,,not reported,False,,,,,,,,,,,,Turkalj I; Petrović K; Stojanović S; Petrović D; Brakus A; Ristić J,Vojnosanitetski pregled,2014,10.2298/vsp1402161t,24665574,,cc by-sa,False,"Turkalj I, Petrović K, Stojanović S, Petrović D, Brakus A, Ristić J. Blunt chest trauma--an audit of injuries diagnosed by the MDCT examination. Vojnosanit Pregl. 2014;71(2):161-166. doi:10.2298/vsp1402161t. PMID: 24665574.",
1378,orthopaedic,Orthopaedics – Paediatric,,The Bangladesh clubfoot project: audit of 2-year outcomes of Ponseti treatment in 400 children.,,,,"published, pending extraction",https://pubmed.ncbi.nlm.nih.gov/24840657/,,UK,True,,,,,,,,,,,,Perveen R; Evans AM; Ford-Powell V; Dietz FR; Barker S; Wade PW; Khan SI,Journal of pediatric orthopedics,2014,10.1097/bpo.0000000000000225,24840657,,not reported,False,"Perveen R, Evans AM, Ford-Powell V, Dietz FR, Barker S, Wade PW, et al.. The Bangladesh clubfoot project: audit of 2-year outcomes of Ponseti treatment in 400 children. J Pediatr Orthop. 2014;34(7):720-725. doi:10.1097/bpo.0000000000000225. PMID: 24840657.",
1379,orthopaedic,Orthopaedics – Arthroplasty,,[Implementation of the EndoCert system for certification of arthroplasty centers. Experiences from the pilot phase].,,,,"published, pending extraction",https://pubmed.ncbi.nlm.nih.gov/24928271/,,not reported,False,,,,,,,,,,,,Haas H; Mittelmeier W,Der Orthopade,2014,10.1007/s00132-014-2294-2,24928271,,not reported,False,"Haas H, Mittelmeier W. [Implementation of the EndoCert system for certification of arthroplasty centers. Experiences from the pilot phase]. Orthopade. 2014;43(6):534-540. doi:10.1007/s00132-014-2294-2. PMID: 24928271.",
1380,orthopaedic,Orthopaedics – Knee,,"Evaluating the Use of a Negative D-Dimer and Modified Low Wells Score in Excluding above Knee Deep Venous Thrombosis in an Outpatient Population, Assessing Need for Diagnostic Ultrasound.",,,,"published, pending extraction",https://pmc.ncbi.nlm.nih.gov/articles/PMC4045467/,,UK,True,,,,,,,,,,,,Rahiminejad M; Rastogi A; Prabhudesai S; Mcclinton D; MacCallum P; Platton S; Friedman E,ISRN radiology,2014,10.1155/2014/519875,24967296,PMC4045467,cc by,True,"Rahiminejad M, Rastogi A, Prabhudesai S, Mcclinton D, MacCallum P, Platton S, et al.. Evaluating the Use of a Negative D-Dimer and Modified Low Wells Score in Excluding above Knee Deep Venous Thrombosis in an Outpatient Population, Assessing Need for Diagnostic Ultrasound. ISRN Radiol. 2014;2014:519875. doi:10.1155/2014/519875. PMID: 24967296.",figures/PMC4045467/ISRN.RADIOLOGY2014-519875.001.jpg
1381,orthopaedic,Orthopaedics – Shoulder and elbow,,Improving emergency department management of paediatric clavicle fractures: a complete audit cycle.,,,,"published, pending extraction",https://pubmed.ncbi.nlm.nih.gov/25040275/,,not reported,False,,,,,,,,,,,,Matthews AH; Boyd M; Bott AR; Metcalfe JE,"British journal of hospital medicine (London, England : 2005)",2014,10.12968/hmed.2014.75.5.287,25040275,,not reported,False,"Matthews AH, Boyd M, Bott AR, Metcalfe JE. Improving emergency department management of paediatric clavicle fractures: a complete audit cycle. Br J Hosp Med (Lond). 2014;75(5):287-289. doi:10.12968/hmed.2014.75.5.287. PMID: 25040275.",
1382,orthopaedic,Orthopaedics – Hip fracture,,Rapid access imaging for occult fractured neck of femur.,,,,"published, pending extraction",https://pubmed.ncbi.nlm.nih.gov/25146093/,,UK,True,,,,,,,,,,,,Tiwari S; De Rover WS; Dawson S; Moran C; Sahota O,Osteoporosis international : a journal established as result of cooperation between the European Foundation for Osteoporosis and the National Osteoporosis Foundation of the USA,2015,10.1007/s00198-014-2861-8,25146093,,not reported,False,"Tiwari S, De Rover WS, Dawson S, Moran C, Sahota O. Rapid access imaging for occult fractured neck of femur. Osteoporos Int. 2015;26(1):407-410. doi:10.1007/s00198-014-2861-8. PMID: 25146093.",
1383,orthopaedic,Orthopaedics – Hip fracture,,"Audit improves emergency department triage, assessment, multi-modal analgesia and nerve block use in the management of pain in older people with neck of femur fracture.",,,,"published, pending extraction",https://pubmed.ncbi.nlm.nih.gov/25151180/,,Australia,False,,,,,,,,,,,,Newton-Brown E; Fitzgerald L; Mitra B,Australasian emergency nursing journal : AENJ,2014,10.1016/j.aenj.2014.06.001,25151180,,not reported,False,"Newton-Brown E, Fitzgerald L, Mitra B. Audit improves emergency department triage, assessment, multi-modal analgesia and nerve block use in the management of pain in older people with neck of femur fracture. Australas Emerg Nurs J. 2014;17(4):176-183. doi:10.1016/j.aenj.2014.06.001. PMID: 25151180.",
1384,orthopaedic,Orthopaedics – Theatre and perioperative,,Audit of operation notes in an orthopaedic unit.,,,,"published, pending extraction",https://pubmed.ncbi.nlm.nih.gov/25163959/,,Kuwait,False,,,,,,,,,,,,Sweed TA; Bonajmah AA; Mussa MA,Journal of orthopaedic surgery (Hong Kong),2014,10.1177/230949901402200221,25163959,,not reported,False,"Sweed TA, Bonajmah AA, Mussa MA. Audit of operation notes in an orthopaedic unit. J Orthop Surg (Hong Kong). 2014;22(2):218-220. doi:10.1177/230949901402200221. PMID: 25163959.",
1385,orthopaedic,Orthopaedics – Arthroplasty,,Data quality audit of the arthroplasty clinical outcomes registry NSW.,,,,"published, pending extraction",https://pmc.ncbi.nlm.nih.gov/articles/PMC4247213/,,Australia,True,,,,,,,,,,,,Seagrave KG; Naylor J; Armstrong E; Leong KM; Descallar J; Harris IA,BMC health services research,2014,10.1186/s12913-014-0512-6,25410899,PMC4247213,cc by,True,"Seagrave KG, Naylor J, Armstrong E, Leong KM, Descallar J, Harris IA. Data quality audit of the arthroplasty clinical outcomes registry NSW. BMC Health Serv Res. 2014;14:512. doi:10.1186/s12913-014-0512-6. PMID: 25410899.",
1386,orthopaedic,Orthopaedics – Trauma,,An audit of fresh frozen plasma usage in a tertiary trauma care centre in north India.,,,,"published, pending extraction",https://pmc.ncbi.nlm.nih.gov/articles/PMC4243410/,,India,False,,,,,,,,,,,,Agarwal N; Subramanian A; Pandey RM; Albert V; Karjee S; Arya V,Indian journal of hematology & blood transfusion : an official journal of Indian Society of Hematology and Blood Transfusion,2014,10.1007/s12288-013-0265-0,25435737,PMC4243410,not reported,False,"Agarwal N, Subramanian A, Pandey RM, Albert V, Karjee S, Arya V. An audit of fresh frozen plasma usage in a tertiary trauma care centre in north India. Indian J Hematol Blood Transfus. 2014;30(4):328-332. doi:10.1007/s12288-013-0265-0. PMID: 25435737.",
1387,orthopaedic,Orthopaedics – Foot and ankle,,"Weber C ankle fractures: a retrospective audit of screw number, size, complications, and retrieval rates.",,,,"published, pending extraction",https://pubmed.ncbi.nlm.nih.gov/25619809/,,New Zealand,False,,,,,,,,,,,,Walker L; Willis N,The Journal of foot and ankle surgery : official publication of the American College of Foot and Ankle Surgeons,2015,10.1053/j.jfas.2014.11.015,25619809,,not reported,False,"Walker L, Willis N. Weber C ankle fractures: a retrospective audit of screw number, size, complications, and retrieval rates. J Foot Ankle Surg. 2015;54(3):454-457. doi:10.1053/j.jfas.2014.11.015. PMID: 25619809.",
1388,orthopaedic,Orthopaedics – Knee,,Venous thromboembolism rates in patients undergoing major hip and knee joint surgery at Waitemata District Health Board: a retrospective audit.,,,,"published, pending extraction",https://pubmed.ncbi.nlm.nih.gov/25644232/,,New Zealand,False,,,,,,,,,,,,Dixon J; Ahn E; Zhou L; Lim R; Simpson D; Merriman EG,Internal medicine journal,2015,10.1111/imj.12702,25644232,,not reported,False,"Dixon J, Ahn E, Zhou L, Lim R, Simpson D, Merriman EG. Venous thromboembolism rates in patients undergoing major hip and knee joint surgery at Waitemata District Health Board: a retrospective audit. Intern Med J. 2015;45(4):416-422. doi:10.1111/imj.12702. PMID: 25644232.",
1389,orthopaedic,Orthopaedics – Foot and ankle,,Minimally invasive surgery for pedal digital deformity: an audit of complications using national benchmark indicators.,,,,"published, pending extraction",https://pmc.ncbi.nlm.nih.gov/articles/PMC4407429/,,Australia,False,,,,,,,,,,,,Gilheany M; Baarini O; Samaras D,Journal of foot and ankle research,2015,10.1186/s13047-015-0073-x,25908945,PMC4407429,cc by,True,"Gilheany M, Baarini O, Samaras D. Minimally invasive surgery for pedal digital deformity: an audit of complications using national benchmark indicators. J Foot Ankle Res. 2015;8:17. doi:10.1186/s13047-015-0073-x. PMID: 25908945.",figures/PMC4407429/13047_2015_73_Fig1_HTML.jpg | figures/PMC4407429/13047_2015_73_Fig2_HTML.jpg
1390,orthopaedic,Orthopaedics – Theatre and perioperative,,Enhanced recovery from surgery in the UK: an audit of the enhanced recovery partnership programme 2009-2012.,,,,"published, pending extraction",https://pubmed.ncbi.nlm.nih.gov/25926312/,,UK,True,,,,,,,,,,,,Simpson JC; Moonesinghe SR; Grocott MP; Kuper M; McMeeking A; Oliver CM; Galsworthy MJ; Mythen MG; National Enhanced Recovery Partnership Advisory Board,British journal of anaesthesia,2015,10.1093/bja/aev105,25926312,,not reported,False,"Simpson JC, Moonesinghe SR, Grocott MP, Kuper M, McMeeking A, Oliver CM, et al.. Enhanced recovery from surgery in the UK: an audit of the enhanced recovery partnership programme 2009-2012. Br J Anaesth. 2015;115(4):560-568. doi:10.1093/bja/aev105. PMID: 25926312.",
1391,orthopaedic,Orthopaedics – Hip fracture,,Improving the care of patients with a hip fracture: a quality improvement report.,,,,"published, pending extraction",https://pubmed.ncbi.nlm.nih.gov/25979000/,,UK,True,,,,,,,,,,,,Hawkes D; Baxter J; Bailey C; Holland G; Ruddlesdin J; Wall A; Wykes P,BMJ quality & safety,2015,10.1136/bmjqs-2014-003700,25979000,,not reported,False,"Hawkes D, Baxter J, Bailey C, Holland G, Ruddlesdin J, Wall A, et al.. Improving the care of patients with a hip fracture: a quality improvement report. BMJ Qual Saf. 2015;24(8):532-538. doi:10.1136/bmjqs-2014-003700. PMID: 25979000.",
1392,orthopaedic,Orthopaedics – Trauma,,Variability of magnification on digital pelvic radiographs from patients with fractures of the femoral neck - a retrospective audit.,,,,"published, pending extraction",https://pubmed.ncbi.nlm.nih.gov/25989768/,,not reported,False,,,,,,,,,,,,Zubairi A; Ahmad T,JPMA. The Journal of the Pakistan Medical Association,2014,,25989768,,not reported,False,"Zubairi A, Ahmad T. Variability of magnification on digital pelvic radiographs from patients with fractures of the femoral neck - a retrospective audit. J Pak Med Assoc. 2014;64(12 Suppl 2):S158-60. PMID: 25989768.",
1393,orthopaedic,Orthopaedics – Foot and ankle,,Adults with flexible pes planus and the approach to the prescription of customised foot orthoses in clinical practice: A clinical records audit.,,,,"published, pending extraction",https://pubmed.ncbi.nlm.nih.gov/26001993/,,Australia,False,,,,,,,,,,,,Banwell HA; Thewlis D; Mackintosh S,"Foot (Edinburgh, Scotland)",2015,10.1016/j.foot.2015.03.005,26001993,,not reported,False,"Banwell HA, Thewlis D, Mackintosh S. Adults with flexible pes planus and the approach to the prescription of customised foot orthoses in clinical practice: A clinical records audit. Foot (Edinb). 2015;25(2):101-109. doi:10.1016/j.foot.2015.03.005. PMID: 26001993.",
1394,orthopaedic,Orthopaedics – Theatre and perioperative,,Hand infection patients presenting to an orthopaedic unit: An audit of incidence and demographics at a rural hospital.,,,,"published, pending extraction",https://pubmed.ncbi.nlm.nih.gov/26045146/,,Australia,False,,,,,,,,,,,,Turow A; Palapitige B; Kim SW; Jaarsma RL; Bramwell D; Krishnan J,The Australian journal of rural health,2016,10.1111/ajr.12197,26045146,,not reported,False,"Turow A, Palapitige B, Kim SW, Jaarsma RL, Bramwell D, Krishnan J. Hand infection patients presenting to an orthopaedic unit: An audit of incidence and demographics at a rural hospital. Aust J Rural Health. 2016;24(1):48-53. doi:10.1111/ajr.12197. PMID: 26045146.",
1395,orthopaedic,Orthopaedics – Theatre and perioperative,,Hospital audit of delayed transfusion after orthopaedic surgery.,,,,"published, pending extraction",https://pubmed.ncbi.nlm.nih.gov/26112174/,,France,False,,,,,,,,,,,,Dubost C; Ausset S; Vincent C; Gozlan C; Auroy Y; N'Guyen L; Lienhart A; Benhamou D,"Anaesthesia, critical care & pain medicine",2015,10.1016/j.accpm.2015.02.006,26112174,,not reported,False,"Dubost C, Ausset S, Vincent C, Gozlan C, Auroy Y, N'Guyen L, et al.. Hospital audit of delayed transfusion after orthopaedic surgery. Anaesth Crit Care Pain Med. 2015;34(6):321-325. doi:10.1016/j.accpm.2015.02.006. PMID: 26112174.",
1396,orthopaedic,Orthopaedics – Hip fracture,,The impact of a national clinician-led audit initiative on care and mortality after hip fracture in England: an external evaluation using time trends in non-audit data.,,,,"published, pending extraction",https://pmc.ncbi.nlm.nih.gov/articles/PMC4501693/,,UK,True,,,,,,,,,,,,Neuburger J; Currie C; Wakeman R; Tsang C; Plant F; De Stavola B; Cromwell DA; van der Meulen J,Medical care,2015,10.1097/mlr.0000000000000383,26172938,PMC4501693,cc by-nc-nd,True,"Neuburger J, Currie C, Wakeman R, Tsang C, Plant F, De Stavola B, et al.. The impact of a national clinician-led audit initiative on care and mortality after hip fracture in England: an external evaluation using time trends in non-audit data. Med Care. 2015;53(8):686-691. doi:10.1097/mlr.0000000000000383. PMID: 26172938.",
1397,orthopaedic,Orthopaedics – Hip fracture,,Management of hip fractures in older people in Beijing: a retrospective audit and comparison with evidence-based guidelines and practice in the UK.,,,,"published, pending extraction",https://pubmed.ncbi.nlm.nih.gov/26267012/,,UK,True,,,,,,,,,,,,Tian M; Gong X; Rath S; Wei J; Yan LL; Lamb SE; Lindley RI; Sherrington C; Willett K; Norton R,Osteoporosis international : a journal established as result of cooperation between the European Foundation for Osteoporosis and the National Osteoporosis Foundation of the USA,2016,10.1007/s00198-015-3261-4,26267012,,not reported,False,"Tian M, Gong X, Rath S, Wei J, Yan LL, Lamb SE, et al.. Management of hip fractures in older people in Beijing: a retrospective audit and comparison with evidence-based guidelines and practice in the UK. Osteoporos Int. 2016;27(2):677-681. doi:10.1007/s00198-015-3261-4. PMID: 26267012.",
1398,orthopaedic,Orthopaedics – Arthroplasty,,Trimodal venous thromboembolism prophylaxis in total knee replacement: A quality improvement project for best care practices.,,,,"published, pending extraction",https://pubmed.ncbi.nlm.nih.gov/26298616/,,not reported,False,,,,,,,,,,,,Gwatirisa JJ,Journal of vascular nursing : official publication of the Society for Peripheral Vascular Nursing,2015,10.1016/j.jvn.2015.05.039,26298616,,not reported,False,Gwatirisa JJ. Trimodal venous thromboembolism prophylaxis in total knee replacement: A quality improvement project for best care practices. J Vasc Nurs. 2015;33(3):119-126. doi:10.1016/j.jvn.2015.05.039. PMID: 26298616.,
1399,orthopaedic,Orthopaedics – Trauma,,Improving Osteoporosis Management in Primary Care: An Audit of the Impact of a Community Based Fracture Liaison Nurse.,,,,"published, pending extraction",https://pmc.ncbi.nlm.nih.gov/articles/PMC4552550/,,UK,True,,,,,,,,,,,,Chan T; de Lusignan S; Cooper A; Elliott M,PloS one,2015,10.1371/journal.pone.0132146,26313924,PMC4552550,cc by,True,"Chan T, de Lusignan S, Cooper A, Elliott M. Improving Osteoporosis Management in Primary Care: An Audit of the Impact of a Community Based Fracture Liaison Nurse. PLoS One. 2015;10(8):e0132146. doi:10.1371/journal.pone.0132146. PMID: 26313924.",figures/PMC4552550/pone.0132146.g001.jpg | figures/PMC4552550/pone.0132146.g002.jpg | figures/PMC4552550/pone.0132146.g003.jpg | figures/PMC4552550/pone.0132146.g004.jpg | figures/PMC4552550/pone.0132146.g005.jpg
1400,orthopaedic,Orthopaedics – Hand and wrist,,Audit of Clinical and Functional Outcomes of Arthroscopic Resection of Wrist Ganglions.,,,,"published, pending extraction",https://pubmed.ncbi.nlm.nih.gov/26388003/,,Singapore,False,,,,,,,,,,,,Chung SR; Tay SC,Hand surgery : an international journal devoted to hand and upper limb surgery and related research : journal of the Asia-Pacific Federation of Societies for Surgery of the Hand,2015,10.1142/s0218810415500331,26388003,,not reported,False,"Chung SR, Tay SC. Audit of Clinical and Functional Outcomes of Arthroscopic Resection of Wrist Ganglions. Hand Surg. 2015;20(3):415-420. doi:10.1142/s0218810415500331. PMID: 26388003.",
1401,orthopaedic,Orthopaedics – Trauma,,Accurate falls risk assessment and interventions for preventing falls in patients in the acute care setting within a private hospital in a large capital city: a best practice implementation project.,,,,"published, pending extraction",https://pubmed.ncbi.nlm.nih.gov/26470676/,,Australia,False,,,,,,,,,,,,Szymaniak S,JBI database of systematic reviews and implementation reports,2015,10.11124/jbisrir-2015-2089,26470676,,not reported,False,Szymaniak S. Accurate falls risk assessment and interventions for preventing falls in patients in the acute care setting within a private hospital in a large capital city: a best practice implementation project. JBI Database System Rev Implement Rep. 2015;13(9):386-406. doi:10.11124/jbisrir-2015-2089. PMID: 26470676.,
1402,orthopaedic,Orthopaedics – Hip fracture,,"""Early Trigger"" Intravenous Vitamin K: Optimizing Target-Driven Care in Warfarinised Patients With Hip Fracture.",,,,"published, pending extraction",https://pmc.ncbi.nlm.nih.gov/articles/PMC4647189/,,UK,True,,,,,,,,,,,,Diament M; MacLeod K; O'Hare J; Tate A; Eardley W,Geriatric orthopaedic surgery & rehabilitation,2015,10.1177/2151458515595669,26623160,PMC4647189,not reported,True,"Diament M, MacLeod K, O'Hare J, Tate A, Eardley W. ""Early Trigger"" Intravenous Vitamin K: Optimizing Target-Driven Care in Warfarinised Patients With Hip Fracture. Geriatr Orthop Surg Rehabil. 2015;6(4):263-268. doi:10.1177/2151458515595669. PMID: 26623160.",
1403,orthopaedic,Orthopaedics – Hip fracture,,National audits of hip fractures: Are yearly audits required?,,,,"published, pending extraction",https://pubmed.ncbi.nlm.nih.gov/26657888/,,UK,True,,,,,,,,,,,,Ferguson KB; Halai M; Winter A; Elswood T; Smith R; Hutchison JD; Holt G,Injury,2016,10.1016/j.injury.2015.11.018,26657888,,not reported,False,"Ferguson KB, Halai M, Winter A, Elswood T, Smith R, Hutchison JD, et al.. National audits of hip fractures: Are yearly audits required?. Injury. 2016;47(2):439-443. doi:10.1016/j.injury.2015.11.018. PMID: 26657888.",
1404,orthopaedic,Orthopaedics – Foot and ankle,,Venous thromboembolism rates in patients with lower limb immobilization after Achilles tendon injury are unchanged after the introduction of prophylactic aspirin: audit.,,,,"published, pending extraction",https://pubmed.ncbi.nlm.nih.gov/26663418/,,New Zealand,False,,,,,,,,,,,,Braithwaite I; Dunbar L; Eathorne A; Weatherall M; Beasley R,Journal of thrombosis and haemostasis : JTH,2016,10.1111/jth.13224,26663418,,cc by-nc-nd,False,"Braithwaite I, Dunbar L, Eathorne A, Weatherall M, Beasley R. Venous thromboembolism rates in patients with lower limb immobilization after Achilles tendon injury are unchanged after the introduction of prophylactic aspirin: audit. J Thromb Haemost. 2016;14(2):331-335. doi:10.1111/jth.13224. PMID: 26663418.",
1405,orthopaedic,Orthopaedics – Hip fracture,,A national quality registers as a tool to audit items of the fundamentals of care to older patients with hip fractures.,,,,"published, pending extraction",https://pubmed.ncbi.nlm.nih.gov/26681169/,,not reported,False,,,,,,,,,,,,Hommel A; Bååth C,International journal of older people nursing,2016,10.1111/opn.12101,26681169,,not reported,False,"Hommel A, Bååth C. A national quality registers as a tool to audit items of the fundamentals of care to older patients with hip fractures. Int J Older People Nurs. 2016;11(2):85-93. doi:10.1111/opn.12101. PMID: 26681169.",
1406,orthopaedic,Orthopaedics – Trauma,,Blood tests: One too many? Evaluating blood requesting guidance developed for acute patients admitted to trauma and orthopaedic units.,,,,"published, pending extraction",https://pubmed.ncbi.nlm.nih.gov/26696248/,,UK,True,,,,,,,,,,,,Faulkner A; Reidy M; Scicluna G; Love GJ; Joss J,Injury,2016,10.1016/j.injury.2015.11.041,26696248,,not reported,False,"Faulkner A, Reidy M, Scicluna G, Love GJ, Joss J. Blood tests: One too many? Evaluating blood requesting guidance developed for acute patients admitted to trauma and orthopaedic units. Injury. 2016;47(3):685-690. doi:10.1016/j.injury.2015.11.041. PMID: 26696248.",
1407,orthopaedic,Orthopaedics – Spine,,Improving spinal trauma management in non-specialist centres.,,,,"published, pending extraction",https://pmc.ncbi.nlm.nih.gov/articles/PMC4652708/,,not reported,False,,,,,,,,,,,,Magnussen A; Galloway K; Dinneen A,BMJ quality improvement reports,2013,10.1136/bmjquality.u201093.w810,26734178,PMC4652708,cc by-nc,True,"Magnussen A, Galloway K, Dinneen A. Improving spinal trauma management in non-specialist centres. BMJ Qual Improv Rep. 2013;2(1):u201093.w810. doi:10.1136/bmjquality.u201093.w810. PMID: 26734178.",
1408,orthopaedic,Orthopaedics – Theatre and perioperative,,Using a proforma to improve standards of documentation of an orthopaedic post-take ward round.,,,,"published, pending extraction",https://pmc.ncbi.nlm.nih.gov/articles/PMC4652710/,,not reported,False,,,,,,,,,,,,Duxbury O; Hili S; Afolayan J,BMJ quality improvement reports,2013,10.1136/bmjquality.u200902.w699,26734180,PMC4652710,cc by-nc,True,"Duxbury O, Hili S, Afolayan J. Using a proforma to improve standards of documentation of an orthopaedic post-take ward round. BMJ Qual Improv Rep. 2013;2(1):u200902.w699. doi:10.1136/bmjquality.u200902.w699. PMID: 26734180.",
1409,orthopaedic,Orthopaedics – Theatre and perioperative,,Medical rota changes and venous thromboembolism prophylaxis in orthopaedic patients.,,,,"published, pending extraction",https://pmc.ncbi.nlm.nih.gov/articles/PMC4645802/,,UK,True,,,,,,,,,,,,Bohler I; George Mackenzie Jardine A,BMJ quality improvement reports,2014,10.1136/bmjquality.u206652.w2672,26734265,PMC4645802,cc by-nc,True,"Bohler I, George Mackenzie Jardine A. Medical rota changes and venous thromboembolism prophylaxis in orthopaedic patients. BMJ Qual Improv Rep. 2014;3(1):u206652.w2672. doi:10.1136/bmjquality.u206652.w2672. PMID: 26734265.",
1410,orthopaedic,Orthopaedics – Theatre and perioperative,,Continuity of care for orthopaedic patients in a district general hospital.,,,,"published, pending extraction",https://pmc.ncbi.nlm.nih.gov/articles/PMC4645909/,,not reported,False,,,,,,,,,,,,Kulloo P,BMJ quality improvement reports,2014,10.1136/bmjquality.u203324.w1511,26734297,PMC4645909,cc by-nc,True,Kulloo P. Continuity of care for orthopaedic patients in a district general hospital. BMJ Qual Improv Rep. 2014;3(1):u203324.w1511. doi:10.1136/bmjquality.u203324.w1511. PMID: 26734297.,
1411,orthopaedic,Orthopaedics – Hip fracture,,Improving inpatient care with the introduction of a hip fracture pathway.,,,,"published, pending extraction",https://pmc.ncbi.nlm.nih.gov/articles/PMC4645882/,,UK,True,,,,,,,,,,,,Chamberlain M; Pugh H,BMJ quality improvement reports,2015,10.1136/bmjquality.u204075.w2786,26734354,PMC4645882,cc by-nc,True,"Chamberlain M, Pugh H. Improving inpatient care with the introduction of a hip fracture pathway. BMJ Qual Improv Rep. 2015;4(1):u204075.w2786. doi:10.1136/bmjquality.u204075.w2786. PMID: 26734354.",
1412,orthopaedic,Orthopaedics – Trauma,,Improving the availability of intra-operative images created during trauma operations - a multidisciplinary team collaboration.,,,,"published, pending extraction",https://pmc.ncbi.nlm.nih.gov/articles/PMC4693042/,,not reported,False,,,,,,,,,,,,Hayes T; Harrison E,BMJ quality improvement reports,2015,10.1136/bmjquality.u208243.w3274,26734392,PMC4693042,cc by-nc,True,"Hayes T, Harrison E. Improving the availability of intra-operative images created during trauma operations - a multidisciplinary team collaboration. BMJ Qual Improv Rep. 2015;4(1):u208243.w3274. doi:10.1136/bmjquality.u208243.w3274. PMID: 26734392.",
1413,orthopaedic,Orthopaedics – Theatre and perioperative,,Improving handover of acute orthopaedic admissions.,,,,"published, pending extraction",https://pmc.ncbi.nlm.nih.gov/articles/PMC4693070/,,UK,True,,,,,,,,,,,,Karayiannis P; Warnock J,BMJ quality improvement reports,2015,10.1136/bmjquality.u209209.w3901,26734416,PMC4693070,cc by-nc,True,"Karayiannis P, Warnock J. Improving handover of acute orthopaedic admissions. BMJ Qual Improv Rep. 2015;4(1):u209209.w3901. doi:10.1136/bmjquality.u209209.w3901. PMID: 26734416.",
1414,orthopaedic,Orthopaedics – Arthroplasty,,Postoperative analgesia for Enhanced recovery in Joint replacement: Audit of a new electronic prescribing order set.,,,,"published, pending extraction",https://pmc.ncbi.nlm.nih.gov/articles/PMC4693086/,,not reported,True,,,,,,,,,,,,Wright J; Cullinger B; Bacarese-Hamilton I,BMJ quality improvement reports,2015,10.1136/bmjquality.u209187.w3753,26734429,PMC4693086,cc by-nc,True,"Wright J, Cullinger B, Bacarese-Hamilton I. Postoperative analgesia for Enhanced recovery in Joint replacement: Audit of a new electronic prescribing order set. BMJ Qual Improv Rep. 2015;4(1):u209187.w3753. doi:10.1136/bmjquality.u209187.w3753. PMID: 26734429.",
1415,orthopaedic,Orthopaedics – Trauma,,Are patients with newly diagnosed breast cancer getting appropriate DEXA scans? A District General Hospital experience.,,,,"published, pending extraction",https://pmc.ncbi.nlm.nih.gov/articles/PMC4693105/,,UK,True,,,,,,,,,,,,Dong H; Dayananda P; Preece SA; Carmichael A,BMJ quality improvement reports,2015,10.1136/bmjquality.u209414.w3856,26734446,PMC4693105,cc by-nc,True,"Dong H, Dayananda P, Preece SA, Carmichael A. Are patients with newly diagnosed breast cancer getting appropriate DEXA scans? A District General Hospital experience. BMJ Qual Improv Rep. 2015;4(1):u209414.w3856. doi:10.1136/bmjquality.u209414.w3856. PMID: 26734446.",
1416,orthopaedic,Orthopaedics – Foot and ankle,,Audit of foot and ankle surgeons' management of acute peroneal tendon tears and review of management protocols.,,,,"published, pending extraction",https://pubmed.ncbi.nlm.nih.gov/26794007/,,UK,True,,,,,,,,,,,,Grice J; Watura C; Elliot R,"Foot (Edinburgh, Scotland)",2016,10.1016/j.foot.2015.11.002,26794007,,not reported,False,"Grice J, Watura C, Elliot R. Audit of foot and ankle surgeons' management of acute peroneal tendon tears and review of management protocols. Foot (Edinb). 2016;26:1-3. doi:10.1016/j.foot.2015.11.002. PMID: 26794007.",
1417,orthopaedic,Orthopaedics – Trauma,,Audit of Atypical Femoral Fractures and a Description of Some of Their Features.,,,,"published, pending extraction",https://pubmed.ncbi.nlm.nih.gov/26800621/,,Canada,False,,,,,,,,,,,,Lian K; Trollip J; Sandhu S; Moosavi M; Gill A; Kendler D; Dian L; Lentle B,Canadian Association of Radiologists journal = Journal l'Association canadienne des radiologistes,2016,10.1016/j.carj.2015.09.014,26800621,,not reported,False,"Lian K, Trollip J, Sandhu S, Moosavi M, Gill A, Kendler D, et al.. Audit of Atypical Femoral Fractures and a Description of Some of Their Features. Can Assoc Radiol J. 2016;67(1):69-75. doi:10.1016/j.carj.2015.09.014. PMID: 26800621.",
1418,orthopaedic,Orthopaedics – Foot and ankle,,Extracorporeal shockwave therapy (ESWT) for refractory Achilles tendinopathy: A prospective audit with 2-year follow up.,,,,"published, pending extraction",https://pubmed.ncbi.nlm.nih.gov/26802946/,,UK,True,,,,,,,,,,,,Taylor J; Dunkerley S; Silver D; Redfern A; Talbot N; Sharpe I; Guyver P,"Foot (Edinburgh, Scotland)",2016,10.1016/j.foot.2015.08.007,26802946,,not reported,False,"Taylor J, Dunkerley S, Silver D, Redfern A, Talbot N, Sharpe I, et al.. Extracorporeal shockwave therapy (ESWT) for refractory Achilles tendinopathy: A prospective audit with 2-year follow up. Foot (Edinb). 2016;26:23-29. doi:10.1016/j.foot.2015.08.007. PMID: 26802946.",
1419,orthopaedic,Orthopaedics – Hip fracture,,Provision of total hip replacement for displaced intracapsular hip fracture and the outcomes: audit of local practice based on NICE guidelines.,,,,"published, pending extraction",https://pubmed.ncbi.nlm.nih.gov/26868116/,,UK,True,,,,,,,,,,,,Walker LC; Lee LH; Webb M; Walmsley J; O'Brien S; Krishnan KM; Nanu AM,Hip international : the journal of clinical and experimental research on hip pathology and therapy,2016,10.5301/hipint.5000326,26868116,,not reported,False,"Walker LC, Lee LH, Webb M, Walmsley J, O'Brien S, Krishnan KM, et al.. Provision of total hip replacement for displaced intracapsular hip fracture and the outcomes: audit of local practice based on NICE guidelines. Hip Int. 2016;26(2):153-157. doi:10.5301/hipint.5000326. PMID: 26868116.",
1420,orthopaedic,Orthopaedics – Foot and ankle,,Calcaneal fractures: An audit of radiological outcome.,,,,"published, pending extraction",https://pubmed.ncbi.nlm.nih.gov/26878514/,,Pakistan,False,,,,,,,,,,,,Ahmad T; Muhammad ZA; HumayunMatin B; Malik AT; Quadri TA,JPMA. The Journal of the Pakistan Medical Association,2015,,26878514,,not reported,False,"Ahmad T, Muhammad ZA, HumayunMatin B, Malik AT, Quadri TA. Calcaneal fractures: An audit of radiological outcome. J Pak Med Assoc. 2015;65(11 Suppl 3):S171-4. PMID: 26878514.",
1421,orthopaedic,Orthopaedics – Theatre and perioperative,,An audit of consent for allograft use in elective orthopaedic surgery.,,,,"published, pending extraction",https://pmc.ncbi.nlm.nih.gov/articles/PMC5226023/,,UK,True,,,,,,,,,,,,Mullan CJ; Pagoti R; Davison H; McAlinden MG,Annals of the Royal College of Surgeons of England,2016,10.1308/rcsann.2016.0070,26924483,PMC5226023,not reported,False,"Mullan CJ, Pagoti R, Davison H, McAlinden MG. An audit of consent for allograft use in elective orthopaedic surgery. Ann R Coll Surg Engl. 2016;98(4):254-257. doi:10.1308/rcsann.2016.0070. PMID: 26924483.",
1422,orthopaedic,Orthopaedics – Hip fracture,,"Secondary analysis of outcomes after 11,085 hip fracture operations from the prospective UK Anaesthesia Sprint Audit of Practice (ASAP-2).",,,,"published, pending extraction",https://pubmed.ncbi.nlm.nih.gov/26940645/,,Ireland,True,,,,,,,,,,,,White SM; Moppett IK; Griffiths R; Johansen A; Wakeman R; Boulton C; Plant F; Williams A; Pappenheim K; Majeed A; Currie CT; Grocott MP,Anaesthesia,2016,10.1111/anae.13415,26940645,,not reported,False,"White SM, Moppett IK, Griffiths R, Johansen A, Wakeman R, Boulton C, et al.. Secondary analysis of outcomes after 11,085 hip fracture operations from the prospective UK Anaesthesia Sprint Audit of Practice (ASAP-2). Anaesthesia. 2016;71(5):506-514. doi:10.1111/anae.13415. PMID: 26940645.",
1423,orthopaedic,Orthopaedics – Foot and ankle,,Clinical audit of ankle fracture management in the elderly.,,,,"published, pending extraction",https://pmc.ncbi.nlm.nih.gov/articles/PMC4777982/,,UK,True,,,,,,,,,,,,Kurar L,Annals of medicine and surgery (2012),2016,10.1016/j.amsu.2015.12.061,26981239,PMC4777982,cc by-nc-nd,True,Kurar L. Clinical audit of ankle fracture management in the elderly. Ann Med Surg (Lond). 2016;6:96-101. doi:10.1016/j.amsu.2015.12.061. PMID: 26981239.,
1424,orthopaedic,Orthopaedics – Spine,,An audit of demographics and rehabilitation outcomes in non-traumatic spinal cord injury.,,,,"published, pending extraction",https://pubmed.ncbi.nlm.nih.gov/27001132/,,UK,True,,,,,,,,,,,,Kennedy P; Hasson L,Spinal cord,2016,10.1038/sc.2016.12,27001132,,not reported,False,"Kennedy P, Hasson L. An audit of demographics and rehabilitation outcomes in non-traumatic spinal cord injury. Spinal Cord. 2016;54(11):1020-1024. doi:10.1038/sc.2016.12. PMID: 27001132.",
1425,orthopaedic,Orthopaedics – Theatre and perioperative,,Discontinuation of peri-operative gentamicin use for indwelling urinary catheter manipulation in orthopaedic surgery.,,,,"published, pending extraction",https://pubmed.ncbi.nlm.nih.gov/27255575/,,UK,True,,,,,,,,,,,,Bond SE; Boutlis CS; Jansen SG; Miyakis S,ANZ journal of surgery,2017,10.1111/ans.13642,27255575,,not reported,False,"Bond SE, Boutlis CS, Jansen SG, Miyakis S. Discontinuation of peri-operative gentamicin use for indwelling urinary catheter manipulation in orthopaedic surgery. ANZ J Surg. 2017;87(11):E199-E203. doi:10.1111/ans.13642. PMID: 27255575.",
1426,orthopaedic,Orthopaedics – Spine,,Imaging studies in patients with spinal pain:   Practice audit evaluation of Choosing Wisely Canada recommendations.,,,,"published, pending extraction",https://pmc.ncbi.nlm.nih.gov/articles/PMC4984587/,,not reported,False,,,,,,,,,,,,Ferrari R,Canadian family physician Medecin de famille canadien,2016,,27427564,PMC4984587,not reported,False,Ferrari R. Imaging studies in patients with spinal pain:   Practice audit evaluation of Choosing Wisely Canada recommendations. Can Fam Physician. 2016;62(3):e129-37. PMID: 27427564.,
1427,orthopaedic,Orthopaedics – Hip fracture,,Reducing mortality from hip fractures: a systematic quality improvement programme.,,,,"published, pending extraction",https://pmc.ncbi.nlm.nih.gov/articles/PMC4949608/,,UK,True,,,,,,,,,,,,Lisk R; Yeong K,BMJ quality improvement reports,2014,10.1136/bmjquality.u205006.w2103,27493729,PMC4949608,cc by-nc,True,"Lisk R, Yeong K. Reducing mortality from hip fractures: a systematic quality improvement programme. BMJ Qual Improv Rep. 2014;3(1):u205006.w2103. doi:10.1136/bmjquality.u205006.w2103. PMID: 27493729.",
1428,orthopaedic,Orthopaedics – Trauma,,Cambridge Polytrauma Pathway: Are we making appropriately guided decisions?,,,,"published, pending extraction",https://pubmed.ncbi.nlm.nih.gov/27496722/,,UK,True,,,,,,,,,,,,Wynell-Mayow W; Guevel B; Quansah B; O'Leary R; Carrothers AD,Injury,2016,10.1016/j.injury.2016.05.046,27496722,,not reported,False,"Wynell-Mayow W, Guevel B, Quansah B, O'Leary R, Carrothers AD. Cambridge Polytrauma Pathway: Are we making appropriately guided decisions?. Injury. 2016;47(10):2117-2121. doi:10.1016/j.injury.2016.05.046. PMID: 27496722.",
1429,orthopaedic,Orthopaedics – Arthroplasty,,A clinical audit of the utilisation of red cell products in elective total hip replacement surgery.,,,,"published, pending extraction",https://pubmed.ncbi.nlm.nih.gov/27499414/,,South Africa,False,,,,,,,,,,,,Peters YG; Bird A; Bellairs GR; Davison GM,South African medical journal = Suid-Afrikaanse tydskrif vir geneeskunde,2016,10.7196/samj.2016.v106i8.10566,27499414,,not reported,False,"Peters YG, Bird A, Bellairs GR, Davison GM. A clinical audit of the utilisation of red cell products in elective total hip replacement surgery. S Afr Med J. 2016;106(8):824-828. doi:10.7196/samj.2016.v106i8.10566. PMID: 27499414.",
1430,orthopaedic,Orthopaedics – Hip fracture,,Audit shows better treatment for patients with hip fracture.,,,,"published, pending extraction",https://pubmed.ncbi.nlm.nih.gov/27645269/,,not reported,False,,,,,,,,,,,,,Emergency nurse : the journal of the RCN Accident and Emergency Nursing Association,2010,10.7748/en.18.6.5.s4,27645269,,not reported,False,. Audit shows better treatment for patients with hip fracture. Emerg Nurse. 2010;18(6):5. doi:10.7748/en.18.6.5.s4. PMID: 27645269.,
1431,orthopaedic,Orthopaedics – Trauma,,Virtual fracture clinic delivers British Orthopaedic Association compliance.,,,,"published, pending extraction",https://pmc.ncbi.nlm.nih.gov/articles/PMC5392792/,,UK,True,,,,,,,,,,,,Holgate J; Kirmani S; Anand B,Annals of the Royal College of Surgeons of England,2017,10.1308/rcsann.2016.0255,27652791,PMC5392792,not reported,False,"Holgate J, Kirmani S, Anand B. Virtual fracture clinic delivers British Orthopaedic Association compliance. Ann R Coll Surg Engl. 2017;99(1):51-54. doi:10.1308/rcsann.2016.0255. PMID: 27652791.",
1432,orthopaedic,Orthopaedics – Knee,,Reducing time to surgery after anterior cruciate ligament injury.,,,,"published, pending extraction",https://pubmed.ncbi.nlm.nih.gov/27655773/,,UK,True,,,,,,,,,,,,Sapsford H; Sutherland AG,Scottish medical journal,2016,10.1177/0036933015608365,27655773,,not reported,False,"Sapsford H, Sutherland AG. Reducing time to surgery after anterior cruciate ligament injury. Scott Med J. 2016;61(2):84-87. doi:10.1177/0036933015608365. PMID: 27655773.",
1433,orthopaedic,Orthopaedics – Arthroplasty,,Postoperative pain relief and functional outcome following total knee arthroplasty - a prospective comparative audit of three analgesic regimes.,,,,"published, pending extraction",https://pubmed.ncbi.nlm.nih.gov/27682287/,,not reported,False,,,,,,,,,,,,Rajeev A; Tumia N; Karn K; Kashyap S; Mayne D,Acta orthopaedica Belgica,2016,,27682287,,not reported,False,"Rajeev A, Tumia N, Karn K, Kashyap S, Mayne D. Postoperative pain relief and functional outcome following total knee arthroplasty - a prospective comparative audit of three analgesic regimes. Acta Orthop Belg. 2016;82(2):265-270. PMID: 27682287.",
1434,orthopaedic,Orthopaedics – Arthroplasty,,Lower red cell transfusion rates with use of tranexamic acid in single-stage bilateral total knee arthroplasty: A retrospective audit.,,,,"published, pending extraction",https://pubmed.ncbi.nlm.nih.gov/27895370/,,Pakistan,False,,,,,,,,,,,,Aziz M; Mahmood SB; Lakdawala RH; Ahmad T,JPMA. The Journal of the Pakistan Medical Association,2016,,27895370,,not reported,False,"Aziz M, Mahmood SB, Lakdawala RH, Ahmad T. Lower red cell transfusion rates with use of tranexamic acid in single-stage bilateral total knee arthroplasty: A retrospective audit. J Pak Med Assoc. 2016;66(Suppl 3)(10):S102-S105. PMID: 27895370.",
1435,orthopaedic,Orthopaedics – Hip fracture,,Audit of geriatric hip fracture care - a Slovenian trauma center analysis.,,,,"published, pending extraction",https://pubmed.ncbi.nlm.nih.gov/27896467/,,UK,True,,,,,,,,,,,,Krušič D; Brilej D; Currie C; Komadina R,Wiener klinische Wochenschrift,2016,10.1007/s00508-016-1137-z,27896467,,not reported,False,"Krušič D, Brilej D, Currie C, Komadina R. Audit of geriatric hip fracture care - a Slovenian trauma center analysis. Wien Klin Wochenschr. 2016;128(Suppl 7):527-534. doi:10.1007/s00508-016-1137-z. PMID: 27896467.",
1436,orthopaedic,Orthopaedics – Arthroplasty,,Resurfacing hip replacement - An audit of activity in the United Kingdom 2002-2003.,,,,"published, pending extraction",https://pubmed.ncbi.nlm.nih.gov/28247386/,,UK,True,,,,,,,,,,,,White SP; Beard DJ; Smith EJ,Hip international : the journal of clinical and experimental research on hip pathology and therapy,2004,10.1177/112070000401400303,28247386,,not reported,False,"White SP, Beard DJ, Smith EJ. Resurfacing hip replacement - An audit of activity in the United Kingdom 2002-2003. Hip Int. 2004;14(3):163-168. doi:10.1177/112070000401400303. PMID: 28247386.",
1437,orthopaedic,Orthopaedics – Trauma,,"Trauma unit attendance: Is there a relationship with weather, sporting events and week/ month-end times? An audit at an urban tertiary trauma unit in Cape Town.",,,,"published, pending extraction",https://pubmed.ncbi.nlm.nih.gov/28272852/,,not reported,False,,,,,,,,,,,,Milford KL; Navsaria PH; Nicol AJ; Edu S,South African journal of surgery. Suid-Afrikaanse tydskrif vir chirurgie,2016,,28272852,,not reported,False,"Milford KL, Navsaria PH, Nicol AJ, Edu S. Trauma unit attendance: Is there a relationship with weather, sporting events and week/ month-end times? An audit at an urban tertiary trauma unit in Cape Town. S Afr J Surg. 2016;54(4):22-27. PMID: 28272852.",
1438,orthopaedic,Orthopaedics – Hip fracture,,Change the habit to change the practice: Do audits really ever change anything?,,,,"published, pending extraction",https://pubmed.ncbi.nlm.nih.gov/28442206/,,UK,True,,,,,,,,,,,,Bodansky D; Oskrochi Y; Judah G; Lewis M; Fischer B; Narayan B,Injury,2017,10.1016/j.injury.2017.04.036,28442206,,not reported,False,"Bodansky D, Oskrochi Y, Judah G, Lewis M, Fischer B, Narayan B. Change the habit to change the practice: Do audits really ever change anything?. Injury. 2017;48(9):1999-2002. doi:10.1016/j.injury.2017.04.036. PMID: 28442206.",
1439,orthopaedic,Orthopaedics – Knee,,An Audit to Evaluate the Image Quality of Magnetic Resonance of Knee at Radiology Department of a Tertiary Care Hospital.,,,,"published, pending extraction",https://pubmed.ncbi.nlm.nih.gov/28492155/,,not reported,False,,,,,,,,,,,,Mansoor A; Ramzan A; Chaudhary AN,Journal of the College of Physicians and Surgeons--Pakistan : JCPSP,2017,2598,28492155,,not reported,False,"Mansoor A, Ramzan A, Chaudhary AN. An Audit to Evaluate the Image Quality of Magnetic Resonance of Knee at Radiology Department of a Tertiary Care Hospital. J Coll Physicians Surg Pak. 2017;27(4):246-249. doi:2598. PMID: 28492155.",
1440,orthopaedic,Orthopaedics – Hip fracture,,The Introduction of a Multidisciplinary Hip Fracture Pathway to Optimise Patient Care and Reduce Mortality: A Prospective Audit of 161 Patients.,,,,"published, pending extraction",https://pmc.ncbi.nlm.nih.gov/articles/PMC5420169/,,UK,True,,,,,,,,,,,,Shenouda M; Silk Z; Radha S; Bouanem E; Radford W,The open orthopaedics journal,2017,10.2174/1874325001711010309,28567160,PMC5420169,cc by,True,"Shenouda M, Silk Z, Radha S, Bouanem E, Radford W. The Introduction of a Multidisciplinary Hip Fracture Pathway to Optimise Patient Care and Reduce Mortality: A Prospective Audit of 161 Patients. Open Orthop J. 2017;11:309-315. doi:10.2174/1874325001711010309. PMID: 28567160.",figures/PMC5420169/TOORTHJ-11-309_F1.jpg | figures/PMC5420169/TOORTHJ-11-309_F2.jpg
1441,orthopaedic,Orthopaedics – Hip fracture,,Improving time to surgery for hip fracture patients. Impact of the introduction of an emergency theatre.,,,,"published, pending extraction",https://pubmed.ncbi.nlm.nih.gov/28657275/,,Ireland,True,,,,,,,,,,,,Ffrench-O'Carroll R; McDonagh F; Flood G,Irish medical journal,2017,,28657275,,not reported,False,"Ffrench-O'Carroll R, McDonagh F, Flood G. Improving time to surgery for hip fracture patients. Impact of the introduction of an emergency theatre. Ir Med J. 2017;110(1):498. PMID: 28657275.",
1442,orthopaedic,Orthopaedics – Trauma,,A representative assessment of the management of open fractures of the lower limb within UK orthoplastic centres: A two-centre audit of compliance with national standards.,,,,"published, pending extraction",https://pubmed.ncbi.nlm.nih.gov/28729006/,,UK,True,,,,,,,,,,,,Rymer B; Dimovska EOF; Chou DTS; Choa R; Davis B; Huq S,Injury,2017,10.1016/j.injury.2017.07.012,28729006,,not reported,False,"Rymer B, Dimovska EOF, Chou DTS, Choa R, Davis B, Huq S. A representative assessment of the management of open fractures of the lower limb within UK orthoplastic centres: A two-centre audit of compliance with national standards. Injury. 2017;48(10):2266-2269. doi:10.1016/j.injury.2017.07.012. PMID: 28729006.",
1443,orthopaedic,Orthopaedics – Theatre and perioperative,,Upcoming strategies in obstetrics: how the technology of clinical audit may reduce cesarean birth.,,,,"published, pending extraction",https://pubmed.ncbi.nlm.nih.gov/29082725/,,Italy,False,,,,,,,,,,,,Paracchini S; Masturzo B; Tangolo D; Roletti E; Piazzese A; Attini R; Rolfo A; Todros T,Minerva ginecologica,2017,10.23736/s0026-4784.17.04035-7,29082725,,not reported,False,"Paracchini S, Masturzo B, Tangolo D, Roletti E, Piazzese A, Attini R, et al.. Upcoming strategies in obstetrics: how the technology of clinical audit may reduce cesarean birth. Minerva Ginecol. 2017;69(6):548-554. doi:10.23736/s0026-4784.17.04035-7. PMID: 29082725.",
1444,orthopaedic,Orthopaedics – Hip fracture,,The changing case-mix of hip fractures in Scotland - evidence from the Scottish Hip Fracture Audit.,,,,"published, pending extraction",https://pubmed.ncbi.nlm.nih.gov/29169299/,,UK,True,,,,,,,,,,,,Hannah SD; Ferguson KB; Smith R; Hutchison J; Holt G,Scottish medical journal,2017,10.1177/0036933017741057,29169299,,not reported,False,"Hannah SD, Ferguson KB, Smith R, Hutchison J, Holt G. The changing case-mix of hip fractures in Scotland - evidence from the Scottish Hip Fracture Audit. Scott Med J. 2017;62(4):142-146. doi:10.1177/0036933017741057. PMID: 29169299.",
1445,orthopaedic,Orthopaedics – Trauma,,The impact of age on major orthopaedic trauma: an analysis of the United Kingdom Trauma Audit Research Network database.,,,,"published, pending extraction",https://pubmed.ncbi.nlm.nih.gov/29212692/,,UK,True,,,,,,,,,,,,Herron J; Hutchinson R; Lecky F; Bouamra O; Edwards A; Woodford M; Eardley WGP,The bone & joint journal,2017,10.1302/0301-620x.99b12.bjj-2016-1140.r2,29212692,,not reported,False,"Herron J, Hutchinson R, Lecky F, Bouamra O, Edwards A, Woodford M, et al.. The impact of age on major orthopaedic trauma: an analysis of the United Kingdom Trauma Audit Research Network database. Bone Joint J. 2017;99-B(12):1677-1680. doi:10.1302/0301-620x.99b12.bjj-2016-1140.r2. PMID: 29212692.",
1446,orthopaedic,Orthopaedics – Trauma,,An audit of clinical training exposure amongst junior doctors working in Trauma &amp; Orthopaedic Surgery in 101 hospitals in the United Kingdom.,,,,"published, pending extraction",https://pmc.ncbi.nlm.nih.gov/articles/PMC5749005/,,UK,True,,,,,,,,,,,,BOTA Collaborators; Rashid MS,BMC medical education,2018,10.1186/s12909-017-1038-5,29291730,PMC5749005,cc by,True,"BOTA Collaborators, Rashid MS. An audit of clinical training exposure amongst junior doctors working in Trauma &amp; Orthopaedic Surgery in 101 hospitals in the United Kingdom. BMC Med Educ. 2018;18(1):1. doi:10.1186/s12909-017-1038-5. PMID: 29291730.",figures/PMC5749005/12909_2017_1038_Fig1_HTML.jpg | figures/PMC5749005/12909_2017_1038_Fig2_HTML.jpg | figures/PMC5749005/12909_2017_1038_Fig3_HTML.jpg | figures/PMC5749005/12909_2017_1038_Fig4_HTML.jpg | figures/PMC5749005/12909_2017_1038_Fig5_HTML.jpg | figures/PMC5749005/12909_2017_1038_Fig6_HTML.jpg
1447,orthopaedic,Orthopaedics – Trauma,,Improving Management of Paediatric Buckle Fracture in Orthopaedic Outpatients: A Completed Audit Loop.,,,,"published, pending extraction",https://pmc.ncbi.nlm.nih.gov/articles/PMC5757849/,,Ireland,True,,,,,,,,,,,,Baig MN; Egan C,Cureus,2017,10.7759/cureus.1829,29326858,PMC5757849,cc by,True,"Baig MN, Egan C. Improving Management of Paediatric Buckle Fracture in Orthopaedic Outpatients: A Completed Audit Loop. Cureus. 2017;9(11):e1829. doi:10.7759/cureus.1829. PMID: 29326858.",figures/PMC5757849/cureus-0009-00000001829-i01.jpg | figures/PMC5757849/cureus-0009-00000001829-i02.jpg | figures/PMC5757849/cureus-0009-00000001829-i03.jpg | figures/PMC5757849/cureus-0009-00000001829-i04.jpg
1448,orthopaedic,Orthopaedics – Theatre and perioperative,,Implementation and impact of an audit and feedback antimicrobial stewardship intervention in the orthopaedics department of a tertiary-care hospital: a controlled interrupted time series study.,,,,"published, pending extraction",https://pubmed.ncbi.nlm.nih.gov/29339298/,,France,False,,,,,,,,,,,,Tavares M; Carvalho AC; Almeida JP; Andrade P; São-Simão R; Soares P; Alves C; Pinto R; Fontanet A; Watier L,International journal of antimicrobial agents,2018,10.1016/j.ijantimicag.2018.01.005,29339298,,not reported,False,"Tavares M, Carvalho AC, Almeida JP, Andrade P, São-Simão R, Soares P, et al.. Implementation and impact of an audit and feedback antimicrobial stewardship intervention in the orthopaedics department of a tertiary-care hospital: a controlled interrupted time series study. Int J Antimicrob Agents. 2018;51(6):925-931. doi:10.1016/j.ijantimicag.2018.01.005. PMID: 29339298.",
1449,orthopaedic,Orthopaedics – Shoulder and elbow,,A service evaluation and improvement project: a three year systematic audit cycle of the physiotherapy treatment for Lateral Epicondylalgia.,,,,"published, pending extraction",https://pubmed.ncbi.nlm.nih.gov/29366541/,,UK,True,,,,,,,,,,,,Barratt PA; Selfe J,Physiotherapy,2018,10.1016/j.physio.2017.09.001,29366541,,not reported,False,"Barratt PA, Selfe J. A service evaluation and improvement project: a three year systematic audit cycle of the physiotherapy treatment for Lateral Epicondylalgia. Physiotherapy. 2018;104(2):209-216. doi:10.1016/j.physio.2017.09.001. PMID: 29366541.",
1450,orthopaedic,Orthopaedics – Trauma,,An Orthopaedic Fracture Clinic Service Audit: A Complete Loop.,,,,"published, pending extraction",https://pmc.ncbi.nlm.nih.gov/articles/PMC5788396/,,Ireland,True,,,,,,,,,,,,Baig MN; Ni Bhroin O; Auckloo R; Mac Dhaibheid C; Baig U; Byrne F,Cureus,2017,10.7759/cureus.1890,29392102,PMC5788396,cc by,True,"Baig MN, Ni Bhroin O, Auckloo R, Mac Dhaibheid C, Baig U, Byrne F. An Orthopaedic Fracture Clinic Service Audit: A Complete Loop. Cureus. 2017;9(11):e1890. doi:10.7759/cureus.1890. PMID: 29392102.",figures/PMC5788396/cureus-0009-00000001890-i01.jpg | figures/PMC5788396/cureus-0009-00000001890-i02.jpg
1451,orthopaedic,Orthopaedics – Theatre and perioperative,,Customizable pre-printed consent forms: a solution in light of the Montgomery ruling.,,,,"published, pending extraction",https://pubmed.ncbi.nlm.nih.gov/29431491/,,not reported,False,,,,,,,,,,,,Owen D; Aresti N; Mulligan A; Kosuge D,"British journal of hospital medicine (London, England : 2005)",2018,10.12968/hmed.2018.79.2.97,29431491,,not reported,False,"Owen D, Aresti N, Mulligan A, Kosuge D. Customizable pre-printed consent forms: a solution in light of the Montgomery ruling. Br J Hosp Med (Lond). 2018;79(2):97-101. doi:10.12968/hmed.2018.79.2.97. PMID: 29431491.",
1452,orthopaedic,Orthopaedics – Spine,,Introduction of clerking pro forma for surgical spinal patients at the Royal National Orthopaedic Hospital NHS Trust (London): an audit cycle.,,,,"published, pending extraction",https://pubmed.ncbi.nlm.nih.gov/29540450/,,UK,True,,,,,,,,,,,,Pace V; Farooqi O; Kennedy J; Park C; Cowan J,Postgraduate medical journal,2018,10.1136/postgradmedj-2017-135498,29540450,,not reported,False,"Pace V, Farooqi O, Kennedy J, Park C, Cowan J. Introduction of clerking pro forma for surgical spinal patients at the Royal National Orthopaedic Hospital NHS Trust (London): an audit cycle. Postgrad Med J. 2018;94(1111):305-307. doi:10.1136/postgradmedj-2017-135498. PMID: 29540450.",
1453,orthopaedic,Orthopaedics – Hip fracture,,Developing and Testing an International Audit of Nursing Quality Indicators for Older Adults With Fragility Hip Fracture.,,,,"published, pending extraction",https://pubmed.ncbi.nlm.nih.gov/29570545/,,not reported,False,,,,,,,,,,,,,Orthopedic nursing,2018,10.1097/nor.0000000000000439,29570545,,not reported,False,. Developing and Testing an International Audit of Nursing Quality Indicators for Older Adults With Fragility Hip Fracture. Orthop Nurs. 2018;37(2):122-123. doi:10.1097/nor.0000000000000439. PMID: 29570545.,
1454,orthopaedic,Orthopaedics – Hip fracture,,Improving consent in patients undergoing surgery for fractured neck of femur.,,,,"published, pending extraction",https://pubmed.ncbi.nlm.nih.gov/29727232/,,UK,True,,,,,,,,,,,,Thiruchandran G; McKean AR; Rudran B; Imam MA; Yeong K; Hassan A,"British journal of hospital medicine (London, England : 2005)",2018,10.12968/hmed.2018.79.5.284,29727232,,not reported,False,"Thiruchandran G, McKean AR, Rudran B, Imam MA, Yeong K, Hassan A. Improving consent in patients undergoing surgery for fractured neck of femur. Br J Hosp Med (Lond). 2018;79(5):284-287. doi:10.12968/hmed.2018.79.5.284. PMID: 29727232.",
1455,orthopaedic,Orthopaedics – Trauma,,Prevention of Glucocorticoid-Induced Osteoporosis: Clinical audit to evaluate the implementation of National Osteoporosis Guideline Group 2017 guidelines in a primary care setting.,,,,"published, pending extraction",https://pubmed.ncbi.nlm.nih.gov/29729949/,,UK,True,,,,,,,,,,,,Carter M,Journal of clinical densitometry : the official journal of the International Society for Clinical Densitometry,2019,10.1016/j.jocd.2018.03.009,29729949,,not reported,False,Carter M. Prevention of Glucocorticoid-Induced Osteoporosis: Clinical audit to evaluate the implementation of National Osteoporosis Guideline Group 2017 guidelines in a primary care setting. J Clin Densitom. 2019;22(1):25-30. doi:10.1016/j.jocd.2018.03.009. PMID: 29729949.,
1456,orthopaedic,Orthopaedics – Paediatric,,Supracondylar Humeral Fractures: An Audit of the Frequency of Bi-columnar Fixation and Intra-articular Wire Placement.,,,,"published, pending extraction",https://pmc.ncbi.nlm.nih.gov/articles/PMC5947985/,,not reported,True,,,,,,,,,,,,Ker A; Murnaghan C; Huntley JS,Cureus,2018,10.7759/cureus.2318,29755914,PMC5947985,cc by,True,"Ker A, Murnaghan C, Huntley JS. Supracondylar Humeral Fractures: An Audit of the Frequency of Bi-columnar Fixation and Intra-articular Wire Placement. Cureus. 2018;10(3):e2318. doi:10.7759/cureus.2318. PMID: 29755914.",figures/PMC5947985/cureus-0010-00000002318-i01.jpg | figures/PMC5947985/cureus-0010-00000002318-i02.jpg | figures/PMC5947985/cureus-0010-00000002318-i03.jpg | figures/PMC5947985/cureus-0010-00000002318-i04.jpg
1457,orthopaedic,Orthopaedics – Theatre and perioperative,,Advanced practice physiotherapy-led triage in Irish orthopaedic and rheumatology services: national data audit.,,,,"published, pending extraction",https://pmc.ncbi.nlm.nih.gov/articles/PMC5984783/,,Ireland,True,,,,,,,,,,,,Fennelly O; Blake C; FitzGerald O; Breen R; Ashton J; Brennan A; Caffrey A; Desmeules F; Cunningham C,BMC musculoskeletal disorders,2018,10.1186/s12891-018-2106-7,29859072,PMC5984783,cc by,True,"Fennelly O, Blake C, FitzGerald O, Breen R, Ashton J, Brennan A, et al.. Advanced practice physiotherapy-led triage in Irish orthopaedic and rheumatology services: national data audit. BMC Musculoskelet Disord. 2018;19(1):181. doi:10.1186/s12891-018-2106-7. PMID: 29859072.",figures/PMC5984783/12891_2018_2106_Fig1_HTML.jpg
1458,orthopaedic,Orthopaedics – Foot and ankle,,"An audit of complications of fiberglass cast and hybrid cast for fractures of the foot, ankle and forearm in a Swedish emergency department.",,,,"published, pending extraction",https://pubmed.ncbi.nlm.nih.gov/29866427/,,not reported,False,,,,,,,,,,,,Ekwall A; Carlberg E; Palmberg G; Sloberg R,International journal of orthopaedic and trauma nursing,2018,10.1016/j.ijotn.2018.05.005,29866427,,not reported,False,"Ekwall A, Carlberg E, Palmberg G, Sloberg R. An audit of complications of fiberglass cast and hybrid cast for fractures of the foot, ankle and forearm in a Swedish emergency department. Int J Orthop Trauma Nurs. 2018;31:32-34. doi:10.1016/j.ijotn.2018.05.005. PMID: 29866427.",
1459,orthopaedic,Orthopaedics – Paediatric,,Medial comminution as a risk factor for the stability after lateral-only pin fixation for pediatric supracondylar humerus fracture: an audit.,,,,"published, pending extraction",https://pmc.ncbi.nlm.nih.gov/articles/PMC5995420/,,not reported,False,,,,,,,,,,,,Kwak YH; Kim JH; Kim YC; Park KB,Therapeutics and clinical risk management,2018,10.2147/tcrm.s165825,29922066,PMC5995420,cc by-nc,True,"Kwak YH, Kim JH, Kim YC, Park KB. Medial comminution as a risk factor for the stability after lateral-only pin fixation for pediatric supracondylar humerus fracture: an audit. Ther Clin Risk Manag. 2018;14:1061-1066. doi:10.2147/tcrm.s165825. PMID: 29922066.",
1460,orthopaedic,Orthopaedics – Trauma,,Making the weekend work: a local quality improvement project to establish and improve the quality of weekend handover.,,,,"published, pending extraction",https://pmc.ncbi.nlm.nih.gov/articles/PMC6069926/,,UK,True,,,,,,,,,,,,Heller RA; Hu L,BMJ open quality,2018,10.1136/bmjoq-2017-000215,30094343,PMC6069926,cc by-nc,True,"Heller RA, Hu L. Making the weekend work: a local quality improvement project to establish and improve the quality of weekend handover. BMJ Open Qual. 2018;7(3):e000215. doi:10.1136/bmjoq-2017-000215. PMID: 30094343.",
1461,orthopaedic,Orthopaedics – Hip fracture,,Hip fracture audit: Creating a 'critical mass of expertise and enthusiasm for hip fracture care'?,,,,"published, pending extraction",https://pubmed.ncbi.nlm.nih.gov/30135041/,,UK,True,,,,,,,,,,,,Currie C,Injury,2018,10.1016/j.injury.2018.06.025,30135041,,not reported,False,Currie C. Hip fracture audit: Creating a 'critical mass of expertise and enthusiasm for hip fracture care'?. Injury. 2018;49(8):1418-1423. doi:10.1016/j.injury.2018.06.025. PMID: 30135041.,
1462,orthopaedic,Orthopaedics – Shoulder and elbow,,Addressing Hand Hygiene Compliance in a Low-Resource Neonatal Intensive Care Unit: a Quality Improvement Project.,,,,"published, pending extraction",https://pubmed.ncbi.nlm.nih.gov/30189013/,,India,False,,,,,,,,,,,,Biswas A; Bhattacharya SD; Singh AK; Saha M,Journal of the Pediatric Infectious Diseases Society,2019,10.1093/jpids/piy076,30189013,,not reported,False,"Biswas A, Bhattacharya SD, Singh AK, Saha M. Addressing Hand Hygiene Compliance in a Low-Resource Neonatal Intensive Care Unit: a Quality Improvement Project. J Pediatric Infect Dis Soc. 2019;8(5):408-413. doi:10.1093/jpids/piy076. PMID: 30189013.",
1463,orthopaedic,Orthopaedics – Trauma,,Benzodiazepine and Z-drug Prescribing for Elderly People in a General Hospital: A Complete Audit Cycle.,,,,"published, pending extraction",https://pubmed.ncbi.nlm.nih.gov/30199962/,,Ireland,True,,,,,,,,,,,,Dolan C; Omer S; Glynn D; Corcoran M; McCarthy G,Irish journal of psychological medicine,2012,10.1017/s0790966700017444,30199962,,not reported,False,"Dolan C, Omer S, Glynn D, Corcoran M, McCarthy G. Benzodiazepine and Z-drug Prescribing for Elderly People in a General Hospital: A Complete Audit Cycle. Ir J Psychol Med. 2012;29(2):128-131. doi:10.1017/s0790966700017444. PMID: 30199962.",
1464,orthopaedic,Orthopaedics – Trauma,,"Preliminary radiological result after establishment of hospital-based trauma registry in level-1 trauma hospital in developing country setting, prospective cohort study.",,,,"published, pending extraction",https://pmc.ncbi.nlm.nih.gov/articles/PMC6168934/,,Pakistan,False,,,,,,,,,,,,Hasan O; Samad A; Nawaz Z; Ahmad T; Abdul Muhammad Z; Noordin S,Annals of medicine and surgery (2012),2018,10.1016/j.amsu.2018.09.032,30294438,PMC6168934,cc by,True,"Hasan O, Samad A, Nawaz Z, Ahmad T, Abdul Muhammad Z, Noordin S. Preliminary radiological result after establishment of hospital-based trauma registry in level-1 trauma hospital in developing country setting, prospective cohort study. Ann Med Surg (Lond). 2018;35:95-99. doi:10.1016/j.amsu.2018.09.032. PMID: 30294438.",figures/PMC6168934/gr1.jpg
1465,orthopaedic,Orthopaedics – Arthroplasty,,Enhanced Recovery in Orthopedics: A Prospective Audit of an Enhanced Recovery Program for Patients Undergoing Hip or Knee Arthroplasty.,,,,"published, pending extraction",https://pubmed.ncbi.nlm.nih.gov/30304589/,,not reported,False,,,,,,,,,,,,Brennan C; Parsons G,Medsurg nursing : official journal of the Academy of Medical-Surgical Nurses,2017,,30304589,,not reported,False,"Brennan C, Parsons G. Enhanced Recovery in Orthopedics: A Prospective Audit of an Enhanced Recovery Program for Patients Undergoing Hip or Knee Arthroplasty. Medsurg Nurs. 2017;26(2):99-104. PMID: 30304589.",
1466,orthopaedic,Orthopaedics – Theatre and perioperative,,Opioid prescribing in orthopaedic and neurosurgical specialties in a tertiary hospital: a retrospective audit of hospital discharge data.,,,,"published, pending extraction",https://pubmed.ncbi.nlm.nih.gov/30306703/,,Australia,False,,,,,,,,,,,,Stanley B; Norman AF; Collins LJ; Zographos GA; Lloyd-Jones DM; Bonomo A; Bonomo YA,ANZ journal of surgery,2018,10.1111/ans.14873,30306703,,not reported,False,"Stanley B, Norman AF, Collins LJ, Zographos GA, Lloyd-Jones DM, Bonomo A, et al.. Opioid prescribing in orthopaedic and neurosurgical specialties in a tertiary hospital: a retrospective audit of hospital discharge data. ANZ J Surg. 2018;88(11):1187-1192. doi:10.1111/ans.14873. PMID: 30306703.",
1467,orthopaedic,Orthopaedics – Arthroplasty,,Audit of patient-reported outcome measurement after hip and knee arthroplasty in Australia.,,,,"published, pending extraction",https://pubmed.ncbi.nlm.nih.gov/30387277/,,UK,True,,,,,,,,,,,,Harris IA; Nicols T; Naylor JM,ANZ journal of surgery,2018,10.1111/ans.14776,30387277,,not reported,False,"Harris IA, Nicols T, Naylor JM. Audit of patient-reported outcome measurement after hip and knee arthroplasty in Australia. ANZ J Surg. 2018;88(11):1101-1102. doi:10.1111/ans.14776. PMID: 30387277.",
1468,orthopaedic,Orthopaedics – Foot and ankle,,Fifteen-Year Audit of Anterior Cruciate Ligament Reconstructions in the Australian Football League From 1999 to 2013: Return to Play and Subsequent ACL Injury.,,,,"published, pending extraction",https://pubmed.ncbi.nlm.nih.gov/30388022/,,Australia,False,,,,,,,,,,,,Lai CCH; Feller JA; Webster KE,The American journal of sports medicine,2018,10.1177/0363546518803932,30388022,,not reported,False,"Lai CCH, Feller JA, Webster KE. Fifteen-Year Audit of Anterior Cruciate Ligament Reconstructions in the Australian Football League From 1999 to 2013: Return to Play and Subsequent ACL Injury. Am J Sports Med. 2018;46(14):3353-3360. doi:10.1177/0363546518803932. PMID: 30388022.",
1469,orthopaedic,Orthopaedics – Trauma,,Developing Trauma Audit Filters for Regional Referral Hospitals in Cameroon: Mixed-Methods Approach.,,,,"published, pending extraction",https://pubmed.ncbi.nlm.nih.gov/30463777/,,not reported,False,,,,,,,,,,,,Wu N; Carvalho M; Nwanna-Nzewunwa O; Nana T; Motwani G; Mbeboh SN; Chendjou W; Ahmed Nour FM; Christie SA; Chichom Mefire A; Dicker RA; Juillard C,The Journal of surgical research,2018,10.1016/j.jss.2018.07.048,30463777,,not reported,False,"Wu N, Carvalho M, Nwanna-Nzewunwa O, Nana T, Motwani G, Mbeboh SN, et al.. Developing Trauma Audit Filters for Regional Referral Hospitals in Cameroon: Mixed-Methods Approach. J Surg Res. 2018;232:578-586. doi:10.1016/j.jss.2018.07.048. PMID: 30463777.",
1470,orthopaedic,Orthopaedics – Trauma,,Socioeconomic status and 30-day mortality after minor and major trauma: A retrospective analysis of the Trauma Audit and Research Network (TARN) dataset for England.,,,,"published, pending extraction",https://pmc.ncbi.nlm.nih.gov/articles/PMC6312286/,,UK,True,,,,,,,,,,,,McHale P; Hungerford D; Taylor-Robinson D; Lawrence T; Astles T; Morton B,PloS one,2018,10.1371/journal.pone.0210226,30596799,PMC6312286,cc by,True,"McHale P, Hungerford D, Taylor-Robinson D, Lawrence T, Astles T, Morton B. Socioeconomic status and 30-day mortality after minor and major trauma: A retrospective analysis of the Trauma Audit and Research Network (TARN) dataset for England. PLoS One. 2018;13(12):e0210226. doi:10.1371/journal.pone.0210226. PMID: 30596799.",figures/PMC6312286/pone.0210226.g001.jpg
1471,orthopaedic,Orthopaedics – Arthroplasty,,Concealed cosmetic closure in total knee replacement surgery - A prospective audit assessing appearance and patient satisfaction.,,,,"published, pending extraction",https://pmc.ncbi.nlm.nih.gov/articles/PMC6349645/,,India,False,,,,,,,,,,,,Agarwala S; Vijayvargiya M,Journal of clinical orthopaedics and trauma,2019,10.1016/j.jcot.2017.11.002,30705543,PMC6349645,not reported,False,"Agarwala S, Vijayvargiya M. Concealed cosmetic closure in total knee replacement surgery - A prospective audit assessing appearance and patient satisfaction. J Clin Orthop Trauma. 2019;10(1):111-116. doi:10.1016/j.jcot.2017.11.002. PMID: 30705543.",
1472,orthopaedic,Orthopaedics – Hip fracture,,The Dutch Hip Fracture Audit: evaluation of the quality of multidisciplinary hip fracture care in the Netherlands.,,,,"published, pending extraction",https://pmc.ncbi.nlm.nih.gov/articles/PMC6397305/,,Netherlands,False,,,,,,,,,,,,Voeten SC; Arends AJ; Wouters MWJM; Blom BJ; Heetveld MJ; Slee-Valentijn MS; Krijnen P; Schipper IB; Hegeman JHH; Dutch Hip Fracture Audit (DHFA) Group,Archives of osteoporosis,2019,10.1007/s11657-019-0576-3,30825004,PMC6397305,cc by,True,"Voeten SC, Arends AJ, Wouters MWJM, Blom BJ, Heetveld MJ, Slee-Valentijn MS, et al.. The Dutch Hip Fracture Audit: evaluation of the quality of multidisciplinary hip fracture care in the Netherlands. Arch Osteoporos. 2019;14(1):28. doi:10.1007/s11657-019-0576-3. PMID: 30825004.",figures/PMC6397305/11657_2019_576_Fig1a_HTML.jpg
1473,orthopaedic,Orthopaedics – Foot and ankle,,Weight-bearing in ankle fractures: An audit of UK practice.,,,,"published, pending extraction",https://pubmed.ncbi.nlm.nih.gov/30933870/,,not reported,False,,,,,,,,,,,,BONE Collaborative,"Foot (Edinburgh, Scotland)",2019,10.1016/j.foot.2019.02.005,30933870,,not reported,False,BONE Collaborative. Weight-bearing in ankle fractures: An audit of UK practice. Foot (Edinb). 2019;39:28-36. doi:10.1016/j.foot.2019.02.005. PMID: 30933870.,
1474,orthopaedic,Orthopaedics – Hand and wrist,,Current imaging practice for suspected scaphoid fracture in patients with normal initial radiographs: UK-wide national audit.,,,,"published, pending extraction",https://pubmed.ncbi.nlm.nih.gov/30952360/,,UK,True,,,,,,,,,,,,Chunara MH; McLeavy CM; Kesavanarayanan V; Paton D; Ganguly A,Clinical radiology,2019,10.1016/j.crad.2019.02.016,30952360,,not reported,False,"Chunara MH, McLeavy CM, Kesavanarayanan V, Paton D, Ganguly A. Current imaging practice for suspected scaphoid fracture in patients with normal initial radiographs: UK-wide national audit. Clin Radiol. 2019;74(6):450-455. doi:10.1016/j.crad.2019.02.016. PMID: 30952360.",
1475,orthopaedic,Orthopaedics – Theatre and perioperative,,Improving Orthopedic-Related Postoperative Edema Management in a Rehabilitative Nursing Setting.,,,,"published, pending extraction",https://pubmed.ncbi.nlm.nih.gov/31034457/,,USA,False,,,,,,,,,,,,Kluga KL; Weber Buchholz S; Semanik PA,Rehabilitation nursing : the official journal of the Association of Rehabilitation Nurses,2019,10.1097/rnj.0000000000000104,31034457,,not reported,False,"Kluga KL, Weber Buchholz S, Semanik PA. Improving Orthopedic-Related Postoperative Edema Management in a Rehabilitative Nursing Setting. Rehabil Nurs. 2019;44(3):151-160. doi:10.1097/rnj.0000000000000104. PMID: 31034457.",
1476,orthopaedic,Orthopaedics – Spine,,Are we neglecting sexual function assessment in suspected cauda equina syndrome?,,,,"published, pending extraction",https://pubmed.ncbi.nlm.nih.gov/31036485/,,UK,True,,,,,,,,,,,,Pronin S; Hoeritzauer I; Statham PF; Demetriades AK,The surgeon : journal of the Royal Colleges of Surgeons of Edinburgh and Ireland,2020,10.1016/j.surge.2019.03.005,31036485,,not reported,False,"Pronin S, Hoeritzauer I, Statham PF, Demetriades AK. Are we neglecting sexual function assessment in suspected cauda equina syndrome?. Surgeon. 2020;18(1):8-11. doi:10.1016/j.surge.2019.03.005. PMID: 31036485.",
1477,orthopaedic,Orthopaedics – Theatre and perioperative,,Can we reduce the number of MRSA screening site swabs in elective orthopedic patients?,,,,"published, pending extraction",https://pubmed.ncbi.nlm.nih.gov/31068084/,,UK,True,,,,,,,,,,,,Ahmad A; Teoh KH; Lau L; Cheng N; Evans AR,Journal of orthopaedic surgery (Hong Kong),2019,10.1177/2309499019847068,31068084,,not reported,False,"Ahmad A, Teoh KH, Lau L, Cheng N, Evans AR. Can we reduce the number of MRSA screening site swabs in elective orthopedic patients?. J Orthop Surg (Hong Kong). 2019;27(2):2309499019847068. doi:10.1177/2309499019847068. PMID: 31068084.",
1478,orthopaedic,Orthopaedics – Arthroplasty,,"Perioperative Blood Management, Red Cell Recovery (Cell Salvage) Practice in an Australian Tertiary Hospital: A Hospital District Clinical Audit.",,,,"published, pending extraction",https://pubmed.ncbi.nlm.nih.gov/31094799/,,Australia,False,,,,,,,,,,,,Forrest EA; Togo P; Kan AG; De Cruz SE,Anesthesia and analgesia,2019,10.1213/ane.0000000000003595,31094799,,not reported,False,"Forrest EA, Togo P, Kan AG, De Cruz SE. Perioperative Blood Management, Red Cell Recovery (Cell Salvage) Practice in an Australian Tertiary Hospital: A Hospital District Clinical Audit. Anesth Analg. 2019;128(6):1272-1278. doi:10.1213/ane.0000000000003595. PMID: 31094799.",
1479,orthopaedic,Orthopaedics – Trauma,,Fracture clinic service redesign: an audit evaluating clinic waiting times and compliance to British Orthopaedic Association standards.,,,,"published, pending extraction",https://pmc.ncbi.nlm.nih.gov/articles/PMC6502517/,,UK,True,,,,,,,,,,,,Pearce O; Smith J; Carpenter C; Heal J,Future healthcare journal,2017,10.7861/futurehosp.4-2s-s6,31098487,PMC6502517,not reported,False,"Pearce O, Smith J, Carpenter C, Heal J. Fracture clinic service redesign: an audit evaluating clinic waiting times and compliance to British Orthopaedic Association standards. Future Healthc J. 2017;4(Suppl 2):s6. doi:10.7861/futurehosp.4-2s-s6. PMID: 31098487.",
1480,orthopaedic,Orthopaedics – Foot and ankle,,Fixation of ankle fractures - a major trauma centre's experience in improving quality.,,,,"published, pending extraction",https://pmc.ncbi.nlm.nih.gov/articles/PMC6554578/,,UK,True,,,,,,,,,,,,Whitehouse S; Mason LW; Jayatilaka L; Molloy AP,Annals of the Royal College of Surgeons of England,2019,10.1308/rcsann.2018.0098,31155894,PMC6554578,not reported,False,"Whitehouse S, Mason LW, Jayatilaka L, Molloy AP. Fixation of ankle fractures - a major trauma centre's experience in improving quality. Ann R Coll Surg Engl. 2019;101(6):387-390. doi:10.1308/rcsann.2018.0098. PMID: 31155894.",
1481,orthopaedic,Orthopaedics – Theatre and perioperative,,Opioid prescribing improvement in orthopaedic specialty unit in a tertiary hospital: a retrospective audit of hospital discharge data pre- and post-intervention for better opioid prescribing practice.,,,,"published, pending extraction",https://pubmed.ncbi.nlm.nih.gov/31230423/,,Australia,False,,,,,,,,,,,,Stanley B; Jackson A; Norman A; Collins L; Bonomo A; Bonomo Y,ANZ journal of surgery,2019,10.1111/ans.15305,31230423,,not reported,False,"Stanley B, Jackson A, Norman A, Collins L, Bonomo A, Bonomo Y. Opioid prescribing improvement in orthopaedic specialty unit in a tertiary hospital: a retrospective audit of hospital discharge data pre- and post-intervention for better opioid prescribing practice. ANZ J Surg. 2019;89(10):1302-1307. doi:10.1111/ans.15305. PMID: 31230423.",
1482,orthopaedic,Orthopaedics – Shoulder and elbow,,Shoulder Reduction Bench Project: improving care for patients with shoulder dislocations.,,,,"published, pending extraction",https://pmc.ncbi.nlm.nih.gov/articles/PMC6579573/,,UK,True,,,,,,,,,,,,Dowson P,BMJ open quality,2019,10.1136/bmjoq-2018-000366,31276053,PMC6579573,cc by-nc,True,Dowson P. Shoulder Reduction Bench Project: improving care for patients with shoulder dislocations. BMJ Open Qual. 2019;8(2):e000366. doi:10.1136/bmjoq-2018-000366. PMID: 31276053.,
1483,orthopaedic,Orthopaedics – Knee,,A quality audit of MRI knee exams with the implementation of a novel 2-point DIXON sequence.,,,,"published, pending extraction",https://pmc.ncbi.nlm.nih.gov/articles/PMC6745386/,,UK,True,,,,,,,,,,,,Bastian-Jordan M; Dhupelia S; McMeniman M; Lanham M; Hislop-Jambrich J,Journal of medical radiation sciences,2019,10.1002/jmrs.350,31353806,PMC6745386,cc by,True,"Bastian-Jordan M, Dhupelia S, McMeniman M, Lanham M, Hislop-Jambrich J. A quality audit of MRI knee exams with the implementation of a novel 2-point DIXON sequence. J Med Radiat Sci. 2019;66(3):163-169. doi:10.1002/jmrs.350. PMID: 31353806.",figures/PMC6745386/JMRS-66-163-g001.jpg | figures/PMC6745386/JMRS-66-163-g002.jpg | figures/PMC6745386/JMRS-66-163-g003.jpg | figures/PMC6745386/JMRS-66-163-g004.jpg | figures/PMC6745386/JMRS-66-163-g005.jpg
1484,orthopaedic,Orthopaedics – Hip fracture,,Adding a subsidiary sprint audit dataset to a continuous national clinical audit - lessons from the National Hip Fracture Database.,,,,"published, pending extraction",https://pmc.ncbi.nlm.nih.gov/articles/PMC6616721/,,UK,True,,,,,,,,,,,,Liddicoat M; Johansen A; Boulton C; Hannaford J,Future healthcare journal,2019,10.7861/futurehosp.6-1-s110,31363629,PMC6616721,cc by-nc-nd,False,"Liddicoat M, Johansen A, Boulton C, Hannaford J. Adding a subsidiary sprint audit dataset to a continuous national clinical audit - lessons from the National Hip Fracture Database. Future Healthc J. 2019;6(Suppl 1):110. doi:10.7861/futurehosp.6-1-s110. PMID: 31363629.",
1485,orthopaedic,Orthopaedics – Trauma,,An audit of the polytrauma fracture detection rate of clinicians evaluating lodox statscan bodygrams in two South African public sector trauma units.,,,,"published, pending extraction",https://pubmed.ncbi.nlm.nih.gov/31399208/,,South Africa,False,,,,,,,,,,,,Holdt FC; Pitcher RD,Injury,2019,10.1016/j.injury.2019.07.036,31399208,,not reported,False,"Holdt FC, Pitcher RD. An audit of the polytrauma fracture detection rate of clinicians evaluating lodox statscan bodygrams in two South African public sector trauma units. Injury. 2019;50(9):1511-1515. doi:10.1016/j.injury.2019.07.036. PMID: 31399208.",
1486,orthopaedic,Orthopaedics – Hip fracture,,Data quality audit of a clinical quality registry: a generic framework and case study of the Australian and New Zealand Hip Fracture Registry.,,,,"published, pending extraction",https://pmc.ncbi.nlm.nih.gov/articles/PMC6668898/,,UK,True,,,,,,,,,,,,Tan AC; Armstrong E; Close J; Harris IA,BMJ open quality,2019,10.1136/bmjoq-2018-000490,31414056,PMC6668898,cc by-nc,True,"Tan AC, Armstrong E, Close J, Harris IA. Data quality audit of a clinical quality registry: a generic framework and case study of the Australian and New Zealand Hip Fracture Registry. BMJ Open Qual. 2019;8(3):e000490. doi:10.1136/bmjoq-2018-000490. PMID: 31414056.",
1487,orthopaedic,Orthopaedics – Shoulder and elbow,,Humeral Diaphyseal Fracture Nonunion: An Audit of the Outcome from Intramedullary Nailing and DCP Plating.,,,,"published, pending extraction",https://pmc.ncbi.nlm.nih.gov/articles/PMC6679862/,,China,False,,,,,,,,,,,,Micic I; Kholinne E; Kwak JM; Sun Y; Nanda A; Kim H; Koh KH; Jeon IH,BioMed research international,2019,10.1155/2019/9107898,31428650,PMC6679862,cc by,True,"Micic I, Kholinne E, Kwak JM, Sun Y, Nanda A, Kim H, et al.. Humeral Diaphyseal Fracture Nonunion: An Audit of the Outcome from Intramedullary Nailing and DCP Plating. Biomed Res Int. 2019;2019:9107898. doi:10.1155/2019/9107898. PMID: 31428650.",
1488,orthopaedic,Orthopaedics – Arthroplasty,,Surgical prescription of epoetin alfa in contemporary total hip arthroplasty: a prospective comparative study.,,,,"published, pending extraction",https://pmc.ncbi.nlm.nih.gov/articles/PMC6969013/,,France,False,,,,,,,,,,,,Hourlier H; Fennema P,International orthopaedics,2020,10.1007/s00264-019-04399-7,31468111,PMC6969013,cc by,True,"Hourlier H, Fennema P. Surgical prescription of epoetin alfa in contemporary total hip arthroplasty: a prospective comparative study. Int Orthop. 2020;44(2):261-266. doi:10.1007/s00264-019-04399-7. PMID: 31468111.",
1489,orthopaedic,Orthopaedics – Arthroplasty,,Trust compliance with best practice tariff criteria for total hip and knee replacement.,,,,"published, pending extraction",https://pubmed.ncbi.nlm.nih.gov/31498659/,,not reported,True,,,,,,,,,,,,Vanhegan I; Sankey A; Radford W; Ball S; Gibbons C,"British journal of hospital medicine (London, England : 2005)",2019,10.12968/hmed.2019.80.9.537,31498659,,not reported,False,"Vanhegan I, Sankey A, Radford W, Ball S, Gibbons C. Trust compliance with best practice tariff criteria for total hip and knee replacement. Br J Hosp Med (Lond). 2019;80(9):537-540. doi:10.12968/hmed.2019.80.9.537. PMID: 31498659.",
1490,orthopaedic,Orthopaedics – Hip fracture,,Effects of protocol on prevention of delirium in hospitalized hip fracture patients: A quality improvement project.,,,,"published, pending extraction",https://pubmed.ncbi.nlm.nih.gov/31521618/,,USA,False,,,,,,,,,,,,Durst J; Wilson D,International journal of orthopaedic and trauma nursing,2020,10.1016/j.ijotn.2019.100710,31521618,,not reported,False,"Durst J, Wilson D. Effects of protocol on prevention of delirium in hospitalized hip fracture patients: A quality improvement project. Int J Orthop Trauma Nurs. 2020;36:100710. doi:10.1016/j.ijotn.2019.100710. PMID: 31521618.",
1491,orthopaedic,Orthopaedics – Hip fracture,,The effect of a multidisciplinary care bundle on the incidence of delirium after hip fracture surgery: a quality improvement study.,,,,"published, pending extraction",https://pubmed.ncbi.nlm.nih.gov/31549413/,,UK,True,,,,,,,,,,,,Chuan A; Zhao L; Tillekeratne N; Alani S; Middleton PM; Harris IA; McEvoy L; Ní Chróinín D,Anaesthesia,2020,10.1111/anae.14840,31549413,,not reported,False,"Chuan A, Zhao L, Tillekeratne N, Alani S, Middleton PM, Harris IA, et al.. The effect of a multidisciplinary care bundle on the incidence of delirium after hip fracture surgery: a quality improvement study. Anaesthesia. 2020;75(1):63-71. doi:10.1111/anae.14840. PMID: 31549413.",
1492,orthopaedic,Orthopaedics – Hip fracture,,Interpreting and reporting fracture classification and operation type in hip fracture: implications for research studies and routine national audits.,,,,"published, pending extraction",https://pubmed.ncbi.nlm.nih.gov/31564146/,,UK,True,,,,,,,,,,,,Masters J; Metcalfe D; Parsons NR; Achten J; Griffin XL; Costa ML; WHiTE Collaborative Investigators,The bone & joint journal,2019,10.1302/0301-620x.101b10.bjj-2019-0213.r1,31564146,,not reported,False,"Masters J, Metcalfe D, Parsons NR, Achten J, Griffin XL, Costa ML, et al.. Interpreting and reporting fracture classification and operation type in hip fracture: implications for research studies and routine national audits. Bone Joint J. 2019;101-B(10):1292-1299. doi:10.1302/0301-620x.101b10.bjj-2019-0213.r1. PMID: 31564146.",
1493,orthopaedic,Orthopaedics – Trauma,,Pain relief during wound care for patients with a deep open wound in an orthopedic trauma department: a best practice implementation project.,,,,"published, pending extraction",https://pubmed.ncbi.nlm.nih.gov/31567556/,,Australia,False,,,,,,,,,,,,Fang Y; Wang N; Shi L; Barker T; Zhang P,JBI database of systematic reviews and implementation reports,2019,10.11124/jbisrir-d-19-00126,31567556,,not reported,False,"Fang Y, Wang N, Shi L, Barker T, Zhang P. Pain relief during wound care for patients with a deep open wound in an orthopedic trauma department: a best practice implementation project. JBI Database System Rev Implement Rep. 2019;17(12):2559-2569. doi:10.11124/jbisrir-d-19-00126. PMID: 31567556.",
1494,orthopaedic,Orthopaedics – Hip fracture,,Modern hip fracture care still involves nearly 3 days of bed rest - findings of the national Physiotherapy 'Hip Sprint' Audit in 2017.,,,,"published, pending extraction",https://pmc.ncbi.nlm.nih.gov/articles/PMC6752421/,,not reported,False,,,,,,,,,,,,Fagan E; Hannaford J; Liddicoat M; Ten Hove R; Johansen A,Future healthcare journal,2019,10.7861/futurehosp.6-2s-s52,31572945,PMC6752421,cc by-nc-nd,False,"Fagan E, Hannaford J, Liddicoat M, Ten Hove R, Johansen A. Modern hip fracture care still involves nearly 3 days of bed rest - findings of the national Physiotherapy 'Hip Sprint' Audit in 2017. Future Healthc J. 2019;6(Suppl 2):52. doi:10.7861/futurehosp.6-2s-s52. PMID: 31572945.",
1495,orthopaedic,Orthopaedics – Trauma,,Geriatric Fracture Centre (German Trauma Society): guidelines and certification to improve geriatric trauma care.,,,,"published, pending extraction",https://pmc.ncbi.nlm.nih.gov/articles/PMC6753996/,,Germany,False,,,,,,,,,,,,Krause U; Jung K,Innovative surgical sciences,2016,10.1515/iss-2016-0026,31579723,PMC6753996,cc by-nc-nd,True,"Krause U, Jung K. Geriatric Fracture Centre (German Trauma Society): guidelines and certification to improve geriatric trauma care. Innov Surg Sci. 2016;1(2):79-85. doi:10.1515/iss-2016-0026. PMID: 31579723.",
1496,orthopaedic,Orthopaedics – Arthroplasty,,Does face-to-face pre-operative joint replacement education reduce hospital costs in a regional Australian hospital? A descriptive retrospective clinical audit.,,,,"published, pending extraction",https://pubmed.ncbi.nlm.nih.gov/31612317/,,Australia,False,,,,,,,,,,,,Lewis D; Fullard K; Kolbe T; Chapman S; Divanoglou A; Doran C; Hutton V; Santamaria J; Heales LJ,European journal of orthopaedic surgery & traumatology : orthopedie traumatologie,2020,10.1007/s00590-019-02548-7,31612317,,not reported,False,"Lewis D, Fullard K, Kolbe T, Chapman S, Divanoglou A, Doran C, et al.. Does face-to-face pre-operative joint replacement education reduce hospital costs in a regional Australian hospital? A descriptive retrospective clinical audit. Eur J Orthop Surg Traumatol. 2020;30(2):257-265. doi:10.1007/s00590-019-02548-7. PMID: 31612317.",
1497,orthopaedic,Orthopaedics – Trauma,,Injury coding in a national trauma registry: a one-year validation audit in a level 1 trauma centre.,,,,"published, pending extraction",https://pmc.ncbi.nlm.nih.gov/articles/PMC6820947/,,not reported,False,,,,,,,,,,,,Bågenholm A; Lundberg I; Straume B; Sundset R; Bartnes K; Ingebrigtsen T; Dehli T,BMC emergency medicine,2019,10.1186/s12873-019-0276-8,31666018,PMC6820947,cc by,True,"Bågenholm A, Lundberg I, Straume B, Sundset R, Bartnes K, Ingebrigtsen T, et al.. Injury coding in a national trauma registry: a one-year validation audit in a level 1 trauma centre. BMC Emerg Med. 2019;19(1):61. doi:10.1186/s12873-019-0276-8. PMID: 31666018.",figures/PMC6820947/12873_2019_276_Fig1_HTML.jpg
1498,orthopaedic,Orthopaedics – Hip fracture,,Hospital staff participation in a national hip fracture audit: facilitators and barriers.,,,,"published, pending extraction",https://pmc.ncbi.nlm.nih.gov/articles/PMC6872508/,,Netherlands,False,,,,,,,,,,,,Voeten SC; van Bodegom-Vos L; Hegeman JH; Wouters MWJM; Krijnen P; Schipper IB,Archives of osteoporosis,2019,10.1007/s11657-019-0652-8,31754810,PMC6872508,cc by,True,"Voeten SC, van Bodegom-Vos L, Hegeman JH, Wouters MWJM, Krijnen P, Schipper IB. Hospital staff participation in a national hip fracture audit: facilitators and barriers. Arch Osteoporos. 2019;14(1):110. doi:10.1007/s11657-019-0652-8. PMID: 31754810.",
1499,orthopaedic,Orthopaedics – Trauma,,Head and Neck Trauma in a Rapidly Growing African Metropolis: A Two-Year Audit of Hospital Admissions.,,,,"published, pending extraction",https://pmc.ncbi.nlm.nih.gov/articles/PMC6950021/,,Germany,False,,,,,,,,,,,,Minja IK; Lowery Wilson M; Shaikh MA; Perea-Lowery L,International journal of environmental research and public health,2019,10.3390/ijerph16244930,31817489,PMC6950021,cc by,True,"Minja IK, Lowery Wilson M, Shaikh MA, Perea-Lowery L. Head and Neck Trauma in a Rapidly Growing African Metropolis: A Two-Year Audit of Hospital Admissions. Int J Environ Res Public Health. 2019;16(24):E4930. doi:10.3390/ijerph16244930. PMID: 31817489.",figures/PMC6950021/ijerph-16-04930-g001.jpg
1500,orthopaedic,Orthopaedics – Theatre and perioperative,,Enhancing the verbal handover process for nurses in inpatient orthopedic wards: a best practice implementation project.,,,,"published, pending extraction",https://pubmed.ncbi.nlm.nih.gov/31972682/,,Singapore,False,,,,,,,,,,,,Tan AJQ; Rashasegaran A; Goh ML,JBI evidence synthesis,2020,10.11124/jbisrir-d-19-00151,31972682,,not reported,False,"Tan AJQ, Rashasegaran A, Goh ML. Enhancing the verbal handover process for nurses in inpatient orthopedic wards: a best practice implementation project. JBI Evid Synth. 2020;18(1):200-211. doi:10.11124/jbisrir-d-19-00151. PMID: 31972682.",
1501,orthopaedic,Orthopaedics – Trauma,,Fracture clinic referrals: the need for self audit.,,,,"published, pending extraction",https://pubmed.ncbi.nlm.nih.gov/3198269/,,not reported,False,,,,,,,,,,,,Morton RJ,Injury,1988,10.1016/0020-1383(88)90076-9,3198269,,not reported,False,Morton RJ. Fracture clinic referrals: the need for self audit. Injury. 1988;19(2):77-78. doi:10.1016/0020-1383(88)90076-9. PMID: 3198269.,
1502,orthopaedic,Orthopaedics – Trauma,,Still too noisy - An audit of sleep quality in trauma and orthopaedic patients.,,,,"published, pending extraction",https://pubmed.ncbi.nlm.nih.gov/32007403/,,UK,True,,,,,,,,,,,,Gulam S; Xyrichis A; Lee GA,International emergency nursing,2020,10.1016/j.ienj.2019.100812,32007403,,not reported,False,"Gulam S, Xyrichis A, Lee GA. Still too noisy - An audit of sleep quality in trauma and orthopaedic patients. Int Emerg Nurs. 2020;49:100812. doi:10.1016/j.ienj.2019.100812. PMID: 32007403.",
1503,orthopaedic,Orthopaedics – Arthroplasty,,"Total Knee Replacement: The Inpatient-Only List and the Two Midnight Rule, Patient Impact, Length of Stay, Compliance Solutions, Audits, and Economic Consequences.",,,,"published, pending extraction",https://pubmed.ncbi.nlm.nih.gov/32070657/,,not reported,False,,,,,,,,,,,,Iorio R; Barnes CL; Vitale MP; Huddleston JI; Haas DA,The Journal of arthroplasty,2020,10.1016/j.arth.2020.01.007,32070657,,not reported,False,"Iorio R, Barnes CL, Vitale MP, Huddleston JI, Haas DA. Total Knee Replacement: The Inpatient-Only List and the Two Midnight Rule, Patient Impact, Length of Stay, Compliance Solutions, Audits, and Economic Consequences. J Arthroplasty. 2020;35(6S):S28-S32. doi:10.1016/j.arth.2020.01.007. PMID: 32070657.",
1504,orthopaedic,Orthopaedics – Trauma,,Last five years audit of Journal of Clinical Orthopaedics and Trauma (JCOT) - A scientometric analysis.,,,,"published, pending extraction",https://pmc.ncbi.nlm.nih.gov/articles/PMC7026557/,,India,False,,,,,,,,,,,,Vaishya R; Patralekh MK; Vaish A,Journal of clinical orthopaedics and trauma,2020,10.1016/j.jcot.2020.01.009,32099276,PMC7026557,not reported,False,"Vaishya R, Patralekh MK, Vaish A. Last five years audit of Journal of Clinical Orthopaedics and Trauma (JCOT) - A scientometric analysis. J Clin Orthop Trauma. 2020;11(2):176-183. doi:10.1016/j.jcot.2020.01.009. PMID: 32099276.",
1505,orthopaedic,Orthopaedics – Hip fracture,,"Effect of the Dutch Hip Fracture Audit implementation on mortality, length of hospital stay and time until surgery in elderly hip fracture patients; a multi-center cohort study.",,,,"published, pending extraction",https://pubmed.ncbi.nlm.nih.gov/32115205/,,Netherlands,False,,,,,,,,,,,,van Voorden TAJ; den Hartog D; Soesman NMR; Jakma TSC; Waleboer M; Staarink M; Bruijninckx MMM; Nijman F; Knops SP; Lieshout EMMV; Schep NWL,Injury,2020,10.1016/j.injury.2020.02.084,32115205,,cc by-nc-nd,False,"van Voorden TAJ, den Hartog D, Soesman NMR, Jakma TSC, Waleboer M, Staarink M, et al.. Effect of the Dutch Hip Fracture Audit implementation on mortality, length of hospital stay and time until surgery in elderly hip fracture patients; a multi-center cohort study. Injury. 2020;51(4):1038-1044. doi:10.1016/j.injury.2020.02.084. PMID: 32115205.",
1506,orthopaedic,Orthopaedics – Hip fracture,,"Incidence of venous thromboembolism after total hip, total knee and hip fracture surgery at Waitemata District Health Board following a peer-reviewed audit.",,,,"published, pending extraction",https://pubmed.ncbi.nlm.nih.gov/32161421/,,not reported,False,,,,,,,,,,,,Millar JS; Lawes CM; Farrington B; Andrew P; Misur P; Merriman E; Walker M,The New Zealand medical journal,2020,,32161421,,not reported,False,"Millar JS, Lawes CM, Farrington B, Andrew P, Misur P, Merriman E, et al.. Incidence of venous thromboembolism after total hip, total knee and hip fracture surgery at Waitemata District Health Board following a peer-reviewed audit. N Z Med J. 2020;133(1511):52-60. PMID: 32161421.",
1507,orthopaedic,Orthopaedics – Paediatric,,Use of a Pediatric Admission Booklet Significantly Improves the Comprehensiveness of Admission Documentation: A Quality Improvement Project.,,,,"published, pending extraction",https://pmc.ncbi.nlm.nih.gov/articles/PMC7056295/,,UK,True,,,,,,,,,,,,Beverstock A; Lewis C; Bruce D; Barnes J; Kelly A,Pediatric quality & safety,2020,10.1097/pq9.0000000000000247,32190793,PMC7056295,cc by,True,"Beverstock A, Lewis C, Bruce D, Barnes J, Kelly A. Use of a Pediatric Admission Booklet Significantly Improves the Comprehensiveness of Admission Documentation: A Quality Improvement Project. Pediatr Qual Saf. 2020;5(1):e247. doi:10.1097/pq9.0000000000000247. PMID: 32190793.",figures/PMC7056295/pqs-5-e247-g003.jpg
1508,orthopaedic,Orthopaedics – Trauma,,"A patient-level key performance indicator set to measure the effectiveness of fracture liaison services and guide quality improvement: a position paper of the IOF Capture the Fracture Working Group, National Osteoporosis Foundation and Fragility Fracture Network.",,,,"published, pending extraction",https://pmc.ncbi.nlm.nih.gov/articles/PMC7280347/,,UK,True,,,,,,,,,,,,Javaid MK; Sami A; Lems W; Mitchell P; Thomas T; Singer A; Speerin R; Fujita M; Pierroz DD; Akesson K; Halbout P; Ferrari S; Cooper C,Osteoporosis international : a journal established as result of cooperation between the European Foundation for Osteoporosis and the National Osteoporosis Foundation of the USA,2020,10.1007/s00198-020-05377-1,32266437,PMC7280347,cc by-nc,True,"Javaid MK, Sami A, Lems W, Mitchell P, Thomas T, Singer A, et al.. A patient-level key performance indicator set to measure the effectiveness of fracture liaison services and guide quality improvement: a position paper of the IOF Capture the Fracture Working Group, National Osteoporosis Foundation and Fragility Fracture Network. Osteoporos Int. 2020;31(7):1193-1204. doi:10.1007/s00198-020-05377-1. PMID: 32266437.",
1509,orthopaedic,Orthopaedics – Foot and ankle,,Audit changes practice-a simple education intervention can lead to better outcome in ankle fracture surgery.,,,,"published, pending extraction",https://pmc.ncbi.nlm.nih.gov/articles/PMC7211824/,,UK,True,,,,,,,,,,,,Kheiran A; Roberts V; Rana B; Mangwani J,Journal of clinical orthopaedics and trauma,2020,10.1016/j.jcot.2020.03.022,32405202,PMC7211824,not reported,False,"Kheiran A, Roberts V, Rana B, Mangwani J. Audit changes practice-a simple education intervention can lead to better outcome in ankle fracture surgery. J Clin Orthop Trauma. 2020;11(3):422-425. doi:10.1016/j.jcot.2020.03.022. PMID: 32405202.",
1510,orthopaedic,Orthopaedics – Spine,,Radiology reporting of osteoporotic vertebral fragility fractures on computed tomography studies: results of a UK national audit.,,,,"published, pending extraction",https://pubmed.ncbi.nlm.nih.gov/32435926/,,UK,True,,,,,,,,,,,,Howlett DC; Drinkwater KJ; Mahmood N; Illes J; Griffin J; Javaid K,European radiology,2020,10.1007/s00330-020-06845-2,32435926,,not reported,False,"Howlett DC, Drinkwater KJ, Mahmood N, Illes J, Griffin J, Javaid K. Radiology reporting of osteoporotic vertebral fragility fractures on computed tomography studies: results of a UK national audit. Eur Radiol. 2020;30(9):4713-4723. doi:10.1007/s00330-020-06845-2. PMID: 32435926.",
1511,orthopaedic,Orthopaedics – Hip fracture,,Informed consent for surgery on neck of femur fractures: A multi-loop clinical audit.,,,,"published, pending extraction",https://pmc.ncbi.nlm.nih.gov/articles/PMC7242500/,,UK,True,,,,,,,,,,,,Shah R; Sambhwani S; Al-Shahwani A; Plakogiannis C,Annals of medicine and surgery (2012),2020,10.1016/j.amsu.2020.03.008,32461800,PMC7242500,cc by,True,"Shah R, Sambhwani S, Al-Shahwani A, Plakogiannis C. Informed consent for surgery on neck of femur fractures: A multi-loop clinical audit. Ann Med Surg (Lond). 2020;54:26-31. doi:10.1016/j.amsu.2020.03.008. PMID: 32461800.",figures/PMC7242500/gr1.jpg | figures/PMC7242500/gr2.jpg | figures/PMC7242500/gr3.jpg | figures/PMC7242500/gr4.jpg | figures/PMC7242500/gr5.jpg
1512,orthopaedic,Orthopaedics – Trauma,,Current surgical management of metastatic pathological fractures of the femur: A multicentre snapshot audit.,,,,"published, pending extraction",https://pubmed.ncbi.nlm.nih.gov/32532577/,,UK,True,,,,,,,,,,,,Rai P; Aziz S; Kannan S; Ashford R; Collaborators,European journal of surgical oncology : the journal of the European Society of Surgical Oncology and the British Association of Surgical Oncology,2020,10.1016/j.ejso.2020.02.026,32532577,,not reported,False,"Rai P, Aziz S, Kannan S, Ashford R, Collaborators. Current surgical management of metastatic pathological fractures of the femur: A multicentre snapshot audit. Eur J Surg Oncol. 2020;46(8):1491-1495. doi:10.1016/j.ejso.2020.02.026. PMID: 32532577.",
1513,orthopaedic,Orthopaedics – Hip fracture,,Improving the surgical consenting process for patients with acute hip fractures: a pilot quality improvement project.,,,,"published, pending extraction",https://pmc.ncbi.nlm.nih.gov/articles/PMC7293774/,,UK,True,,,,,,,,,,,,Singh K; Assaf A; Bayley M; Gillespie G,Patient safety in surgery,2020,10.1186/s13037-020-00252-8,32547634,PMC7293774,cc by,True,"Singh K, Assaf A, Bayley M, Gillespie G. Improving the surgical consenting process for patients with acute hip fractures: a pilot quality improvement project. Patient Saf Surg. 2020;14:26. doi:10.1186/s13037-020-00252-8. PMID: 32547634.",figures/PMC7293774/13037_2020_252_Fig1_HTML.jpg | figures/PMC7293774/13037_2020_252_Fig2_HTML.jpg
1514,orthopaedic,Orthopaedics – Trauma,,A pilot project on the management of osteoporosis in primary care: results of the audit cycle.,,,,"published, pending extraction",https://pubmed.ncbi.nlm.nih.gov/32554686/,,UK,True,,,,,,,,,,,,Jothimurugan S; Jothimurugan S; Sanganee D; Wickramaratne T; Lynn M,The British journal of general practice : the journal of the Royal College of General Practitioners,2020,10.3399/bjgp20x711653,32554686,,not reported,False,"Jothimurugan S, Jothimurugan S, Sanganee D, Wickramaratne T, Lynn M. A pilot project on the management of osteoporosis in primary care: results of the audit cycle. Br J Gen Pract. 2020;70(suppl 1):bjgp20X711653. doi:10.3399/bjgp20x711653. PMID: 32554686.",
1515,orthopaedic,Orthopaedics – Trauma,,Clínical Audit of Primary Treatment of Open Fractures: Antibiotic Treatment and Tetanus Prophylaxis.,,,,"published, pending extraction",https://pmc.ncbi.nlm.nih.gov/articles/PMC7316547/,,not reported,False,,,,,,,,,,,,Assunção ALF; Oliveira de ST,Revista brasileira de ortopedia,2020,10.1055/s-0039-3402470,32616972,PMC7316547,cc by-nc-nd,True,"Assunção ALF, Oliveira de ST. Clínical Audit of Primary Treatment of Open Fractures: Antibiotic Treatment and Tetanus Prophylaxis. Rev Bras Ortop (Sao Paulo). 2020;55(3):284-292. doi:10.1055/s-0039-3402470. PMID: 32616972.",
1516,orthopaedic,Orthopaedics – Trauma,,Treating buckle fractures in children with a soft cast and home removal: a quality improvement initiative.,,,,"published, pending extraction",https://pubmed.ncbi.nlm.nih.gov/32720479/,,Ireland,True,,,,,,,,,,,,Phillips K; Breen B,Emergency nurse : the journal of the RCN Accident and Emergency Nursing Association,2020,10.7748/en.2020.e2043,32720479,,not reported,False,"Phillips K, Breen B. Treating buckle fractures in children with a soft cast and home removal: a quality improvement initiative. Emerg Nurse. 2020;28(5):16-21. doi:10.7748/en.2020.e2043. PMID: 32720479.",
1517,orthopaedic,Orthopaedics – Theatre and perioperative,,An audit of admissions and mortality of orthopedic indoor patients in a tertiary care hospital of India.,,,,"published, pending extraction",https://pmc.ncbi.nlm.nih.gov/articles/PMC7394819/,,India,False,,,,,,,,,,,,Banerjee S; Suresh G; Kale AB; Sathe AH,Journal of clinical orthopaedics and trauma,2020,10.1016/j.jcot.2020.04.012,32774021,PMC7394819,not reported,False,"Banerjee S, Suresh G, Kale AB, Sathe AH. An audit of admissions and mortality of orthopedic indoor patients in a tertiary care hospital of India. J Clin Orthop Trauma. 2020;11(Suppl 4):S518-S521. doi:10.1016/j.jcot.2020.04.012. PMID: 32774021.",
1518,orthopaedic,Orthopaedics – Arthroplasty,,"Preoperative Anemia Screening and Treatment Practices in Patients Having Total Joint Replacement Surgery: A Retrospective, Observational Audit.",,,,"published, pending extraction",https://pmc.ncbi.nlm.nih.gov/articles/PMC7418168/,,Australia,True,,,,,,,,,,,,Delaforce A; Galeel L; Poon E; Hurst C; Duff J; Munday J; Hardy J,Journal of blood medicine,2020,10.2147/jbm.s254116,32821186,PMC7418168,cc by-nc,True,"Delaforce A, Galeel L, Poon E, Hurst C, Duff J, Munday J, et al.. Preoperative Anemia Screening and Treatment Practices in Patients Having Total Joint Replacement Surgery: A Retrospective, Observational Audit. J Blood Med. 2020;11:259-265. doi:10.2147/jbm.s254116. PMID: 32821186.",
1519,orthopaedic,Orthopaedics – Theatre and perioperative,,Identifying targets for improvement using a nationally standardized survey: Surgical antimicrobial prophylaxis in orthopedic surgery.,,,,"published, pending extraction",https://pubmed.ncbi.nlm.nih.gov/32838821/,,Australia,False,,,,,,,,,,,,Ierano CE; Thursky K; Marshall C; Koning S; James R; Johnson S; Imam N; Worth LJ; Peel T,Infection control and hospital epidemiology,2020,10.1017/ice.2020.320,32838821,,not reported,False,"Ierano CE, Thursky K, Marshall C, Koning S, James R, Johnson S, et al.. Identifying targets for improvement using a nationally standardized survey: Surgical antimicrobial prophylaxis in orthopedic surgery. Infect Control Hosp Epidemiol. 2020;41(12):1419-1428. doi:10.1017/ice.2020.320. PMID: 32838821.",
1520,orthopaedic,Orthopaedics – Shoulder and elbow,,Postoperative Pain Management and the Incidence of Ipsilateral Shoulder Pain After Thoracic Surgery at an Australian Tertiary-Care Hospital: A Prospective Audit.,,,,"published, pending extraction",https://pubmed.ncbi.nlm.nih.gov/32863141/,,Australia,False,,,,,,,,,,,,Hodge A; Rapchuk IL; Gurunathan U,Journal of cardiothoracic and vascular anesthesia,2021,10.1053/j.jvca.2020.07.078,32863141,,not reported,False,"Hodge A, Rapchuk IL, Gurunathan U. Postoperative Pain Management and the Incidence of Ipsilateral Shoulder Pain After Thoracic Surgery at an Australian Tertiary-Care Hospital: A Prospective Audit. J Cardiothorac Vasc Anesth. 2021;35(2):555-562. doi:10.1053/j.jvca.2020.07.078. PMID: 32863141.",
1521,orthopaedic,Orthopaedics – Theatre and perioperative,,Usefulness of Royal College of Surgeons of England operation note guidelines to neurosurgical practice: a closed loop audit.,,,,"published, pending extraction",https://pubmed.ncbi.nlm.nih.gov/32930608/,,UK,True,,,,,,,,,,,,Bradley R; Bremner M; McKinley A; Lammy S,British journal of neurosurgery,2021,10.1080/02688697.2020.1817858,32930608,,not reported,False,"Bradley R, Bremner M, McKinley A, Lammy S. Usefulness of Royal College of Surgeons of England operation note guidelines to neurosurgical practice: a closed loop audit. Br J Neurosurg. 2021;35(4):418-423. doi:10.1080/02688697.2020.1817858. PMID: 32930608.",
1522,orthopaedic,Orthopaedics – Trauma,,The success of virtual clinics during COVID-19: A closed loop audit of the British orthopaedic association (BOAST) guidelines of outpatient orthopaedic fracture management.,,,,"published, pending extraction",https://pmc.ncbi.nlm.nih.gov/articles/PMC7493733/,,UK,True,,,,,,,,,,,,Dunkerley S; Kurar L; Butler K; James M; Lowdon I,Injury,2020,10.1016/j.injury.2020.09.012,32951919,PMC7493733,not reported,True,"Dunkerley S, Kurar L, Butler K, James M, Lowdon I. The success of virtual clinics during COVID-19: A closed loop audit of the British orthopaedic association (BOAST) guidelines of outpatient orthopaedic fracture management. Injury. 2020;51(12):2822-2826. doi:10.1016/j.injury.2020.09.012. PMID: 32951919.",
1523,orthopaedic,Orthopaedics – Hip fracture,,Diagnosis of overweight or obese malnutrition spells DOOM for hip fracture patients: A prospective audit.,,,,"published, pending extraction",https://pubmed.ncbi.nlm.nih.gov/32994070/,,Australia,False,,,,,,,,,,,,Bell JJ; Pulle RC; Lee HB; Ferrier R; Crouch A; Whitehouse SL,"Clinical nutrition (Edinburgh, Scotland)",2021,10.1016/j.clnu.2020.09.003,32994070,,not reported,False,"Bell JJ, Pulle RC, Lee HB, Ferrier R, Crouch A, Whitehouse SL. Diagnosis of overweight or obese malnutrition spells DOOM for hip fracture patients: A prospective audit. Clin Nutr. 2021;40(4):1905-1910. doi:10.1016/j.clnu.2020.09.003. PMID: 32994070.",
1524,orthopaedic,Orthopaedics – Arthroplasty,,Compliance with antibiotic prophylaxis guidelines in surgery: Results of a targeted audit in a large-scale region-based French hospital network.,,,,"published, pending extraction",https://pubmed.ncbi.nlm.nih.gov/33068683/,,France,False,,,,,,,,,,,,Prévost N; Gaultier A; Birgand G; Mocquard J; Terrien N; Rochais E; Dumont R,Infectious diseases now,2021,10.1016/j.medmal.2020.10.005,33068683,,not reported,False,"Prévost N, Gaultier A, Birgand G, Mocquard J, Terrien N, Rochais E, et al.. Compliance with antibiotic prophylaxis guidelines in surgery: Results of a targeted audit in a large-scale region-based French hospital network. Infect Dis Now. 2021;51(2):170-178. doi:10.1016/j.medmal.2020.10.005. PMID: 33068683.",
1525,orthopaedic,Orthopaedics – Foot and ankle,,Adequacy of clinical information in X-ray referrals for traumatic ankle injury with reference to the Ottawa Ankle Rules-a retrospective clinical audit.,,,,"published, pending extraction",https://pmc.ncbi.nlm.nih.gov/articles/PMC7548068/,,Australia,False,,,,,,,,,,,,Gomes YE; Chau M; Banwell HA; Davies J; Causby RS,PeerJ,2020,10.7717/peerj.10152,33083152,PMC7548068,cc by,True,"Gomes YE, Chau M, Banwell HA, Davies J, Causby RS. Adequacy of clinical information in X-ray referrals for traumatic ankle injury with reference to the Ottawa Ankle Rules-a retrospective clinical audit. PeerJ. 2020;8:e10152. doi:10.7717/peerj.10152. PMID: 33083152.",figures/PMC7548068/peerj-08-10152-g001.jpg | figures/PMC7548068/peerj-08-10152-g002.jpg
1526,orthopaedic,Orthopaedics – Hip fracture,,The National Hip Fracture Database is only as good as the data we feed it - significant inaccuracy demonstrated and how to improve it.,,,,"published, pending extraction",https://pubmed.ncbi.nlm.nih.gov/33143866/,,UK,True,,,,,,,,,,,,Maling LC; Gray-Stephens CE; Malik-Tabassum K; Weiner OJ; Marples MR; Faria GP; Middleton RG,Injury,2021,10.1016/j.injury.2020.10.079,33143866,,not reported,False,"Maling LC, Gray-Stephens CE, Malik-Tabassum K, Weiner OJ, Marples MR, Faria GP, et al.. The National Hip Fracture Database is only as good as the data we feed it - significant inaccuracy demonstrated and how to improve it. Injury. 2021;52(4):894-897. doi:10.1016/j.injury.2020.10.079. PMID: 33143866.",
1527,orthopaedic,Orthopaedics – Trauma,,National Metrics Improved Timeliness of Antibiotic Administration for Open Extremity Fractures.,,,,"published, pending extraction",https://pubmed.ncbi.nlm.nih.gov/33278206/,,not reported,False,,,,,,,,,,,,Shieh AK; Lucas JF; Shelton TJ; Wright AJ; Steffner RJ; Wolinsky PR,Journal of orthopaedic trauma,2021,10.1097/bot.0000000000002027,33278206,,not reported,False,"Shieh AK, Lucas JF, Shelton TJ, Wright AJ, Steffner RJ, Wolinsky PR. National Metrics Improved Timeliness of Antibiotic Administration for Open Extremity Fractures. J Orthop Trauma. 2021;35(8):437-441. doi:10.1097/bot.0000000000002027. PMID: 33278206.",
1528,orthopaedic,Orthopaedics – Trauma,,"Secondary Prevention of Hip Fragility Fractures During the COVID-19 Pandemic: Service Evaluation of ""MRS BAD BONES"".",,,,"published, pending extraction",https://pmc.ncbi.nlm.nih.gov/articles/PMC7772051/,,UK,True,,,,,,,,,,,,Stephens A; Rudd H; Stephens E; Ward J,JMIR aging,2020,10.2196/25607,33326412,PMC7772051,cc by,True,"Stephens A, Rudd H, Stephens E, Ward J. Secondary Prevention of Hip Fragility Fractures During the COVID-19 Pandemic: Service Evaluation of ""MRS BAD BONES"". JMIR Aging. 2020;3(2):e25607. doi:10.2196/25607. PMID: 33326412.",figures/PMC7772051/aging_v3i2e25607_fig1.jpg | figures/PMC7772051/aging_v3i2e25607_fig2.jpg | figures/PMC7772051/aging_v3i2e25607_fig3.jpg | figures/PMC7772051/aging_v3i2e25607_fig6.jpg | figures/PMC7772051/aging_v3i2e25607_fig4.jpg | figures/PMC7772051/aging_v3i2e25607_fig5.jpg
1529,orthopaedic,Orthopaedics – Foot and ankle,,The acute management of ankle fractures (Augment) study: A prospective trainee led national collaborative audit of the Boast 12 guidelines.,,,,"published, pending extraction",https://pubmed.ncbi.nlm.nih.gov/33414043/,,UK,True,,,,,,,,,,,,Fennelly JT; Gourbault LJ; Stedman T; Price MJ; Ward AE; AUGMENT Collaborative,The surgeon : journal of the Royal Colleges of Surgeons of Edinburgh and Ireland,2021,10.1016/j.surge.2020.11.001,33414043,,not reported,False,"Fennelly JT, Gourbault LJ, Stedman T, Price MJ, Ward AE, AUGMENT Collaborative. The acute management of ankle fractures (Augment) study: A prospective trainee led national collaborative audit of the Boast 12 guidelines. Surgeon. 2021;19(5):e237-e244. doi:10.1016/j.surge.2020.11.001. PMID: 33414043.",
1530,orthopaedic,Orthopaedics – Arthroplasty,,Getting it right first time (GIRFT): A closed loop study of hip arthroplasty documentation in a trauma and orthopaedic department.,,,,"published, pending extraction",https://pmc.ncbi.nlm.nih.gov/articles/PMC7785994/,,UK,True,,,,,,,,,,,,Sandhu J; Sharma H; Jabr Y; Sidaginamale R; Logishetty R; Cooke N; Brewster N,Annals of medicine and surgery (2012),2021,10.1016/j.amsu.2020.12.032,33437472,PMC7785994,cc by-nc-nd,True,"Sandhu J, Sharma H, Jabr Y, Sidaginamale R, Logishetty R, Cooke N, et al.. Getting it right first time (GIRFT): A closed loop study of hip arthroplasty documentation in a trauma and orthopaedic department. Ann Med Surg (Lond). 2021;61:110-114. doi:10.1016/j.amsu.2020.12.032. PMID: 33437472.",
1531,orthopaedic,Orthopaedics – Trauma,,Open lower limb fractures in the UK trauma system: A multicentre prospective audit of current practice.,,,,"published, pending extraction",https://pubmed.ncbi.nlm.nih.gov/33454063/,,UK,True,,,,,,,,,,,,Claireaux HA; Beaumont O; Griffin XL; OpFrac Collaborators,Injury,2021,10.1016/j.injury.2020.12.038,33454063,,not reported,False,"Claireaux HA, Beaumont O, Griffin XL, OpFrac Collaborators. Open lower limb fractures in the UK trauma system: A multicentre prospective audit of current practice. Injury. 2021;52(6):1374-1383. doi:10.1016/j.injury.2020.12.038. PMID: 33454063.",
1532,orthopaedic,Orthopaedics – Paediatric,,The fiscal impact of repeat imaging in a pediatric orthopedic clinic.,,,,"published, pending extraction",https://pubmed.ncbi.nlm.nih.gov/33534280/,,not reported,False,,,,,,,,,,,,Thompson CT; Bartolomei O; Vuillermin C,Journal of the American Association of Nurse Practitioners,2021,10.1097/jxx.0000000000000549,33534280,,not reported,False,"Thompson CT, Bartolomei O, Vuillermin C. The fiscal impact of repeat imaging in a pediatric orthopedic clinic. J Am Assoc Nurse Pract. 2021;33(12):1295-1299. doi:10.1097/jxx.0000000000000549. PMID: 33534280.",
1533,orthopaedic,Orthopaedics – Foot and ankle,,The Current UK Consensus on the Management of Weber B and Posterior Ankle Fractures: A Questionnaire Study as Part of the Acute Management of Ankle Fractures (AUGMENT) Audit.,,,,"published, pending extraction",https://pubmed.ncbi.nlm.nih.gov/33573901/,,UK,True,,,,,,,,,,,,Gourbault LJ; Fennelly JT; Stedman T; Price MJ; Ward AE; AUGMENT Collaborative,The Journal of foot and ankle surgery : official publication of the American College of Foot and Ankle Surgeons,2021,10.1053/j.jfas.2020.04.023,33573901,,not reported,False,"Gourbault LJ, Fennelly JT, Stedman T, Price MJ, Ward AE, AUGMENT Collaborative. The Current UK Consensus on the Management of Weber B and Posterior Ankle Fractures: A Questionnaire Study as Part of the Acute Management of Ankle Fractures (AUGMENT) Audit. J Foot Ankle Surg. 2021;60(4):669-675. doi:10.1053/j.jfas.2020.04.023. PMID: 33573901.",
1534,orthopaedic,Orthopaedics – Hip fracture,,Pre-operative resuscitation discussion with patients undergoing fractured neck of femur repair: a service evaluation and discussion of current standards.,,,,"published, pending extraction",https://pubmed.ncbi.nlm.nih.gov/33586032/,,UK,True,,,,,,,,,,,,Heylen J; Kemp O; Macdonald NJ; Mohamedfaris K; Scarborough A; Vats A,Archives of orthopaedic and trauma surgery,2022,10.1007/s00402-021-03806-2,33586032,,not reported,False,"Heylen J, Kemp O, Macdonald NJ, Mohamedfaris K, Scarborough A, Vats A. Pre-operative resuscitation discussion with patients undergoing fractured neck of femur repair: a service evaluation and discussion of current standards. Arch Orthop Trauma Surg. 2022;142(8):1769-1773. doi:10.1007/s00402-021-03806-2. PMID: 33586032.",
1535,orthopaedic,Orthopaedics – Arthroplasty,,Electronic Medical Record Audit Time Logs as a Measure of Preoperative Work Before Total Joint Arthroplasty.,,,,"published, pending extraction",https://pmc.ncbi.nlm.nih.gov/articles/PMC9454105/,,not reported,False,,,,,,,,,,,,Mohler SA; Mears SC; Kathiresan AR; Barnes CL; Stambough JB,The Journal of arthroplasty,2021,10.1016/j.arth.2021.01.050,33618957,PMC9454105,tdm,False,"Mohler SA, Mears SC, Kathiresan AR, Barnes CL, Stambough JB. Electronic Medical Record Audit Time Logs as a Measure of Preoperative Work Before Total Joint Arthroplasty. J Arthroplasty. 2021;36(7):2250-2253. doi:10.1016/j.arth.2021.01.050. PMID: 33618957.",
1536,orthopaedic,Orthopaedics – Knee,,Digital radiography reject analysis of examinations with multiple rejects: an Australian emergency imaging department clinical audit.,,,,"published, pending extraction",https://pmc.ncbi.nlm.nih.gov/articles/PMC8424327/,,Australia,False,,,,,,,,,,,,Stephenson-Smith B; Neep MJ; Rowntree P,Journal of medical radiation sciences,2021,10.1002/jmrs.468,33826800,PMC8424327,cc by-nc-nd,True,"Stephenson-Smith B, Neep MJ, Rowntree P. Digital radiography reject analysis of examinations with multiple rejects: an Australian emergency imaging department clinical audit. J Med Radiat Sci. 2021;68(3):245-252. doi:10.1002/jmrs.468. PMID: 33826800.",
1537,orthopaedic,Orthopaedics – Foot and ankle,,The UK Foot and Ankle COVID-19 National (FAlCoN) audit.,,,,"published, pending extraction",https://pmc.ncbi.nlm.nih.gov/articles/PMC8085618/,,UK,True,,,,,,,,,,,,Mangwani J; Malhotra K; Houchen-Wolloff L; Mason L; UK FAICoN Audit Collaborative,Bone & joint open,2021,10.1302/2633-1462.24.bjo-2021-0008.r1,33829856,PMC8085618,cc by-nc-nd,True,"Mangwani J, Malhotra K, Houchen-Wolloff L, Mason L, UK FAICoN Audit Collaborative. The UK Foot and Ankle COVID-19 National (FAlCoN) audit. Bone Jt Open. 2021;2(4):216-226. doi:10.1302/2633-1462.24.bjo-2021-0008.r1. PMID: 33829856.",
1538,orthopaedic,Orthopaedics – Arthroplasty,,Revolutionising rapid recovery: a quality improvement project in hip and knee replacement.,,,,"published, pending extraction",https://pmc.ncbi.nlm.nih.gov/articles/PMC8061820/,,UK,True,,,,,,,,,,,,Parkes RJ; Ayeko O; Brunton L; Griffiths-Jones W; Ungvari Z; Goss H,BMJ open quality,2021,10.1136/bmjoq-2020-001249,33879494,PMC8061820,cc by-nc,True,"Parkes RJ, Ayeko O, Brunton L, Griffiths-Jones W, Ungvari Z, Goss H. Revolutionising rapid recovery: a quality improvement project in hip and knee replacement. BMJ Open Qual. 2021;10(2):e001249. doi:10.1136/bmjoq-2020-001249. PMID: 33879494.",
1539,orthopaedic,Orthopaedics – Theatre and perioperative,,Do we achieve the Montgomery standard for consent in orthopaedic surgery?,,,,"published, pending extraction",https://pubmed.ncbi.nlm.nih.gov/33914632/,,UK,True,,,,,,,,,,,,Tonge XN; Crouch-Smith H; Bhalaik V; Harrison WD,"British journal of hospital medicine (London, England : 2005)",2021,10.12968/hmed.2020.0504,33914632,,not reported,False,"Tonge XN, Crouch-Smith H, Bhalaik V, Harrison WD. Do we achieve the Montgomery standard for consent in orthopaedic surgery?. Br J Hosp Med (Lond). 2021;82(4):1-7. doi:10.12968/hmed.2020.0504. PMID: 33914632.",
1540,orthopaedic,Orthopaedics – Arthroplasty,,Improving Arthroplasty Efficiency and Quality Through Concentrating Service Volume by Complexity: Surviving the Medicare Policy Changes.,,,,"published, pending extraction",https://pubmed.ncbi.nlm.nih.gov/33931281/,,not reported,False,,,,,,,,,,,,Iorio R; Peavy PR; Keyes DW; Dempsey SM; McCready DO; Kang JD,The Journal of arthroplasty,2021,10.1016/j.arth.2021.04.005,33931281,,not reported,False,"Iorio R, Peavy PR, Keyes DW, Dempsey SM, McCready DO, Kang JD. Improving Arthroplasty Efficiency and Quality Through Concentrating Service Volume by Complexity: Surviving the Medicare Policy Changes. J Arthroplasty. 2021;36(9):3055-3059. doi:10.1016/j.arth.2021.04.005. PMID: 33931281.",
1541,orthopaedic,Orthopaedics – Arthroplasty,,Management of prosthetic joint infections in France: a national audit to identify key situations requiring innovation and homogenization.,,,,"published, pending extraction",https://pmc.ncbi.nlm.nih.gov/articles/PMC8088082/,,France,False,,,,,,,,,,,,Le Maréchal M; Cavalli Z; Batailler C; Gonzalez JF; Ferreira A; Lustig S; Ferry T; Courjon J,BMC infectious diseases,2021,10.1186/s12879-021-06075-x,33933020,PMC8088082,cc by,True,"Le Maréchal M, Cavalli Z, Batailler C, Gonzalez JF, Ferreira A, Lustig S, et al.. Management of prosthetic joint infections in France: a national audit to identify key situations requiring innovation and homogenization. BMC Infect Dis. 2021;21(1):401. doi:10.1186/s12879-021-06075-x. PMID: 33933020.",figures/PMC8088082/12879_2021_6075_Fig1_HTML.jpg
1542,orthopaedic,Orthopaedics – Spine,,Perioperative antibiotic prophylaxis in spinal surgery.,,,,"published, pending extraction",https://pmc.ncbi.nlm.nih.gov/articles/PMC8112232/,,Egypt,False,,,,,,,,,,,,Shawky Abdelgawaad A; El Sadik MHM; Hassan KM; El-Sharkawi M,SICOT-J,2021,10.1051/sicotj/2021029,33973847,PMC8112232,cc by,True,"Shawky Abdelgawaad A, El Sadik MHM, Hassan KM, El-Sharkawi M. Perioperative antibiotic prophylaxis in spinal surgery. SICOT J. 2021;7:31. doi:10.1051/sicotj/2021029. PMID: 33973847.",figures/PMC8112232/sicotj-7-31-fig1.jpg | figures/PMC8112232/sicotj-7-31-fig2.jpg | figures/PMC8112232/sicotj-7-31-fig3.jpg
1543,orthopaedic,Orthopaedics – Trauma,,"Neonatal and postneonatal tetanus at a referral hospital in Kamsar, Guinea: a retrospective audit of paediatric records (2014-2018).",,,,"published, pending extraction",https://pmc.ncbi.nlm.nih.gov/articles/PMC9450648/,,UK,True,,,,,,,,,,,,Condé I; Cherif MS; Dahal P; Hyjazi ME; Camara F; Diaby M; Diallo AS; Aderoba AK; Conde F; Diallo ML; Diallo FB; Dia H; Diallo MP; Delamou A; Sy T,International health,2022,10.1093/inthealth/ihab021,34048561,PMC9450648,cc by,True,"Condé I, Cherif MS, Dahal P, Hyjazi ME, Camara F, Diaby M, et al.. Neonatal and postneonatal tetanus at a referral hospital in Kamsar, Guinea: a retrospective audit of paediatric records (2014-2018). Int Health. 2022;14(5):468-474. doi:10.1093/inthealth/ihab021. PMID: 34048561.",figures/PMC9450648/ihab021fig1.jpg | figures/PMC9450648/ihab021fig2.jpg
1544,orthopaedic,Orthopaedics – Hip fracture,,IMPACT of COVID-19 on hip fracture services: A global survey by the International Multicentre Project Auditing COVID-19 in Trauma & Orthopaedics.,,,,"published, pending extraction",https://pmc.ncbi.nlm.nih.gov/articles/PMC8141714/,,Ireland,True,,,,,,,,,,,,Hall AJ; Clement ND; MacLullich AMJ; Ojeda-Thies C; Hoefer C; Brent L; White TO; Duckworth AD,The surgeon : journal of the Royal Colleges of Surgeons of Edinburgh and Ireland,2022,10.1016/j.surge.2021.04.007,34103268,PMC8141714,not reported,True,"Hall AJ, Clement ND, MacLullich AMJ, Ojeda-Thies C, Hoefer C, Brent L, et al.. IMPACT of COVID-19 on hip fracture services: A global survey by the International Multicentre Project Auditing COVID-19 in Trauma & Orthopaedics. Surgeon. 2022;20(4):237-240. doi:10.1016/j.surge.2021.04.007. PMID: 34103268.",
1545,orthopaedic,Orthopaedics – Trauma,,Pain management in adults during long-bone fracture reduction in the Gaza Strip: a clinical audit.,,,,"published, pending extraction",https://pmc.ncbi.nlm.nih.gov/articles/PMC8617322/,,not reported,False,,,,,,,,,,,,Lubbad M; Ahmad M; Adwan H; Al-Ra'of Sammor A; Böttcher B,"Lancet (London, England)",2021,10.1016/s0140-6736(21)01522-1,34227969,PMC8617322,not reported,True,"Lubbad M, Ahmad M, Adwan H, Al-Ra'of Sammor A, Böttcher B. Pain management in adults during long-bone fracture reduction in the Gaza Strip: a clinical audit. Lancet. 2021;398 Suppl 1:S36. doi:10.1016/s0140-6736(21)01522-1. PMID: 34227969.",
1546,orthopaedic,Orthopaedics – Theatre and perioperative,,Retrospective Review of Perioperative Multimodal Analgesia for Orthopedic Patients in a Veterans Affairs Setting.,,,,"published, pending extraction",https://pubmed.ncbi.nlm.nih.gov/34311818/,,not reported,False,,,,,,,,,,,,Vartan CM; Romero NM; DiScala SL; Brooks A; Melendez-Benabe J; Silverman M,The Senior care pharmacist,2021,10.4140/tcp.n.2021.397,34311818,,not reported,False,"Vartan CM, Romero NM, DiScala SL, Brooks A, Melendez-Benabe J, Silverman M. Retrospective Review of Perioperative Multimodal Analgesia for Orthopedic Patients in a Veterans Affairs Setting. Sr Care Pharm. 2021;36(8):397-408. doi:10.4140/tcp.n.2021.397. PMID: 34311818.",
1547,orthopaedic,Orthopaedics – Hip fracture,,Crossing quartiles: Improving time to theatre for patients with hip fractures in a large UK district general hospital; A quality improvement report.,,,,"published, pending extraction",https://pubmed.ncbi.nlm.nih.gov/34417002/,,UK,True,,,,,,,,,,,,Anthony C; Malaj M; Lokanathan P; Murgatroyd J; O'Connor P,Injury,2021,10.1016/j.injury.2021.08.015,34417002,,not reported,False,"Anthony C, Malaj M, Lokanathan P, Murgatroyd J, O'Connor P. Crossing quartiles: Improving time to theatre for patients with hip fractures in a large UK district general hospital; A quality improvement report. Injury. 2021;52(11):3415-3419. doi:10.1016/j.injury.2021.08.015. PMID: 34417002.",
1548,orthopaedic,Orthopaedics – Arthroplasty,,"CRISTAL (a cluster-randomised, crossover, non-inferiority trial of aspirin compared to low molecular weight heparin for venous thromboembolism prophylaxis in hip or knee arthroplasty, a registry nested study): statistical analysis plan.",,,,"published, pending extraction",https://pmc.ncbi.nlm.nih.gov/articles/PMC8383378/,,UK,True,,,,,,,,,,,,Sidhu VS; Kelly TL; Pratt N; Graves S; Buchbinder R; Naylor J; de Steiger R; Ackerman I; Adie S; Lorimer M; Bastiras D; Cashman K; Harris I,Trials,2021,10.1186/s13063-021-05486-0,34429127,PMC8383378,cc by,True,"Sidhu VS, Kelly TL, Pratt N, Graves S, Buchbinder R, Naylor J, et al.. CRISTAL (a cluster-randomised, crossover, non-inferiority trial of aspirin compared to low molecular weight heparin for venous thromboembolism prophylaxis in hip or knee arthroplasty, a registry nested study): statistical analysis plan. Trials. 2021;22(1):564. doi:10.1186/s13063-021-05486-0. PMID: 34429127.",figures/PMC8383378/13063_2021_5486_Fig1_HTML.jpg | figures/PMC8383378/13063_2021_5486_Fig2_HTML.jpg | figures/PMC8383378/13063_2021_5486_Fig3_HTML.jpg | figures/PMC8383378/13063_2021_5486_Fig4_HTML.jpg
1549,orthopaedic,Orthopaedics – Trauma,,Length of stay outcomes in patients receiving ketamine sedation versus Bier's block anaesthesia for procedural closed fracture reduction: A retrospective audit of paediatric emergency department patients.,,,,"published, pending extraction",https://pubmed.ncbi.nlm.nih.gov/34459117/,,UK,True,,,,,,,,,,,,Kwong A; Aldridge ES; Jayawardana R; Brookwick A; Miller J; Buntine PG,Emergency medicine Australasia : EMA,2022,10.1111/1742-6723.13844,34459117,,not reported,False,"Kwong A, Aldridge ES, Jayawardana R, Brookwick A, Miller J, Buntine PG. Length of stay outcomes in patients receiving ketamine sedation versus Bier's block anaesthesia for procedural closed fracture reduction: A retrospective audit of paediatric emergency department patients. Emerg Med Australas. 2022;34(1):73-77. doi:10.1111/1742-6723.13844. PMID: 34459117.",
1550,orthopaedic,Orthopaedics – Hip fracture,,Clinical Audit as a Quality Improvement Tool in Measurements of Lying and Standing Blood Pressure for Elderly Patients Admitted With a Hip Fracture.,,,,"published, pending extraction",https://pmc.ncbi.nlm.nih.gov/articles/PMC8412212/,,not reported,True,,,,,,,,,,,,Okereke IC; Mmerem K; Aly M,Cureus,2021,10.7759/cureus.16781,34513388,PMC8412212,cc by,True,"Okereke IC, Mmerem K, Aly M. Clinical Audit as a Quality Improvement Tool in Measurements of Lying and Standing Blood Pressure for Elderly Patients Admitted With a Hip Fracture. Cureus. 2021;13(7):e16781. doi:10.7759/cureus.16781. PMID: 34513388.",figures/PMC8412212/cureus-0013-00000016781-i01.jpg | figures/PMC8412212/cureus-0013-00000016781-i02.jpg
1551,orthopaedic,Orthopaedics – Trauma,,Optimizing orthopedic trauma care delivery during the COVID-19 pandemic. A closed-loop audit of implementing a virtual fracture clinic and fast-track pathway in a Dutch level 2 trauma center.,,,,"published, pending extraction",https://pmc.ncbi.nlm.nih.gov/articles/PMC8491002/,,Netherlands,False,,,,,,,,,,,,Geerdink TH; Salentijn DA; de Vries KA; Noordman PCW; van Dongen JM; Haverlag R; Goslings JC; van Veen RN,Trauma surgery & acute care open,2021,10.1136/tsaco-2021-000691,34632079,PMC8491002,cc by-nc,True,"Geerdink TH, Salentijn DA, de Vries KA, Noordman PCW, van Dongen JM, Haverlag R, et al.. Optimizing orthopedic trauma care delivery during the COVID-19 pandemic. A closed-loop audit of implementing a virtual fracture clinic and fast-track pathway in a Dutch level 2 trauma center. Trauma Surg Acute Care Open. 2021;6(1):e000691. doi:10.1136/tsaco-2021-000691. PMID: 34632079.",
1552,orthopaedic,Orthopaedics – Arthroplasty,,Functional outcomes and complications of total hip arthroplasty with dual mobility cup : an audit.,,,,"published, pending extraction",https://pubmed.ncbi.nlm.nih.gov/34634024/,,Pakistan,False,,,,,,,,,,,,Khan Durrani MY; Saeed J; Umer M; Hashmi P,JPMA. The Journal of the Pakistan Medical Association,2021,,34634024,,not reported,False,"Khan Durrani MY, Saeed J, Umer M, Hashmi P. Functional outcomes and complications of total hip arthroplasty with dual mobility cup : an audit. J Pak Med Assoc. 2021;71(Suppl 5)(8):S87-S89. PMID: 34634024.",
1553,orthopaedic,Orthopaedics – Hip fracture,,Fascia Iliaca Compartment Block for Hip Fractures: Improving Clinical Practice by Audit.,,,,"published, pending extraction",https://pmc.ncbi.nlm.nih.gov/articles/PMC8502730/,,UK,True,,,,,,,,,,,,Okereke IC; Abdelmonem M,Cureus,2021,10.7759/cureus.17836,34660043,PMC8502730,cc by,True,"Okereke IC, Abdelmonem M. Fascia Iliaca Compartment Block for Hip Fractures: Improving Clinical Practice by Audit. Cureus. 2021;13(9):e17836. doi:10.7759/cureus.17836. PMID: 34660043.",figures/PMC8502730/cureus-0013-00000017836-i01.jpg | figures/PMC8502730/cureus-0013-00000017836-i02.jpg | figures/PMC8502730/cureus-0013-00000017836-i03.jpg
1554,orthopaedic,Orthopaedics – Arthroplasty,,Introduction of an enhanced recovery programme for total shoulder arthroplasty: report of a novel pathway.,,,,"published, pending extraction",https://pmc.ncbi.nlm.nih.gov/articles/PMC8529974/,,UK,True,,,,,,,,,,,,Morgan ML; Davies-Jones GR; Ibrahim EF; Booker SJ; Bateman M; Tambe AA; Clark DI,BMJ open quality,2021,10.1136/bmjoq-2021-001371,34670774,PMC8529974,cc by-nc,True,"Morgan ML, Davies-Jones GR, Ibrahim EF, Booker SJ, Bateman M, Tambe AA, et al.. Introduction of an enhanced recovery programme for total shoulder arthroplasty: report of a novel pathway. BMJ Open Qual. 2021;10(4):e001371. doi:10.1136/bmjoq-2021-001371. PMID: 34670774.",
1555,orthopaedic,Orthopaedics – Theatre and perioperative,,Use of abbreviations in consent forms for orthopaedic surgery: A pilot study.,,,,"published, pending extraction",https://pmc.ncbi.nlm.nih.gov/articles/PMC8529392/,,UK,True,,,,,,,,,,,,Khan MNH; Shafiq H; Ilyas MW; Jamshed MH; Qureshi AI; Khan BG; Anjum N,Annals of medicine and surgery (2012),2021,10.1016/j.amsu.2021.102949,34712478,PMC8529392,cc by-nc-nd,True,"Khan MNH, Shafiq H, Ilyas MW, Jamshed MH, Qureshi AI, Khan BG, et al.. Use of abbreviations in consent forms for orthopaedic surgery: A pilot study. Ann Med Surg (Lond). 2021;71:102949. doi:10.1016/j.amsu.2021.102949. PMID: 34712478.",
1556,orthopaedic,Orthopaedics – Hip fracture,,"The impact of the frequency, duration and type of physiotherapy on discharge after hip fracture surgery: a secondary analysis of UK national linked audit data.",,,,"published, pending extraction",https://pmc.ncbi.nlm.nih.gov/articles/PMC8930962/,,UK,True,,,,,,,,,,,,Goubar A; Ayis S; Beaupre L; Cameron ID; Milton-Cole R; Gregson CL; Johansen A; Kristensen MT; Magaziner J; Martin FC; Sackley C; Sadler E; Smith TO; Sobolev B; Sheehan KJ,Osteoporosis international : a journal established as result of cooperation between the European Foundation for Osteoporosis and the National Osteoporosis Foundation of the USA,2022,10.1007/s00198-021-06195-9,34748023,PMC8930962,cc by-nc,True,"Goubar A, Ayis S, Beaupre L, Cameron ID, Milton-Cole R, Gregson CL, et al.. The impact of the frequency, duration and type of physiotherapy on discharge after hip fracture surgery: a secondary analysis of UK national linked audit data. Osteoporos Int. 2022;33(4):839-850. doi:10.1007/s00198-021-06195-9. PMID: 34748023.",
1557,orthopaedic,Orthopaedics – Hip fracture,,Improving Secondary Bone Protection Prescription in Patients Admitted With a Femoral Neck Fracture.,,,,"published, pending extraction",https://pmc.ncbi.nlm.nih.gov/articles/PMC8600251/,,UK,True,,,,,,,,,,,,Hamid M; Chikhlia A; Gogna A,Cureus,2021,10.7759/cureus.18883,34820213,PMC8600251,cc by,True,"Hamid M, Chikhlia A, Gogna A. Improving Secondary Bone Protection Prescription in Patients Admitted With a Femoral Neck Fracture. Cureus. 2021;13(10):e18883. doi:10.7759/cureus.18883. PMID: 34820213.",figures/PMC8600251/cureus-0013-00000018883-i01.jpg | figures/PMC8600251/cureus-0013-00000018883-i02.jpg | figures/PMC8600251/cureus-0013-00000018883-i03.jpg | figures/PMC8600251/cureus-0013-00000018883-i04.jpg | figures/PMC8600251/cureus-0013-00000018883-i05.jpg
1558,orthopaedic,Orthopaedics – Hip fracture,,[The Spanish National Hip Fractures Registry (RNFC) and the Minimum Basic Data Set (CMBD) are useful for research on hip fractures: comparison of two registries.],,,,"published, pending extraction",https://pubmed.ncbi.nlm.nih.gov/34821224/,,not reported,False,,,,,,,,,,,,Otero Puime Á; Gutiérrez-Misis A; Toledo-Bartolomé D; Sáez-López P; Gómez-Campelo P; Ojeda-Thies C; Mazzucchelli R; González-Montalvo JI,Revista espanola de salud publica,2021,,34821224,,not reported,False,"Otero Puime Á, Gutiérrez-Misis A, Toledo-Bartolomé D, Sáez-López P, Gómez-Campelo P, Ojeda-Thies C, et al.. [The Spanish National Hip Fractures Registry (RNFC) and the Minimum Basic Data Set (CMBD) are useful for research on hip fractures: comparison of two registries.]. Rev Esp Salud Publica. 2021;95:e202111195. PMID: 34821224.",
1559,orthopaedic,Orthopaedics – Arthroplasty,,Functional and Cost Audit of Primary Total Knee Arthroplasty in Public vs Private Hospitals: A Retrospective Cohort Study.,,,,"published, pending extraction",https://pmc.ncbi.nlm.nih.gov/articles/PMC8586138/,,India,False,,,,,,,,,,,,Vaidya SV; Desai KB; Chavan AS; Vaghasia DT; Vaidya CS,Indian journal of orthopaedics,2021,10.1007/s43465-021-00362-0,34824730,PMC8586138,not reported,False,"Vaidya SV, Desai KB, Chavan AS, Vaghasia DT, Vaidya CS. Functional and Cost Audit of Primary Total Knee Arthroplasty in Public vs Private Hospitals: A Retrospective Cohort Study. Indian J Orthop. 2021;55(5):1306-1316. doi:10.1007/s43465-021-00362-0. PMID: 34824730.",
1560,orthopaedic,Orthopaedics – Theatre and perioperative,,Improving the Quality of Medical Documentation in Orthopedic Surgical Notes Using the Surgical Tool for Auditing Records (STAR) Score.,,,,"published, pending extraction",https://pmc.ncbi.nlm.nih.gov/articles/PMC8635467/,,Jordan,False,,,,,,,,,,,,Mafrachi B; Al-Ani A; Al Debei A; Elfawair M; Al-Somadi H; Shahin M; Alda'as Y; Ajlouni J; Bani Hani A; Abu Abeeleh M,Cureus,2021,10.7759/cureus.19193,34873533,PMC8635467,cc by,True,"Mafrachi B, Al-Ani A, Al Debei A, Elfawair M, Al-Somadi H, Shahin M, et al.. Improving the Quality of Medical Documentation in Orthopedic Surgical Notes Using the Surgical Tool for Auditing Records (STAR) Score. Cureus. 2021;13(11):e19193. doi:10.7759/cureus.19193. PMID: 34873533.",figures/PMC8635467/cureus-0013-00000019193-i01.jpg | figures/PMC8635467/cureus-0013-00000019193-i02.jpg | figures/PMC8635467/cureus-0013-00000019193-i03.jpg | figures/PMC8635467/cureus-0013-00000019193-i04.jpg | figures/PMC8635467/cureus-0013-00000019193-i05.jpg | figures/PMC8635467/cureus-0013-00000019193-i06.jpg | figures/PMC8635467/cureus-0013-00000019193-i07.jpg
1561,orthopaedic,Orthopaedics – Foot and ankle,,Results From an All Wales Trainee Led Collaborative Prospective Audit on Management of Ankle Fractures.,,,,"published, pending extraction",https://pmc.ncbi.nlm.nih.gov/articles/PMC8648132/,,UK,True,,,,,,,,,,,,Gokhale S; D'sa P; Agarwal R; Clutton J; Roy K; Carpenter EC; Mohanty K; Hodgson P,Cureus,2021,10.7759/cureus.19269,34900463,PMC8648132,cc by,True,"Gokhale S, D'sa P, Agarwal R, Clutton J, Roy K, Carpenter EC, et al.. Results From an All Wales Trainee Led Collaborative Prospective Audit on Management of Ankle Fractures. Cureus. 2021;13(11):e19269. doi:10.7759/cureus.19269. PMID: 34900463.",
1562,orthopaedic,Orthopaedics – Trauma,,Informed Written Consent for Orthopaedic Trauma in the Emergency Setting at a Tertiary Referral Centre: A Closed-Loop Audit.,,,,"published, pending extraction",https://pmc.ncbi.nlm.nih.gov/articles/PMC8654130/,,Ireland,True,,,,,,,,,,,,Davey MS; Davey MG; Mohan K; O'Driscoll CS; Murphy CG,Cureus,2021,10.7759/cureus.19460,34926032,PMC8654130,cc by,True,"Davey MS, Davey MG, Mohan K, O'Driscoll CS, Murphy CG. Informed Written Consent for Orthopaedic Trauma in the Emergency Setting at a Tertiary Referral Centre: A Closed-Loop Audit. Cureus. 2021;13(11):e19460. doi:10.7759/cureus.19460. PMID: 34926032.",
1563,orthopaedic,Orthopaedics – Theatre and perioperative,,Use of Triggers to Detect Adverse Events After Outpatient Orthopedic Surgery at a Single Ambulatory Surgery Center.,,,,"published, pending extraction",https://pubmed.ncbi.nlm.nih.gov/35021026/,,not reported,False,,,,,,,,,,,,Calem DB; Horan DP; Taylor MT; McEntee RM; Pedowitz DI; Emper WD; Ilyas AM,Orthopedics,2022,10.3928/01477447-20220105-07,35021026,,not reported,False,"Calem DB, Horan DP, Taylor MT, McEntee RM, Pedowitz DI, Emper WD, et al.. Use of Triggers to Detect Adverse Events After Outpatient Orthopedic Surgery at a Single Ambulatory Surgery Center. Orthopedics. 2022;45(2):116-121. doi:10.3928/01477447-20220105-07. PMID: 35021026.",
1564,orthopaedic,Orthopaedics – Hip fracture,,Patients Lacking the Capacity to Consent to Hip Fracture Surgery May Be Undergoing Major Operations Without Their Next of Kin Being Involved in Best-Interests Decisions: A Quality Improvement Report.,,,,"published, pending extraction",https://pmc.ncbi.nlm.nih.gov/articles/PMC8742997/,,UK,True,,,,,,,,,,,,Zalmay P; Collis J; Wilson H,Cureus,2021,10.7759/cureus.20322,35028219,PMC8742997,cc by,True,"Zalmay P, Collis J, Wilson H. Patients Lacking the Capacity to Consent to Hip Fracture Surgery May Be Undergoing Major Operations Without Their Next of Kin Being Involved in Best-Interests Decisions: A Quality Improvement Report. Cureus. 2021;13(12):e20322. doi:10.7759/cureus.20322. PMID: 35028219.",figures/PMC8742997/cureus-0013-00000020322-i01.jpg | figures/PMC8742997/cureus-0013-00000020322-i02.jpg | figures/PMC8742997/cureus-0013-00000020322-i03.jpg | figures/PMC8742997/cureus-0013-00000020322-i04.jpg
1565,orthopaedic,Orthopaedics – Trauma,,"A retrospective analysis of the definitive management of open talus fractures at a major trauma centre, comparing ORIF to FUSION: cohort study and audit of BOAST 4 guidelines.",,,,"published, pending extraction",https://pmc.ncbi.nlm.nih.gov/articles/PMC8759602/,,UK,True,,,,,,,,,,,,Zhou AK; Jou E; Patel R; Bhatti F; Modi N; Lu V; Zhang J; Krkovic M,European journal of orthopaedic surgery & traumatology : orthopedie traumatologie,2023,10.1007/s00590-022-03204-3,35031854,PMC8759602,cc by,True,"Zhou AK, Jou E, Patel R, Bhatti F, Modi N, Lu V, et al.. A retrospective analysis of the definitive management of open talus fractures at a major trauma centre, comparing ORIF to FUSION: cohort study and audit of BOAST 4 guidelines. Eur J Orthop Surg Traumatol. 2023;33(2):393-400. doi:10.1007/s00590-022-03204-3. PMID: 35031854.",figures/PMC8759602/590_2022_3204_Fig1_HTML.jpg
1566,orthopaedic,Orthopaedics – Spine,,Unstable fractures of the thoracic and lumbar spine: the audit of an 8-year series with early reduction using Harrington instrumentation.,,,,"published, pending extraction",https://pubmed.ncbi.nlm.nih.gov/3508849/,,not reported,False,,,,,,,,,,,,Böstman OM; Myllynen PJ; Riska EB,Injury,1987,10.1016/0020-1383(87)90135-5,3508849,,not reported,False,"Böstman OM, Myllynen PJ, Riska EB. Unstable fractures of the thoracic and lumbar spine: the audit of an 8-year series with early reduction using Harrington instrumentation. Injury. 1987;18(3):190-195. doi:10.1016/0020-1383(87)90135-5. PMID: 3508849.",
1567,orthopaedic,Orthopaedics – Spine,,Compliance With the Cauda Equina Pathway: Results of a Closed-Loop Audit.,,,,"published, pending extraction",https://pmc.ncbi.nlm.nih.gov/articles/PMC8801035/,,UK,True,,,,,,,,,,,,Ago E; Mohammed GDF; Maqsood S; Mohaddis M; Chandran P,Cureus,2021,10.7759/cureus.20843,35141091,PMC8801035,cc by,True,"Ago E, Mohammed GDF, Maqsood S, Mohaddis M, Chandran P. Compliance With the Cauda Equina Pathway: Results of a Closed-Loop Audit. Cureus. 2021;13(12):e20843. doi:10.7759/cureus.20843. PMID: 35141091.",figures/PMC8801035/cureus-0013-00000020843-i01.jpg | figures/PMC8801035/cureus-0013-00000020843-i02.jpg
1568,orthopaedic,Orthopaedics – Trauma,,Preventing pressure ulcers from paediatric femoral traction: use of an audit cycle to assess a new concise manual and a daily care chart.,,,,"published, pending extraction",https://pmc.ncbi.nlm.nih.gov/articles/PMC9889178/,,UK,True,,,,,,,,,,,,Mourkus H; Hussain S; Khalefa MA; Vadivelu R; Prem H,Annals of the Royal College of Surgeons of England,2023,10.1308/rcsann.2021.0282,35174721,PMC9889178,not reported,False,"Mourkus H, Hussain S, Khalefa MA, Vadivelu R, Prem H. Preventing pressure ulcers from paediatric femoral traction: use of an audit cycle to assess a new concise manual and a daily care chart. Ann R Coll Surg Engl. 2023;105(2):173-177. doi:10.1308/rcsann.2021.0282. PMID: 35174721.",
1569,orthopaedic,Orthopaedics – Arthroplasty,,Can introducing a direct endocrine pathway reduce hyponatraemia in elective knee and hip replacements? A closed-loop audit and service evaluation study.,,,,"published, pending extraction",https://pmc.ncbi.nlm.nih.gov/articles/PMC12400453/,,UK,True,,,,,,,,,,,,Waller M; Barkley S; Harrison T,Annals of the Royal College of Surgeons of England,2025,10.1308/rcsann.2021.0296,35175142,PMC12400453,cc by,True,"Waller M, Barkley S, Harrison T. Can introducing a direct endocrine pathway reduce hyponatraemia in elective knee and hip replacements? A closed-loop audit and service evaluation study. Ann R Coll Surg Engl. 2025;107(7):469-472. doi:10.1308/rcsann.2021.0296. PMID: 35175142.",figures/PMC12400453/rcsann.2021.0296.01.jpg | figures/PMC12400453/rcsann.2021.0296.02.jpg | figures/PMC12400453/rcsann.2021.0296.03.jpg | figures/PMC12400453/rcsann.2021.0296.04.jpg
1570,orthopaedic,Orthopaedics – Spine,,An audit of computed tomography request practices for suspected cervical spine injury post-guideline change in a tertiary referral paediatric hospital.,,,,"published, pending extraction",https://pubmed.ncbi.nlm.nih.gov/35212120/,,Australia,False,,,,,,,,,,,,Sires J; Ovenden C; Antoniou G; Robinson N; Williams N,ANZ journal of surgery,2022,10.1111/ans.17183,35212120,,not reported,False,"Sires J, Ovenden C, Antoniou G, Robinson N, Williams N. An audit of computed tomography request practices for suspected cervical spine injury post-guideline change in a tertiary referral paediatric hospital. ANZ J Surg. 2022;92(1-2):180-187. doi:10.1111/ans.17183. PMID: 35212120.",
1571,orthopaedic,Orthopaedics – Foot and ankle,,Rate of COVID-19 infection and 30 day mortality between blue and green (dedicated COVID-19 safe) pathways: Results from phase 1 and 2 of the UK foot and ankle COVID-19 national (UK-FAlCoN) audit.,,,,"published, pending extraction",https://pmc.ncbi.nlm.nih.gov/articles/PMC8872704/,,UK,True,,,,,,,,,,,,Malhotra K; Mangwani J; Houchen-Wollof L; Mason LW; UK – FalCoN Audit Collaborators,Foot and ankle surgery : official journal of the European Society of Foot and Ankle Surgeons,2022,10.1016/j.fas.2022.02.017,35256273,PMC8872704,not reported,True,"Malhotra K, Mangwani J, Houchen-Wollof L, Mason LW, UK – FalCoN Audit Collaborators. Rate of COVID-19 infection and 30 day mortality between blue and green (dedicated COVID-19 safe) pathways: Results from phase 1 and 2 of the UK foot and ankle COVID-19 national (UK-FAlCoN) audit. Foot Ankle Surg. 2022;28(7):1055-1063. doi:10.1016/j.fas.2022.02.017. PMID: 35256273.",
1572,orthopaedic,Orthopaedics – Hip fracture,,Perioperative administration of tranexamic acid in hip fracture surgery (The PATHS study): national audit of current practice.,,,,"published, pending extraction",https://pmc.ncbi.nlm.nih.gov/articles/PMC9889184/,,UK,True,,,,,,,,,,,,Berg AJ; Naylor T; Johnson DS; PATHS Study Collaborators,Annals of the Royal College of Surgeons of England,2023,10.1308/rcsann.2021.0273,35315731,PMC9889184,not reported,False,"Berg AJ, Naylor T, Johnson DS, PATHS Study Collaborators. Perioperative administration of tranexamic acid in hip fracture surgery (The PATHS study): national audit of current practice. Ann R Coll Surg Engl. 2023;105(2):142-149. doi:10.1308/rcsann.2021.0273. PMID: 35315731.",
1573,orthopaedic,Orthopaedics – Spine,,Surgical fixation of metastatic spine fractures: 6-months experience at a cancer hospital from a developing country - an audit.,,,,"published, pending extraction",https://pubmed.ncbi.nlm.nih.gov/35320180/,,Pakistan,False,,,,,,,,,,,,Arshad A; Yousaf I,JPMA. The Journal of the Pakistan Medical Association,2022,10.47391/jpma.3459,35320180,,not reported,False,"Arshad A, Yousaf I. Surgical fixation of metastatic spine fractures: 6-months experience at a cancer hospital from a developing country - an audit. J Pak Med Assoc. 2022;72(2):292-295. doi:10.47391/jpma.3459. PMID: 35320180.",
1574,orthopaedic,Orthopaedics – Hip fracture,,Validation and algorithmic audit of a deep learning system for the detection of proximal femoral fractures in patients in the emergency department: a diagnostic accuracy study.,,,,"published, pending extraction",https://pubmed.ncbi.nlm.nih.gov/35396184/,,Australia,False,,,,,,,,,,,,Oakden-Rayner L; Gale W; Bonham TA; Lungren MP; Carneiro G; Bradley AP; Palmer LJ,The Lancet. Digital health,2022,10.1016/s2589-7500(22)00004-8,35396184,,cc by,False,"Oakden-Rayner L, Gale W, Bonham TA, Lungren MP, Carneiro G, Bradley AP, et al.. Validation and algorithmic audit of a deep learning system for the detection of proximal femoral fractures in patients in the emergency department: a diagnostic accuracy study. Lancet Digit Health. 2022;4(5):e351-e358. doi:10.1016/s2589-7500(22)00004-8. PMID: 35396184.",
1575,orthopaedic,Orthopaedics – Hip fracture,,"IMPACT-Global Hip Fracture Audit: Nosocomial infection, risk prediction and prognostication, minimum reporting standards and global collaborative audit: Lessons from an international multicentre study of 7,090 patients conducted in 14 nations during the COVID-19 pandemic.",,,,"published, pending extraction",https://pmc.ncbi.nlm.nih.gov/articles/PMC8958101/,,UK,True,,,,,,,,,,,,Hall AJ; Clement ND; IMPACT-Global Group; Ojeda-Thies C; MacLullich AM; Toro G; Johansen A; White TO; Duckworth AD,The surgeon : journal of the Royal Colleges of Surgeons of Edinburgh and Ireland,2022,10.1016/j.surge.2022.02.009,35430111,PMC8958101,not reported,True,"Hall AJ, Clement ND, IMPACT-Global Group, Ojeda-Thies C, MacLullich AM, Toro G, et al.. IMPACT-Global Hip Fracture Audit: Nosocomial infection, risk prediction and prognostication, minimum reporting standards and global collaborative audit: Lessons from an international multicentre study of 7,090 patients conducted in 14 nations during the COVID-19 pandemic. Surgeon. 2022;20(6):e429-e446. doi:10.1016/j.surge.2022.02.009. PMID: 35430111.",
1576,orthopaedic,Orthopaedics – Shoulder and elbow,,The epidemiology of surfing injuries in a major Australian Centre - A ten year clinical audit.,,,,"published, pending extraction",https://pubmed.ncbi.nlm.nih.gov/35459545/,,Australia,False,,,,,,,,,,,,Quinn J; Salmon L; Ngo D; Taylor F; Platt S,Injury,2022,10.1016/j.injury.2022.03.045,35459545,,not reported,False,"Quinn J, Salmon L, Ngo D, Taylor F, Platt S. The epidemiology of surfing injuries in a major Australian Centre - A ten year clinical audit. Injury. 2022;53(6):1887-1892. doi:10.1016/j.injury.2022.03.045. PMID: 35459545.",
1577,orthopaedic,Orthopaedics – Trauma,,"International Lower Limb Collaborative (INTELLECT) study: a multicentre, international retrospective audit of lower extremity open fractures.",,,,"published, pending extraction",https://pmc.ncbi.nlm.nih.gov/articles/PMC10364752/,,UK,True,,,,,,,,,,,,Berner JE; Chan JKK; Gardiner MD; Navia A; Tejos R; Ortiz-Llorens M; Ortega-Briones A; Rakhorst HA; Nanchahal J; Jain A; INTELLECT Collaborative,The British journal of surgery,2022,10.1093/bjs/znac105,35470389,PMC10364752,cc by,True,"Berner JE, Chan JKK, Gardiner MD, Navia A, Tejos R, Ortiz-Llorens M, et al.. International Lower Limb Collaborative (INTELLECT) study: a multicentre, international retrospective audit of lower extremity open fractures. Br J Surg. 2022;109(9):792-795. doi:10.1093/bjs/znac105. PMID: 35470389.",
1578,orthopaedic,Orthopaedics – Shoulder and elbow,,Audit: sonographic report correlation against surgical findings during elective shoulder surgery.,,,,"published, pending extraction",https://pmc.ncbi.nlm.nih.gov/articles/PMC9058382/,,UK,True,,,,,,,,,,,,Gallagher V; Buchanan J; Harris J; McCrum C,"Ultrasound (Leeds, England)",2022,10.1177/1742271x211033314,35509294,PMC9058382,not reported,False,"Gallagher V, Buchanan J, Harris J, McCrum C. Audit: sonographic report correlation against surgical findings during elective shoulder surgery. Ultrasound. 2022;30(2):141-148. doi:10.1177/1742271x211033314. PMID: 35509294.",
1579,orthopaedic,Orthopaedics – Foot and ankle,,A retrospective audit of the timescales involved in the diagnosis and management of suspected Achilles tendon ruptures at a single National Health Service trust: A quality service improvement and redesign project.,,,,"published, pending extraction",https://pmc.ncbi.nlm.nih.gov/articles/PMC9058383/,,UK,True,,,,,,,,,,,,Williams CJ; Hodkinson S; Chandrasekaran K; Koc T; Gibb I; Dando C; Bowen C; Oakley J,"Ultrasound (Leeds, England)",2022,10.1177/1742271x211023800,35509302,PMC9058383,not reported,False,"Williams CJ, Hodkinson S, Chandrasekaran K, Koc T, Gibb I, Dando C, et al.. A retrospective audit of the timescales involved in the diagnosis and management of suspected Achilles tendon ruptures at a single National Health Service trust: A quality service improvement and redesign project. Ultrasound. 2022;30(2):117-125. doi:10.1177/1742271x211023800. PMID: 35509302.",
1580,orthopaedic,Orthopaedics – Trauma,,Incidence and quality of care for open fractures in England between 2008 and 2019 : a cohort study using data collected by the Trauma Audit and Research Network.,,,,"published, pending extraction",https://pmc.ncbi.nlm.nih.gov/articles/PMC9948435/,,UK,True,,,,,,,,,,,,Shah A; Judge A; Griffin XL,The bone & joint journal,2022,10.1302/0301-620x.104b6.bjj-2021-1097.r2,35638205,PMC9948435,cc by-nc-nd,True,"Shah A, Judge A, Griffin XL. Incidence and quality of care for open fractures in England between 2008 and 2019 : a cohort study using data collected by the Trauma Audit and Research Network. Bone Joint J. 2022;104-B(6):736-746. doi:10.1302/0301-620x.104b6.bjj-2021-1097.r2. PMID: 35638205.",
1581,orthopaedic,Orthopaedics – Hip fracture,,Developing a minimum common dataset for hip fracture audit to help countries set up national audits that can support international comparisons.,,,,"published, pending extraction",https://pmc.ncbi.nlm.nih.gov/articles/PMC9948447/,,Ireland,True,,,,,,,,,,,,Johansen A; Ojeda-Thies C; Poacher AT; Hall AJ; Brent L; Ahern EC; Costa ML; Global Fragility Fracture Network Hip Fracture Audit Special Interest Group,The bone & joint journal,2022,10.1302/0301-620x.104b6.bjj-2022-0080.r1,35638208,PMC9948447,cc by-nc-nd,True,"Johansen A, Ojeda-Thies C, Poacher AT, Hall AJ, Brent L, Ahern EC, et al.. Developing a minimum common dataset for hip fracture audit to help countries set up national audits that can support international comparisons. Bone Joint J. 2022;104-B(6):721-728. doi:10.1302/0301-620x.104b6.bjj-2022-0080.r1. PMID: 35638208.",
1582,orthopaedic,Orthopaedics – Hip fracture,,The delivery of an emergency audit response to a communicable disease outbreak can inform future orthopaedic investigations and clinical practice : lessons from IMPACT Hip Fracture Global Audits.,,,,"published, pending extraction",https://pmc.ncbi.nlm.nih.gov/articles/PMC9233410/,,UK,True,,,,,,,,,,,,Hall AJ; Clement ND; MacLullich AMJ; Simpson AHRW; Johansen A; White TO; Duckworth AD,Bone & joint research,2022,10.1302/2046-3758.116.bjr-2022-0061,35642472,PMC9233410,cc by-nc-nd,True,"Hall AJ, Clement ND, MacLullich AMJ, Simpson AHRW, Johansen A, White TO, et al.. The delivery of an emergency audit response to a communicable disease outbreak can inform future orthopaedic investigations and clinical practice : lessons from IMPACT Hip Fracture Global Audits. Bone Joint Res. 2022;11(6):346-348. doi:10.1302/2046-3758.116.bjr-2022-0061. PMID: 35642472.",
1583,orthopaedic,Orthopaedics – Paediatric,,Developmental Dysplasia of the Hip: An Audit of the Ultrasound Screening Programme.,,,,"published, pending extraction",https://pubmed.ncbi.nlm.nih.gov/35696288/,,not reported,False,,,,,,,,,,,,Irvine I; Hayden R; McDonald H; O'Beirne J; O'Driscoll D,Irish medical journal,2022,,35696288,,not reported,False,"Irvine I, Hayden R, McDonald H, O'Beirne J, O'Driscoll D. Developmental Dysplasia of the Hip: An Audit of the Ultrasound Screening Programme. Ir Med J. 2022;115(5):598. PMID: 35696288.",
1584,orthopaedic,Orthopaedics – Hip fracture,,Trends in data quality and quality indicators 5 years after implementation of the Dutch Hip Fracture Audit.,,,,"published, pending extraction",https://pmc.ncbi.nlm.nih.gov/articles/PMC9712331/,,Netherlands,False,,,,,,,,,,,,Würdemann FS; Krijnen P; van Zwet EW; Arends AJ; Heetveld MJ; Trappenburg MC; Hegeman JH; Schipper IB; Dutch Hip Fracture Audit Group,European journal of trauma and emergency surgery : official publication of the European Trauma Society,2022,10.1007/s00068-022-02012-y,35697872,PMC9712331,cc by,True,"Würdemann FS, Krijnen P, van Zwet EW, Arends AJ, Heetveld MJ, Trappenburg MC, et al.. Trends in data quality and quality indicators 5 years after implementation of the Dutch Hip Fracture Audit. Eur J Trauma Emerg Surg. 2022;48(6):4783-4796. doi:10.1007/s00068-022-02012-y. PMID: 35697872.",figures/PMC9712331/68_2022_2012_Fig2a_HTML.jpg | figures/PMC9712331/68_2022_2012_Fig1_HTML.jpg | figures/PMC9712331/68_2022_2012_Fig3_HTML.jpg
1585,orthopaedic,Orthopaedics – Trauma,,Documentation of neurovascular assessment in fracture patients in a tertiary care hospital: A retrospective review.,,,,"published, pending extraction",https://pmc.ncbi.nlm.nih.gov/articles/PMC9289317/,,UK,True,,,,,,,,,,,,Faraz A; Qureshi AI; Noah H Khan M; Yawar B; Malik M; Saghir M; Dastagir Faisal G; Yasir Tarar M,Annals of medicine and surgery (2012),2022,10.1016/j.amsu.2022.103935,35860148,PMC9289317,cc by-nc-nd,True,"Faraz A, Qureshi AI, Noah H Khan M, Yawar B, Malik M, Saghir M, et al.. Documentation of neurovascular assessment in fracture patients in a tertiary care hospital: A retrospective review. Ann Med Surg (Lond). 2022;79:103935. doi:10.1016/j.amsu.2022.103935. PMID: 35860148.",
1586,orthopaedic,Orthopaedics – Arthroplasty,,"The effectiveness of a multifaceted, group-facilitated audit and feedback intervention to increase tranexamic acid use during total joint arthroplasty.",,,,"published, pending extraction",https://pubmed.ncbi.nlm.nih.gov/35877041/,,Canada,False,,,,,,,,,,,,Gjata I; Olivieri L; Baghirzada L; Endersby RVW; Solbak NM; Weaver CGW; Law S; Cooke LJ; Burak KW; Dowling SK,Canadian journal of anaesthesia = Journal canadien d'anesthesie,2022,10.1007/s12630-022-02236-x,35877041,,not reported,False,"Gjata I, Olivieri L, Baghirzada L, Endersby RVW, Solbak NM, Weaver CGW, et al.. The effectiveness of a multifaceted, group-facilitated audit and feedback intervention to increase tranexamic acid use during total joint arthroplasty. Can J Anaesth. 2022;69(9):1129-1138. doi:10.1007/s12630-022-02236-x. PMID: 35877041.",
1587,orthopaedic,Orthopaedics – Trauma,,The Fragility Fracture Postoperative Mobilisation multicentre audit : the reality of weightbearing practices following operations for lower limb fragility fractures.,,,,"published, pending extraction",https://pubmed.ncbi.nlm.nih.gov/35909372/,,UK,True,,,,,,,,,,,,Richardson C; Bretherton CP; Raza M; Zargaran A; Eardley WGP; Trompeter AJ; FFPOM Collaborators,The bone & joint journal,2022,10.1302/0301-620x.104b8.bjj-2022-0074.r1,35909372,,not reported,False,"Richardson C, Bretherton CP, Raza M, Zargaran A, Eardley WGP, Trompeter AJ, et al.. The Fragility Fracture Postoperative Mobilisation multicentre audit : the reality of weightbearing practices following operations for lower limb fragility fractures. Bone Joint J. 2022;104-B(8):972-979. doi:10.1302/0301-620x.104b8.bjj-2022-0074.r1. PMID: 35909372.",
1588,orthopaedic,Orthopaedics – Theatre and perioperative,,"Evaluating the measures in patient-reported outcomes, values and experiences (EMPROVE study): a collaborative audit of PROMs practice in orthopaedic care in the United Kingdom.",,,,"published, pending extraction",https://pmc.ncbi.nlm.nih.gov/articles/PMC10066647/,,UK,True,,,,,,,,,,,,"Matthews A; Evans JP; National PROMs Network, EMPROVE Collaborative*",Annals of the Royal College of Surgeons of England,2023,10.1308/rcsann.2022.0041,35938506,PMC10066647,not reported,False,"Matthews A, Evans JP, National PROMs Network, EMPROVE Collaborative*. Evaluating the measures in patient-reported outcomes, values and experiences (EMPROVE study): a collaborative audit of PROMs practice in orthopaedic care in the United Kingdom. Ann R Coll Surg Engl. 2023;105(4):357-364. doi:10.1308/rcsann.2022.0041. PMID: 35938506.",
1589,orthopaedic,Orthopaedics – Hip fracture,,Quality improvement initiative: how the setting up of an anaesthesia consultant-led perioperative outreach service addressed anaesthesia-specific issues to improve anaesthesia consult and surgery timings for hip fracture patients.,,,,"published, pending extraction",https://pmc.ncbi.nlm.nih.gov/articles/PMC9364401/,,Singapore,False,,,,,,,,,,,,Siow WS; Tay L; Mah CL,BMJ open quality,2022,10.1136/bmjoq-2021-001738,35940697,PMC9364401,cc by-nc,True,"Siow WS, Tay L, Mah CL. Quality improvement initiative: how the setting up of an anaesthesia consultant-led perioperative outreach service addressed anaesthesia-specific issues to improve anaesthesia consult and surgery timings for hip fracture patients. BMJ Open Qual. 2022;11(3):e001738. doi:10.1136/bmjoq-2021-001738. PMID: 35940697.",
1590,orthopaedic,Orthopaedics – Arthroplasty,,Retrospective Review of Arthroplasty Radiographs: How to Define an Adequate Radiograph.,,,,"published, pending extraction",https://pmc.ncbi.nlm.nih.gov/articles/PMC9359698/,,UK,True,,,,,,,,,,,,Faraz A; Al-Ashqar M; Khan S; Zaman Q; Smyth J; Parker J; Bhuskute N,Cureus,2022,10.7759/cureus.26697,35959189,PMC9359698,cc by,True,"Faraz A, Al-Ashqar M, Khan S, Zaman Q, Smyth J, Parker J, et al.. Retrospective Review of Arthroplasty Radiographs: How to Define an Adequate Radiograph. Cureus. 2022;14(7):e26697. doi:10.7759/cureus.26697. PMID: 35959189.",figures/PMC9359698/cureus-0014-00000026697-i01.jpg | figures/PMC9359698/cureus-0014-00000026697-i02.jpg | figures/PMC9359698/cureus-0014-00000026697-i03.jpg | figures/PMC9359698/cureus-0014-00000026697-i04.jpg | figures/PMC9359698/cureus-0014-00000026697-i05.jpg
1591,orthopaedic,Orthopaedics – Theatre and perioperative,,"Comparison of Digital Versus Conventional Documentation of Ward Round in Terms of Staff Satisfaction, Effect on Education, and Adherence to British Orthopaedic Association Guidelines.",,,,"published, pending extraction",https://pmc.ncbi.nlm.nih.gov/articles/PMC9433812/,,UK,True,,,,,,,,,,,,Chaudary MI; Zeb J; Arshad F; Sadiq S; Hanif UK; Saleem U; Chaudhry F,Cureus,2022,10.7759/cureus.27598,36059306,PMC9433812,cc by,True,"Chaudary MI, Zeb J, Arshad F, Sadiq S, Hanif UK, Saleem U, et al.. Comparison of Digital Versus Conventional Documentation of Ward Round in Terms of Staff Satisfaction, Effect on Education, and Adherence to British Orthopaedic Association Guidelines. Cureus. 2022;14(8):e27598. doi:10.7759/cureus.27598. PMID: 36059306.",
1592,orthopaedic,Orthopaedics – Arthroplasty,,Implementing large-scale data quality validation in a national arthroplasty registry to improve compliance : the National Joint Registry data quality audit programme.,,,,"published, pending extraction",https://pmc.ncbi.nlm.nih.gov/articles/PMC9533243/,,UK,True,,,,,,,,,,,,Boulton C; Harrison C; Wilton T; Armstrong R; Young E; Pegg D; Wilkinson JM,Bone & joint open,2022,10.1302/2633-1462.39.bjo-2022-0051.r1,36106695,PMC9533243,cc by,True,"Boulton C, Harrison C, Wilton T, Armstrong R, Young E, Pegg D, et al.. Implementing large-scale data quality validation in a national arthroplasty registry to improve compliance : the National Joint Registry data quality audit programme. Bone Jt Open. 2022;3(9):716-725. doi:10.1302/2633-1462.39.bjo-2022-0051.r1. PMID: 36106695.",figures/PMC9533243/BJO-3-716-g0001.jpg | figures/PMC9533243/BJO-3-716-g0002.jpg | figures/PMC9533243/BJO-3-716-g0003.jpg | figures/PMC9533243/BJO-3-716-g0004.jpg | figures/PMC9533243/BJO-3-716-g0005.jpg | figures/PMC9533243/BJO-3-716-g0006.jpg | figures/PMC9533243/BJO-3-716-g0007.jpg
1593,orthopaedic,Orthopaedics – Trauma,,An Audit of the effect of Bone Morphogenetic Protein-2 Treatment in patients with non-union of long bone fractures.,,,,"published, pending extraction",https://pubmed.ncbi.nlm.nih.gov/36156568/,,Pakistan,False,,,,,,,,,,,,Janjua FA; Hasan O; Naqvi FA; Madhani S; Umer M,JPMA. The Journal of the Pakistan Medical Association,2022,10.47391/jpma.3312,36156568,,not reported,False,"Janjua FA, Hasan O, Naqvi FA, Madhani S, Umer M. An Audit of the effect of Bone Morphogenetic Protein-2 Treatment in patients with non-union of long bone fractures. J Pak Med Assoc. 2022;72(7):1401-1405. doi:10.47391/jpma.3312. PMID: 36156568.",
1594,orthopaedic,Orthopaedics – Hip fracture,,A nationwide study of blood transfusion in hip fracture patients : linked analysis from the Scottish Hip Fracture Audit and the Scottish National Blood Transfusion Service.,,,,"published, pending extraction",https://pubmed.ncbi.nlm.nih.gov/36317353/,,UK,True,,,,,,,,,,,,Farrow L; Brasnic L; Martin C; Ward K; Adam K; Hall AJ; Clement ND; MacLullich AMJ,The bone & joint journal,2022,10.1302/0301-620x.104b11.bjj-2022-0450.r1,36317353,,not reported,False,"Farrow L, Brasnic L, Martin C, Ward K, Adam K, Hall AJ, et al.. A nationwide study of blood transfusion in hip fracture patients : linked analysis from the Scottish Hip Fracture Audit and the Scottish National Blood Transfusion Service. Bone Joint J. 2022;104-B(11):1266-1272. doi:10.1302/0301-620x.104b11.bjj-2022-0450.r1. PMID: 36317353.",
1595,orthopaedic,Orthopaedics – Trauma,,Improving Hourly Rounding on an Orthopaedic/Trauma Unit.,,,,"published, pending extraction",https://pubmed.ncbi.nlm.nih.gov/36413661/,,not reported,False,,,,,,,,,,,,Macy E,Orthopedic nursing,2022,10.1097/nor.0000000000000894,36413661,,not reported,False,Macy E. Improving Hourly Rounding on an Orthopaedic/Trauma Unit. Orthop Nurs. 2022;41(6):387-390. doi:10.1097/nor.0000000000000894. PMID: 36413661.,
1596,orthopaedic,Orthopaedics – Trauma,,Improving referrals to a fracture liaison service: Screening for osteoporosis.,,,,"published, pending extraction",https://pubmed.ncbi.nlm.nih.gov/36423534/,,USA,False,,,,,,,,,,,,McDowell SL; Freeman JC,International journal of orthopaedic and trauma nursing,2022,10.1016/j.ijotn.2022.100964,36423534,,not reported,False,"McDowell SL, Freeman JC. Improving referrals to a fracture liaison service: Screening for osteoporosis. Int J Orthop Trauma Nurs. 2022;47:100964. doi:10.1016/j.ijotn.2022.100964. PMID: 36423534.",
1597,orthopaedic,Orthopaedics – Hip fracture,,Timing and safety of hip fracture surgery in patients on direct-acting oral anticoagulants.,,,,"published, pending extraction",https://pmc.ncbi.nlm.nih.gov/articles/PMC9712983/,,UK,True,,,,,,,,,,,,Anazor F; Kulkarni A; Barnard K; Lancaster S; Pollard T,Journal of clinical orthopaedics and trauma,2023,10.1016/j.jcot.2022.102080,36465496,PMC9712983,not reported,False,"Anazor F, Kulkarni A, Barnard K, Lancaster S, Pollard T. Timing and safety of hip fracture surgery in patients on direct-acting oral anticoagulants. J Clin Orthop Trauma. 2023;36:102080. doi:10.1016/j.jcot.2022.102080. PMID: 36465496.",
1598,orthopaedic,Orthopaedics – Theatre and perioperative,,Improving Acute Orthopaedic Admission Note Documentation Standards at a Tertiary Centre Through Proforma Introduction: A Quality Improvement Initiative.,,,,"published, pending extraction",https://pmc.ncbi.nlm.nih.gov/articles/PMC9708049/,,Ireland,True,,,,,,,,,,,,O'Driscoll CS; Condell R; O'Sullivan D; Davey M; Kearns S; Murphy CG,Cureus,2022,10.7759/cureus.30880,36465782,PMC9708049,cc by,True,"O'Driscoll CS, Condell R, O'Sullivan D, Davey M, Kearns S, Murphy CG. Improving Acute Orthopaedic Admission Note Documentation Standards at a Tertiary Centre Through Proforma Introduction: A Quality Improvement Initiative. Cureus. 2022;14(10):e30880. doi:10.7759/cureus.30880. PMID: 36465782.",
1599,orthopaedic,Orthopaedics – Trauma,,Variation in timely surgery for severe open tibial fractures by time and place of presentation in England from 2012 to 2019 : a cohort study using data collected nationally by the Trauma Audit and Research Network.,,,,"published, pending extraction",https://pmc.ncbi.nlm.nih.gov/articles/PMC9783273/,,UK,True,,,,,,,,,,,,Shah A; Judge A; Griffin XL,Bone & joint open,2022,10.1302/2633-1462.312.bjo-2022-0130.r1,36475361,PMC9783273,cc by-nc-nd,True,"Shah A, Judge A, Griffin XL. Variation in timely surgery for severe open tibial fractures by time and place of presentation in England from 2012 to 2019 : a cohort study using data collected nationally by the Trauma Audit and Research Network. Bone Jt Open. 2022;3(12):941-952. doi:10.1302/2633-1462.312.bjo-2022-0130.r1. PMID: 36475361.",
1600,orthopaedic,Orthopaedics – Theatre and perioperative,,Results of an Audit of Orthopaedic Operation Notes from a Tertiary Care Centre: Are We Doing It Right and Can We Do More?,,,,"published, pending extraction",https://pmc.ncbi.nlm.nih.gov/articles/PMC9705684/,,India,False,,,,,,,,,,,,Tuteja S; Tiwari A; Bhanushali J; Bagaria V,Indian journal of orthopaedics,2022,10.1007/s43465-022-00765-7,36507202,PMC9705684,not reported,False,"Tuteja S, Tiwari A, Bhanushali J, Bagaria V. Results of an Audit of Orthopaedic Operation Notes from a Tertiary Care Centre: Are We Doing It Right and Can We Do More?. Indian J Orthop. 2022;56(12):2223-2227. doi:10.1007/s43465-022-00765-7. PMID: 36507202.",
1601,orthopaedic,Orthopaedics – Arthroplasty,,Improved Outcomes Following a Care Guideline Implementation: Part 1 of an Analysis of 12 355 Patients After Total Knee Arthroplasty.,,,,"published, pending extraction",https://pmc.ncbi.nlm.nih.gov/articles/PMC10243735/,,USA,False,,,,,,,,,,,,Minick KI; Hunter SJ; Capin JJ; Stevens-Lapsley JE; Snow GL; Woodfield D; Dibblee P; Brennan GP,The Journal of orthopaedic and sports physical therapy,2023,10.2519/jospt.2022.11369,36507694,PMC10243735,tdm,False,"Minick KI, Hunter SJ, Capin JJ, Stevens-Lapsley JE, Snow GL, Woodfield D, et al.. Improved Outcomes Following a Care Guideline Implementation: Part 1 of an Analysis of 12 355 Patients After Total Knee Arthroplasty. J Orthop Sports Phys Ther. 2023;53(3):143-150. doi:10.2519/jospt.2022.11369. PMID: 36507694.",
1602,orthopaedic,Orthopaedics – Foot and ankle,,Intervention to Improve Compliance With National Guidelines on Venous Thromboembolism Chemoprophylaxis for Patients With Operatively Managed Ankle Fractures.,,,,"published, pending extraction",https://pmc.ncbi.nlm.nih.gov/articles/PMC9753949/,,UK,True,,,,,,,,,,,,Burnett-Jones L; Srinivasan A; Mead A; Malik A,Ochsner journal,2022,10.31486/toj.22.0038,36561096,PMC9753949,cc by,True,"Burnett-Jones L, Srinivasan A, Mead A, Malik A. Intervention to Improve Compliance With National Guidelines on Venous Thromboembolism Chemoprophylaxis for Patients With Operatively Managed Ankle Fractures. Ochsner J. 2022;22(4):319-323. doi:10.31486/toj.22.0038. PMID: 36561096.",figures/PMC9753949/toj-22-0038-figure1.jpg
1603,orthopaedic,Orthopaedics – Spine,,Expediting the Management of Suspected Cauda Equina Syndrome (CES) in the Emergency Department Through Clinical Pathway Design at a District General Hospital: A Quality Improvement Project.,,,,"published, pending extraction",https://pmc.ncbi.nlm.nih.gov/articles/PMC9770579/,,not reported,False,,,,,,,,,,,,Nasim O; Eskander B; Rustam Z; Pantelias C; Moverley R,Cureus,2022,10.7759/cureus.32722,36570114,PMC9770579,cc by,True,"Nasim O, Eskander B, Rustam Z, Pantelias C, Moverley R. Expediting the Management of Suspected Cauda Equina Syndrome (CES) in the Emergency Department Through Clinical Pathway Design at a District General Hospital: A Quality Improvement Project. Cureus. 2022;14(12):e32722. doi:10.7759/cureus.32722. PMID: 36570114.",figures/PMC9770579/cureus-0014-00000032722-i01.jpg | figures/PMC9770579/cureus-0014-00000032722-i02.jpg | figures/PMC9770579/cureus-0014-00000032722-i03.jpg
1604,orthopaedic,Orthopaedics – Trauma,,A Quality Improvement Project to Assess if Preoperative Trauma Patients Are Receiving Their Prescribed Medications Preoperatively.,,,,"published, pending extraction",https://pmc.ncbi.nlm.nih.gov/articles/PMC9793752/,,not reported,True,,,,,,,,,,,,Bhadresha A; Hossain S; Ranjit S; Singh S; Chhetri S,Cureus,2022,10.7759/cureus.31928,36582572,PMC9793752,cc by,True,"Bhadresha A, Hossain S, Ranjit S, Singh S, Chhetri S. A Quality Improvement Project to Assess if Preoperative Trauma Patients Are Receiving Their Prescribed Medications Preoperatively. Cureus. 2022;14(11):e31928. doi:10.7759/cureus.31928. PMID: 36582572.",figures/PMC9793752/cureus-0014-00000031928-i01.jpg | figures/PMC9793752/cureus-0014-00000031928-i02.jpg | figures/PMC9793752/cureus-0014-00000031928-i03.jpg
1605,orthopaedic,Orthopaedics – Hip fracture,,"Is hospital volume related to quality of hip fracture care? Analysis of 43,538 patients and 68 hospitals from the Dutch Hip Fracture Audit.",,,,"published, pending extraction",https://pmc.ncbi.nlm.nih.gov/articles/PMC10229734/,,Netherlands,False,,,,,,,,,,,,Würdemann FS; van Zwet EW; Krijnen P; Hegeman JH; Schipper IB; Dutch Hip Fracture Audit Group,European journal of trauma and emergency surgery : official publication of the European Trauma Society,2023,10.1007/s00068-022-02205-5,36670302,PMC10229734,cc by,True,"Würdemann FS, van Zwet EW, Krijnen P, Hegeman JH, Schipper IB, Dutch Hip Fracture Audit Group. Is hospital volume related to quality of hip fracture care? Analysis of 43,538 patients and 68 hospitals from the Dutch Hip Fracture Audit. Eur J Trauma Emerg Surg. 2023;49(3):1525-1534. doi:10.1007/s00068-022-02205-5. PMID: 36670302.",figures/PMC10229734/68_2022_2205_Fig1_HTML.jpg | figures/PMC10229734/68_2022_2205_Fig2_HTML.jpg | figures/PMC10229734/68_2022_2205_Fig3_HTML.jpg | figures/PMC10229734/68_2022_2205_Fig4_HTML.jpg | figures/PMC10229734/68_2022_2205_Fig5_HTML.jpg | figures/PMC10229734/68_2022_2205_Fig6_HTML.jpg | figures/PMC10229734/68_2022_2205_Fig7_HTML.jpg
1606,orthopaedic,Orthopaedics – Shoulder and elbow,,The impact of introducing hydrodistension as a treatment for frozen shoulder in a primary care musculoskeletal service: A retrospective audit.,,,,"published, pending extraction",https://pubmed.ncbi.nlm.nih.gov/36694385/,,UK,True,,,,,,,,,,,,Whelan G; Yeowell G; Littlewood C,Musculoskeletal care,2023,10.1002/msc.1736,36694385,,cc by,False,"Whelan G, Yeowell G, Littlewood C. The impact of introducing hydrodistension as a treatment for frozen shoulder in a primary care musculoskeletal service: A retrospective audit. Musculoskeletal Care. 2023;21(3):953-957. doi:10.1002/msc.1736. PMID: 36694385.",
1607,orthopaedic,Orthopaedics – Hip fracture,,Patient and hospital-level factors associated with time to surgery after hip fracture in Ireland: Analysis of national audit data 2016-2020.,,,,"published, pending extraction",https://pubmed.ncbi.nlm.nih.gov/37085350/,,Ireland,True,,,,,,,,,,,,Walsh ME; Blake C; Walsh CD; Brent L; Sorensen J,Injury,2023,10.1016/j.injury.2023.04.038,37085350,,cc by,False,"Walsh ME, Blake C, Walsh CD, Brent L, Sorensen J. Patient and hospital-level factors associated with time to surgery after hip fracture in Ireland: Analysis of national audit data 2016-2020. Injury. 2023;54(6):1733-1739. doi:10.1016/j.injury.2023.04.038. PMID: 37085350.",
1608,orthopaedic,Orthopaedics – Arthroplasty,,Provision of revision knee arthroplasty services across Scotland: A national audit.,,,,"published, pending extraction",https://pubmed.ncbi.nlm.nih.gov/37141798/,,UK,True,,,,,,,,,,,,Farrow L; Kennedy IW; Yapp L; Harding T; Walmsley P; SCOTnet Collaborative,The Knee,2023,10.1016/j.knee.2023.04.005,37141798,,cc by,False,"Farrow L, Kennedy IW, Yapp L, Harding T, Walmsley P, SCOTnet Collaborative. Provision of revision knee arthroplasty services across Scotland: A national audit. Knee. 2023;42:312-319. doi:10.1016/j.knee.2023.04.005. PMID: 37141798.",
1609,orthopaedic,Orthopaedics – Trauma,,The rise in trauma & orthopaedic trainee-led research and audit collaborative projects in the United Kingdom since the start of the COVID-19 pandemic.,,,,"published, pending extraction",https://pmc.ncbi.nlm.nih.gov/articles/PMC10214811/,,UK,True,,,,,,,,,,,,Khaleeq T; Kabariti R; Ahmed U,Pakistan journal of medical sciences,2023,10.12669/pjms.39.3.7417,37250580,PMC10214811,cc by,True,"Khaleeq T, Kabariti R, Ahmed U. The rise in trauma & orthopaedic trainee-led research and audit collaborative projects in the United Kingdom since the start of the COVID-19 pandemic. Pak J Med Sci. 2023;39(3):769-774. doi:10.12669/pjms.39.3.7417. PMID: 37250580.",figures/PMC10214811/PJMS-39-769-g001.jpg
1610,orthopaedic,Orthopaedics – Spine,,Postoperative Mobilization Protocol in Lumbar Laminectomy Patients.,,,,"published, pending extraction",https://pubmed.ncbi.nlm.nih.gov/37262373/,,not reported,False,,,,,,,,,,,,Alexander M; Lou Garey M; Yates E; Vogt M,Orthopedic nursing,2023,10.1097/nor.0000000000000941,37262373,,not reported,False,"Alexander M, Lou Garey M, Yates E, Vogt M. Postoperative Mobilization Protocol in Lumbar Laminectomy Patients. Orthop Nurs. 2023;42(3):151-155. doi:10.1097/nor.0000000000000941. PMID: 37262373.",
1611,orthopaedic,Orthopaedics – Hip fracture,,The role of depression in the association between physiotherapy frequency and duration and outcomes after hip fracture surgery: secondary analysis of the physiotherapy hip fracture sprint audit.,,,,"published, pending extraction",https://pmc.ncbi.nlm.nih.gov/articles/PMC10587201/,,UK,True,,,,,,,,,,,,Milton-Cole R; O'Connell MDL; Sheehan KJ; Ayis S,European geriatric medicine,2023,10.1007/s41999-023-00808-8,37329488,PMC10587201,cc by,True,"Milton-Cole R, O'Connell MDL, Sheehan KJ, Ayis S. The role of depression in the association between physiotherapy frequency and duration and outcomes after hip fracture surgery: secondary analysis of the physiotherapy hip fracture sprint audit. Eur Geriatr Med. 2023;14(5):999-1010. doi:10.1007/s41999-023-00808-8. PMID: 37329488.",figures/PMC10587201/41999_2023_808_Fig1_HTML.jpg | figures/PMC10587201/41999_2023_808_Fig2_HTML.jpg
1612,orthopaedic,Orthopaedics – Spine,,Spinal fentanyl for primary total hip arthroplasty: A double-edged sword? A clinical audit data analysis.,,,,"published, pending extraction",https://pmc.ncbi.nlm.nih.gov/articles/PMC10269988/,,Spain,False,,,,,,,,,,,,Lopez-Lopez D; Casas-Reza P; Vilar-Castro A; Sampayo-Rodriguez L,Indian journal of anaesthesia,2023,10.4103/ija.ija_866_22,37333695,PMC10269988,cc by-nc-sa,True,"Lopez-Lopez D, Casas-Reza P, Vilar-Castro A, Sampayo-Rodriguez L. Spinal fentanyl for primary total hip arthroplasty: A double-edged sword? A clinical audit data analysis. Indian J Anaesth. 2023;67(5):467-470. doi:10.4103/ija.ija_866_22. PMID: 37333695.",
1613,orthopaedic,Orthopaedics – Foot and ankle,,"International differences and inaccuracies in the public advertising about calcaneal apophysitis: an audit of websites originating in Australia, UK and USA.",,,,"published, pending extraction",https://pmc.ncbi.nlm.nih.gov/articles/PMC10280899/,,UK,True,,,,,,,,,,,,Liu S; Williams CM; Welch JJ,Journal of foot and ankle research,2023,10.1186/s13047-023-00637-9,37340473,PMC10280899,cc by,True,"Liu S, Williams CM, Welch JJ. International differences and inaccuracies in the public advertising about calcaneal apophysitis: an audit of websites originating in Australia, UK and USA. J Foot Ankle Res. 2023;16(1):39. doi:10.1186/s13047-023-00637-9. PMID: 37340473.",figures/PMC10280899/13047_2023_637_Fig1_HTML.jpg
1614,orthopaedic,Orthopaedics – Theatre and perioperative,,An Audit of Orthopaedic Discharge Summaries Comparing Electronic With Handwritten Summaries: A Quality Improvement Project.,,,,"published, pending extraction",https://pmc.ncbi.nlm.nih.gov/articles/PMC10286848/,,not reported,False,,,,,,,,,,,,Chakravarthy R; Shahid M; Basha K M; Angadi SP; Sherikar N,Cureus,2023,10.7759/cureus.39396,37362517,PMC10286848,cc by,True,"Chakravarthy R, Shahid M, Basha K M, Angadi SP, Sherikar N. An Audit of Orthopaedic Discharge Summaries Comparing Electronic With Handwritten Summaries: A Quality Improvement Project. Cureus. 2023;15(5):e39396. doi:10.7759/cureus.39396. PMID: 37362517.",
1615,orthopaedic,Orthopaedics – Spine,,An audit of surgical site infections among Omani travelers to India for spinal surgery.,,,,"published, pending extraction",https://pmc.ncbi.nlm.nih.gov/articles/PMC10297739/,,India,False,,,,,,,,,,,,Menon KV; Abdelmottaleb M; Al Ghafri K; Kumar R,Health policy OPEN,2021,10.1016/j.hpopen.2021.100049,37383496,PMC10297739,cc by-nc-nd,True,"Menon KV, Abdelmottaleb M, Al Ghafri K, Kumar R. An audit of surgical site infections among Omani travelers to India for spinal surgery. Health Policy Open. 2021;2:100049. doi:10.1016/j.hpopen.2021.100049. PMID: 37383496.",
1616,orthopaedic,Orthopaedics – Hand and wrist,,Early Management of Paediatric Wrist and Forearm Fractures in a Busy District General Hospital Emergency Department: A Retrospective Cohort Comparison Study and Audit of BOAST Guidelines.,,,,"published, pending extraction",https://pmc.ncbi.nlm.nih.gov/articles/PMC10317465/,,UK,True,,,,,,,,,,,,Fink BE; Pinjala MT; Gomes KP; Mason WT,Cureus,2023,10.7759/cureus.41325,37405130,PMC10317465,cc by,True,"Fink BE, Pinjala MT, Gomes KP, Mason WT. Early Management of Paediatric Wrist and Forearm Fractures in a Busy District General Hospital Emergency Department: A Retrospective Cohort Comparison Study and Audit of BOAST Guidelines. Cureus. 2023;15(7):e41325. doi:10.7759/cureus.41325. PMID: 37405130.",
1617,orthopaedic,Orthopaedics – Knee,,Utilising a non-surgical intervention in the knee osteoarthritis care pathway: a 6-year retrospective audit on NHS patients.,,,,"published, pending extraction",https://pmc.ncbi.nlm.nih.gov/articles/PMC10387773/,,UK,True,,,,,,,,,,,,Benn R; Rawson L; Phillips A,Therapeutic advances in musculoskeletal disease,2023,10.1177/1759720x231187190,37529330,PMC10387773,cc by-nc,True,"Benn R, Rawson L, Phillips A. Utilising a non-surgical intervention in the knee osteoarthritis care pathway: a 6-year retrospective audit on NHS patients. Ther Adv Musculoskelet Dis. 2023;15:1759720X231187190. doi:10.1177/1759720x231187190. PMID: 37529330.",
1618,orthopaedic,Orthopaedics – Hip fracture,,"Standardization of global hip fracture audit could facilitate learning, improve quality, and guide evidence-based practice.",,,,"published, pending extraction",https://pubmed.ncbi.nlm.nih.gov/37652448/,,UK,True,,,,,,,,,,,,Johansen A; Hall AJ; Ojeda-Thies C; Poacher AT; Costa ML; Global Fragility Fracture Network Hip Fracture Audit Special Interest Group,The bone & joint journal,2023,10.1302/0301-620x.105b9.bjj-2023-0281,37652448,,cc by-nc-nd,False,"Johansen A, Hall AJ, Ojeda-Thies C, Poacher AT, Costa ML, Global Fragility Fracture Network Hip Fracture Audit Special Interest Group. Standardization of global hip fracture audit could facilitate learning, improve quality, and guide evidence-based practice. Bone Joint J. 2023;105-B(9):1013-1019. doi:10.1302/0301-620x.105b9.bjj-2023-0281. PMID: 37652448.",
1619,orthopaedic,Orthopaedics – Trauma,,A Five-Year Retrospective Audit on Bone Protection Prescribing in Patients With Fragility Fractures in Primary Care.,,,,"published, pending extraction",https://pmc.ncbi.nlm.nih.gov/articles/PMC10507999/,,UK,True,,,,,,,,,,,,Redman IA; Sivanesan V,Cureus,2023,10.7759/cureus.45532,37731682,PMC10507999,cc by,True,"Redman IA, Sivanesan V. A Five-Year Retrospective Audit on Bone Protection Prescribing in Patients With Fragility Fractures in Primary Care. Cureus. 2023;15(9):e45532. doi:10.7759/cureus.45532. PMID: 37731682.",figures/PMC10507999/cureus-0015-00000045532-i01.jpg | figures/PMC10507999/cureus-0015-00000045532-i02.jpg | figures/PMC10507999/cureus-0015-00000045532-i03.jpg | figures/PMC10507999/cureus-0015-00000045532-i04.jpg | figures/PMC10507999/cureus-0015-00000045532-i05.jpg
1620,orthopaedic,Orthopaedics – Hand and wrist,,Enhancing Patient Management and Financial Efficiency: Adherence to National Institute for Health and Care Excellence (NICE) Guidelines for Pediatric Distal Radius Buckle Fractures.,,,,"published, pending extraction",https://pmc.ncbi.nlm.nih.gov/articles/PMC10521341/,,UK,True,,,,,,,,,,,,Zaib J; Ahmad J; Kumar K,Cureus,2023,10.7759/cureus.44198,37767248,PMC10521341,cc by,True,"Zaib J, Ahmad J, Kumar K. Enhancing Patient Management and Financial Efficiency: Adherence to National Institute for Health and Care Excellence (NICE) Guidelines for Pediatric Distal Radius Buckle Fractures. Cureus. 2023;15(8):e44198. doi:10.7759/cureus.44198. PMID: 37767248.",figures/PMC10521341/cureus-0015-00000044198-i01.jpg | figures/PMC10521341/cureus-0015-00000044198-i02.jpg | figures/PMC10521341/cureus-0015-00000044198-i03.jpg
1621,orthopaedic,Orthopaedics – Theatre and perioperative,,The British Orthopaedic Oncology Management (BOOM) audit.,,,,"published, pending extraction",https://pubmed.ncbi.nlm.nih.gov/37777202/,,UK,True,,,,,,,,,,,,Archer JE; Chauhan GS; Dewan V; Osman K; Thomson C; Nandra RS; Ashford RU; Cool P; BOOM Audit Group; Stevenson J,The bone & joint journal,2023,10.1302/0301-620x.105b10.bjj-2023-0443.r1,37777202,,not reported,False,"Archer JE, Chauhan GS, Dewan V, Osman K, Thomson C, Nandra RS, et al.. The British Orthopaedic Oncology Management (BOOM) audit. Bone Joint J. 2023;105-B(10):1115-1122. doi:10.1302/0301-620x.105b10.bjj-2023-0443.r1. PMID: 37777202.",
1622,orthopaedic,Orthopaedics – Trauma,,Orthopaedic Out of Bed Project (OOBP): improving early mobilisation following femoral fracture using a therapy-led education programme.,,,,"published, pending extraction",https://pmc.ncbi.nlm.nih.gov/articles/PMC10565298/,,UK,True,,,,,,,,,,,,Gray R; Taylor M; Bullock R,BMJ open quality,2023,10.1136/bmjoq-2023-002301,37783518,PMC10565298,cc by-nc,True,"Gray R, Taylor M, Bullock R. Orthopaedic Out of Bed Project (OOBP): improving early mobilisation following femoral fracture using a therapy-led education programme. BMJ Open Qual. 2023;12(Suppl 2):e002301. doi:10.1136/bmjoq-2023-002301. PMID: 37783518.",
1623,orthopaedic,Orthopaedics – Trauma,,A Retrospective Two-Year Review of the Outcomes of Surgical Rib Fixation Following Chest Wall Injury by the Multidisciplinary Chest Wall Injury Group in a Major Trauma Centre and the Change in Outcomes as the Service Has Developed.,,,,"published, pending extraction",https://pmc.ncbi.nlm.nih.gov/articles/PMC10561661/,,UK,True,,,,,,,,,,,,Shahid A; Turner T; Bukhari A; Shaikh A; Malik A; Alsusa H; Bowdren K; Rutherford J,Cureus,2023,10.7759/cureus.44950,37818507,PMC10561661,cc by,True,"Shahid A, Turner T, Bukhari A, Shaikh A, Malik A, Alsusa H, et al.. A Retrospective Two-Year Review of the Outcomes of Surgical Rib Fixation Following Chest Wall Injury by the Multidisciplinary Chest Wall Injury Group in a Major Trauma Centre and the Change in Outcomes as the Service Has Developed. Cureus. 2023;15(9):e44950. doi:10.7759/cureus.44950. PMID: 37818507.",figures/PMC10561661/cureus-0015-00000044950-i01.jpg | figures/PMC10561661/cureus-0015-00000044950-i02.jpg | figures/PMC10561661/cureus-0015-00000044950-i03.jpg | figures/PMC10561661/cureus-0015-00000044950-i04.jpg
1624,orthopaedic,Orthopaedics – Paediatric,,"Management of displaced supracondylar fractures in children and adherence to the BOAST guideline- experience in a District General Hospital, UK.",,,,"published, pending extraction",https://pmc.ncbi.nlm.nih.gov/articles/PMC10661609/,,UK,True,,,,,,,,,,,,Jain S; Loganathan D; Ahmed A; Mohan R; Sheikh M,Journal of clinical orthopaedics and trauma,2023,10.1016/j.jcot.2023.102276,37994354,PMC10661609,not reported,False,"Jain S, Loganathan D, Ahmed A, Mohan R, Sheikh M. Management of displaced supracondylar fractures in children and adherence to the BOAST guideline- experience in a District General Hospital, UK. J Clin Orthop Trauma. 2023;45:102276. doi:10.1016/j.jcot.2023.102276. PMID: 37994354.",
1625,orthopaedic,Orthopaedics – Trauma,,"An Audit on the Pre-operative Fasting Time of Trauma-List Orthopaedic Patients at a District General Hospital in Chichester, United Kingdom.",,,,"published, pending extraction",https://pmc.ncbi.nlm.nih.gov/articles/PMC10653621/,,not reported,False,,,,,,,,,,,,Perera H; Wusu A; Mohammad A; Qulaghassi MZ; Abdulkarim A,Cureus,2023,10.7759/cureus.48327,38024025,PMC10653621,cc by,True,"Perera H, Wusu A, Mohammad A, Qulaghassi MZ, Abdulkarim A. An Audit on the Pre-operative Fasting Time of Trauma-List Orthopaedic Patients at a District General Hospital in Chichester, United Kingdom. Cureus. 2023;15(11):e48327. doi:10.7759/cureus.48327. PMID: 38024025.",
1626,orthopaedic,Orthopaedics – Hip fracture,,Audit on the Adequacy of Consenting Practices for Neck of Femur Fracture Surgeries.,,,,"published, pending extraction",https://pmc.ncbi.nlm.nih.gov/articles/PMC10653634/,,not reported,False,,,,,,,,,,,,Perera H; Wusu AM; Mohammad A; Qulaghassi MZ; Adekola A; Rao M,Cureus,2023,10.7759/cureus.48565,38024031,PMC10653634,cc by,True,"Perera H, Wusu AM, Mohammad A, Qulaghassi MZ, Adekola A, Rao M. Audit on the Adequacy of Consenting Practices for Neck of Femur Fracture Surgeries. Cureus. 2023;15(11):e48565. doi:10.7759/cureus.48565. PMID: 38024031.",
1627,orthopaedic,Orthopaedics – Knee,,Development of a New Knee Arthroscopy Operative Proforma Saving Thousands of British Pounds.,,,,"published, pending extraction",https://pmc.ncbi.nlm.nih.gov/articles/PMC10630361/,,UK,True,,,,,,,,,,,,Habib Z; Jain S; Rasool MU; Saha S,Cureus,2023,10.7759/cureus.48476,38024083,PMC10630361,cc by,True,"Habib Z, Jain S, Rasool MU, Saha S. Development of a New Knee Arthroscopy Operative Proforma Saving Thousands of British Pounds. Cureus. 2023;15(11):e48476. doi:10.7759/cureus.48476. PMID: 38024083.",figures/PMC10630361/cureus-0015-00000048476-i01.jpg
1628,orthopaedic,Orthopaedics – Foot and ankle,,Examining the Effectiveness of Telephone Clinics: A Review of a Telephone Foot and Ankle Orthopaedic Clinic in a District General Hospital in the United Kingdom.,,,,"published, pending extraction",https://pmc.ncbi.nlm.nih.gov/articles/PMC10663046/,,UK,True,,,,,,,,,,,,Prasad S; Cullen E; Jowett C,Cureus,2023,10.7759/cureus.49196,38024093,PMC10663046,cc by,True,"Prasad S, Cullen E, Jowett C. Examining the Effectiveness of Telephone Clinics: A Review of a Telephone Foot and Ankle Orthopaedic Clinic in a District General Hospital in the United Kingdom. Cureus. 2023;15(11):e49196. doi:10.7759/cureus.49196. PMID: 38024093.",
1629,orthopaedic,Orthopaedics – Hand and wrist,,Preventable hand injuries: A national audit.,,,,"published, pending extraction",https://pmc.ncbi.nlm.nih.gov/articles/PMC10684376/,,UK,True,,,,,,,,,,,,Lane JCE; Wilkinson AL; Giddins G; Horwitz MD; Hand Injury Prevention Collaborative,JPRAS open,2023,10.1016/j.jpra.2023.10.005,38039295,PMC10684376,cc by,True,"Lane JCE, Wilkinson AL, Giddins G, Horwitz MD, Hand Injury Prevention Collaborative. Preventable hand injuries: A national audit. JPRAS Open. 2023;38:305-312. doi:10.1016/j.jpra.2023.10.005. PMID: 38039295.",figures/PMC10684376/gr1.jpg
1630,orthopaedic,Orthopaedics – Foot and ankle,,A Clinical Audit of Orthopaedic Clinical Documentation of Acute Ankle Fractures: A Quality Improvement Project.,,,,"published, pending extraction",https://pmc.ncbi.nlm.nih.gov/articles/PMC10726729/,,UK,True,,,,,,,,,,,,Snober M; Mustafa Q,Cureus,2023,10.7759/cureus.49001,38111391,PMC10726729,cc by,True,"Snober M, Mustafa Q. A Clinical Audit of Orthopaedic Clinical Documentation of Acute Ankle Fractures: A Quality Improvement Project. Cureus. 2023;15(11):e49001. doi:10.7759/cureus.49001. PMID: 38111391.",
1631,orthopaedic,Orthopaedics – Spine,,Suspected Cauda Equina Syndrome: Can the Presence of an Orthopaedic Doctor in the Emergency Department Reduce Waiting Times for MRI Scans and Inpatient Stays?,,,,"published, pending extraction",https://pmc.ncbi.nlm.nih.gov/articles/PMC10747416/,,UK,True,,,,,,,,,,,,Bakhiet A; Elsayed H; Elamin K; Nath U; Alqubaisi M; Das A; Pillai A,Cureus,2023,10.7759/cureus.49284,38143620,PMC10747416,cc by,True,"Bakhiet A, Elsayed H, Elamin K, Nath U, Alqubaisi M, Das A, et al.. Suspected Cauda Equina Syndrome: Can the Presence of an Orthopaedic Doctor in the Emergency Department Reduce Waiting Times for MRI Scans and Inpatient Stays?. Cureus. 2023;15(11):e49284. doi:10.7759/cureus.49284. PMID: 38143620.",figures/PMC10747416/cureus-0015-00000049284-i01.jpg
1632,orthopaedic,Orthopaedics – Theatre and perioperative,,Improving Completion Rates of Treatment Escalation Plan (TEP) in a London Teaching Hospital: A Quality Improvement Study.,,,,"published, pending extraction",https://pmc.ncbi.nlm.nih.gov/articles/PMC10750841/,,not reported,True,,,,,,,,,,,,Pattnaik S; Zarifian A; Sidhu GAS; Punwar S,Cureus,2023,10.7759/cureus.49434,38149128,PMC10750841,cc by,True,"Pattnaik S, Zarifian A, Sidhu GAS, Punwar S. Improving Completion Rates of Treatment Escalation Plan (TEP) in a London Teaching Hospital: A Quality Improvement Study. Cureus. 2023;15(11):e49434. doi:10.7759/cureus.49434. PMID: 38149128.",figures/PMC10750841/cureus-0015-00000049434-i01.jpg
1633,orthopaedic,Orthopaedics – Hip fracture,,Characteristics and Outcomes of Nonoperatively Managed Patients With Hip Fracture Using the Dutch Hip Fracture Audit.,,,,"published, pending extraction",https://pmc.ncbi.nlm.nih.gov/articles/PMC11017835/,,Netherlands,False,,,,,,,,,,,,van Bremen HE; Seppala LJ; Hegeman JH; van der Velde N; Willems HC; Dutch Hip Fracture Audit Group,Journal of orthopaedic trauma,2024,10.1097/bot.0000000000002778,38259058,PMC11017835,cc by,True,"van Bremen HE, Seppala LJ, Hegeman JH, van der Velde N, Willems HC, Dutch Hip Fracture Audit Group. Characteristics and Outcomes of Nonoperatively Managed Patients With Hip Fracture Using the Dutch Hip Fracture Audit. J Orthop Trauma. 2024;38(5):265-272. doi:10.1097/bot.0000000000002778. PMID: 38259058.",
1634,orthopaedic,Orthopaedics – Theatre and perioperative,,Introduction of a New Protocol to Limit the Number of Cancelled Elective Orthopaedic Operations Due to Asymptomatic Bacteriuria.,,,,"published, pending extraction",https://pmc.ncbi.nlm.nih.gov/articles/PMC10809019/,,not reported,False,,,,,,,,,,,,Taylor N; Jaques A; Antar M; Raghu A; Tai S,Cureus,2023,10.7759/cureus.51097,38274927,PMC10809019,cc by,True,"Taylor N, Jaques A, Antar M, Raghu A, Tai S. Introduction of a New Protocol to Limit the Number of Cancelled Elective Orthopaedic Operations Due to Asymptomatic Bacteriuria. Cureus. 2023;15(12):e51097. doi:10.7759/cureus.51097. PMID: 38274927.",
1635,orthopaedic,Orthopaedics – Trauma,,Clinical Audit of Manipulation of Paediatric Forearm Fractures in the Emergency Department at a District General Hospital: A Quality Improvement Project.,,,,"published, pending extraction",https://pmc.ncbi.nlm.nih.gov/articles/PMC10808946/,,UK,True,,,,,,,,,,,,Nasim O; Norman R; Gangadharan R; Oo TP; Kalderon J; Alhamarsheh A; John A; Kelsall N,Cureus,2023,10.7759/cureus.51095,38274930,PMC10808946,cc by,True,"Nasim O, Norman R, Gangadharan R, Oo TP, Kalderon J, Alhamarsheh A, et al.. Clinical Audit of Manipulation of Paediatric Forearm Fractures in the Emergency Department at a District General Hospital: A Quality Improvement Project. Cureus. 2023;15(12):e51095. doi:10.7759/cureus.51095. PMID: 38274930.",figures/PMC10808946/cureus-0015-00000051095-i01.jpg | figures/PMC10808946/cureus-0015-00000051095-i02.jpg | figures/PMC10808946/cureus-0015-00000051095-i03.jpg | figures/PMC10808946/cureus-0015-00000051095-i04.jpg | figures/PMC10808946/cureus-0015-00000051095-i05.jpg | figures/PMC10808946/cureus-0015-00000051095-i06.jpg | figures/PMC10808946/cureus-0015-00000051095-i07.jpg | figures/PMC10808946/cureus-0015-00000051095-i08.jpg | figures/PMC10808946/cureus-0015-00000051095-i09.jpg
1636,orthopaedic,Orthopaedics – Spine,,"Exploring Patient Satisfaction and Other Outcome Measures With Pain Relief in Spinal Cord Stimulation: A Single-Site, Cohort Audit.",,,,"published, pending extraction",https://pmc.ncbi.nlm.nih.gov/articles/PMC10824466/,,UK,True,,,,,,,,,,,,Saleki M; Khabbass M; Bretherton B; Baranidharan G,Cureus,2023,10.7759/cureus.51339,38288220,PMC10824466,cc by,True,"Saleki M, Khabbass M, Bretherton B, Baranidharan G. Exploring Patient Satisfaction and Other Outcome Measures With Pain Relief in Spinal Cord Stimulation: A Single-Site, Cohort Audit. Cureus. 2023;15(12):e51339. doi:10.7759/cureus.51339. PMID: 38288220.",figures/PMC10824466/cureus-0015-00000051339-i01.jpg
1637,orthopaedic,Orthopaedics – Trauma,,Improving the Safety of Tourniquet Use in a Trauma Theatre According to the British Orthopaedic Association Guidelines: A Closed Loop Audit.,,,,"published, pending extraction",https://pmc.ncbi.nlm.nih.gov/articles/PMC10836851/,,not reported,False,,,,,,,,,,,,Vayalapra S; Guerero DN; Balasubramanian B; Palaparthy P; Venkatesan M; Sinha M,Cureus,2024,10.7759/cureus.51601,38313878,PMC10836851,cc by,True,"Vayalapra S, Guerero DN, Balasubramanian B, Palaparthy P, Venkatesan M, Sinha M. Improving the Safety of Tourniquet Use in a Trauma Theatre According to the British Orthopaedic Association Guidelines: A Closed Loop Audit. Cureus. 2024;16(1):e51601. doi:10.7759/cureus.51601. PMID: 38313878.",figures/PMC10836851/cureus-0016-00000051601-i01.jpg | figures/PMC10836851/cureus-0016-00000051601-i02.jpg | figures/PMC10836851/cureus-0016-00000051601-i03.jpg
1638,orthopaedic,Orthopaedics – Hip fracture,,Retrospective analysis of regional anaesthesia in hip surgery: A clinical audit.,,,,"published, pending extraction",https://pubmed.ncbi.nlm.nih.gov/38354775/,,Spain,False,,,,,,,,,,,,Casas Reza P; Gestal Vázquez M; Sampayo Rodríguez L; Vilar Castro A; López-López D; García Romar A,Revista espanola de anestesiologia y reanimacion,2024,10.1016/j.redare.2024.02.011,38354775,,not reported,False,"Casas Reza P, Gestal Vázquez M, Sampayo Rodríguez L, Vilar Castro A, López-López D, García Romar A. Retrospective analysis of regional anaesthesia in hip surgery: A clinical audit. Rev Esp Anestesiol Reanim (Engl Ed). 2024;71(3):160-170. doi:10.1016/j.redare.2024.02.011. PMID: 38354775.",
1639,orthopaedic,Orthopaedics – Theatre and perioperative,,Introducing a new proforma for the safe use of intraoperative tourniquets in orthopaedic surgery.,,,,"published, pending extraction",https://pmc.ncbi.nlm.nih.gov/articles/PMC11872162/,,UK,True,,,,,,,,,,,,Garner M; Gaurav G; Shahid Z; Shaunak S; Vats A; Imam M; Antonios T,Annals of the Royal College of Surgeons of England,2025,10.1308/rcsann.2023.0072,38578023,PMC11872162,cc by,True,"Garner M, Gaurav G, Shahid Z, Shaunak S, Vats A, Imam M, et al.. Introducing a new proforma for the safe use of intraoperative tourniquets in orthopaedic surgery. Ann R Coll Surg Engl. 2025;107(3):211-216. doi:10.1308/rcsann.2023.0072. PMID: 38578023.",figures/PMC11872162/rcsann.2023.0072.01.jpg | figures/PMC11872162/rcsann.2023.0072.02.jpg | figures/PMC11872162/rcsann.2023.0072.03.jpg
1640,orthopaedic,Orthopaedics – Trauma,,Auditing the Representation of Female Athletes in Sports Medicine Research: Fifth-Metatarsal Fractures.,,,,"published, pending extraction",https://pmc.ncbi.nlm.nih.gov/articles/PMC10996359/,,USA,False,,,,,,,,,,,,Klug P; Adams J; Lents G; Long R; Herda A; Vopat B; Vopat L,Foot & ankle orthopaedics,2024,10.1177/24730114241241318,38584819,PMC10996359,cc by-nc,True,"Klug P, Adams J, Lents G, Long R, Herda A, Vopat B, et al.. Auditing the Representation of Female Athletes in Sports Medicine Research: Fifth-Metatarsal Fractures. Foot Ankle Orthop. 2024;9(2):24730114241241318. doi:10.1177/24730114241241318. PMID: 38584819.",
1641,orthopaedic,Orthopaedics – Trauma,,Do medical specialists accept claims-based Audit and Feedback for quality improvement? A focus group study.,,,,"published, pending extraction",https://pmc.ncbi.nlm.nih.gov/articles/PMC11015254/,,UK,True,,,,,,,,,,,,de Weerdt V; Ybema S; Repping S; van der Hijden E; Willems H,BMJ open,2024,10.1136/bmjopen-2023-081063,38589258,PMC11015254,cc by,True,"de Weerdt V, Ybema S, Repping S, van der Hijden E, Willems H. Do medical specialists accept claims-based Audit and Feedback for quality improvement? A focus group study. BMJ Open. 2024;14(4):e081063. doi:10.1136/bmjopen-2023-081063. PMID: 38589258.",figures/PMC11015254/bmjopen-2023-081063f01.jpg
1642,orthopaedic,Orthopaedics – Shoulder and elbow,,"Factors affecting hospital admission, hospital length of stay and new discharge destination post proximal humeral fracture: a retrospective audit.",,,,"published, pending extraction",https://pmc.ncbi.nlm.nih.gov/articles/PMC11015557/,,Australia,False,,,,,,,,,,,,McDonald BR; Vogrin S; Said CM,BMC geriatrics,2024,10.1186/s12877-024-04928-z,38609852,PMC11015557,cc by,True,"McDonald BR, Vogrin S, Said CM. Factors affecting hospital admission, hospital length of stay and new discharge destination post proximal humeral fracture: a retrospective audit. BMC Geriatr. 2024;24(1):334. doi:10.1186/s12877-024-04928-z. PMID: 38609852.",figures/PMC11015557/12877_2024_4928_Fig1_HTML.jpg
1643,orthopaedic,Orthopaedics – Hand and wrist,,Hand and Wrist Trauma: Antimicrobials and Infection-Audit of Clinical Practice (HAWAII-ACP).,,,,"published, pending extraction",https://pubmed.ncbi.nlm.nih.gov/41519655/,,UK,True,,,,,,,,,,,,Shafi SQ; Yoshimura R; Harrison CJ; Wade RG; Shaw AV; Totty JP; Rodrigues JN; Gardiner MD; Wormald JCR; HAWAII-ACP Collaborative,"Journal of plastic, reconstructive & aesthetic surgery : JPRAS",2025,10.1016/j.bjps.2025.11.063,41519655,,cc by,False,"Shafi SQ, Yoshimura R, Harrison CJ, Wade RG, Shaw AV, Totty JP, et al.. Hand and Wrist Trauma: Antimicrobials and Infection-Audit of Clinical Practice (HAWAII-ACP). J Plast Reconstr Aesthet Surg. 2025. doi:10.1016/j.bjps.2025.11.063. PMID: 41519655.",
1644,orthopaedic,Orthopaedics – Shoulder and elbow,,The current standard of the shoulder trauma series in Ireland - A national audit.,,,,"published, pending extraction",https://pubmed.ncbi.nlm.nih.gov/38677960/,,Ireland,True,,,,,,,,,,,,Mc Colgan R; O'Halloran AS; Carroll PJ; Kaar K; O'Shea K,The surgeon : journal of the Royal Colleges of Surgeons of Edinburgh and Ireland,2024,10.1016/j.surge.2024.04.009,38677960,,not reported,False,"Mc Colgan R, O'Halloran AS, Carroll PJ, Kaar K, O'Shea K. The current standard of the shoulder trauma series in Ireland - A national audit. Surgeon. 2024;22(5):e159-e163. doi:10.1016/j.surge.2024.04.009. PMID: 38677960.",
1645,orthopaedic,Orthopaedics – Foot and ankle,,A Quality Improvement Project to Measure and Improve the Quality of Below-Knee Ankle Cast Application in Emergency Departments.,,,,"published, pending extraction",https://pmc.ncbi.nlm.nih.gov/articles/PMC11065495/,,not reported,True,,,,,,,,,,,,Pritchard MW; Apostolides M; Baggott PJ; Donnelly L,Cureus,2024,10.7759/cureus.57479,38699119,PMC11065495,cc by,True,"Pritchard MW, Apostolides M, Baggott PJ, Donnelly L. A Quality Improvement Project to Measure and Improve the Quality of Below-Knee Ankle Cast Application in Emergency Departments. Cureus. 2024;16(4):e57479. doi:10.7759/cureus.57479. PMID: 38699119.",figures/PMC11065495/cureus-0016-00000057479-i01.jpg | figures/PMC11065495/cureus-0016-00000057479-i02.jpg
1646,orthopaedic,Orthopaedics – Foot and ankle,,Audit of a Revised Pathway Aimed at Expediting Diagnosis and Treatment for Suspected Achilles Tendon Rupture.,,,,"published, pending extraction",https://pubmed.ncbi.nlm.nih.gov/38740278/,,UK,True,,,,,,,,,,,,Cole K; Moosa A; Rhodes A; Elmesalmi M; Azaz R; Rowe H; Koç T,The Journal of foot and ankle surgery : official publication of the American College of Foot and Ankle Surgeons,2024,10.1053/j.jfas.2024.05.002,38740278,,not reported,False,"Cole K, Moosa A, Rhodes A, Elmesalmi M, Azaz R, Rowe H, et al.. Audit of a Revised Pathway Aimed at Expediting Diagnosis and Treatment for Suspected Achilles Tendon Rupture. J Foot Ankle Surg. 2024;63(5):541-545. doi:10.1053/j.jfas.2024.05.002. PMID: 38740278.",
1647,orthopaedic,Orthopaedics – Theatre and perioperative,,Current practice of pre-operative assessment at a public sector hospital in Pakistan - a clinical audit.,,,,"published, pending extraction",https://pubmed.ncbi.nlm.nih.gov/38751271/,,Pakistan,False,,,,,,,,,,,,Urooj S; Mughal A; Siddiqui SA; Kamal R; Naeem A,JPMA. The Journal of the Pakistan Medical Association,2024,10.47391/jpma.8339,38751271,,cc by,False,"Urooj S, Mughal A, Siddiqui SA, Kamal R, Naeem A. Current practice of pre-operative assessment at a public sector hospital in Pakistan - a clinical audit. J Pak Med Assoc. 2024;74(4):736-740. doi:10.47391/jpma.8339. PMID: 38751271.",
1648,orthopaedic,Orthopaedics – Trauma,,Traumatic Native Hip Dislocations: An Audit at a Major Trauma Centre and Assessment of Clinical Practice at Centres Across the United Kingdom.,,,,"published, pending extraction",https://pmc.ncbi.nlm.nih.gov/articles/PMC11095414/,,UK,True,,,,,,,,,,,,Jawad Z; Abdul W; Topping J; Dunn J; Lewis J; Mohanty K,Cureus,2024,10.7759/cureus.58314,38752056,PMC11095414,cc by,True,"Jawad Z, Abdul W, Topping J, Dunn J, Lewis J, Mohanty K. Traumatic Native Hip Dislocations: An Audit at a Major Trauma Centre and Assessment of Clinical Practice at Centres Across the United Kingdom. Cureus. 2024;16(4):e58314. doi:10.7759/cureus.58314. PMID: 38752056.",figures/PMC11095414/cureus-0016-00000058314-i01.jpg
1649,orthopaedic,Orthopaedics – Theatre and perioperative,,Preoperative investigation practices for elective surgical patients: clinical audit.,,,,"published, pending extraction",https://pmc.ncbi.nlm.nih.gov/articles/PMC11112836/,,not reported,False,,,,,,,,,,,,Firde M; Yetneberk T,BMC anesthesiology,2024,10.1186/s12871-024-02557-y,38783183,PMC11112836,cc by,True,"Firde M, Yetneberk T. Preoperative investigation practices for elective surgical patients: clinical audit. BMC Anesthesiol. 2024;24(1):184. doi:10.1186/s12871-024-02557-y. PMID: 38783183.",figures/PMC11112836/12871_2024_2557_Fig1_HTML.jpg | figures/PMC11112836/12871_2024_2557_Fig2_HTML.jpg
1650,orthopaedic,Orthopaedics – Foot and ankle,,Auditing the Representation of Female Athletes in Sports Medicine Research: Achilles Repair.,,,,"published, pending extraction",https://pmc.ncbi.nlm.nih.gov/articles/PMC11143824/,,USA,False,,,,,,,,,,,,Braman M; Root C; Harmon I; Long R; Vopat L; Vopat B; Herda A,Foot & ankle orthopaedics,2024,10.1177/24730114241255360,38827564,PMC11143824,cc by-nc,True,"Braman M, Root C, Harmon I, Long R, Vopat L, Vopat B, et al.. Auditing the Representation of Female Athletes in Sports Medicine Research: Achilles Repair. Foot Ankle Orthop. 2024;9(2):24730114241255360. doi:10.1177/24730114241255360. PMID: 38827564.",
1651,orthopaedic,Orthopaedics – Trauma,,Dual-energy CT for occult pelvic fractures: An audit and roc analysis.,,,,"published, pending extraction",https://pubmed.ncbi.nlm.nih.gov/38837606/,,New Zealand,False,,,,,,,,,,,,Wong H; Logan C; Tsai YJ; Doyle A,Journal of medical imaging and radiation oncology,2024,10.1111/1754-9485.13718,38837606,,not reported,False,"Wong H, Logan C, Tsai YJ, Doyle A. Dual-energy CT for occult pelvic fractures: An audit and roc analysis. J Med Imaging Radiat Oncol. 2024;68(5):540-544. doi:10.1111/1754-9485.13718. PMID: 38837606.",
1652,orthopaedic,Orthopaedics – Theatre and perioperative,,"Enhancing Clarity and Patient Safety: Evaluating the Inclusion of Laterality in Orthopaedic Outpatient Correspondence in Galway, Ireland.",,,,"published, pending extraction",https://pmc.ncbi.nlm.nih.gov/articles/PMC11189015/,,Ireland,True,,,,,,,,,,,,Younis A,Cureus,2024,10.7759/cureus.60782,38903340,PMC11189015,cc by,True,"Younis A. Enhancing Clarity and Patient Safety: Evaluating the Inclusion of Laterality in Orthopaedic Outpatient Correspondence in Galway, Ireland. Cureus. 2024;16(5):e60782. doi:10.7759/cureus.60782. PMID: 38903340.",figures/PMC11189015/cureus-0016-00000060782-i01.jpg | figures/PMC11189015/cureus-0016-00000060782-i02.jpg | figures/PMC11189015/cureus-0016-00000060782-i03.jpg
1653,orthopaedic,Orthopaedics – Foot and ankle,,The variation of anticoagulation prescribed in foot and ankle surgery in the UK - UK foot and ankle thrombo-embolism audit (UK-FATE).,,,,"published, pending extraction",https://pubmed.ncbi.nlm.nih.gov/38944567/,,UK,True,,,,,,,,,,,,Mason L; Mangwani J; Houchen-Wolloff L; Smith A; Teece L; Booth S; Malhotra K; UK-FATE Collaborative,Foot and ankle surgery : official journal of the European Society of Foot and Ankle Surgeons,2025,10.1016/j.fas.2024.06.005,38944567,,cc by,False,"Mason L, Mangwani J, Houchen-Wolloff L, Smith A, Teece L, Booth S, et al.. The variation of anticoagulation prescribed in foot and ankle surgery in the UK - UK foot and ankle thrombo-embolism audit (UK-FATE). Foot Ankle Surg. 2025;31(1):38-43. doi:10.1016/j.fas.2024.06.005. PMID: 38944567.",
1654,orthopaedic,Orthopaedics – Trauma,,"International Lower Limb Collaborative Paediatric subpopulation analysis (INTELLECT-P) study: multicentre, international, retrospective audit of paediatric open fractures.",,,,"published, pending extraction",https://pmc.ncbi.nlm.nih.gov/articles/PMC11282435/,,UK,True,,,,,,,,,,,,Allan AY; Berner JE; Chan JK; Gardiner MD; Nanchahal J; Jain A; INTELLECT Collaborative,BJS open,2024,10.1093/bjsopen/zrae082,39066677,PMC11282435,cc by,True,"Allan AY, Berner JE, Chan JK, Gardiner MD, Nanchahal J, Jain A, et al.. International Lower Limb Collaborative Paediatric subpopulation analysis (INTELLECT-P) study: multicentre, international, retrospective audit of paediatric open fractures. BJS Open. 2024;8(4):zrae082. doi:10.1093/bjsopen/zrae082. PMID: 39066677.",
1655,orthopaedic,Orthopaedics – Theatre and perioperative,,Creating Novel Standards for Datapoints on an Elective Orthopaedic Theatre List Document.,,,,"published, pending extraction",https://pmc.ncbi.nlm.nih.gov/articles/PMC11315948/,,UK,True,,,,,,,,,,,,Raad M; Virani S; Vinay S; Housden P,Malaysian orthopaedic journal,2024,10.5704/moj.2407.002,39130507,PMC11315948,cc by,True,"Raad M, Virani S, Vinay S, Housden P. Creating Novel Standards for Datapoints on an Elective Orthopaedic Theatre List Document. Malays Orthop J. 2024;18(2):10-17. doi:10.5704/moj.2407.002. PMID: 39130507.",figures/PMC11315948/moj-18-010-f1.jpg | figures/PMC11315948/moj-18-010-f2.jpg | figures/PMC11315948/moj-18-010-f3.jpg
1656,orthopaedic,Orthopaedics – Foot and ankle,,A mouldable fibreglass backslab device as a novel approach to offload chronic plantar foot ulcers: A retrospective observational audit.,,,,"published, pending extraction",https://pmc.ncbi.nlm.nih.gov/articles/PMC11339119/,,Australia,False,,,,,,,,,,,,Ting M; Ferreira I; Hiew J; McEvoy M; Tan G; Shah P; Nicolandis E; Hamilton EJ; Ritter JC; Nicolaou M; Manning L,Journal of foot and ankle research,2024,10.1002/jfa2.70001,39169647,PMC11339119,cc by,True,"Ting M, Ferreira I, Hiew J, McEvoy M, Tan G, Shah P, et al.. A mouldable fibreglass backslab device as a novel approach to offload chronic plantar foot ulcers: A retrospective observational audit. J Foot Ankle Res. 2024;17(3):e70001. doi:10.1002/jfa2.70001. PMID: 39169647.",figures/PMC11339119/JFA2-17-e70001-g003.jpg | figures/PMC11339119/JFA2-17-e70001-g004.jpg | figures/PMC11339119/JFA2-17-e70001-g002.jpg | figures/PMC11339119/JFA2-17-e70001-g001.jpg
1657,orthopaedic,Orthopaedics – Foot and ankle,,Evaluating Compliance With the Ottawa Rules: A Retrospective Clinical Audit at a District General Hospital in the UK.,,,,"published, pending extraction",https://pmc.ncbi.nlm.nih.gov/articles/PMC11338357/,,not reported,False,,,,,,,,,,,,Dalla Ali S; Alhiraki OA; Naeem T,Cureus,2024,10.7759/cureus.65115,39171035,PMC11338357,cc by,True,"Dalla Ali S, Alhiraki OA, Naeem T. Evaluating Compliance With the Ottawa Rules: A Retrospective Clinical Audit at a District General Hospital in the UK. Cureus. 2024;16(7):e65115. doi:10.7759/cureus.65115. PMID: 39171035.",figures/PMC11338357/cureus-0016-00000065115-i01.jpg
1658,orthopaedic,Orthopaedics – Trauma,,Embracing Digital Transformation: A Three-Cycle Audit on Improving Intraoperative Tourniquet Documentation Following BOAST (British Orthopaedic Association Standards for Trauma) Guidelines.,,,,"published, pending extraction",https://pmc.ncbi.nlm.nih.gov/articles/PMC11352021/,,UK,True,,,,,,,,,,,,Kafagi AH; Tahoun M; Pillai A,Cureus,2024,10.7759/cureus.65652,39205710,PMC11352021,cc by,True,"Kafagi AH, Tahoun M, Pillai A. Embracing Digital Transformation: A Three-Cycle Audit on Improving Intraoperative Tourniquet Documentation Following BOAST (British Orthopaedic Association Standards for Trauma) Guidelines. Cureus. 2024;16(7):e65652. doi:10.7759/cureus.65652. PMID: 39205710.",figures/PMC11352021/cureus-0016-00000065652-i01.jpg
1659,orthopaedic,Orthopaedics – Hip fracture,,Treatment Outcomes of Dynamic Hip Screws Versus Short Intramedullary Nails for Extra-capsular Fragility Hip Fractures and Their Coding Audit.,,,,"published, pending extraction",https://pmc.ncbi.nlm.nih.gov/articles/PMC11372849/,,UK,True,,,,,,,,,,,,Al-Dahan T; Murhekar S; Patel N,Cureus,2024,10.7759/cureus.68617,39233732,PMC11372849,cc by,True,"Al-Dahan T, Murhekar S, Patel N. Treatment Outcomes of Dynamic Hip Screws Versus Short Intramedullary Nails for Extra-capsular Fragility Hip Fractures and Their Coding Audit. Cureus. 2024;16(9):e68617. doi:10.7759/cureus.68617. PMID: 39233732.",figures/PMC11372849/cureus-0016-00000068617-i01.jpg | figures/PMC11372849/cureus-0016-00000068617-i02.jpg
1660,orthopaedic,Orthopaedics – Hip fracture,,Perioperative pain management intervention in older patients with hip fracture in an orthogeriatric unit. A controlled before/after study assessing an audit and feedback intervention (PAIN-AGE).,,,,"published, pending extraction",https://pmc.ncbi.nlm.nih.gov/articles/PMC11375881/,,France,False,,,,,,,,,,,,Drevet S; Boussat B; Grevy A; Brevet A; Olive F; Richard M; Marchesi L; Guyomard A; Maindet C; Pailhe R; Rubens-Duval B; Bouzat P; Tonetti J; Bioteau C; Gavazzi G; Francois P; Gibert P,BMC geriatrics,2024,10.1186/s12877-024-05282-w,39237920,PMC11375881,cc by-nc-nd,True,"Drevet S, Boussat B, Grevy A, Brevet A, Olive F, Richard M, et al.. Perioperative pain management intervention in older patients with hip fracture in an orthogeriatric unit. A controlled before/after study assessing an audit and feedback intervention (PAIN-AGE). BMC Geriatr. 2024;24(1):735. doi:10.1186/s12877-024-05282-w. PMID: 39237920.",
1661,orthopaedic,Orthopaedics – Theatre and perioperative,,Value of an orthopaedic admission proforma.,,,,"published, pending extraction",https://pmc.ncbi.nlm.nih.gov/articles/PMC11418472/,,Ireland,True,,,,,,,,,,,,Akasha M; Boughton O; Cleary M,BMJ open quality,2024,10.1136/bmjoq-2022-002159,39304219,PMC11418472,cc by-nc,True,"Akasha M, Boughton O, Cleary M. Value of an orthopaedic admission proforma. BMJ Open Qual. 2024;13(3):e002159. doi:10.1136/bmjoq-2022-002159. PMID: 39304219.",
1662,orthopaedic,Orthopaedics – Trauma,,Orthoplastics Management of Open Lower Limb Fractures at a Major Trauma Centre: Audit of Adherence to BOAST4 Guidelines.,,,,"published, pending extraction",https://pmc.ncbi.nlm.nih.gov/articles/PMC11415631/,,UK,True,,,,,,,,,,,,Lacey H; Bernard K; Syed L; O'Rourke E; Calvert-Ford Y; Bovis J; Guryel E; King I,JPRAS open,2024,10.1016/j.jpra.2024.08.003,39308745,PMC11415631,cc by,True,"Lacey H, Bernard K, Syed L, O'Rourke E, Calvert-Ford Y, Bovis J, et al.. Orthoplastics Management of Open Lower Limb Fractures at a Major Trauma Centre: Audit of Adherence to BOAST4 Guidelines. JPRAS Open. 2024;42:133-145. doi:10.1016/j.jpra.2024.08.003. PMID: 39308745.",figures/PMC11415631/ga1.jpg | figures/PMC11415631/gr1.jpg | figures/PMC11415631/gr2.jpg | figures/PMC11415631/gr3.jpg | figures/PMC11415631/gr4.jpg | figures/PMC11415631/gr5.jpg | figures/PMC11415631/gr6.jpg | figures/PMC11415631/gr7.jpg | figures/PMC11415631/gr8.jpg | figures/PMC11415631/gr9.jpg
1663,orthopaedic,Orthopaedics – Theatre and perioperative,,Orthopaedic audit--review of inpatient waiting lists.,,,,"published, pending extraction",https://pmc.ncbi.nlm.nih.gov/articles/PMC1417873/,,not reported,False,,,,,,,,,,,,Porter KM,British medical journal (Clinical research ed.),1985,10.1136/bmj.291.6503.1216,3931857,PMC1417873,not reported,False,Porter KM. Orthopaedic audit--review of inpatient waiting lists. Br Med J (Clin Res Ed). 1985;291(6503):1216-1217. doi:10.1136/bmj.291.6503.1216. PMID: 3931857.,
1664,orthopaedic,Orthopaedics – Foot and ankle,,Weight-bearing timing after the operative management of ankle fractures: Single center audit and critical appraisal of literature.,,,,"published, pending extraction",https://pubmed.ncbi.nlm.nih.gov/39366631/,,not reported,False,,,,,,,,,,,,Vinckier O; Matricali G; Overstijns M; Wuite S; Hoekstra H,The Journal of foot and ankle surgery : official publication of the American College of Foot and Ankle Surgeons,2025,10.1053/j.jfas.2024.09.014,39366631,,not reported,False,"Vinckier O, Matricali G, Overstijns M, Wuite S, Hoekstra H. Weight-bearing timing after the operative management of ankle fractures: Single center audit and critical appraisal of literature. J Foot Ankle Surg. 2025;64(2):171-176. doi:10.1053/j.jfas.2024.09.014. PMID: 39366631.",
1665,orthopaedic,Orthopaedics – Hip fracture,,[Initial experiences with the audits of the German guidelines on treatment of proximal femoral fractures (QSFFx-RL) by the German medical service].,,,,"published, pending extraction",https://pubmed.ncbi.nlm.nih.gov/39387886/,,not reported,False,,,,,,,,,,,,Schöneberg C; Knobe M,"Unfallchirurgie (Heidelberg, Germany)",2024,10.1007/s00113-024-01491-5,39387886,,not reported,False,"Schöneberg C, Knobe M. [Initial experiences with the audits of the German guidelines on treatment of proximal femoral fractures (QSFFx-RL) by the German medical service]. Unfallchirurgie (Heidelb). 2024;127(11):832-834. doi:10.1007/s00113-024-01491-5. PMID: 39387886.",
1666,orthopaedic,Orthopaedics – Hip fracture,,Understanding Barriers to Early Rehabilitation Following the Surgery for Fragility Hip Fractures: A Single-Centre Audit.,,,,"published, pending extraction",https://pmc.ncbi.nlm.nih.gov/articles/PMC11489860/,,UK,True,,,,,,,,,,,,Al-Dahan T; Murhekar S; Abed M; Shinde K,Cureus,2024,10.7759/cureus.71827,39429992,PMC11489860,cc by,True,"Al-Dahan T, Murhekar S, Abed M, Shinde K. Understanding Barriers to Early Rehabilitation Following the Surgery for Fragility Hip Fractures: A Single-Centre Audit. Cureus. 2024;16(10):e71827. doi:10.7759/cureus.71827. PMID: 39429992.",
1667,orthopaedic,Orthopaedics – Knee,,Intra-articular knee injections in patients with primary osteoarthritis in a tertiary clinical setting: a best practice implementation project.,,,,"published, pending extraction",https://pubmed.ncbi.nlm.nih.gov/39463188/,,USA,False,,,,,,,,,,,,Kayaalp ME; Hakam HT; Klugarová J; Klugar M; Peričić TP; Bała MM; Becker R; Prill R,JBI evidence implementation,2025,10.1097/xeb.0000000000000474,39463188,,not reported,False,"Kayaalp ME, Hakam HT, Klugarová J, Klugar M, Peričić TP, Bała MM, et al.. Intra-articular knee injections in patients with primary osteoarthritis in a tertiary clinical setting: a best practice implementation project. JBI Evid Implement. 2025;23(1):81-89. doi:10.1097/xeb.0000000000000474. PMID: 39463188.",
1668,orthopaedic,Orthopaedics – Hip fracture,,Hip Fracture Management in a Major Trauma Centre: The Impact of 'Smart Phrase' Integration Into Electronic Clerking on Culture and Adherence to Guidelines.,,,,"published, pending extraction",https://pmc.ncbi.nlm.nih.gov/articles/PMC11526802/,,UK,True,,,,,,,,,,,,Barker BC; McDonnell S,Cureus,2024,10.7759/cureus.70630,39483602,PMC11526802,cc by,True,"Barker BC, McDonnell S. Hip Fracture Management in a Major Trauma Centre: The Impact of 'Smart Phrase' Integration Into Electronic Clerking on Culture and Adherence to Guidelines. Cureus. 2024;16(10):e70630. doi:10.7759/cureus.70630. PMID: 39483602.",figures/PMC11526802/cureus-0016-00000070630-i01.jpg | figures/PMC11526802/cureus-0016-00000070630-i02.jpg
1669,orthopaedic,Orthopaedics – Hip fracture,,Oral Nutritional Supplementation in Older Adults with a Hip Fracture-Findings from a Bi-National Clinical Audit.,,,,"published, pending extraction",https://pmc.ncbi.nlm.nih.gov/articles/PMC11544824/,,Australia,False,,,,,,,,,,,,Bell JJ; Mitchell RJ; Harris IA; Seymour H; Armstrong E; Harris R; Fleming S; Hurring S; Close J,"Healthcare (Basel, Switzerland)",2024,10.3390/healthcare12212157,39517369,PMC11544824,cc by,True,"Bell JJ, Mitchell RJ, Harris IA, Seymour H, Armstrong E, Harris R, et al.. Oral Nutritional Supplementation in Older Adults with a Hip Fracture-Findings from a Bi-National Clinical Audit. Healthcare (Basel). 2024;12(21):2157. doi:10.3390/healthcare12212157. PMID: 39517369.",figures/PMC11544824/healthcare-12-02157-g001.jpg | figures/PMC11544824/healthcare-12-02157-g002.jpg
1670,orthopaedic,Orthopaedics – Theatre and perioperative,,Labelling of Fluids in the Sterile Field During Orthopaedic Surgery: A Quality Improvement Initiative.,,,,"published, pending extraction",https://pmc.ncbi.nlm.nih.gov/articles/PMC11584542/,,UK,True,,,,,,,,,,,,Sweetman B; Younis Z; Khan S; Amin J; Mohammed GDF; Jones EE; Lemaigre C; Pydah S,Cureus,2024,10.7759/cureus.72250,39583373,PMC11584542,cc by,True,"Sweetman B, Younis Z, Khan S, Amin J, Mohammed GDF, Jones EE, et al.. Labelling of Fluids in the Sterile Field During Orthopaedic Surgery: A Quality Improvement Initiative. Cureus. 2024;16(10):e72250. doi:10.7759/cureus.72250. PMID: 39583373.",figures/PMC11584542/cureus-0016-00000072250-i01.jpg | figures/PMC11584542/cureus-0016-00000072250-i02.jpg | figures/PMC11584542/cureus-0016-00000072250-i03.jpg
1671,orthopaedic,Orthopaedics – Arthroplasty,,The National Joint Registry Data Quality Audit of elbow arthroplasty.,,,,"published, pending extraction",https://pubmed.ncbi.nlm.nih.gov/39618239/,,UK,True,,,,,,,,,,,,Hamoodi Z; Shapiro J; Sayers A; Whitehouse MR; Watts AC; NJR DQA-Elbows Collaborators; Abbott J; Abbott S; Adebayo O; Ahmad K; Ahrens P; Akinfala M; Al-Hadithy N; Al-Najjar M; Amirfeyz R; Ankarath S; Ashton F; Aulton K; Auplish S; Austin J; Ayeko S; Azhar R; Bahia R; Baines S; Baldomir M; Barai S; Barkham B; Barrett E; Batten T; Bavan L; Baxter J; Beaumont S; Bentley J; Bhabra G; Bhat M; Bhatt A; Bhingraj M; Bhutta A; Bingham S; Blastland J; Boardman D; Boateng M; Bojarska K; Boksh K; Booker S; Borreshi S; Bould M; Boulton L; Brannan L; Breidaka Z; Brereton R; Brinsden M; Brooker J; Brookes S; Broux C; Brown E; Browne J; Bryant R; Buchanan J; Buck L; Burnett K; Burrows M; Burt J; Burton D; Butt U; Campaner B; Candal-Couto J; Carvell H; Chakravarthy J; Chatterji S; Chaudhury S; Chauhan GS; Chojnowski A; Cittambalam J; Clark D; Gosia Clarke M; Clarke B; Clelland A; Cochrane R; Colbridge K; Cook H; Cooper B; Correa E; Craven J; Crawford J; Curtis S; Cuthbert R; Dainton J; Dale L; Davies S; Davis J; Davis V; Dean B; Dehler T; Dennis S; Der Tavitian J; Desai A; Dhillon SS; Dias R; Dickinson G; Dirckx M; Dixon O; Docker C; Dodenhoff R; Domos P; Draviaraj K; Drew S; Duff C; Duffin S; Durham P; Earnshaw K; Edakalathur J; Edwards M; Elahi Z; Else S; Emara M; Eng K; Esfandiari A; Esler C; Evans J; Everall A; Eyre-Brook A; Farhan-Alanie M; Federer S; Ferdinandus S; Finch M; Fischer J; Flood C; Forde C; Forder J; Fowler L; Franklin M; Gacaferi H; Gamble D; Garg S; Gill V; Ginley J; Glancey E; Glanville G; Gmati A; Goddard K; Goel J; Goldsmith C; Gooding B; Goodwin F; Goring B; Goude W; Guyver P; Haines S; Haque A; Hardley T; Haritonow S; Harnett L; Harris J; Harris M; Harrison J; Hauffe I; Hawken A; Hawkes D; Hay S; Haywood M; Hedge S; Hickey S; Hickinson A; Higgs D; Hill R; Hill S; Hind J; Hitchcock M; Holdcroft T; Holdcroft E; Holliday A; Hudson S; Hughes H; Imtiaz R; Iqbal S; Jabr Y; Jackson C; Jameson J; Jayme O; Jennings A; Jenvey C; Jewitt E; Jimenez A; Joby J; Jones A; Jones N; Jovanovic J; Kabala V; Kang N; Kausor G; Kaynes S; Keane C; Keen L; Kelly G; Kent M; Kent J; Kerr C; Kerr J; King C; Kinnair A; Kinsley G; Konarski A; Kord J; Kumar H; Kumar S; Lafferty R; Lancaster P; Levitt W; Lewin A; Li Y; Liew I; Yizhe Lim M; Lipscombe S; Lynch E; MacInnes S; Madden P; Maddocks N; Mahajan R; Mahoney R; Malik S; Mannan S; Maris A; Markey M; Martin C; Martin R; Masunda S; Mazis G; Mcauliffe AM; McBride T; McGowan A; Mckeown N; McLauchlan G; McNally D; Melton J; Miller J; Millyard C; Mitchell C; Mohamed F; Mohamed A; Charlotte Montgomery H; Munn D; Mutimer J; Nanda R; Neen D; Newton L; Newton A; Nicholl A; Nightingale J; Ogden E; Orton P; Oswald L; Page K; Paius M; Papanna M; Patel N; Paul C; Peach C; Pegg D; Penfold S; Phillips E; Pickering G; Plakogiannis C; Platt J; Pole C; Potter R; Povall K; Pradhan R; Prasad G; Price K; Pride J; Prins A; Qazzaz L; Radhakrishnan A; Ramesh A; Rashid A; Rashid A; Rasidovic D; Ratford E; Rayner J; Rhee J; Rice-Evans M; Ricketts M; Roach D; Waters ER; Robinson S; Robinson P; Rodgers S; Rogers E; Rooney A; Rossouw D; Roy B; Sadiqi M; Sagmeister M; Samy D; Sanders P; Sanderson K; Sandher D; Sargazi N; Saunders M; Saunders N; Savage K; Sawalha S; Schouw M; Scott G; Selzer G; Sepesiova L; Shah S; Shahane S; Shaw G; Shrestha S; Shutt J; Siddiqui N; Sidharthan S; Simons A; Simpson V; Sinclair P; Siney P; Singh J; Singh B; Singh H; Sinha A; Smith C; Smith C; Smith K; Somanchi B; Soufan M; Southgate C; Southgate J; Spearpoint N; Stainer R; Stevens R; Stimler B; Stone A; Suter D; Talbot C; Tareef T; Theivendran K; Thomas B; Thomas W; Thompson A; Thompson J; Thornhill E; Titchener A; Townley M; Tozer T; Truman J; Truss A; Turner R; Van Rensburg L; Venugopal V; Vollans S; Waller L; Walsh A; Waraich A; Wei N; James White W; Wilkinson M; Williams D; Williams P; Williams N; Wilson S; Wood D; Yadu S; Yarashi T; Zeolla J; Zreik NH; Ollivere B,The bone & joint journal,2024,10.1302/0301-620x.106b12.bjj-2023-1372.r1,39618239,,not reported,False,"Hamoodi Z, Shapiro J, Sayers A, Whitehouse MR, Watts AC, NJR DQA-Elbows Collaborators, et al.. The National Joint Registry Data Quality Audit of elbow arthroplasty. Bone Joint J. 2024;106-B(12):1461-1468. doi:10.1302/0301-620x.106b12.bjj-2023-1372.r1. PMID: 39618239.",
1672,orthopaedic,Orthopaedics – Theatre and perioperative,,Evaluating the Compliance to 24-Hour Venous Thromboembolism Risk Re-assessment Following Orthopaedic Surgery at a Tertiary Center: A Closed-Loop Clinical Audit.,,,,"published, pending extraction",https://pmc.ncbi.nlm.nih.gov/articles/PMC11608411/,,not reported,True,,,,,,,,,,,,Imtiaz H; Nguyen TV; Vy Thai TT; Kouklidis G; Horgan M; Vijayaraghavan R,Cureus,2024,10.7759/cureus.74882,39618767,PMC11608411,cc by,True,"Imtiaz H, Nguyen TV, Vy Thai TT, Kouklidis G, Horgan M, Vijayaraghavan R. Evaluating the Compliance to 24-Hour Venous Thromboembolism Risk Re-assessment Following Orthopaedic Surgery at a Tertiary Center: A Closed-Loop Clinical Audit. Cureus. 2024;16(11):e74882. doi:10.7759/cureus.74882. PMID: 39618767.",
1673,orthopaedic,Orthopaedics – Hand and wrist,,Microlearning Reduces Unnecessary Antibiotic Provision for Open Hand Injuries.,,,,"published, pending extraction",https://pmc.ncbi.nlm.nih.gov/articles/PMC11608574/,,Ireland,True,,,,,,,,,,,,Armstrong EJ; Jamal A; Quinlan C,Cureus,2024,10.7759/cureus.74910,39624810,PMC11608574,cc by,True,"Armstrong EJ, Jamal A, Quinlan C. Microlearning Reduces Unnecessary Antibiotic Provision for Open Hand Injuries. Cureus. 2024;16(12):e74910. doi:10.7759/cureus.74910. PMID: 39624810.",figures/PMC11608574/cureus-0016-00000074910-i01.jpg | figures/PMC11608574/cureus-0016-00000074910-i02.jpg
1674,orthopaedic,Orthopaedics – Knee,,Evaluating the role of weight loss in symptomatic knee osteoarthritis: An audit of Osteoarthritis Healthy Weight For Life's database.,,,,"published, pending extraction",https://pubmed.ncbi.nlm.nih.gov/39628021/,,not reported,True,,,,,,,,,,,,McIlwain E; Wilcox B; Gallagher R; Lawler L; Dewar D,Australian journal of general practice,2024,10.31128/ajgp-09-23-6978,39628021,,not reported,False,"McIlwain E, Wilcox B, Gallagher R, Lawler L, Dewar D. Evaluating the role of weight loss in symptomatic knee osteoarthritis: An audit of Osteoarthritis Healthy Weight For Life's database. Aust J Gen Pract. 2024;53(12):945-950. doi:10.31128/ajgp-09-23-6978. PMID: 39628021.",
1675,orthopaedic,Orthopaedics – Trauma,,Evaluation of Patient-Initiated Follow-Up (PIFU) Service in a Fracture Clinic: A Comprehensive Service Evaluation and Patient Satisfaction Audit.,,,,"published, pending extraction",https://pmc.ncbi.nlm.nih.gov/articles/PMC11633848/,,UK,True,,,,,,,,,,,,Younis Z; Hamid MA; Khan MM; Sapra R; Gurukiran G; Singh R,Cureus,2024,10.7759/cureus.73461,39664163,PMC11633848,cc by,True,"Younis Z, Hamid MA, Khan MM, Sapra R, Gurukiran G, Singh R. Evaluation of Patient-Initiated Follow-Up (PIFU) Service in a Fracture Clinic: A Comprehensive Service Evaluation and Patient Satisfaction Audit. Cureus. 2024;16(11):e73461. doi:10.7759/cureus.73461. PMID: 39664163.",
1676,orthopaedic,Orthopaedics – Hand and wrist,,Improving Patient Care and Streamlining Follow-Up: Compliance With National Institute for Health and Care Excellence (NICE) Guidelines for Pediatric Distal Radius Buckle Fractures.,,,,"published, pending extraction",https://pmc.ncbi.nlm.nih.gov/articles/PMC11645161/,,UK,True,,,,,,,,,,,,Ali F; Elmubark M; Mussab RM; Mubark I; Jayakumar N; Ashwood N,Cureus,2024,10.7759/cureus.73624,39677174,PMC11645161,cc by,True,"Ali F, Elmubark M, Mussab RM, Mubark I, Jayakumar N, Ashwood N. Improving Patient Care and Streamlining Follow-Up: Compliance With National Institute for Health and Care Excellence (NICE) Guidelines for Pediatric Distal Radius Buckle Fractures. Cureus. 2024;16(11):e73624. doi:10.7759/cureus.73624. PMID: 39677174.",figures/PMC11645161/cureus-0016-00000073624-i01.jpg | figures/PMC11645161/cureus-0016-00000073624-i02.jpg | figures/PMC11645161/cureus-0016-00000073624-i03.jpg | figures/PMC11645161/cureus-0016-00000073624-i04.jpg
1677,orthopaedic,Orthopaedics – Trauma,,A Retrospective Audit of Osteoporosis Management Following Fragility Fractures in a Hospital Setting.,,,,"published, pending extraction",https://pmc.ncbi.nlm.nih.gov/articles/PMC11659649/,,UK,True,,,,,,,,,,,,Singh S; Patil S; Thein M; Kulkarni J; Kakroo AZ; Singh L; Dhotare B; Nolan E,Cureus,2024,10.7759/cureus.76047,39711942,PMC11659649,cc by,True,"Singh S, Patil S, Thein M, Kulkarni J, Kakroo AZ, Singh L, et al.. A Retrospective Audit of Osteoporosis Management Following Fragility Fractures in a Hospital Setting. Cureus. 2024;16(12):e76047. doi:10.7759/cureus.76047. PMID: 39711942.",figures/PMC11659649/cureus-0016-00000076047-i01.jpg | figures/PMC11659649/cureus-0016-00000076047-i02.jpg | figures/PMC11659649/cureus-0016-00000076047-i03.jpg | figures/PMC11659649/cureus-0016-00000076047-i04.jpg
1678,orthopaedic,Orthopaedics – Trauma,,Impact of the COVID-19 Pandemic on the Implementation and Adoption of a Virtual Fracture Clinic Pathway: A Closed Loop Audit.,,,,"published, pending extraction",https://pmc.ncbi.nlm.nih.gov/articles/PMC11668259/,,Ireland,True,,,,,,,,,,,,Gibbons DS; Glynn AA,Cureus,2024,10.7759/cureus.76317,39720771,PMC11668259,cc by,True,"Gibbons DS, Glynn AA. Impact of the COVID-19 Pandemic on the Implementation and Adoption of a Virtual Fracture Clinic Pathway: A Closed Loop Audit. Cureus. 2024;16(12):e76317. doi:10.7759/cureus.76317. PMID: 39720771.",figures/PMC11668259/cureus-0016-00000076317-i01.jpg | figures/PMC11668259/cureus-0016-00000076317-i02.jpg | figures/PMC11668259/cureus-0016-00000076317-i03.jpg
1679,orthopaedic,Orthopaedics – Trauma,,A Retrospective Study of Stabilizing Bridges in Patients With Stages III and IV Periodontitis: Up to 35 Years of Clinical Audit.,,,,"published, pending extraction",https://pmc.ncbi.nlm.nih.gov/articles/PMC12082806/,,UK,True,,,,,,,,,,,,Fardal Ø; Grytten J,Journal of clinical periodontology,2025,10.1111/jcpe.14116,39757087,PMC12082806,cc by-nc,True,"Fardal Ø, Grytten J. A Retrospective Study of Stabilizing Bridges in Patients With Stages III and IV Periodontitis: Up to 35 Years of Clinical Audit. J Clin Periodontol. 2025;52(6):826-835. doi:10.1111/jcpe.14116. PMID: 39757087.",
1680,orthopaedic,Orthopaedics – Hip fracture,,Looped quality improvement project of consent forms in patients admitted with hip fracture.,,,,"published, pending extraction",https://pmc.ncbi.nlm.nih.gov/articles/PMC11697277/,,UK,True,,,,,,,,,,,,Bharadwaj A; Morter R; Bonshahi A,Journal of clinical orthopaedics and trauma,2025,10.1016/j.jcot.2024.102867,39759464,PMC11697277,not reported,False,"Bharadwaj A, Morter R, Bonshahi A. Looped quality improvement project of consent forms in patients admitted with hip fracture. J Clin Orthop Trauma. 2025;60:102867. doi:10.1016/j.jcot.2024.102867. PMID: 39759464.",
1681,orthopaedic,Orthopaedics – Hip fracture,,Early Screening for Confusion and Vitamin D Deficiency in Elderly Hip Fracture Patients: A Quality Improvement Initiative to Mitigate the Risk of Postoperative Delirium.,,,,"published, pending extraction",https://pmc.ncbi.nlm.nih.gov/articles/PMC11698222/,,UK,True,,,,,,,,,,,,Younis Z; Gurukiran G; Abdullah F; Kumar S; Ford D; Hamid MA; Wani KF,Cureus,2024,10.7759/cureus.75099,39759656,PMC11698222,cc by,True,"Younis Z, Gurukiran G, Abdullah F, Kumar S, Ford D, Hamid MA, et al.. Early Screening for Confusion and Vitamin D Deficiency in Elderly Hip Fracture Patients: A Quality Improvement Initiative to Mitigate the Risk of Postoperative Delirium. Cureus. 2024;16(12):e75099. doi:10.7759/cureus.75099. PMID: 39759656.",
1682,orthopaedic,Orthopaedics – Hip fracture,,Mobility and living status at discharge and after three-months for extramedullary versus intramedullary fixation of AO type 31-A1 trochanteric fractures; an analysis of Dutch hip fracture audit data.,,,,"published, pending extraction",https://pmc.ncbi.nlm.nih.gov/articles/PMC11723844/,,Netherlands,False,,,,,,,,,,,,Zeelenberg ML; Van Lieshout EMM; Gosens T; Hegeman JH; Den Hartog D; Verhofstad MHJ; Stable-HIP group; Joosse P; Poolman RW; Willems HC; Zuurmond RG; Dutch Hip Fracture Audit indicator Taskforce; De Klerk G; Geraghty OC; Luning HAF; Niggebrugge AHP; Regtuijt M; Snoek J; Stevens C; Van der Velde D; Verleisdonk EJMM,European journal of trauma and emergency surgery : official publication of the European Trauma Society,2025,10.1007/s00068-024-02749-8,39794605,PMC11723844,cc by,True,"Zeelenberg ML, Van Lieshout EMM, Gosens T, Hegeman JH, Den Hartog D, Verhofstad MHJ, et al.. Mobility and living status at discharge and after three-months for extramedullary versus intramedullary fixation of AO type 31-A1 trochanteric fractures; an analysis of Dutch hip fracture audit data. Eur J Trauma Emerg Surg. 2025;51(1):6. doi:10.1007/s00068-024-02749-8. PMID: 39794605.",figures/PMC11723844/68_2024_2749_Fig1_HTML.jpg | figures/PMC11723844/68_2024_2749_Fig2_HTML.jpg
1683,orthopaedic,Orthopaedics – Arthroplasty,,Improving Adherence to National Institute for Health and Care Excellence (NICE) Guidelines for the Use of Tranexamic Acid in Primary Total Knee Arthroplasty: A Quality Improvement Initiative.,,,,"published, pending extraction",https://pmc.ncbi.nlm.nih.gov/articles/PMC11744335/,,UK,True,,,,,,,,,,,,Hamed A; Hamid MA; Lawrence C; Sherif IA; Younis Z,Cureus,2024,10.7759/cureus.76111,39835043,PMC11744335,cc by,True,"Hamed A, Hamid MA, Lawrence C, Sherif IA, Younis Z. Improving Adherence to National Institute for Health and Care Excellence (NICE) Guidelines for the Use of Tranexamic Acid in Primary Total Knee Arthroplasty: A Quality Improvement Initiative. Cureus. 2024;16(12):e76111. doi:10.7759/cureus.76111. PMID: 39835043.",
1684,orthopaedic,Orthopaedics – Hip fracture,,Cost-effectiveness analysis of routine follow-up for hip fracture patients after dynamic hip screw and intramedullary nail fixation.,,,,"published, pending extraction",https://pmc.ncbi.nlm.nih.gov/articles/PMC11750041/,,Ireland,True,,,,,,,,,,,,McAleese T; Roopnarinesingh R; Schiphorst C; Hanahoe A; Niall D; Sheehan E; Merghani K,Surgery in practice and science,2022,10.1016/j.sipas.2022.100069,39845066,PMC11750041,cc by-nc-nd,True,"McAleese T, Roopnarinesingh R, Schiphorst C, Hanahoe A, Niall D, Sheehan E, et al.. Cost-effectiveness analysis of routine follow-up for hip fracture patients after dynamic hip screw and intramedullary nail fixation. Surg Pract Sci. 2022;9:100069. doi:10.1016/j.sipas.2022.100069. PMID: 39845066.",
1685,orthopaedic,Orthopaedics – Trauma,,Scottish Open Fractures of Tibia (SOFT) audit; a multi-centre retrospective review of ortho-plastic management of tibial shaft fractures at major trauma centres (MTCs) in Scotland.,,,,"published, pending extraction",https://pubmed.ncbi.nlm.nih.gov/39875310/,,UK,True,,,,,,,,,,,,Dixon JE; Rankin IA; Rangarajan S; Brennan J; Varma A; Shields DW; Stevenson IM; SOFT Collaborative Authors,The surgeon : journal of the Royal Colleges of Surgeons of Edinburgh and Ireland,2025,10.1016/j.surge.2025.01.006,39875310,,not reported,False,"Dixon JE, Rankin IA, Rangarajan S, Brennan J, Varma A, Shields DW, et al.. Scottish Open Fractures of Tibia (SOFT) audit; a multi-centre retrospective review of ortho-plastic management of tibial shaft fractures at major trauma centres (MTCs) in Scotland. Surgeon. 2025;23(2):87-93. doi:10.1016/j.surge.2025.01.006. PMID: 39875310.",
1686,orthopaedic,Orthopaedics – Arthroplasty,,Preoperative Templating Prior to Total Hip Arthroplasty: A Closed-Loop Audit.,,,,"published, pending extraction",https://pmc.ncbi.nlm.nih.gov/articles/PMC11801496/,,Ireland,True,,,,,,,,,,,,Kilkenny CJ; O'Driscoll C; Jassim S; Davey MS; McGoldrick NP; Quinlan JF,Cureus,2025,10.7759/cureus.77083,39917097,PMC11801496,cc by,True,"Kilkenny CJ, O'Driscoll C, Jassim S, Davey MS, McGoldrick NP, Quinlan JF. Preoperative Templating Prior to Total Hip Arthroplasty: A Closed-Loop Audit. Cureus. 2025;17(1):e77083. doi:10.7759/cureus.77083. PMID: 39917097.",
1687,orthopaedic,Orthopaedics – Hip fracture,,The positive impact of a quality improvement collaborative on process indicators for geriatric hip fracture care.,,,,"published, pending extraction",https://pubmed.ncbi.nlm.nih.gov/39937317/,,Netherlands,False,,,,,,,,,,,,Coeckelberghs E; Seys D; Lens C; Vanhaecht K; Claessens F; Weltens C; De Ridder D; Depuydt E; De Weerdt W; De Baets T; Eysackers J; Hermans S; Herteleer M; Leirs G; Lynen S; Matthys F; Molenaers B; Mulliez A; Pattyn C; Somers J; Tengrootenhuysen M; Vanderkerckhove M; Van Esbroeck M; Van Hecke K; Van Hove E; Nijs S; Sermon A,Archives of osteoporosis,2025,10.1007/s11657-025-01504-9,39937317,,not reported,False,"Coeckelberghs E, Seys D, Lens C, Vanhaecht K, Claessens F, Weltens C, et al.. The positive impact of a quality improvement collaborative on process indicators for geriatric hip fracture care. Arch Osteoporos. 2025;20(1):22. doi:10.1007/s11657-025-01504-9. PMID: 39937317.",
1688,orthopaedic,Orthopaedics – Foot and ankle,,Incidence of venous thromboembolism following achilles tendon rupture. Data from the UK foot and ankle thrombo-embolism (UK-FATE) audit.,,,,"published, pending extraction",https://pubmed.ncbi.nlm.nih.gov/39961162/,,UK,True,,,,,,,,,,,,Solan M; Briggs-Price S; Houchen-Wolloff L; Malhotra K; Mason L; Mangwani J; UK FATE Collaborative,Injury,2025,10.1016/j.injury.2025.112212,39961162,,cc by,False,"Solan M, Briggs-Price S, Houchen-Wolloff L, Malhotra K, Mason L, Mangwani J, et al.. Incidence of venous thromboembolism following achilles tendon rupture. Data from the UK foot and ankle thrombo-embolism (UK-FATE) audit. Injury. 2025;56(3):112212. doi:10.1016/j.injury.2025.112212. PMID: 39961162.",
1689,orthopaedic,Orthopaedics – Trauma,,Audit of VTE prophylaxis prescribing preferences among orthopaedic consultants in Irish orthopaedic trauma centres.,,,,"published, pending extraction",https://pmc.ncbi.nlm.nih.gov/articles/PMC12031793/,,Ireland,True,,,,,,,,,,,,Timon C; Kilkenny C; Byrne N; Quinlan JF; McGoldrick NP,Irish journal of medical science,2025,10.1007/s11845-025-03909-4,39982631,PMC12031793,cc by,True,"Timon C, Kilkenny C, Byrne N, Quinlan JF, McGoldrick NP. Audit of VTE prophylaxis prescribing preferences among orthopaedic consultants in Irish orthopaedic trauma centres. Ir J Med Sci. 2025;194(2):575-582. doi:10.1007/s11845-025-03909-4. PMID: 39982631.",figures/PMC12031793/11845_2025_3909_Fig1_HTML.jpg | figures/PMC12031793/11845_2025_3909_Fig2_HTML.jpg | figures/PMC12031793/11845_2025_3909_Fig3_HTML.jpg | figures/PMC12031793/11845_2025_3909_Fig4_HTML.jpg | figures/PMC12031793/11845_2025_3909_Fig5_HTML.jpg | figures/PMC12031793/11845_2025_3909_Fig6_HTML.jpg | figures/PMC12031793/11845_2025_3909_Fig7_HTML.jpg | figures/PMC12031793/11845_2025_3909_Fig8_HTML.jpg | figures/PMC12031793/11845_2025_3909_Fig9_HTML.jpg | figures/PMC12031793/11845_2025_3909_Fig10_HTML.jpg | figures/PMC12031793/11845_2025_3909_Fig11_HTML.jpg | figures/PMC12031793/11845_2025_3909_Fig12_HTML.jpg
1690,orthopaedic,Orthopaedics – Arthroplasty,,Environmental impact of TKA: Waste audit of hospital operating room compared to ambulatory surgery center.,,,,"published, pending extraction",https://pubmed.ncbi.nlm.nih.gov/40028186/,,USA,False,,,,,,,,,,,,Bejcek CE; Baker JR; Sleiman AG; Thuppal SV; Delfino K; Allan DG,Journal of orthopaedics,2025,10.1016/j.jor.2025.01.014,40028186,,not reported,False,"Bejcek CE, Baker JR, Sleiman AG, Thuppal SV, Delfino K, Allan DG. Environmental impact of TKA: Waste audit of hospital operating room compared to ambulatory surgery center. J Orthop. 2025;68:90-92. doi:10.1016/j.jor.2025.01.014. PMID: 40028186.",
1691,orthopaedic,Orthopaedics – Spine,,Adding value in radiology-improved radiological diagnosis of osteoporotic vertebral fragility fractures following National UK Audit and Interventions.,,,,"published, pending extraction",https://pubmed.ncbi.nlm.nih.gov/40080706/,,UK,True,,,,,,,,,,,,Howlett DC; Adams HL; Salman L; Drinkwater KJ,The British journal of radiology,2025,10.1093/bjr/tqaf054,40080706,,not reported,False,"Howlett DC, Adams HL, Salman L, Drinkwater KJ. Adding value in radiology-improved radiological diagnosis of osteoporotic vertebral fragility fractures following National UK Audit and Interventions. Br J Radiol. 2025;98(1169):650-652. doi:10.1093/bjr/tqaf054. PMID: 40080706.",
1692,orthopaedic,Orthopaedics – Spine,,Improved radiological diagnosis of osteoporotic vertebral fragility fractures following UK-wide interventions and re-audit-can this be maintained and translated into clinical practice?,,,,"published, pending extraction",https://pubmed.ncbi.nlm.nih.gov/40263145/,,UK,True,,,,,,,,,,,,Adams H; Salman L; Drinkwater KJ; Griffin J; Rowntree S; Howlett DC,Osteoporosis international : a journal established as result of cooperation between the European Foundation for Osteoporosis and the National Osteoporosis Foundation of the USA,2025,10.1007/s00198-025-07488-z,40263145,,not reported,False,"Adams H, Salman L, Drinkwater KJ, Griffin J, Rowntree S, Howlett DC. Improved radiological diagnosis of osteoporotic vertebral fragility fractures following UK-wide interventions and re-audit-can this be maintained and translated into clinical practice?. Osteoporos Int. 2025;36(6):1069-1076. doi:10.1007/s00198-025-07488-z. PMID: 40263145.",
1693,orthopaedic,Orthopaedics – Trauma,,Improving Orthostatic Hypotension Screening in Fall Prevention: A Two-Cycle Audit on Falls Assessment and Lying and Standing Blood Pressure Measurement.,,,,"published, pending extraction",https://pmc.ncbi.nlm.nih.gov/articles/PMC12019896/,,UK,True,,,,,,,,,,,,Yusuf Y; Alfardan N; Matar E; Najeeb F; Abdulmotaleb Z,Cureus,2025,10.7759/cureus.81138,40276417,PMC12019896,cc by,True,"Yusuf Y, Alfardan N, Matar E, Najeeb F, Abdulmotaleb Z. Improving Orthostatic Hypotension Screening in Fall Prevention: A Two-Cycle Audit on Falls Assessment and Lying and Standing Blood Pressure Measurement. Cureus. 2025;17(3):e81138. doi:10.7759/cureus.81138. PMID: 40276417.",
1694,orthopaedic,Orthopaedics – Trauma,,Assessment of urgent investigative images transfer effectiveness from trauma and orthopaedic to neurosurgery department: a quality improvement project.,,,,"published, pending extraction",https://pmc.ncbi.nlm.nih.gov/articles/PMC12067793/,,UK,True,,,,,,,,,,,,Khan M; Khaleeq T; Theivendran K,BMJ open quality,2025,10.1136/bmjoq-2024-003126,40345702,PMC12067793,cc by-nc,True,"Khan M, Khaleeq T, Theivendran K. Assessment of urgent investigative images transfer effectiveness from trauma and orthopaedic to neurosurgery department: a quality improvement project. BMJ Open Qual. 2025;14(2):e003126. doi:10.1136/bmjoq-2024-003126. PMID: 40345702.",
1695,orthopaedic,Orthopaedics – Theatre and perioperative,,The use of a microcomputer for inpatient audit in an orthopaedic department.,,,,"published, pending extraction",https://pmc.ncbi.nlm.nih.gov/articles/PMC2497849/,,not reported,False,,,,,,,,,,,,Broughton NS; Bunker TD; Ackroyd CE,Annals of the Royal College of Surgeons of England,1985,,4037643,PMC2497849,not reported,False,"Broughton NS, Bunker TD, Ackroyd CE. The use of a microcomputer for inpatient audit in an orthopaedic department. Ann R Coll Surg Engl. 1985;67(4):259-262. PMID: 4037643.",
1696,orthopaedic,Orthopaedics – Spine,,Improving the suspected cauda equina syndrome pathway at a district general hospital: a quality improvement project.,,,,"published, pending extraction",https://pmc.ncbi.nlm.nih.gov/articles/PMC12121611/,,UK,True,,,,,,,,,,,,Conte A; Lingham A; Nagulendran S; Chaudhary U; Alsayeh S; Malkania B; Sharma S; Watts P; Mitchell M; Davis A; Mueller M,BMJ open quality,2025,10.1136/bmjoq-2024-003081,40441733,PMC12121611,cc by-nc,True,"Conte A, Lingham A, Nagulendran S, Chaudhary U, Alsayeh S, Malkania B, et al.. Improving the suspected cauda equina syndrome pathway at a district general hospital: a quality improvement project. BMJ Open Qual. 2025;14(2):e003081. doi:10.1136/bmjoq-2024-003081. PMID: 40441733.",
1697,orthopaedic,Orthopaedics – Trauma,,Breaking bones and the rules: An audit of paediatric e-scooter trauma in a regional Queensland hospital.,,,,"published, pending extraction",https://pubmed.ncbi.nlm.nih.gov/40467445/,,Australia,False,,,,,,,,,,,,Clanfield M; Sharman I,Australian and New Zealand journal of public health,2025,10.1016/j.anzjph.2025.100245,40467445,,not reported,False,"Clanfield M, Sharman I. Breaking bones and the rules: An audit of paediatric e-scooter trauma in a regional Queensland hospital. Aust N Z J Public Health. 2025;49(3):100245. doi:10.1016/j.anzjph.2025.100245. PMID: 40467445.",
1698,orthopaedic,Orthopaedics – Arthroplasty,,Recovery Audit Contractors and Two Institutions' Response to Audit Requests Regarding Medicare Total Joint Arthroplasty Patients.,,,,"published, pending extraction",https://pubmed.ncbi.nlm.nih.gov/40480335/,,not reported,False,,,,,,,,,,,,Kobayashi AN; Chen AF; Moye SC; Olsen AS; Lange JK; Iorio R,The Journal of arthroplasty,2025,10.1016/j.arth.2025.05.119,40480335,,not reported,False,"Kobayashi AN, Chen AF, Moye SC, Olsen AS, Lange JK, Iorio R. Recovery Audit Contractors and Two Institutions' Response to Audit Requests Regarding Medicare Total Joint Arthroplasty Patients. J Arthroplasty. 2025;40(12):3101-3104.e1. doi:10.1016/j.arth.2025.05.119. PMID: 40480335.",
1699,orthopaedic,Orthopaedics – Trauma,,Clinical audit of Ankylos implant abutment fractures for a ten-year period in practice.,,,,"published, pending extraction",https://pmc.ncbi.nlm.nih.gov/articles/PMC12165840/,,UK,True,,,,,,,,,,,,Rayment S; Packer M; Millar BJ,British dental journal,2025,10.1038/s41415-024-8009-0,40514499,PMC12165840,cc by,True,"Rayment S, Packer M, Millar BJ. Clinical audit of Ankylos implant abutment fractures for a ten-year period in practice. Br Dent J. 2025;238(11):869-878. doi:10.1038/s41415-024-8009-0. PMID: 40514499.",figures/PMC12165840/41415_2024_8009_Fig1_HTML.jpg | figures/PMC12165840/41415_2024_8009_Fig2_HTML.jpg | figures/PMC12165840/41415_2024_8009_Fig3_HTML.jpg | figures/PMC12165840/41415_2024_8009_Fig4_HTML.jpg | figures/PMC12165840/41415_2024_8009_Fig5_HTML.jpg
1700,orthopaedic,Orthopaedics – Theatre and perioperative,,A multicenter audit of 1295 daptomycin prescriptions in the Auvergne-Rhône-Alpes region.,,,,"published, pending extraction",https://pubmed.ncbi.nlm.nih.gov/40523430/,,France,False,,,,,,,,,,,,Le Cras R; Solomovici B; Lesprit P; Foroni L; Regional antibiotic stewardship working group,Infectious diseases now,2025,10.1016/j.idnow.2025.105106,40523430,,not reported,False,"Le Cras R, Solomovici B, Lesprit P, Foroni L, Regional antibiotic stewardship working group. A multicenter audit of 1295 daptomycin prescriptions in the Auvergne-Rhône-Alpes region. Infect Dis Now. 2025;55(6):105106. doi:10.1016/j.idnow.2025.105106. PMID: 40523430.",
1701,orthopaedic,Orthopaedics – Theatre and perioperative,,Weight- and Nutrition-Related Changes of Patients With Osteoarthritis Attending the Dietetic Orthopaedic Physiotherapy Screening Clinic: Findings From a Clinical Audit.,,,,"published, pending extraction",https://pmc.ncbi.nlm.nih.gov/articles/PMC12182223/,,Australia,False,,,,,,,,,,,,Tupper L; Morley S; Utter J,Musculoskeletal care,2025,10.1002/msc.70146,40542998,PMC12182223,cc by-nc-nd,True,"Tupper L, Morley S, Utter J. Weight- and Nutrition-Related Changes of Patients With Osteoarthritis Attending the Dietetic Orthopaedic Physiotherapy Screening Clinic: Findings From a Clinical Audit. Musculoskeletal Care. 2025;23(2):e70146. doi:10.1002/msc.70146. PMID: 40542998.",
1702,orthopaedic,Orthopaedics – Foot and ankle,,Assessing Compliance With Ottawa Foot and Ankle Rules in the Emergency Department: A Closed-Loop Quality Improvement Project.,,,,"published, pending extraction",https://pmc.ncbi.nlm.nih.gov/articles/PMC12200823/,,UK,True,,,,,,,,,,,,Wallace W; Limaye N; Rao C; Menon S; Ratcliffe G; Mostafa A; Blakeley C,Cureus,2025,10.7759/cureus.84908,40575204,PMC12200823,cc by,True,"Wallace W, Limaye N, Rao C, Menon S, Ratcliffe G, Mostafa A, et al.. Assessing Compliance With Ottawa Foot and Ankle Rules in the Emergency Department: A Closed-Loop Quality Improvement Project. Cureus. 2025;17(5):e84908. doi:10.7759/cureus.84908. PMID: 40575204.",figures/PMC12200823/cureus-0017-00000084908-i01.jpg | figures/PMC12200823/cureus-0017-00000084908-i02.jpg | figures/PMC12200823/cureus-0017-00000084908-i03.jpg | figures/PMC12200823/cureus-0017-00000084908-i04.jpg
1703,orthopaedic,Orthopaedics – Hip fracture,,"Machine learning-based prediction of short- and long-term mortality for shared decision-making in older hip fracture patients: the Dutch Hip Fracture Audit algorithms in 74,396 cases.",,,,"published, pending extraction",https://pmc.ncbi.nlm.nih.gov/articles/PMC12231630/,,Netherlands,False,,,,,,,,,,,,Dijkstra H; Parsons CS; Bremen HV; Willems HC; De Hond AAH; Van Munster BC; Doornberg JN; Oosterhoff JHF,Acta orthopaedica,2025,10.2340/17453674.2025.44248,40622227,PMC12231630,cc by,True,"Dijkstra H, Parsons CS, Bremen HV, Willems HC, De Hond AAH, Van Munster BC, et al.. Machine learning-based prediction of short- and long-term mortality for shared decision-making in older hip fracture patients: the Dutch Hip Fracture Audit algorithms in 74,396 cases. Acta Orthop. 2025;96:521-528. doi:10.2340/17453674.2025.44248. PMID: 40622227.",figures/PMC12231630/ActaO-96-44248-g001.jpg | figures/PMC12231630/ActaO-96-44248-g002.jpg | figures/PMC12231630/ActaO-96-44248-g003.jpg
1704,orthopaedic,Orthopaedics – Arthroplasty,,Improving Patient Care and Clinical Services: Compliance With the National Institute for Health and Care Excellence (NICE) Guidelines for Venous Thromboembolism Prophylaxis After Hip and Knee Arthroplasty.,,,,"published, pending extraction",https://pmc.ncbi.nlm.nih.gov/articles/PMC12276797/,,not reported,False,,,,,,,,,,,,Mussab RM; Venkatesan M; Khan IA; Raja V; Kothari S,Cureus,2025,10.7759/cureus.86448,40688888,PMC12276797,cc by,True,"Mussab RM, Venkatesan M, Khan IA, Raja V, Kothari S. Improving Patient Care and Clinical Services: Compliance With the National Institute for Health and Care Excellence (NICE) Guidelines for Venous Thromboembolism Prophylaxis After Hip and Knee Arthroplasty. Cureus. 2025;17(6):e86448. doi:10.7759/cureus.86448. PMID: 40688888.",figures/PMC12276797/cureus-0017-00000086448-i01.jpg | figures/PMC12276797/cureus-0017-00000086448-i02.jpg
1705,orthopaedic,Orthopaedics – Trauma,,Designing a new orthopaedic trauma meeting proforma to improve documentation in a large UK teaching hospital.,,,,"published, pending extraction",https://pmc.ncbi.nlm.nih.gov/articles/PMC12949692/,,UK,True,,,,,,,,,,,,Warrington DJ; Yip CR; Kassir A; Nadar N; Elcock K; Peach C,Annals of the Royal College of Surgeons of England,2026,10.1308/rcsann.2025.0043,40702969,PMC12949692,cc by,True,"Warrington DJ, Yip CR, Kassir A, Nadar N, Elcock K, Peach C. Designing a new orthopaedic trauma meeting proforma to improve documentation in a large UK teaching hospital. Ann R Coll Surg Engl. 2026;108(3):207-213. doi:10.1308/rcsann.2025.0043. PMID: 40702969.",figures/PMC12949692/rcsann.2025.0043.01.jpg | figures/PMC12949692/rcsann.2025.0043.02.jpg | figures/PMC12949692/rcsann.2025.0043.03.jpg | figures/PMC12949692/rcsann.2025.0043.04.jpg
1706,orthopaedic,Orthopaedics – Arthroplasty,,Joint resolution. Rationale for criteria for a medical audit of total knee replacement.,,,,"published, pending extraction",https://pubmed.ncbi.nlm.nih.gov/407532/,,not reported,False,,,,,,,,,,,,Bachman DC,QRB. Quality review bulletin,1977,,407532,,not reported,False,"Bachman DC. Joint resolution. Rationale for criteria for a medical audit of total knee replacement. QRB Qual Rev Bull. 1977;3(6):5-7, 22. PMID: 407532.",
1707,orthopaedic,Orthopaedics – Arthroplasty,,An audit exercise for physical therapists. How physical therapy processes affect outcomes of patients undergoing total knee replacement.,,,,"published, pending extraction",https://pubmed.ncbi.nlm.nih.gov/407533/,,not reported,False,,,,,,,,,,,,Thompson V,QRB. Quality review bulletin,1977,,407533,,not reported,False,Thompson V. An audit exercise for physical therapists. How physical therapy processes affect outcomes of patients undergoing total knee replacement. QRB Qual Rev Bull. 1977;3(6):8-11. PMID: 407533.,
1708,orthopaedic,Orthopaedics – Trauma,,A Clinical Audit of Perioperative Antibiotic Prophylaxis and Intraoperative Monitoring in Orthopaedic Trauma Surgery: An Audit Cycle.,,,,"published, pending extraction",https://pmc.ncbi.nlm.nih.gov/articles/PMC12314012/,,UK,True,,,,,,,,,,,,Khan A; Elmadbouh S; Khalid SA,Cureus,2025,10.7759/cureus.87082,40755948,PMC12314012,cc by,True,"Khan A, Elmadbouh S, Khalid SA. A Clinical Audit of Perioperative Antibiotic Prophylaxis and Intraoperative Monitoring in Orthopaedic Trauma Surgery: An Audit Cycle. Cureus. 2025;17(6):e87082. doi:10.7759/cureus.87082. PMID: 40755948.",
1709,orthopaedic,Orthopaedics – Shoulder and elbow,,A Retrospective Audit of the Management of Shoulder Dislocations at a Trauma Unit.,,,,"published, pending extraction",https://pmc.ncbi.nlm.nih.gov/articles/PMC12319170/,,not reported,False,,,,,,,,,,,,Mansoor M; Datta S; Bandyopadhyay B; Madhu R; Raza MT; Hussain MW; Al-Jaafar M,Cureus,2025,10.7759/cureus.87256,40761982,PMC12319170,cc by,True,"Mansoor M, Datta S, Bandyopadhyay B, Madhu R, Raza MT, Hussain MW, et al.. A Retrospective Audit of the Management of Shoulder Dislocations at a Trauma Unit. Cureus. 2025;17(7):e87256. doi:10.7759/cureus.87256. PMID: 40761982.",figures/PMC12319170/cureus-0017-00000087256-i01.jpg | figures/PMC12319170/cureus-0017-00000087256-i02.jpg | figures/PMC12319170/cureus-0017-00000087256-i03.jpg
1710,orthopaedic,Orthopaedics – Knee,,Evaluating the Impact of Audits and Re-audits on Adherence to the Ottawa Knee Rules in a High-Volume UK Trauma Centre.,,,,"published, pending extraction",https://pmc.ncbi.nlm.nih.gov/articles/PMC12327154/,,UK,True,,,,,,,,,,,,Ahmed H; Gilani A; Mazhar F; Rizwan M; Azeem A; Rehman A,Cureus,2025,10.7759/cureus.87426,40772178,PMC12327154,cc by,True,"Ahmed H, Gilani A, Mazhar F, Rizwan M, Azeem A, Rehman A. Evaluating the Impact of Audits and Re-audits on Adherence to the Ottawa Knee Rules in a High-Volume UK Trauma Centre. Cureus. 2025;17(7):e87426. doi:10.7759/cureus.87426. PMID: 40772178.",figures/PMC12327154/cureus-0017-00000087426-i01.jpg
1711,orthopaedic,Orthopaedics – Hip fracture,,Improving the rate of use of fascia iliaca compartment blocks in patients presenting with hip fractures.,,,,"published, pending extraction",https://pubmed.ncbi.nlm.nih.gov/40826210/,,Canada,False,,,,,,,,,,,,O'Neill K; Boyle J; Haynes L; Ellis B; Woods R; Oyedokun T; Trivedi SV,CJEM,2026,10.1007/s43678-025-00990-7,40826210,,not reported,False,"O'Neill K, Boyle J, Haynes L, Ellis B, Woods R, Oyedokun T, et al.. Improving the rate of use of fascia iliaca compartment blocks in patients presenting with hip fractures. CJEM. 2026;28(1):27-33. doi:10.1007/s43678-025-00990-7. PMID: 40826210.",
1712,orthopaedic,Orthopaedics – Hip fracture,,The impact of direct oral anticoagulants on hip fracture care in Australia and New Zealand: a prospective patient sprint audit.,,,,"published, pending extraction",https://pmc.ncbi.nlm.nih.gov/articles/PMC12628422/,,Australia,True,,,,,,,,,,,,Wijekulasuriya S; Seymour H; Tarrant S; Balogh ZJ; Navarre P; Hallen J; Hurring S; Mitchell R,Osteoporosis international : a journal established as result of cooperation between the European Foundation for Osteoporosis and the National Osteoporosis Foundation of the USA,2025,10.1007/s00198-025-07659-y,40828478,PMC12628422,cc by-nc,True,"Wijekulasuriya S, Seymour H, Tarrant S, Balogh ZJ, Navarre P, Hallen J, et al.. The impact of direct oral anticoagulants on hip fracture care in Australia and New Zealand: a prospective patient sprint audit. Osteoporos Int. 2025;36(11):2137-2147. doi:10.1007/s00198-025-07659-y. PMID: 40828478.",
1713,orthopaedic,Orthopaedics – Hip fracture,,Improving Adherence to Perioperative Cognitive Assessment Documentation in Hip Fracture Patients: A Quality Improvement Project.,,,,"published, pending extraction",https://pmc.ncbi.nlm.nih.gov/articles/PMC12368469/,,UK,True,,,,,,,,,,,,Ng NTH; Fong SLE,Cureus,2025,10.7759/cureus.88482,40851711,PMC12368469,cc by,True,"Ng NTH, Fong SLE. Improving Adherence to Perioperative Cognitive Assessment Documentation in Hip Fracture Patients: A Quality Improvement Project. Cureus. 2025;17(7):e88482. doi:10.7759/cureus.88482. PMID: 40851711.",figures/PMC12368469/cureus-0017-00000088482-i01.jpg | figures/PMC12368469/cureus-0017-00000088482-i02.jpg | figures/PMC12368469/cureus-0017-00000088482-i03.jpg
1714,orthopaedic,Orthopaedics – Arthroplasty,,Enhancing Efficiency in Acute Arthroplasty Case Management Through Secure Messaging: A Siilo-Based Multidisciplinary Team (MDT) Audit.,,,,"published, pending extraction",https://pmc.ncbi.nlm.nih.gov/articles/PMC12375225/,,UK,True,,,,,,,,,,,,Hamed A; Hamid MA; Sherif IA; Alsonbaty M; Younis Z,Cureus,2025,10.7759/cureus.88719,40861770,PMC12375225,cc by,True,"Hamed A, Hamid MA, Sherif IA, Alsonbaty M, Younis Z. Enhancing Efficiency in Acute Arthroplasty Case Management Through Secure Messaging: A Siilo-Based Multidisciplinary Team (MDT) Audit. Cureus. 2025;17(7):e88719. doi:10.7759/cureus.88719. PMID: 40861770.",
1715,orthopaedic,Orthopaedics – Arthroplasty,,Post-operative Venous Thromboembolism Prophylaxis for Non-arthroplasty Knee Surgery: A Closed Loop Clinical Audit.,,,,"published, pending extraction",https://pmc.ncbi.nlm.nih.gov/articles/PMC12411978/,,not reported,True,,,,,,,,,,,,Imtiaz H; Anaga E; Kouklidis G; Horgan M,Cureus,2025,10.7759/cureus.89461,40918921,PMC12411978,cc by,True,"Imtiaz H, Anaga E, Kouklidis G, Horgan M. Post-operative Venous Thromboembolism Prophylaxis for Non-arthroplasty Knee Surgery: A Closed Loop Clinical Audit. Cureus. 2025;17(8):e89461. doi:10.7759/cureus.89461. PMID: 40918921.",
1716,orthopaedic,Orthopaedics – Trauma,,"Assessing the Quality of Operative Notes in the Orthopedic Surgery Department at Gezira Traumatology Center, Sudan, in Accordance With the Royal College of Surgeons Guidelines.",,,,"published, pending extraction",https://pmc.ncbi.nlm.nih.gov/articles/PMC12413928/,,Ireland,True,,,,,,,,,,,,Alnour AAD; Hussien ME; Alhaj A; Elhassan OFM; Eltahir A; Emam MO; Abdalla M,Cureus,2025,10.7759/cureus.89492,40918923,PMC12413928,cc by,True,"Alnour AAD, Hussien ME, Alhaj A, Elhassan OFM, Eltahir A, Emam MO, et al.. Assessing the Quality of Operative Notes in the Orthopedic Surgery Department at Gezira Traumatology Center, Sudan, in Accordance With the Royal College of Surgeons Guidelines. Cureus. 2025;17(8):e89492. doi:10.7759/cureus.89492. PMID: 40918923.",
1717,orthopaedic,Orthopaedics – Hip fracture,,Impact of Care Delivered in Nondesignated Areas on Older Patients Admitted With Hip Fractures: A Quality Improvement Initiative.,,,,"published, pending extraction",https://pmc.ncbi.nlm.nih.gov/articles/PMC12450392/,,UK,True,,,,,,,,,,,,Solomon J; Ameer A; Chopda V; Lisk R; Yeong K; Acharya J; Robin J; Fry CH; Han TS,Journal of evaluation in clinical practice,2025,10.1111/jep.70276,40975842,PMC12450392,cc by,True,"Solomon J, Ameer A, Chopda V, Lisk R, Yeong K, Acharya J, et al.. Impact of Care Delivered in Nondesignated Areas on Older Patients Admitted With Hip Fractures: A Quality Improvement Initiative. J Eval Clin Pract. 2025;31(6):e70276. doi:10.1111/jep.70276. PMID: 40975842.",figures/PMC12450392/JEP-31-0-g001.jpg | figures/PMC12450392/JEP-31-0-g002.jpg | figures/PMC12450392/JEP-31-0-g003.jpg
1718,orthopaedic,Orthopaedics – Foot and ankle,,Evaluating Compliance to Intra-operative Syndesmosis Stress Testing During Ankle Fracture Fixation: Are We Stressing It?,,,,"published, pending extraction",https://pmc.ncbi.nlm.nih.gov/articles/PMC12445631/,,not reported,False,,,,,,,,,,,,Rahim AK; Imtiaz H; Durrani A; Oo TP; Barot K; Kouklidis G; Karim A; Sangar A,Cureus,2025,10.7759/cureus.92617,40980789,PMC12445631,cc by,True,"Rahim AK, Imtiaz H, Durrani A, Oo TP, Barot K, Kouklidis G, et al.. Evaluating Compliance to Intra-operative Syndesmosis Stress Testing During Ankle Fracture Fixation: Are We Stressing It?. Cureus. 2025;17(9):e92617. doi:10.7759/cureus.92617. PMID: 40980789.",figures/PMC12445631/cureus-0017-00000092617-i01.jpg | figures/PMC12445631/cureus-0017-00000092617-i02.jpg | figures/PMC12445631/cureus-0017-00000092617-i03.jpg | figures/PMC12445631/cureus-0017-00000092617-i04.jpg | figures/PMC12445631/cureus-0017-00000092617-i05.jpg
1719,orthopaedic,Orthopaedics – Arthroplasty,,Weight-Bearing Status After Peri-Prosthetic Proximal Femur Fracture Open Reduction and Internal Fixation (ORIF) or Revision Arthroplasty: A Clinical Audit.,,,,"published, pending extraction",https://pmc.ncbi.nlm.nih.gov/articles/PMC12455250/,,not reported,False,,,,,,,,,,,,Mitchell O; Ward P; Petrov K,Cureus,2025,10.7759/cureus.90805,40995306,PMC12455250,cc by,True,"Mitchell O, Ward P, Petrov K. Weight-Bearing Status After Peri-Prosthetic Proximal Femur Fracture Open Reduction and Internal Fixation (ORIF) or Revision Arthroplasty: A Clinical Audit. Cureus. 2025;17(8):e90805. doi:10.7759/cureus.90805. PMID: 40995306.",
1720,orthopaedic,Orthopaedics – Hand and wrist,,"Improving the compliance of orthopaedic wrist and hand referrals against the musculoskeletal recommendations from the 2018 Evidence-based Interventions programme, along with local guidance in Greater Manchester: A quality improvement project.",,,,"published, pending extraction",https://pmc.ncbi.nlm.nih.gov/articles/PMC12481375/,,UK,True,,,,,,,,,,,,Woodhead DL; Goodwin PC; Miller E,BMJ open quality,2025,10.1136/bmjoq-2025-003323,41005792,PMC12481375,cc by,True,"Woodhead DL, Goodwin PC, Miller E. Improving the compliance of orthopaedic wrist and hand referrals against the musculoskeletal recommendations from the 2018 Evidence-based Interventions programme, along with local guidance in Greater Manchester: A quality improvement project. BMJ Open Qual. 2025;14(3):e003323. doi:10.1136/bmjoq-2025-003323. PMID: 41005792.",figures/PMC12481375/bmjoq-14-3-g001.jpg | figures/PMC12481375/bmjoq-14-3-g002.jpg | figures/PMC12481375/bmjoq-14-3-g003.jpg
1721,orthopaedic,Orthopaedics – Hip fracture,,Variation in post-operative weight-bearing practice following hip fracture surgery: A national hip fracture audit review.,,,,"published, pending extraction",https://pmc.ncbi.nlm.nih.gov/articles/PMC12495072/,,UK,True,,,,,,,,,,,,Smith H; Lindh A; Aquilina A; Trompeter A; Johansen A; Eardley W,Journal of clinical orthopaedics and trauma,2025,10.1016/j.jcot.2025.103200,41049717,PMC12495072,cc by,True,"Smith H, Lindh A, Aquilina A, Trompeter A, Johansen A, Eardley W. Variation in post-operative weight-bearing practice following hip fracture surgery: A national hip fracture audit review. J Clin Orthop Trauma. 2025;70:103200. doi:10.1016/j.jcot.2025.103200. PMID: 41049717.",figures/PMC12495072/ga1.jpg | figures/PMC12495072/gr1.jpg
1722,orthopaedic,Orthopaedics – Foot and ankle,,Adequacy of Lateral Ankle Radiograph Views in Acute Trauma Setting: A Quality Improvement Project.,,,,"published, pending extraction",https://pmc.ncbi.nlm.nih.gov/articles/PMC12490710/,,not reported,False,,,,,,,,,,,,Imtiaz H; Rahim A; Paracha H; Samad S; Kouklidis G; Raymond A,Cureus,2025,10.7759/cureus.91479,41049922,PMC12490710,cc by,True,"Imtiaz H, Rahim A, Paracha H, Samad S, Kouklidis G, Raymond A. Adequacy of Lateral Ankle Radiograph Views in Acute Trauma Setting: A Quality Improvement Project. Cureus. 2025;17(9):e91479. doi:10.7759/cureus.91479. PMID: 41049922.",figures/PMC12490710/cureus-0017-00000091479-i01.jpg | figures/PMC12490710/cureus-0017-00000091479-i02.jpg
1723,orthopaedic,Orthopaedics – Shoulder and elbow,,Potential carbon savings in the management of shoulder dislocations through allied health professional-led patient pathways: an observational study using audit data.,,,,"published, pending extraction",https://pubmed.ncbi.nlm.nih.gov/41093375/,,UK,True,,,,,,,,,,,,Shearer G; Nicole S; Bowling B; Saleem J; Zreik N; Hubbard C; Tennent D; Hindle L; Phull M; Briggs TWR; Gray WK,BMJ leader,2025,10.1136/leader-2025-001228,41093375,,not reported,False,"Shearer G, Nicole S, Bowling B, Saleem J, Zreik N, Hubbard C, et al.. Potential carbon savings in the management of shoulder dislocations through allied health professional-led patient pathways: an observational study using audit data. BMJ Lead. 2025. doi:10.1136/leader-2025-001228. PMID: 41093375.",
1724,orthopaedic,Orthopaedics – Knee,,A Retrospective Audit of the Timescales Involved in the Diagnosis and Management of Soft Tissue Knee Injuries at a Single National Health Service Trust: A Quality Service Improvement and Redesign Project.,,,,"published, pending extraction",https://pmc.ncbi.nlm.nih.gov/articles/PMC12526664/,,UK,True,,,,,,,,,,,,Vindya A; Gangadharaswamy Nagabhushan SB,Cureus,2025,10.7759/cureus.94641,41104036,PMC12526664,cc by,True,"Vindya A, Gangadharaswamy Nagabhushan SB. A Retrospective Audit of the Timescales Involved in the Diagnosis and Management of Soft Tissue Knee Injuries at a Single National Health Service Trust: A Quality Service Improvement and Redesign Project. Cureus. 2025;17(10):e94641. doi:10.7759/cureus.94641. PMID: 41104036.",figures/PMC12526664/cureus-0017-00000094641-i01.jpg | figures/PMC12526664/cureus-0017-00000094641-i02.jpg | figures/PMC12526664/cureus-0017-00000094641-i03.jpg
1725,orthopaedic,Orthopaedics – Hip fracture,,"Sliding hip screw constructs are associated with early mobilisation, return to domicile and shorter length of stay when compared to an intramedullary nail: Results from the Scottish hip fracture audit.",,,,"published, pending extraction",https://pubmed.ncbi.nlm.nih.gov/41108795/,,UK,True,,,,,,,,,,,,Farrow L; Diffley T; Beshr M; Dixon J; Chen B; Clement N,Injury,2025,10.1016/j.injury.2025.112805,41108795,,cc by,False,"Farrow L, Diffley T, Beshr M, Dixon J, Chen B, Clement N. Sliding hip screw constructs are associated with early mobilisation, return to domicile and shorter length of stay when compared to an intramedullary nail: Results from the Scottish hip fracture audit. Injury. 2025;56(12):112805. doi:10.1016/j.injury.2025.112805. PMID: 41108795.",
1726,orthopaedic,Orthopaedics – Hand and wrist,,Optimising Hand Trauma Management in a Tertiary National Health Service (NHS) Plastic Surgery Department: A Quality Improvement Initiative Aligned With the United Kingdom's Prevalence Data and British Society for Surgery of the Hand (BSSH) Guidelines.,,,,"published, pending extraction",https://pmc.ncbi.nlm.nih.gov/articles/PMC12535467/,,UK,True,,,,,,,,,,,,Dey S; Izadi D,Cureus,2025,10.7759/cureus.92661,41111789,PMC12535467,cc by,True,"Dey S, Izadi D. Optimising Hand Trauma Management in a Tertiary National Health Service (NHS) Plastic Surgery Department: A Quality Improvement Initiative Aligned With the United Kingdom's Prevalence Data and British Society for Surgery of the Hand (BSSH) Guidelines. Cureus. 2025;17(9):e92661. doi:10.7759/cureus.92661. PMID: 41111789.",
1727,orthopaedic,Orthopaedics – Hip fracture,,Assessing Adequacy of Marker Ball Placement in Preoperative Pelvic X-rays: Are We Missing the Mark?,,,,"published, pending extraction",https://pmc.ncbi.nlm.nih.gov/articles/PMC12532073/,,UK,True,,,,,,,,,,,,Rahim AK; Imtiaz H; Afzal I; Karim A; Shah P; Barot K; Durrani A; Kouklidis G; Ahmed T; Raymond A,Cureus,2025,10.7759/cureus.94736,41113895,PMC12532073,cc by,True,"Rahim AK, Imtiaz H, Afzal I, Karim A, Shah P, Barot K, et al.. Assessing Adequacy of Marker Ball Placement in Preoperative Pelvic X-rays: Are We Missing the Mark?. Cureus. 2025;17(10):e94736. doi:10.7759/cureus.94736. PMID: 41113895.",figures/PMC12532073/cureus-0017-00000094736-i01.jpg | figures/PMC12532073/cureus-0017-00000094736-i02.jpg | figures/PMC12532073/cureus-0017-00000094736-i03.jpg | figures/PMC12532073/cureus-0017-00000094736-i04.jpg | figures/PMC12532073/cureus-0017-00000094736-i05.jpg | figures/PMC12532073/cureus-0017-00000094736-i06.jpg | figures/PMC12532073/cureus-0017-00000094736-i07.jpg
1728,orthopaedic,Orthopaedics – Trauma,,Printed vs. Digital Patient Information Leaflets-Improving Patient Information Delivery for Enhanced Engagement in Trauma and Orthopaedic Surgery: A Quality Improvement Project.,,,,"published, pending extraction",https://pmc.ncbi.nlm.nih.gov/articles/PMC12549011/,,UK,True,,,,,,,,,,,,George J; Poomalai I; Wildin C,Cureus,2025,10.7759/cureus.93991,41141882,PMC12549011,cc by,True,"George J, Poomalai I, Wildin C. Printed vs. Digital Patient Information Leaflets-Improving Patient Information Delivery for Enhanced Engagement in Trauma and Orthopaedic Surgery: A Quality Improvement Project. Cureus. 2025;17(10):e93991. doi:10.7759/cureus.93991. PMID: 41141882.",figures/PMC12549011/cureus-0017-00000093991-i01.jpg
1729,orthopaedic,Orthopaedics – Trauma,,Improving Clinical Management in ENT Casualty: A Multi-domain Quality Improvement Project Using a Digital Toolkit.,,,,"published, pending extraction",https://pmc.ncbi.nlm.nih.gov/articles/PMC12555774/,,not reported,False,,,,,,,,,,,,Borg L; Gauci R; Attard R; Grech M; Muscat MK,Cureus,2025,10.7759/cureus.95483,41158719,PMC12555774,cc by,True,"Borg L, Gauci R, Attard R, Grech M, Muscat MK. Improving Clinical Management in ENT Casualty: A Multi-domain Quality Improvement Project Using a Digital Toolkit. Cureus. 2025;17(10):e95483. doi:10.7759/cureus.95483. PMID: 41158719.",figures/PMC12555774/cureus-0017-00000095483-i01.jpg
1730,orthopaedic,Orthopaedics – Theatre and perioperative,,Inclusion of Diagnostic Imaging in Orthopaedic Discharge Summaries: A Quality Improvement Project.,,,,"published, pending extraction",https://pmc.ncbi.nlm.nih.gov/articles/PMC12583929/,,UK,True,,,,,,,,,,,,Parkar N; Alduhoky M; Wignadasan W,Cureus,2025,10.7759/cureus.95992,41195409,PMC12583929,cc by,True,"Parkar N, Alduhoky M, Wignadasan W. Inclusion of Diagnostic Imaging in Orthopaedic Discharge Summaries: A Quality Improvement Project. Cureus. 2025;17(11):e95992. doi:10.7759/cureus.95992. PMID: 41195409.",
1731,orthopaedic,Orthopaedics – Shoulder and elbow,,Orthogonal Radiographs After Shoulder Reduction: Are We Meeting the Standard?,,,,"published, pending extraction",https://pmc.ncbi.nlm.nih.gov/articles/PMC12620009/,,not reported,True,,,,,,,,,,,,Mahajan U; Yousaf M; Jinadu K; Memon K,Cureus,2025,10.7759/cureus.94814,41250712,PMC12620009,cc by,True,"Mahajan U, Yousaf M, Jinadu K, Memon K. Orthogonal Radiographs After Shoulder Reduction: Are We Meeting the Standard?. Cureus. 2025;17(10):e94814. doi:10.7759/cureus.94814. PMID: 41250712.",
1732,orthopaedic,Orthopaedics – Foot and ankle,,Suspected Achilles Tendon Ruptures and the Course of Action: Assessing Compliance With Local Protocols.,,,,"published, pending extraction",https://pmc.ncbi.nlm.nih.gov/articles/PMC12622861/,,not reported,False,,,,,,,,,,,,Imtiaz H; Naz A; Oo TP; Jan AA; Ahmed T; Alkhatib O; Nasim N,Cureus,2025,10.7759/cureus.95225,41257126,PMC12622861,cc by,True,"Imtiaz H, Naz A, Oo TP, Jan AA, Ahmed T, Alkhatib O, et al.. Suspected Achilles Tendon Ruptures and the Course of Action: Assessing Compliance With Local Protocols. Cureus. 2025;17(10):e95225. doi:10.7759/cureus.95225. PMID: 41257126.",
1733,orthopaedic,Orthopaedics – Spine,,Clinical Audit Determining Standard of Care for Musculoskeletal Health in Children With Spinal Cord Disorders.,,,,"published, pending extraction",https://pmc.ncbi.nlm.nih.gov/articles/PMC12629215/,,Australia,False,,,,,,,,,,,,Ellis J; Galea MP; Simm P; Knight S; Scheinberg A,Topics in spinal cord injury rehabilitation,2025,10.46292/sci24-00033,41268136,PMC12629215,not reported,False,"Ellis J, Galea MP, Simm P, Knight S, Scheinberg A. Clinical Audit Determining Standard of Care for Musculoskeletal Health in Children With Spinal Cord Disorders. Top Spinal Cord Inj Rehabil. 2025;31(4):101-110. doi:10.46292/sci24-00033. PMID: 41268136.",
1734,orthopaedic,Orthopaedics – Hip fracture,,Enhancing Cognitive Impairment Assessment and Management in Hip Fracture Patients: A Two-Cycle Clinical Audit.,,,,"published, pending extraction",https://pmc.ncbi.nlm.nih.gov/articles/PMC12640630/,,UK,True,,,,,,,,,,,,Abdulsattar S; Shahi U; Mir S,Cureus,2025,10.7759/cureus.95316,41287689,PMC12640630,cc by,True,"Abdulsattar S, Shahi U, Mir S. Enhancing Cognitive Impairment Assessment and Management in Hip Fracture Patients: A Two-Cycle Clinical Audit. Cureus. 2025;17(10):e95316. doi:10.7759/cureus.95316. PMID: 41287689.",figures/PMC12640630/cureus-0017-00000095316-i01.jpg | figures/PMC12640630/cureus-0017-00000095316-i02.jpg
1735,orthopaedic,Orthopaedics – Trauma,,Analgesia and Fascia Iliaca Compartment Block Utilisation for Neck-of-Femur Fracture Patients: A Closed-Loop Audit.,,,,"published, pending extraction",https://pmc.ncbi.nlm.nih.gov/articles/PMC12646812/,,UK,True,,,,,,,,,,,,Ahmed T; Imtiaz H; Asghar R; Zaeem M; Monzur R; Jan AA; Alkhatib O,Cureus,2025,10.7759/cureus.97771,41306811,PMC12646812,cc by,True,"Ahmed T, Imtiaz H, Asghar R, Zaeem M, Monzur R, Jan AA, et al.. Analgesia and Fascia Iliaca Compartment Block Utilisation for Neck-of-Femur Fracture Patients: A Closed-Loop Audit. Cureus. 2025;17(11):e97771. doi:10.7759/cureus.97771. PMID: 41306811.",figures/PMC12646812/cureus-0017-00000097771-i01.jpg
1736,orthopaedic,Orthopaedics – Knee,,Audit of Ottawa Knee Rules Compliance in the Emergency Department: A Two-Cycle Quality Improvement Study at a General Hospital.,,,,"published, pending extraction",https://pmc.ncbi.nlm.nih.gov/articles/PMC12657066/,,not reported,False,,,,,,,,,,,,Rehman A; Javed MA,Cureus,2025,10.7759/cureus.95532,41311778,PMC12657066,cc by,True,"Rehman A, Javed MA. Audit of Ottawa Knee Rules Compliance in the Emergency Department: A Two-Cycle Quality Improvement Study at a General Hospital. Cureus. 2025;17(10):e95532. doi:10.7759/cureus.95532. PMID: 41311778.",
1737,orthopaedic,Orthopaedics – Foot and ankle,,Traumatic Ankle Injuries in the Emergency Department: Evaluating the Adequacy of Clinical Documentation With Reference to the Ottawa Ankle Rules.,,,,"published, pending extraction",https://pmc.ncbi.nlm.nih.gov/articles/PMC12661380/,,UK,True,,,,,,,,,,,,Anwar A; Ali MH; Ali H; Anwar W; Baalawi MS,Cureus,2025,10.7759/cureus.95645,41322931,PMC12661380,cc by,True,"Anwar A, Ali MH, Ali H, Anwar W, Baalawi MS. Traumatic Ankle Injuries in the Emergency Department: Evaluating the Adequacy of Clinical Documentation With Reference to the Ottawa Ankle Rules. Cureus. 2025;17(10):e95645. doi:10.7759/cureus.95645. PMID: 41322931.",figures/PMC12661380/cureus-0017-00000095645-i01.jpg
1738,orthopaedic,Orthopaedics – Hip fracture,,"The Clinical Frailty Scale is a valid and independent predictor of one-year survival in patients sustaining a hip fracture : scottish Hip Fracture Audit data from 8,092 patients.",,,,"published, pending extraction",https://pmc.ncbi.nlm.nih.gov/articles/PMC12674844/,,UK,True,,,,,,,,,,,,Kennedy MJ; Penfold RS; Donaldson L; Hall AJ; Davison MJ; MacLullich AMJ; Walmsley P; Clement ND; Clarke JV,Bone & joint open,2025,10.1302/2633-1462.612.bjo-2025-0198.r1,41338245,PMC12674844,cc by,True,"Kennedy MJ, Penfold RS, Donaldson L, Hall AJ, Davison MJ, MacLullich AMJ, et al.. The Clinical Frailty Scale is a valid and independent predictor of one-year survival in patients sustaining a hip fracture : scottish Hip Fracture Audit data from 8,092 patients. Bone Jt Open. 2025;6(12):1550-1558. doi:10.1302/2633-1462.612.bjo-2025-0198.r1. PMID: 41338245.",figures/PMC12674844/BJO-2025-0198.R1-galleyfig1.jpg | figures/PMC12674844/BJO-2025-0198.R1-galleyfig2.jpg | figures/PMC12674844/BJO-2025-0198.R1-galleyfig3.jpg | figures/PMC12674844/BJO-2025-0198.R1-galleyfig4.jpg | figures/PMC12674844/BJO-2025-0198.R1-galleyfig5.jpg | figures/PMC12674844/BJO-2025-0198.R1-galleyfig6.jpg
1739,orthopaedic,Orthopaedics – Trauma,,Disparities in fracture care in China: a cross-sectional analysis of the INORMUS study.,,,,"published, pending extraction",https://pubmed.ncbi.nlm.nih.gov/41376470/,,UK,True,,,,,,,,,,,,Zhang J; Zhou J; Li CS; Rogers K; Tian M; Jagnoor J; Moroz P; Oguzie GC; Theodore MI; de la Huerta F; Ma X; Wu B; Sancheti P; Quang N; Devereaux PJ; Bhandari M; Ivers R; INORMUS Investigators,"International journal of surgery (London, England)",2025,10.1097/js9.0000000000004030,41376470,,cc by-nc,False,"Zhang J, Zhou J, Li CS, Rogers K, Tian M, Jagnoor J, et al.. Disparities in fracture care in China: a cross-sectional analysis of the INORMUS study. Int J Surg. 2025. doi:10.1097/js9.0000000000004030. PMID: 41376470.",
1740,orthopaedic,Orthopaedics – Hand and wrist,,Time to Surgery for Distal Radius Fractures: A Quality Improvement Audit.,,,,"published, pending extraction",https://pmc.ncbi.nlm.nih.gov/articles/PMC12697222/,,not reported,False,,,,,,,,,,,,Clausen NA; Akasha M; Mohamed Y; Jemelik P; O'Briain D,Cureus,2025,10.7759/cureus.96566,41393555,PMC12697222,cc by,True,"Clausen NA, Akasha M, Mohamed Y, Jemelik P, O'Briain D. Time to Surgery for Distal Radius Fractures: A Quality Improvement Audit. Cureus. 2025;17(11):e96566. doi:10.7759/cureus.96566. PMID: 41393555.",figures/PMC12697222/cureus-0017-00000096566-i01.jpg
1741,orthopaedic,Orthopaedics – Foot and ankle,,Early Weight-Bearing Following Ankle Fixation in a United Kingdom Major Trauma Centre: Real-World Adoption Versus a Contemporary Randomised Trial and British Orthopaedic Association Standards for Trauma.,,,,"published, pending extraction",https://pmc.ncbi.nlm.nih.gov/articles/PMC12710795/,,UK,True,,,,,,,,,,,,Al-Hano H; Beech Z,Cureus,2025,10.7759/cureus.97076,41416288,PMC12710795,cc by,True,"Al-Hano H, Beech Z. Early Weight-Bearing Following Ankle Fixation in a United Kingdom Major Trauma Centre: Real-World Adoption Versus a Contemporary Randomised Trial and British Orthopaedic Association Standards for Trauma. Cureus. 2025;17(11):e97076. doi:10.7759/cureus.97076. PMID: 41416288.",
1742,orthopaedic,Orthopaedics – Hip fracture,,International Normalized Ratio (INR) Sample Rejection in Neck of Femur Fracture Patients: A Retrospective Closed-Loop Study From a Major UK Trauma Centre.,,,,"published, pending extraction",https://pmc.ncbi.nlm.nih.gov/articles/PMC12711245/,,UK,True,,,,,,,,,,,,Mersal M; Salama S; Alsonbaty M; Embaby O; Embabi A; Labidi M,Cureus,2025,10.7759/cureus.97097,41416323,PMC12711245,cc by,True,"Mersal M, Salama S, Alsonbaty M, Embaby O, Embabi A, Labidi M. International Normalized Ratio (INR) Sample Rejection in Neck of Femur Fracture Patients: A Retrospective Closed-Loop Study From a Major UK Trauma Centre. Cureus. 2025;17(11):e97097. doi:10.7759/cureus.97097. PMID: 41416323.",figures/PMC12711245/cureus-0017-00000097097-i01.jpg | figures/PMC12711245/cureus-0017-00000097097-i02.jpg
1743,orthopaedic,Orthopaedics – Theatre and perioperative,,Assessing the quality of orthopaedic operation notes: an audit cycle.,,,,"published, pending extraction",https://pubmed.ncbi.nlm.nih.gov/41418243/,,Pakistan,False,,,,,,,,,,,,Khan W; Shahzad F; Bilal H; Nawaz H; Wahab H; Hassan R,JPMA. The Journal of the Pakistan Medical Association,2025,10.47391/jpma.25-20101,41418243,,not reported,False,"Khan W, Shahzad F, Bilal H, Nawaz H, Wahab H, Hassan R. Assessing the quality of orthopaedic operation notes: an audit cycle. J Pak Med Assoc. 2025;75(12):1928-1931. doi:10.47391/jpma.25-20101. PMID: 41418243.",
1744,orthopaedic,Orthopaedics – Shoulder and elbow,,Audit of Shoulder Dystocia Management and Outcomes at a Busy Hospital in the United Kingdom: A Comprehensive Analysis of Contemporary Practice.,,,,"published, pending extraction",https://pmc.ncbi.nlm.nih.gov/articles/PMC12723310/,,UK,True,,,,,,,,,,,,Bharadwaj R; Abdalla M,Cureus,2025,10.7759/cureus.97528,41446480,PMC12723310,cc by,True,"Bharadwaj R, Abdalla M. Audit of Shoulder Dystocia Management and Outcomes at a Busy Hospital in the United Kingdom: A Comprehensive Analysis of Contemporary Practice. Cureus. 2025;17(11):e97528. doi:10.7759/cureus.97528. PMID: 41446480.",figures/PMC12723310/cureus-0017-00000097528-i01.jpg | figures/PMC12723310/cureus-0017-00000097528-i02.jpg | figures/PMC12723310/cureus-0017-00000097528-i03.jpg | figures/PMC12723310/cureus-0017-00000097528-i04.jpg | figures/PMC12723310/cureus-0017-00000097528-i05.jpg | figures/PMC12723310/cureus-0017-00000097528-i06.jpg | figures/PMC12723310/cureus-0017-00000097528-i07.jpg
1745,orthopaedic,Orthopaedics – Hand and wrist,,System-Level Barriers to National Institute for Health and Care Excellence (NICE) Guideline Compliance in Distal Radius Fracture Management: A Retrospective Audit Study.,,,,"published, pending extraction",https://pmc.ncbi.nlm.nih.gov/articles/PMC12728452/,,UK,True,,,,,,,,,,,,Mersal M; Elmarakby M; Elgendy M; Elsaidy S; Embaby O; Elmahdi A; Sweed T,Cureus,2025,10.7759/cureus.97621,41450368,PMC12728452,cc by,True,"Mersal M, Elmarakby M, Elgendy M, Elsaidy S, Embaby O, Elmahdi A, et al.. System-Level Barriers to National Institute for Health and Care Excellence (NICE) Guideline Compliance in Distal Radius Fracture Management: A Retrospective Audit Study. Cureus. 2025;17(11):e97621. doi:10.7759/cureus.97621. PMID: 41450368.",figures/PMC12728452/cureus-0017-00000097621-i01.jpg | figures/PMC12728452/cureus-0017-00000097621-i02.jpg
1746,orthopaedic,Orthopaedics – Hand and wrist,,Fluoroscopy Exposure During Distal Radius Fracture Fixation: An Audit of Current Practice.,,,,"published, pending extraction",https://pmc.ncbi.nlm.nih.gov/articles/PMC12742859/,,UK,True,,,,,,,,,,,,Al-Dahan T; Virani S; Asardag AN; Seoudi N; Izedonmwen I; Sherpa N; Murad MA; Ekungba-Adewole M; Seidahmed S; Gurung Y,Cureus,2025,10.7759/cureus.99719,41458347,PMC12742859,cc by,True,"Al-Dahan T, Virani S, Asardag AN, Seoudi N, Izedonmwen I, Sherpa N, et al.. Fluoroscopy Exposure During Distal Radius Fracture Fixation: An Audit of Current Practice. Cureus. 2025;17(12):e99719. doi:10.7759/cureus.99719. PMID: 41458347.",figures/PMC12742859/cureus-0017-00000099719-i01.jpg | figures/PMC12742859/cureus-0017-00000099719-i02.jpg | figures/PMC12742859/cureus-0017-00000099719-i03.jpg | figures/PMC12742859/cureus-0017-00000099719-i04.jpg | figures/PMC12742859/cureus-0017-00000099719-i05.jpg | figures/PMC12742859/cureus-0017-00000099719-i06.jpg | figures/PMC12742859/cureus-0017-00000099719-i07.jpg
1747,orthopaedic,Orthopaedics – Hip fracture,,Compliance With Antibiotic Prophylaxis in Hip Arthroplasty Following Neck of Femur Fractures: A Retrospective Clinical Audit Study.,,,,"published, pending extraction",https://pmc.ncbi.nlm.nih.gov/articles/PMC12744320/,,UK,True,,,,,,,,,,,,Mersal M; Thomas J; Shahab M; Shrivastava N; Elgendy M; Embaby O; Elmarakby M; Ajnin S,Cureus,2025,10.7759/cureus.97941,41466947,PMC12744320,cc by,True,"Mersal M, Thomas J, Shahab M, Shrivastava N, Elgendy M, Embaby O, et al.. Compliance With Antibiotic Prophylaxis in Hip Arthroplasty Following Neck of Femur Fractures: A Retrospective Clinical Audit Study. Cureus. 2025;17(11):e97941. doi:10.7759/cureus.97941. PMID: 41466947.",
1748,orthopaedic,Orthopaedics – Theatre and perioperative,,Clinical Audit of Denosumab Biosimilar for Aggressive GCT of Bone: A Tertiary Care Center Retrospective Analysis.,,,,"published, pending extraction",https://pmc.ncbi.nlm.nih.gov/articles/PMC12747753/,,India,False,,,,,,,,,,,,Singh RB; Jagannathan SK; Vineet K,South Asian journal of cancer,2025,10.1055/s-0045-1808094,41473354,PMC12747753,cc by-nc-nd,True,"Singh RB, Jagannathan SK, Vineet K. Clinical Audit of Denosumab Biosimilar for Aggressive GCT of Bone: A Tertiary Care Center Retrospective Analysis. South Asian J Cancer. 2025;14(4):723-727. doi:10.1055/s-0045-1808094. PMID: 41473354.",
1749,orthopaedic,Orthopaedics – Paediatric,,Improving adherence to appropriate use criteria for paediatric supracondylar humerus fractures: a three-cycle quality improvement project.,,,,"published, pending extraction",https://pmc.ncbi.nlm.nih.gov/articles/PMC13059912/,,UK,True,,,,,,,,,,,,Embaby O; Mersal M; Elalfy M,BMJ open quality,2025,10.1136/bmjoq-2025-003933,41476023,PMC13059912,cc by-nc,True,"Embaby O, Mersal M, Elalfy M. Improving adherence to appropriate use criteria for paediatric supracondylar humerus fractures: a three-cycle quality improvement project. BMJ Open Qual. 2025;14(4):e003933. doi:10.1136/bmjoq-2025-003933. PMID: 41476023.",
1750,orthopaedic,Orthopaedics – Hand and wrist,,Auditing the Early Management of Suspected Scaphoid Fractures in Comparison With the National Agreed Standard: A Retrospective Study.,,,,"published, pending extraction",https://pmc.ncbi.nlm.nih.gov/articles/PMC12755959/,,UK,True,,,,,,,,,,,,Downs TM; Yousuff M; Paul A; Oliver C; Ashfaq A; Stewart I; Khokhar A; Bidwai A,Cureus,2025,10.7759/cureus.98228,41480428,PMC12755959,cc by,True,"Downs TM, Yousuff M, Paul A, Oliver C, Ashfaq A, Stewart I, et al.. Auditing the Early Management of Suspected Scaphoid Fractures in Comparison With the National Agreed Standard: A Retrospective Study. Cureus. 2025;17(12):e98228. doi:10.7759/cureus.98228. PMID: 41480428.",figures/PMC12755959/cureus-0017-00000098228-i01.jpg | figures/PMC12755959/cureus-0017-00000098228-i02.jpg | figures/PMC12755959/cureus-0017-00000098228-i03.jpg | figures/PMC12755959/cureus-0017-00000098228-i04.jpg
1751,orthopaedic,Orthopaedics – Hip fracture,,Improving Perioperative Tranexamic Acid Administration in Hip Fracture Surgery: A Two-Cycle Quality Improvement Project at Dorset County Hospital.,,,,"published, pending extraction",https://pmc.ncbi.nlm.nih.gov/articles/PMC12754815/,,UK,True,,,,,,,,,,,,Mahmoud ME; Mustafa Q; Mitchell O,Cureus,2025,10.7759/cureus.98220,41480472,PMC12754815,cc by,True,"Mahmoud ME, Mustafa Q, Mitchell O. Improving Perioperative Tranexamic Acid Administration in Hip Fracture Surgery: A Two-Cycle Quality Improvement Project at Dorset County Hospital. Cureus. 2025;17(12):e98220. doi:10.7759/cureus.98220. PMID: 41480472.",figures/PMC12754815/cureus-0017-00000098220-i01.jpg
1752,orthopaedic,Orthopaedics – Hand and wrist,,Improving the Quality of Lateral Wrist Radiographs: A Closed-Loop Audit of Radiographic Compliance With Standard Positioning Criteria.,,,,"published, pending extraction",https://pmc.ncbi.nlm.nih.gov/articles/PMC12757111/,,not reported,False,,,,,,,,,,,,Barot K; Rahim AK; Afzal I; Imtiaz H; Kouklidis G; Ahmed T; Jan AA; Durrani A; Monzur R; Lynch J,Cureus,2025,10.7759/cureus.100459,41487762,PMC12757111,cc by,True,"Barot K, Rahim AK, Afzal I, Imtiaz H, Kouklidis G, Ahmed T, et al.. Improving the Quality of Lateral Wrist Radiographs: A Closed-Loop Audit of Radiographic Compliance With Standard Positioning Criteria. Cureus. 2025;17(12):e100459. doi:10.7759/cureus.100459. PMID: 41487762.",figures/PMC12757111/cureus-0017-00000100459-i01.jpg | figures/PMC12757111/cureus-0017-00000100459-i02.jpg | figures/PMC12757111/cureus-0017-00000100459-i03.jpg | figures/PMC12757111/cureus-0017-00000100459-i04.jpg
1753,orthopaedic,Orthopaedics – Hip fracture,,Enhancing Perioperative Oral Nutritional Supplements in Elderly Hip Fracture Patients: A Pilot Project on Evidence-Based Practice.,,,,"published, pending extraction",https://pmc.ncbi.nlm.nih.gov/articles/PMC12765600/,,China,False,,,,,,,,,,,,Xie Y; Li X; Yang T; Yang H; Pan W; Cheng C,Clinical interventions in aging,2025,10.2147/cia.s562166,41492340,PMC12765600,cc by-nc,True,"Xie Y, Li X, Yang T, Yang H, Pan W, Cheng C. Enhancing Perioperative Oral Nutritional Supplements in Elderly Hip Fracture Patients: A Pilot Project on Evidence-Based Practice. Clin Interv Aging. 2025;20:2773-2790. doi:10.2147/cia.s562166. PMID: 41492340.",
1754,orthopaedic,Orthopaedics – Trauma,,Improving Patient Care and Clinical Services: Compliance With the British Orthopaedic Association Standards for Trauma (BOAST) Guidelines for Neurological and Vascular Assessment of Acute Fractures.,,,,"published, pending extraction",https://pmc.ncbi.nlm.nih.gov/articles/PMC12765522/,,not reported,False,,,,,,,,,,,,Mussab RM; Ahmad I; Sohail R; Jany TJ; Anil Kumar VR,Cureus,2025,10.7759/cureus.98439,41492587,PMC12765522,cc by,True,"Mussab RM, Ahmad I, Sohail R, Jany TJ, Anil Kumar VR. Improving Patient Care and Clinical Services: Compliance With the British Orthopaedic Association Standards for Trauma (BOAST) Guidelines for Neurological and Vascular Assessment of Acute Fractures. Cureus. 2025;17(12):e98439. doi:10.7759/cureus.98439. PMID: 41492587.",
1755,orthopaedic,Orthopaedics – Trauma,,Improving Discharge Summary Follow-Up Documentation in a Major Trauma Center: A Two-Cycle Quality Improvement Project.,,,,"published, pending extraction",https://pmc.ncbi.nlm.nih.gov/articles/PMC12822628/,,UK,True,,,,,,,,,,,,Ahmed H; Mazhar F; Yousaf Z; Akram U; Mazhar S; Rizwan M,Cureus,2025,10.7759/cureus.99842,41573452,PMC12822628,cc by,True,"Ahmed H, Mazhar F, Yousaf Z, Akram U, Mazhar S, Rizwan M. Improving Discharge Summary Follow-Up Documentation in a Major Trauma Center: A Two-Cycle Quality Improvement Project. Cureus. 2025;17(12):e99842. doi:10.7759/cureus.99842. PMID: 41573452.",figures/PMC12822628/cureus-0017-00000099842-i01.jpg | figures/PMC12822628/cureus-0017-00000099842-i02.jpg
1756,orthopaedic,Orthopaedics – Hip fracture,,A cost analysis of surgical site infection for hip fracture patients using national clinical audit data.,,,,"published, pending extraction",https://pubmed.ncbi.nlm.nih.gov/41589557/,,not reported,False,,,,,,,,,,,,Codyre L; Brent L; Hickey P; Briody J; Kelly F; Murphy T; Valentelyte G,Irish medical journal,2026,,41589557,,not reported,False,"Codyre L, Brent L, Hickey P, Briody J, Kelly F, Murphy T, et al.. A cost analysis of surgical site infection for hip fracture patients using national clinical audit data. Ir Med J. 2026;119(1):5. PMID: 41589557.",
1757,orthopaedic,Orthopaedics – Hip fracture,,Association between ten complications and mortality : insights from the Dutch Hip Fracture Audit.,,,,"published, pending extraction",https://pubmed.ncbi.nlm.nih.gov/41619786/,,Netherlands,False,,,,,,,,,,,,van Bremen HE; Seppala LJ; van der Velde N; Hegeman JH; Willems HC; Dutch Hip Fracture Audit Group; Dutch Hip Fracture Audit Taskforce Study Group; Achterberg WP; Malgo F; Calf-de Bruin AH; van Egmond PW; Flikweert ER; Heetveld MJ; Hegeman JH; Schutte BG; Trappenburg MC; Voeten SC; Wijdicks FJG; Würdemann FS; van de Ree CLP; DHFA Taskforce Study Group; De Klerk G; Stevens C; Snoek J; Luning HAF; Van der Velde D; Verleisdonk EJ; Niggebrugge AHP; Regtuijt M; Wurdemann F,The bone & joint journal,2026,10.1302/0301-620x.108b2.bjj-2025-0629.r1,41619786,,not reported,False,"van Bremen HE, Seppala LJ, van der Velde N, Hegeman JH, Willems HC, Dutch Hip Fracture Audit Group, et al.. Association between ten complications and mortality : insights from the Dutch Hip Fracture Audit. Bone Joint J. 2026;108-B(2):216-225. doi:10.1302/0301-620x.108b2.bjj-2025-0629.r1. PMID: 41619786.",
1758,orthopaedic,Orthopaedics – Trauma,,Rationalizing whole-body computed tomography in trauma: A national audit on resource utilization and strategies to minimize radiation exposure.,,,,"published, pending extraction",https://pmc.ncbi.nlm.nih.gov/articles/PMC12865544/,,UK,True,,,,,,,,,,,,Al-Kandari L; Masoomi MA; El-Gargani AA; Hamza MA; Agha RM,World journal of radiology,2026,10.4329/wjr.v18.i1.113747,41640708,PMC12865544,cc by-nc,True,"Al-Kandari L, Masoomi MA, El-Gargani AA, Hamza MA, Agha RM. Rationalizing whole-body computed tomography in trauma: A national audit on resource utilization and strategies to minimize radiation exposure. World J Radiol. 2026;18(1):113747. doi:10.4329/wjr.v18.i1.113747. PMID: 41640708.",
1759,orthopaedic,Orthopaedics – Arthroplasty,,Mobilisation After Total Knee Replacement Within an Enhanced Recovery Pathway: A Two-Cycle Clinical Audit.,,,,"published, pending extraction",https://pmc.ncbi.nlm.nih.gov/articles/PMC12883032/,,not reported,True,,,,,,,,,,,,Pantelidou M; Adeyeye A; Khurana D; Pantelidis E,Cureus,2026,10.7759/cureus.101133,41664711,PMC12883032,cc by,True,"Pantelidou M, Adeyeye A, Khurana D, Pantelidis E. Mobilisation After Total Knee Replacement Within an Enhanced Recovery Pathway: A Two-Cycle Clinical Audit. Cureus. 2026;18(1):e101133. doi:10.7759/cureus.101133. PMID: 41664711.",
1760,orthopaedic,Orthopaedics – Hip fracture,,Use of Pre-operative Echocardiograms in Traumatic Neck of Femur Fracture Patients: A Two-Cycle Quality Improvement Project.,,,,"published, pending extraction",https://pmc.ncbi.nlm.nih.gov/articles/PMC12883181/,,UK,True,,,,,,,,,,,,Saeed A; Naureen M; Ali S; Wilson Z; Saeed R,Cureus,2026,10.7759/cureus.101171,41664757,PMC12883181,cc by,True,"Saeed A, Naureen M, Ali S, Wilson Z, Saeed R. Use of Pre-operative Echocardiograms in Traumatic Neck of Femur Fracture Patients: A Two-Cycle Quality Improvement Project. Cureus. 2026;18(1):e101171. doi:10.7759/cureus.101171. PMID: 41664757.",figures/PMC12883181/cureus-0018-00000101171-i01.jpg
1761,orthopaedic,Orthopaedics – Knee,,The Paediatric ACL National Audit (PANA) study: a multicentre review of UK practice and adherence to BOAST guidelines.,,,,"published, pending extraction",https://pubmed.ncbi.nlm.nih.gov/41747609/,,UK,True,,,,,,,,,,,,Gompels BD; Subramanian A; Epanomeritakis IE; Hide D; Collins MD; Molloy T; Bradshaw F; Castagno S; Liew I; Nabulyato W; Gupte C; Nicolaou N; McDonnell SM; PANA Collaborative Group,The Knee,2026,10.1016/j.knee.2026.104390,41747609,,cc by,False,"Gompels BD, Subramanian A, Epanomeritakis IE, Hide D, Collins MD, Molloy T, et al.. The Paediatric ACL National Audit (PANA) study: a multicentre review of UK practice and adherence to BOAST guidelines. Knee. 2026;60:104390. doi:10.1016/j.knee.2026.104390. PMID: 41747609.",
1762,orthopaedic,Orthopaedics – Theatre and perioperative,,Improving the Completeness of Orthopaedic Operation Notes Through a Two-Cycle Clinical Audit at Prince Osman Digna Referral Hospital.,,,,"published, pending extraction",https://pmc.ncbi.nlm.nih.gov/articles/PMC12950191/,,Sudan,False,,,,,,,,,,,,Hassan Ibrahim K; Eljack H; Elbahi MK; Mohammed Hamed FJ; Mahmoud M; Salih RAMO; Mahmoud AA; Eltahir A; Babiker NEM; Mohammed RHF; TajEldeen Ibrahim ABM; Mukhtar FS; Sallam KAA; Mahmah A; Mohamed HA; AlThaher S; Elassad S; Khalil MS; Elnadi NE; Elgendy EA; A M Morsy AA; Elsharif D; Mohamud AS,Cureus,2026,10.7759/cureus.102633,41773159,PMC12950191,cc by,True,"Hassan Ibrahim K, Eljack H, Elbahi MK, Mohammed Hamed FJ, Mahmoud M, Salih RAMO, et al.. Improving the Completeness of Orthopaedic Operation Notes Through a Two-Cycle Clinical Audit at Prince Osman Digna Referral Hospital. Cureus. 2026;18(1):e102633. doi:10.7759/cureus.102633. PMID: 41773159.",
1763,orthopaedic,Orthopaedics – Arthroplasty,,Achieving effective and timely quality of care in same-day discharge total hip arthroplasty without compromising patient safety.,,,,"published, pending extraction",https://pmc.ncbi.nlm.nih.gov/articles/PMC12970073/,,Canada,False,,,,,,,,,,,,Young DJ; Hsieh M; Sadiq I; Askari A; Greidanus N,BMJ open quality,2026,10.1136/bmjoq-2025-003494,41781148,PMC12970073,cc by-nc,True,"Young DJ, Hsieh M, Sadiq I, Askari A, Greidanus N. Achieving effective and timely quality of care in same-day discharge total hip arthroplasty without compromising patient safety. BMJ Open Qual. 2026;15(1):e003494. doi:10.1136/bmjoq-2025-003494. PMID: 41781148.",
1764,orthopaedic,Orthopaedics – Arthroplasty,,Improving GIRFT compliance and patient experience of accessibility and shared decision making for elective hip and knee replacement: incorporation of a digital patient information leaflet.,,,,"published, pending extraction",https://pmc.ncbi.nlm.nih.gov/articles/PMC12983692/,,UK,True,,,,,,,,,,,,Mujahid S; McManus R; Sidaginamale R,BMJ open quality,2026,10.1136/bmjoq-2025-003859,41807022,PMC12983692,cc by-nc,True,"Mujahid S, McManus R, Sidaginamale R. Improving GIRFT compliance and patient experience of accessibility and shared decision making for elective hip and knee replacement: incorporation of a digital patient information leaflet. BMJ Open Qual. 2026;15(1):e003859. doi:10.1136/bmjoq-2025-003859. PMID: 41807022.",
1765,orthopaedic,Orthopaedics – Trauma,,Development of the Alcohol Use Disorders Identification Test-Consumption (AUDIT-C) Score as a Predictor of Alcohol Withdrawal Syndrome in Trauma Patients at a Community Level 1 Trauma Center.,,,,"published, pending extraction",https://pmc.ncbi.nlm.nih.gov/articles/PMC12970570/,,USA,False,,,,,,,,,,,,Bottenfield M; Curfman K; Siddiqi S; Simunich T; Robinson A; Dumire R; Morrissey S,Cureus,2026,10.7759/cureus.103164,41809278,PMC12970570,cc by,True,"Bottenfield M, Curfman K, Siddiqi S, Simunich T, Robinson A, Dumire R, et al.. Development of the Alcohol Use Disorders Identification Test-Consumption (AUDIT-C) Score as a Predictor of Alcohol Withdrawal Syndrome in Trauma Patients at a Community Level 1 Trauma Center. Cureus. 2026;18(2):e103164. doi:10.7759/cureus.103164. PMID: 41809278.",figures/PMC12970570/cureus-0018-00000103164-i01.jpg | figures/PMC12970570/cureus-0018-00000103164-i02.jpg | figures/PMC12970570/cureus-0018-00000103164-i03.jpg
1766,orthopaedic,Orthopaedics – Trauma,,Fracture risk assessment in patients prescribed pre-exposure prophylaxis for HIV: An audit and comparative evaluation of screening tools.,,,,"published, pending extraction",https://pubmed.ncbi.nlm.nih.gov/41842928/,,UK,True,,,,,,,,,,,,Healey Q; Wood M; Clarke E,International journal of STD & AIDS,2026,10.1177/09564624261436937,41842928,,not reported,False,"Healey Q, Wood M, Clarke E. Fracture risk assessment in patients prescribed pre-exposure prophylaxis for HIV: An audit and comparative evaluation of screening tools. Int J STD AIDS. 2026;37(7):794-797. doi:10.1177/09564624261436937. PMID: 41842928.",
1767,orthopaedic,Orthopaedics – Arthroplasty,,De-implementation of movement precautions after total hip replacement in a German university hospital: a best practice implementation project.,,,,"published, pending extraction",https://pubmed.ncbi.nlm.nih.gov/41885398/,,Germany,False,,,,,,,,,,,,Rosen D; Lettner J; Jaster C; Klugarová J; Vrbová T; Bała MM; Becker R; Prill R,JBI evidence implementation,2026,10.1097/xeb.0000000000000573,41885398,,not reported,False,"Rosen D, Lettner J, Jaster C, Klugarová J, Vrbová T, Bała MM, et al.. De-implementation of movement precautions after total hip replacement in a German university hospital: a best practice implementation project. JBI Evid Implement. 2026. doi:10.1097/xeb.0000000000000573. PMID: 41885398.",
1768,orthopaedic,Orthopaedics – Hip fracture,,The National Clinical Audit of Perioperative Care and the perioperative practitioner: Lessons from the National Hip Fracture Database.,,,,"published, pending extraction",https://pubmed.ncbi.nlm.nih.gov/41905897/,,UK,True,,,,,,,,,,,,Catherall A,Journal of perioperative practice,2026,10.1177/17504589261430308,41905897,,not reported,False,Catherall A. The National Clinical Audit of Perioperative Care and the perioperative practitioner: Lessons from the National Hip Fracture Database. J Perioper Pract. 2026;36(10):577-580. doi:10.1177/17504589261430308. PMID: 41905897.,
1769,orthopaedic,Orthopaedics – Arthroplasty,,WaSTE: a multicentre audit of waste segregation practices in elective knee and hip arthroplasty.,,,,"published, pending extraction",https://pmc.ncbi.nlm.nih.gov/articles/PMC13061576/,,UK,True,,,,,,,,,,,,Prakash R; Hilley AJ; Fishley W; Nasser AAHH; WaSTE Study Collaborative; Eastwood DM; Reed MR; Agrawal Y; Marya S; Singhal R; Ho WC; Smith B; Holland J; Irvine S; Nanda R; Logan P; Iqbal M; Rao C; Ismail N; Ghosh A; Hayter E; Pearce O; Abdalla M; Auld J; Crowther I; Paul A; Banaszkiewicz P; Yassin M; Banks T; Nandra R; Federer S; van der Zanden E; Wakeling C,Bone & joint open,2026,10.1302/2633-1462.74.bjo-2025-0404.r1,41951221,PMC13061576,cc by-nc-nd,True,"Prakash R, Hilley AJ, Fishley W, Nasser AAHH, WaSTE Study Collaborative, Eastwood DM, et al.. WaSTE: a multicentre audit of waste segregation practices in elective knee and hip arthroplasty. Bone Jt Open. 2026;7(4):499-506. doi:10.1302/2633-1462.74.bjo-2025-0404.r1. PMID: 41951221.",
1770,orthopaedic,Orthopaedics – Trauma,,Evaluating the incidence of ileus in patients with pelvic ring and acetabular fractures in Major Trauma: a retrospective cohort audit at a Major Trauma Centre (July 2024-June 2025).,,,,"published, pending extraction",https://pubmed.ncbi.nlm.nih.gov/41961322/,,UK,True,,,,,,,,,,,,Hanna M; Mohamed Y; Stewart EG; Irvine M; Cassidy R; Diamond O,European journal of orthopaedic surgery & traumatology : orthopedie traumatologie,2026,10.1007/s00590-026-04732-y,41961322,,not reported,False,"Hanna M, Mohamed Y, Stewart EG, Irvine M, Cassidy R, Diamond O. Evaluating the incidence of ileus in patients with pelvic ring and acetabular fractures in Major Trauma: a retrospective cohort audit at a Major Trauma Centre (July 2024-June 2025). Eur J Orthop Surg Traumatol. 2026;36(1):166. doi:10.1007/s00590-026-04732-y. PMID: 41961322.",
1771,orthopaedic,Orthopaedics – Trauma,,The Children's Urgent Reduction of Forearm Fractures in the Emergency Department (CURFFED) project : a national prospective trainee-led collaborative audit of practice.,,,,"published, pending extraction",https://pmc.ncbi.nlm.nih.gov/articles/PMC13068486/,,UK,True,,,,,,,,,,,,Gourbault LJ; Whitham R; Womersley A; Jones E; Christie A; Duggleby L; Atherton WG; CURFFED Collaborative; Doughty B; Smith I; Hassan AR; Levitt W; Davies A; Carpenter C; Saltanat S; Buddhdev P; Lennox-Warburton H; Donnelly E; Kim K; Farooq J; Dean CS; Edwards C; Mahmoud M; Stone A; Oyekan A; Jalgaonkar A; To C; Hunt A; Garner M; Campion A; Sison M; Irby S; Price M; Sharoff L; Worley R; Tahir H; Bircher A; Modi N; Theobald E; Genena A; Carter D; Milnes L; Roberts T; Vasudev A; Green D; Boucher A; Caruana E; Khokhar O; Kumar P; Rahman H; Seewoonarain S; Thumbadoo R; Forster S; Vadivelu R; Bagshaw L; Varghese B; Thalanki S; Franco AC; Hamid L; Liew I; Robinson J; Gurung I; Figg P; Moverley R; Neal-Smith G; Barot K; Oo TP; Hanger J; Larsen M; Jones A; Lougher L; Flintoft-Burt M; Dellis S; Kamal T; Bajaj S; Chema K; Lebe M; Bhandari G; Jeans E; James K; Barrow T; Fernandez L; Razemba T; Hawkins R; Anderson K; Tillotson L; Thomas W; Burden E; Kadambande S; Ibrahim IK; O'Boyle M; McCormack L; O'Donnell J; Baird E; MacDonald F; Aithie J; Robinson P; Esland J; Keightley A; Jain A; Thakker D; Nayak M; Caamina L; Barrow T; Discalicau D; Lockton Z; Burgan A; Morris G; Bansal R; Sinha M; Mostafa O; Ishaq U; Elmorsy A; Thomas A; Ross P; Theivendran K; Khaleeq T; Lindisfarne E; Gangadharan R; Thiruchandran G; Youssef K; Tober A; Shah N; Varasteh A; Bajracharya A; Lashin A; Mifsud M; Lloyd T; Kirk C; Ball T; Sheen J; Kapoor S; Jones IT; Donnachie D; Clamp K; Westacott D; Miller J; Hedge E; Gomindes A; Amour L; Ibrahim J; Dwyer J; Bickley M; Fulcher E; Chourasia AK; Hosny S; Hashem M; Dutta A; Leong D; Fergurson K; Haddock A; Malik M; Varasteh A; Cruz L; Jenkins L; East J; Oxley C,Bone & joint open,2026,10.1302/2633-1462.74.bjo-2025-0338.r1,41962925,PMC13068486,cc by,True,"Gourbault LJ, Whitham R, Womersley A, Jones E, Christie A, Duggleby L, et al.. The Children's Urgent Reduction of Forearm Fractures in the Emergency Department (CURFFED) project : a national prospective trainee-led collaborative audit of practice. Bone Jt Open. 2026;7(4):531-539. doi:10.1302/2633-1462.74.bjo-2025-0338.r1. PMID: 41962925.",figures/PMC13068486/BJO-2025-0338.R1-galleyfig1.jpg | figures/PMC13068486/BJO-2025-0338.R1-galleyfig2.jpg | figures/PMC13068486/BJO-2025-0338.R1-galleyfig3.jpg | figures/PMC13068486/BJO-2025-0338.R1-galleyfig4.jpg | figures/PMC13068486/BJO-2025-0338.R1-galleyfig5.jpg
1772,orthopaedic,Orthopaedics – Paediatric,,Developmental dysplasia of the hip and macrosomia: a retrospective ultrasound audit in a secondary healthcare facility in the United Kingdom.,,,,"published, pending extraction",https://pubmed.ncbi.nlm.nih.gov/42030839/,,UK,True,,,,,,,,,,,,Onu IU; Ollawa CU; Turner A; Dartnell J; Ridley S; Ohuegbe C; Katchburian M,"Radiography (London, England : 1995)",2026,10.1016/j.radi.2026.103415,42030839,,not reported,False,"Onu IU, Ollawa CU, Turner A, Dartnell J, Ridley S, Ohuegbe C, et al.. Developmental dysplasia of the hip and macrosomia: a retrospective ultrasound audit in a secondary healthcare facility in the United Kingdom. Radiography (Lond). 2026;32(4):103415. doi:10.1016/j.radi.2026.103415. PMID: 42030839.",
1773,orthopaedic,Orthopaedics – Arthroplasty,,The epidemiology and outcomes of periprosthetic femur fractures : the Scottish National Audit of Periprosthetic Femur Fractures (SNAP Femur) study.,,,,"published, pending extraction",https://pubmed.ncbi.nlm.nih.gov/42061883/,,UK,True,,,,,,,,,,,,Kennedy MJ; Clement ND; Farrow L; Kennedy IW; Harding T; SCOTnet SNAP Femur Group; Blacklock C; Penfold RS; Clarke JV; Duckworth AD; MacLullich AMJ; Walmsley PJ; Hall AJ; SCOTnet SNAP Femur Group; Hall AJ; Howieson A; MacLullich A; Macey A; Duckworth A; Gibson A; Hay-David AGC; Blacklock C; Gee C; McCann C; Munn D; Harris E; Mahmood F; Toland G; Nicol G; Hanif H; Stockdale H; Kennedy I; Cox I; Cochrane I; Wong J; Clarke J; Duncumb J; Leow J; Burt J; Adam K; Milne K; Ross L; Farrow L; O'Boyle M; Sattar M; Arnold M; Kennedy M; Clement N; Ryan P; Walmsley P; Liao Q; Sinnerton R; Alho R; Penfold R; Raghavan R; MacKenzie S; Harding T,The bone & joint journal,2026,10.1302/0301-620x.108b5.bjj-2025-0979.r1,42061883,,not reported,False,"Kennedy MJ, Clement ND, Farrow L, Kennedy IW, Harding T, SCOTnet SNAP Femur Group, et al.. The epidemiology and outcomes of periprosthetic femur fractures : the Scottish National Audit of Periprosthetic Femur Fractures (SNAP Femur) study. Bone Joint J. 2026;108-B(5):707-715. doi:10.1302/0301-620x.108b5.bjj-2025-0979.r1. PMID: 42061883.",
1774,orthopaedic,Orthopaedics – Hand and wrist,,Closing the loop on tourniquet safety in distal radius fracture fixation surgery: a two-cycle quality improvement project.,,,,"published, pending extraction",https://pmc.ncbi.nlm.nih.gov/articles/PMC13141160/,,UK,True,,,,,,,,,,,,Mersal M; Sarofeen S; Embaby O; Shammout S; O'Sullivan C; Lawrence C; Giri S,BMJ open quality,2026,10.1136/bmjoq-2025-003956,42082282,PMC13141160,cc by-nc,True,"Mersal M, Sarofeen S, Embaby O, Shammout S, O'Sullivan C, Lawrence C, et al.. Closing the loop on tourniquet safety in distal radius fracture fixation surgery: a two-cycle quality improvement project. BMJ Open Qual. 2026;15(2):e003956. doi:10.1136/bmjoq-2025-003956. PMID: 42082282.",
1775,orthopaedic,Orthopaedics – Knee,,Overuse of knee ultrasound in acute knee injury pathways in primary care: a quality improvement report.,,,,"published, pending extraction",https://pubmed.ncbi.nlm.nih.gov/42098586/,,New Zealand,False,,,,,,,,,,,,Krishna S; Young S; Fulcher M,Journal of primary health care,2026,10.1071/hc26033,42098586,,not reported,False,"Krishna S, Young S, Fulcher M. Overuse of knee ultrasound in acute knee injury pathways in primary care: a quality improvement report. J Prim Health Care. 2026. doi:10.1071/hc26033. PMID: 42098586.",
1776,orthopaedic,Orthopaedics – Hip fracture,,Reducing unwarranted variation in medication reviews following a fall: a closed-loop audit in primary care.,,,,"published, pending extraction",https://pubmed.ncbi.nlm.nih.gov/42134925/,,UK,True,,,,,,,,,,,,Khan H,The British journal of general practice : the journal of the Royal College of General Practitioners,2026,10.3399/bjgp26x745449,42134925,,not reported,False,Khan H. Reducing unwarranted variation in medication reviews following a fall: a closed-loop audit in primary care. Br J Gen Pract. 2026;76(suppl 1):bjgp26X745449. doi:10.3399/bjgp26x745449. PMID: 42134925.,
1777,orthopaedic,Orthopaedics – Trauma,,Electronic patient blood management monitoring using routine health record data: A proof-of-principle study monitoring perioperative tranexamic acid use.,,,,"published, pending extraction",https://pmc.ncbi.nlm.nih.gov/articles/PMC13452614/,,UK,True,,,,,,,,,,,,Che Rahimi MN; Polzella P; Amin M; Bakhishli G; Godley S; Murphy MF; Stanworth SJ; Evans HG,Transfusion,2026,10.1111/trf.70270,42154518,PMC13452614,cc by,True,"Che Rahimi MN, Polzella P, Amin M, Bakhishli G, Godley S, Murphy MF, et al.. Electronic patient blood management monitoring using routine health record data: A proof-of-principle study monitoring perioperative tranexamic acid use. Transfusion. 2026;66(8):1506-1519. doi:10.1111/trf.70270. PMID: 42154518.",figures/PMC13452614/TRF-66-1506-g004.jpg | figures/PMC13452614/TRF-66-1506-g006.jpg | figures/PMC13452614/TRF-66-1506-g005.jpg | figures/PMC13452614/TRF-66-1506-g002.jpg | figures/PMC13452614/TRF-66-1506-g003.jpg | figures/PMC13452614/TRF-66-1506-g001.jpg
1778,orthopaedic,Orthopaedics – Spine,,Cross-Matching in Spinal Surgery - An Audit of Compliance at the National Spinal Injuries Unit (NSIU).,,,,"published, pending extraction",https://pubmed.ncbi.nlm.nih.gov/42179432/,,not reported,False,,,,,,,,,,,,McCarthy T; Cagney P; Gleeson C; Kelly M; Timlin M,Irish medical journal,2026,,42179432,,not reported,False,"McCarthy T, Cagney P, Gleeson C, Kelly M, Timlin M. Cross-Matching in Spinal Surgery - An Audit of Compliance at the National Spinal Injuries Unit (NSIU). Ir Med J. 2026;119(5):86. PMID: 42179432.",
1779,orthopaedic,Orthopaedics – Foot and ankle,,Infection following foot and ankle surgery : a subanalysis of data captured from the UK Foot and Ankle Thromboembolism (FATE) audit.,,,,"published, pending extraction",https://pubmed.ncbi.nlm.nih.gov/42219181/,,UK,True,,,,,,,,,,,,Shepherd J; Mason L; Houchen-Wolloff L; Malhotra K; Mangwani J; UK-FATE Collaborative; Ahmad I; Zeb J; Ishaq U; Thomas J; Jain K; Goff T; Bagshaw O; Slade H; Andrzejowski P; Gomati A; Drake C; Akram N; Lowdon H; Sherif A; Jones A; Best A; Zabaglo M; Masunda S; Federer S; Ahmad F; Lashin A; Kaddah A; Oladeji E; Dawe E; Akram N; Al-Hubeshy Z; Patel B; Hussein M; Clark C; Giddie J; Dega R; Islam A; Molloy A; Nusir B; Chapman J; Holmes D; Mamoowala N; Almond K; Wright C; Loveday D; Bawa A; Gilmore R; Schankat K; Koc T; Morcos Z; Robertson G; Holmes N; Tribe H; Pearkes T; Soliman A; Valente L; Ajis A; Ghani Y; Chandrashekhar S; Millan RK; Elhassan Y; Adeniyi A; Aspinall W; Matthews H; Shiers-Gelalis F; Ting J; Place S; Budgen A; Stanley J; Jowett C; Welck M; Patel S; Sykes A; Thibbaiah MM; Hadi H; Haldar A; Ardakani AG; Jani P; Prasanna A; Blomfield M; Craven J; Malhotra A; Toner A; Jackson G; Render L; Ashley C; Limb R; Ayyaswamy B; Prasad P; Anand M; Sunilraj D; Lane S; Prathap S; Limaye R; Johnson-Lynn S; Sethi M; Zahra W; Heaver C; Duffy S; Harries W; Riddick A; Ghobra A; Kinsey H; Marsh L; Corin N; Walls A; Robinson P; Winson I; Lines S; Morriss F; Pwint Z; Ghandour O; Hepple S; Smith R; Hughes L; Mohamed M; Fraser D; Elhalawany A; Beastall J; Cousins G; Nunag P; Deol R; Faroug R; Johal K; Mordecai S; Argyropouos M; Chawla A; Ibrahim M; Pereira M; McIntyre J; Blacklock C; Middleton S; Clayton R; Tong A; Joyner C; Dean M; Hughes A; Shuttlewood K; Little Z; Saleem J; Jolly L; Jain A; Qadri A; Alvi F; Jacob J; Reddy R; Sateesh V; Hrycaiczuk A; Thornhill C; Jeyakumar G; Vaithilingam D; Potter K; Jamal B; Chan P; Barton T; Robinson D; Graham S; Zeolla J; Kapoor S; Bailey J; Mukhopadhyay I; Rana S; Tarig H; Qualaghassi M; Seewoonarian S; Rose B; Makwana N; Kaisi KA; Al-Musabi M; Crate G; Abbott S; Fenner C; Geleit R; Yousaf S; Flanagan G; Uddin A; Reilly I; Pillai A; Madhi I; Alsalihy M; Elamin K; Yip CR; Tew L; Dahiya R; Sayani J; Kyaw O; Khin C; Ali R; Shaik Y; Hossain N; Guha A; Pereira M; Ayoub A; Paraoan V; Hali N; Baird C; Kugan R; Abdallatif A; Bashir MA; Saini J; Atkinson H; Lever C; Bansod V; Iyengar K; Wadood A; McMillan L; Toh E; Rymaruk S; Igbagiri K; Gaukroger A; Solan M; Peacock C; Fan KS; Lau B; Naik A; Tung E; Murhekar S; Ray MR; Lyle MS; Shaikh R; Alfred W; Okhifun I; Cinar E; Bua N; Vemulapalli K; Acharya A; Teoh K; Kamat S; Bajracharya A; Ngwayi JRM; Imtiaz G; Blackmore N; Clark A; Rahman K; Sykes M; Joseph V; Day M; Kulkarni A; Garabadi M; Akhtar M; Hossain M; Yunus S; Saleem M; Fong J; Simons M; Hodgson P; Thomas R; Stevens S; Dasari K; Nandhara G; Kumar P; Gupta P; Poole H; Zace P; Gadd R; Money-Taylor J; Kantharaju R; Bhosale A; Bahri S; Broadbent R; Kutuzov V; Gibbons J; Trussler D; Hawley E; Akhtar S; Caruana E; Watson T; Allison G; Barr L; Julies E; Hill F; Butler K; Kendal A; Bugeja M; Mooteeram J; Saedi F; Azhar MS; Sturdee S; Hussain H; Sonde S; Luqman MQ; Farooq R; Wells G; Shenolikar A; Rajan P; Patil V; Amer O; Malik K; Pavanerathan P; Mallick A; Seferiadis I; Hind J; Morgan R; Khalaf A; Ditta A; Ramasamy A; Khan S; Balasubramanian S; Fawcett N; Fraig H; Hamad F; Marsland D; Elliot R; Nolan C; El-Bayouk K; Dhukaram V; Chapman A; Mckenzie J; Budair B; Prem H; Elmajee M; Rajgor HD; Thurston D; Pond E; Brooks M; Everett S; Iqbal M; Gourbault L; Singh S; Tang C; Tarhini M; Kankate MR; Aktselis MI; Davda MK; Vijapur MA; Tayyem MM; Chau MJ; Alzaranky M; Elhassan O; Chhantyal K; Arora A; Abiddin Z; Kucharski R; Gledhill A; Craven J; Cichero M; Yates B; Newton A; Grice J; Beddard L; Thomas A; Garg V; Taylor H; Kelsall N; Roslee C; Elsenosy A; Martin MR; Pujol-Nichol MA; Carroll MN; Boucher A; Alward M; Myint Y; Currall V; Sadasivan P; Kumar S; RezaSanjani S; Ciaccio M; Jeyaseelan L; Drummond I; Jones N; Shah S; Ravindrarjah T; Yasen Z; Singh K; Al-Habsi R; Jeyaseelan L; Habbiba A; Walker T; Dewhurst M; Glasgow N; Eze D; Carter G,The bone & joint journal,2026,10.1302/0301-620x.108b6.bjj-2025-1345.r1,42219181,,not reported,False,"Shepherd J, Mason L, Houchen-Wolloff L, Malhotra K, Mangwani J, UK-FATE Collaborative, et al.. Infection following foot and ankle surgery : a subanalysis of data captured from the UK Foot and Ankle Thromboembolism (FATE) audit. Bone Joint J. 2026;108-B(6):781-786. doi:10.1302/0301-620x.108b6.bjj-2025-1345.r1. PMID: 42219181.",
1780,orthopaedic,Orthopaedics – Hip fracture,,International benchmarking of secondary fracture prevention in older adults with hip fracture: a Chinese hospital-based KPI audit.,,,,"published, pending extraction",https://pmc.ncbi.nlm.nih.gov/articles/PMC13216484/,,China,False,,,,,,,,,,,,Yuan Y; Wang W; Li PY; Zhang M; Lu YN; Yang MH; Tian W; Zhang J,Frontiers in health services,2026,10.3389/frhs.2026.1799272,42221965,PMC13216484,cc by,True,"Yuan Y, Wang W, Li PY, Zhang M, Lu YN, Yang MH, et al.. International benchmarking of secondary fracture prevention in older adults with hip fracture: a Chinese hospital-based KPI audit. Front Health Serv. 2026;6:1799272. doi:10.3389/frhs.2026.1799272. PMID: 42221965.",figures/PMC13216484/frhs-06-1799272-g001.jpg | figures/PMC13216484/frhs-06-1799272-g002.jpg | figures/PMC13216484/frhs-06-1799272-g003.jpg | figures/PMC13216484/frhs-06-1799272-g004.jpg
1781,orthopaedic,Orthopaedics – Trauma,,The relationship between auditors' occupational psychological crises on organizational future indifference and organizational trauma.,,,,"published, pending extraction",https://pubmed.ncbi.nlm.nih.gov/42229155/,,Iraq,False,,,,,,,,,,,,Salavatinik F; Salehi M; Tayar H,Acta psychologica,2026,10.1016/j.actpsy.2026.107189,42229155,,cc by-nc-nd,False,"Salavatinik F, Salehi M, Tayar H. The relationship between auditors' occupational psychological crises on organizational future indifference and organizational trauma. Acta Psychol (Amst). 2026;267:107189. doi:10.1016/j.actpsy.2026.107189. PMID: 42229155.",
1782,orthopaedic,Orthopaedics – Trauma,,An Audit Into the Incidence of Laryngohyoid Fractures in Suicidal Hangings.,,,,"published, pending extraction",https://pubmed.ncbi.nlm.nih.gov/42290963/,,not reported,False,,,,,,,,,,,,Willcocks EJ; Mercala E; Sharma V; Borbora A; Lyall MS,Academic forensic pathology,2026,10.1177/19253621261457530,42290963,,not reported,False,"Willcocks EJ, Mercala E, Sharma V, Borbora A, Lyall MS. An Audit Into the Incidence of Laryngohyoid Fractures in Suicidal Hangings. Acad Forensic Pathol. 2026. doi:10.1177/19253621261457530. PMID: 42290963.",
1783,orthopaedic,Orthopaedics – Hand and wrist,,Optimising Management of Paediatric Distal Radius Torus Fractures: A Complete Two-Cycle Audit Assessing Compliance With National Institute for Health and Care Excellence (NICE) Guideline NG38.,,,,"published, pending extraction",https://pmc.ncbi.nlm.nih.gov/articles/PMC13283460/,,UK,True,,,,,,,,,,,,Rajan P; Pammi S; Nutalapati V; El-Tawil Y; Balineni BK; Seferiadis I,Cureus,2026,10.7759/cureus.109442,42333334,PMC13283460,cc by,True,"Rajan P, Pammi S, Nutalapati V, El-Tawil Y, Balineni BK, Seferiadis I. Optimising Management of Paediatric Distal Radius Torus Fractures: A Complete Two-Cycle Audit Assessing Compliance With National Institute for Health and Care Excellence (NICE) Guideline NG38. Cureus. 2026;18(5):e109442. doi:10.7759/cureus.109442. PMID: 42333334.",figures/PMC13283460/cureus-0018-00000109442-i01.jpg | figures/PMC13283460/cureus-0018-00000109442-i02.jpg
1784,orthopaedic,Orthopaedics – Hip fracture,,The development and evolution of the Irish Hip Fracture Database: a quality care initiative 2013-2024.,,,,"published, pending extraction",https://pmc.ncbi.nlm.nih.gov/articles/PMC13294304/,,Ireland,True,,,,,,,,,,,,Brent L; Ahern E; Murphy T; Hurson C; Coughlan T; Hickey P; Lodola C; Walsh ME; Byrne E; Fitzpatrick F,Archives of osteoporosis,2026,10.1007/s11657-026-01731-8,42342903,PMC13294304,cc by,True,"Brent L, Ahern E, Murphy T, Hurson C, Coughlan T, Hickey P, et al.. The development and evolution of the Irish Hip Fracture Database: a quality care initiative 2013-2024. Arch Osteoporos. 2026;21(1):96. doi:10.1007/s11657-026-01731-8. PMID: 42342903.",figures/PMC13294304/11657_2026_1731_Fig1_HTML.jpg | figures/PMC13294304/11657_2026_1731_Fig2_HTML.jpg | figures/PMC13294304/11657_2026_1731_Fig3_HTML.jpg
1785,orthopaedic,Orthopaedics – Trauma,,Management of Fragility Femoral Fractures: A UK Regional Multicentre Audit of the British Orthopaedic Association Standards for Trauma (BOAST) Guidelines.,,,,"published, pending extraction",https://pmc.ncbi.nlm.nih.gov/articles/PMC13310151/,,UK,True,,,,,,,,,,,,Ormiston R; Pearce K; Hancock D; Kondi S; Abdellatif A; White S; Moore T; Edwards T; Lyon Z; Assaf A; Denning A,Cureus,2026,10.7759/cureus.109830,42367434,PMC13310151,cc by,True,"Ormiston R, Pearce K, Hancock D, Kondi S, Abdellatif A, White S, et al.. Management of Fragility Femoral Fractures: A UK Regional Multicentre Audit of the British Orthopaedic Association Standards for Trauma (BOAST) Guidelines. Cureus. 2026;18(5):e109830. doi:10.7759/cureus.109830. PMID: 42367434.",figures/PMC13310151/cureus-0018-00000109830-i01.jpg | figures/PMC13310151/cureus-0018-00000109830-i02.jpg | figures/PMC13310151/cureus-0018-00000109830-i03.jpg | figures/PMC13310151/cureus-0018-00000109830-i04.jpg
1786,orthopaedic,Orthopaedics – Trauma,,Quality of Trauma Meeting Presentations Before and After Introduction of a Structured Template at a Major Trauma Centre: A Before-and-After Quality Improvement Study.,,,,"published, pending extraction",https://pmc.ncbi.nlm.nih.gov/articles/PMC13390881/,,UK,True,,,,,,,,,,,,Ahmed H; Rizwan M; Alnsour AAM; Rehman A; Ammar MS; Ijaz M,Cureus,2026,10.7759/cureus.111299,42488269,PMC13390881,cc by,True,"Ahmed H, Rizwan M, Alnsour AAM, Rehman A, Ammar MS, Ijaz M. Quality of Trauma Meeting Presentations Before and After Introduction of a Structured Template at a Major Trauma Centre: A Before-and-After Quality Improvement Study. Cureus. 2026;18(6):e111299. doi:10.7759/cureus.111299. PMID: 42488269.",figures/PMC13390881/cureus-0018-00000111299-i01.jpg
1787,orthopaedic,Orthopaedics – Trauma,,Early fascia iliaca block documentation in hip-fracture care: A retrospective perioperative pathway audit.,,,,"published, pending extraction",https://pubmed.ncbi.nlm.nih.gov/42500859/,,UK,True,,,,,,,,,,,,Mersal M; Moon Z; Ghauri AU; Purushothaman A; Elsaidy S; Ahmed KT; Karim F; Azimi DY; Hamed A,Journal of perioperative practice,2026,10.1177/17504589261462323,42500859,,not reported,False,"Mersal M, Moon Z, Ghauri AU, Purushothaman A, Elsaidy S, Ahmed KT, et al.. Early fascia iliaca block documentation in hip-fracture care: A retrospective perioperative pathway audit. J Perioper Pract. 2026. doi:10.1177/17504589261462323. PMID: 42500859.",
1788,orthopaedic,Orthopaedics – Trauma,,Manual chart review reveals bisphosphonate exposure misclassification in atypical femur fracture patients: auditing medical records in two international cohorts.,,,,"published, pending extraction",https://pubmed.ncbi.nlm.nih.gov/42517882/,,USA,False,,,,,,,,,,,,Sand R; Adams AL; Gilfillan AD; Ryan DS; Spångeus A; Bögl HP; Wezenberg D; Black DM; Bauer DC; Thompson AR; Lyth J; Schilcher J,Osteoporosis international : a journal established as result of cooperation between the European Foundation for Osteoporosis and the National Osteoporosis Foundation of the USA,2026,10.1007/s00198-026-08144-w,42517882,,not reported,False,"Sand R, Adams AL, Gilfillan AD, Ryan DS, Spångeus A, Bögl HP, et al.. Manual chart review reveals bisphosphonate exposure misclassification in atypical femur fracture patients: auditing medical records in two international cohorts. Osteoporos Int. 2026. doi:10.1007/s00198-026-08144-w. PMID: 42517882.",
1789,orthopaedic,Orthopaedics – Arthroplasty,,Modified-release versus immediate-release opioid use in postoperative lower limb arthroplasty patients: An Australian tertiary centre audit.,,,,"published, pending extraction",https://pubmed.ncbi.nlm.nih.gov/42533510/,,Australia,False,,,,,,,,,,,,Lu JY; Qin ZH; Worboys JR; Corke PJ,Anaesthesia and intensive care,2026,10.1177/0310057x261462195,42533510,,not reported,False,"Lu JY, Qin ZH, Worboys JR, Corke PJ. Modified-release versus immediate-release opioid use in postoperative lower limb arthroplasty patients: An Australian tertiary centre audit. Anaesth Intensive Care. 2026. doi:10.1177/0310057x261462195. PMID: 42533510.",
1790,orthopaedic,Orthopaedics – Theatre and perioperative,,"Utility of the Clinical Frailty Scale, Charlson Comorbidity Index and ACS NSQIP Surgical Risk Calculator in major lower limb orthopaedic surgery.",,,,"published, pending extraction",https://pubmed.ncbi.nlm.nih.gov/42584172/,,Australia,False,,,,,,,,,,,,Yao A; Schembri E; Zhang E; Hau R; Fong C,Internal medicine journal,2026,10.1111/imj.70598,42584172,,cc by-nc,False,"Yao A, Schembri E, Zhang E, Hau R, Fong C. Utility of the Clinical Frailty Scale, Charlson Comorbidity Index and ACS NSQIP Surgical Risk Calculator in major lower limb orthopaedic surgery. Intern Med J. 2026. doi:10.1111/imj.70598. PMID: 42584172.",
1791,orthopaedic,Orthopaedics – Arthroplasty,,An Integrated FMEA-RCA Risk-Management Approach for Deep Vein Thrombosis Prevention in Patients Undergoing Total Knee Arthroplasty.,,,,"published, pending extraction",https://pmc.ncbi.nlm.nih.gov/articles/PMC13525790/,,China,False,,,,,,,,,,,,Li T; Fan Y; Zhang H; Fan Z; Zhang C; Chen X; Li H; Li N,Risk management and healthcare policy,2026,10.2147/rmhp.s618180,42668874,PMC13525790,cc by-nc,True,"Li T, Fan Y, Zhang H, Fan Z, Zhang C, Chen X, et al.. An Integrated FMEA-RCA Risk-Management Approach for Deep Vein Thrombosis Prevention in Patients Undergoing Total Knee Arthroplasty. Risk Manag Healthc Policy. 2026;19:618180. doi:10.2147/rmhp.s618180. PMID: 42668874.",
1792,orthopaedic,Orthopaedics – Trauma,,Global Perspectives on the Care Gap in Fragility Fracture Management: Bridging Evidence and Clinical Practice.,,,,"published, pending extraction",https://pubmed.ncbi.nlm.nih.gov/42696559/,,UK,True,,,,,,,,,,,,Tabu I; Tabu I; Armstrong E; Costa ML; Frihagen F; Magaziner J; Lee JK; Sawaguchi T,The Journal of bone and joint surgery. American volume,2026,10.2106/jbjs.26.00940,42696559,,not reported,False,"Tabu I, Tabu I, Armstrong E, Costa ML, Frihagen F, Magaziner J, et al.. Global Perspectives on the Care Gap in Fragility Fracture Management: Bridging Evidence and Clinical Practice. J Bone Joint Surg Am. 2026. doi:10.2106/jbjs.26.00940. PMID: 42696559.",
1793,orthopaedic,Orthopaedics – Trauma,,BOAST4: A five cycle audit of open lower limb fractures at a UK major trauma centre.,,,,"published, pending extraction",https://pubmed.ncbi.nlm.nih.gov/42700697/,,UK,True,,,,,,,,,,,,Woolley L; Andree E; Robertson R; Beaudoin CA; Ghosh A; Tatiqaj L; Lamyman M; Costa M; Atkins S; Sethu C; Tucker S; Ramsden A; Fries A; Wormald JCR,"Journal of plastic, reconstructive & aesthetic surgery : JPRAS",2026,10.1016/j.bjps.2026.08.036,42700697,,not reported,False,"Woolley L, Andree E, Robertson R, Beaudoin CA, Ghosh A, Tatiqaj L, et al.. BOAST4: A five cycle audit of open lower limb fractures at a UK major trauma centre. J Plast Reconstr Aesthet Surg. 2026;122:79-82. doi:10.1016/j.bjps.2026.08.036. PMID: 42700697.",
1794,orthopaedic,Orthopaedics – Hand and wrist,,The Virtual Fracture Clinic Bottleneck: A Single-Centre Service Evaluation of Compliance With British Orthopaedic Association Surgical Timing Standards for Distal Radius Fixation.,,,,"published, pending extraction",https://pmc.ncbi.nlm.nih.gov/articles/PMC13570603/,,UK,True,,,,,,,,,,,,Mohammed A; Venkatasubramanian A,Cureus,2026,10.7759/cureus.114475,42732304,PMC13570603,cc by,True,"Mohammed A, Venkatasubramanian A. The Virtual Fracture Clinic Bottleneck: A Single-Centre Service Evaluation of Compliance With British Orthopaedic Association Surgical Timing Standards for Distal Radius Fixation. Cureus. 2026;18(8):e114475. doi:10.7759/cureus.114475. PMID: 42732304.",figures/PMC13570603/cureus-0018-00000114475-i01.webp
1795,orthopaedic,Orthopaedics – Trauma,,Fractures of the tibial shaft: is medical audit possible?,,,,"published, pending extraction",https://pubmed.ncbi.nlm.nih.gov/591057/,,not reported,False,,,,,,,,,,,,Austin RT,Injury,1977,10.1016/0020-1383(77)90002-x,591057,,not reported,False,Austin RT. Fractures of the tibial shaft: is medical audit possible?. Injury. 1977;9(2):93-101. doi:10.1016/0020-1383(77)90002-x. PMID: 591057.,
1796,orthopaedic,Orthopaedics – Arthroplasty,,An inter-hospital criteria audit of infection in total hip-joint replacement surgery.,,,,"published, pending extraction",https://pubmed.ncbi.nlm.nih.gov/6497758/,,not reported,False,,,,,,,,,,,,Collopy BT; Hart JA; Hooper JC; Mills KW; Rush JH; Russell IS; Scott DF,Australian clinical review,1984,,6497758,,not reported,False,"Collopy BT, Hart JA, Hooper JC, Mills KW, Rush JH, Russell IS, et al.. An inter-hospital criteria audit of infection in total hip-joint replacement surgery. Aust Clin Rev. 1984. PMID: 6497758.",
1797,orthopaedic,Orthopaedics – Theatre and perioperative,,Orthopaedic audit: one year's experience in a district general hospital.,,,,"published, pending extraction",https://pmc.ncbi.nlm.nih.gov/articles/PMC2494445/,,not reported,False,,,,,,,,,,,,Bunker TD; Ackroyd CE; Griffiths HE,Annals of the Royal College of Surgeons of England,1984,,6508166,PMC2494445,not reported,False,"Bunker TD, Ackroyd CE, Griffiths HE. Orthopaedic audit: one year's experience in a district general hospital. Ann R Coll Surg Engl. 1984;66(6):428-431. PMID: 6508166.",
1798,orthopaedic,Orthopaedics – Trauma,,A microcomputer based audit of fracture of the proximal femur in the elderly.,,,,"published, pending extraction",https://pubmed.ncbi.nlm.nih.gov/6516971/,,not reported,False,,,,,,,,,,,,Beringer TR; McSherry DM; Taggart HM,Age and ageing,1984,10.1093/ageing/13.6.344,6516971,,not reported,False,"Beringer TR, McSherry DM, Taggart HM. A microcomputer based audit of fracture of the proximal femur in the elderly. Age Ageing. 1984;13(6):344-348. doi:10.1093/ageing/13.6.344. PMID: 6516971.",
1799,orthopaedic,Orthopaedics – Hip fracture,,Fractured neck of femur. A criteria audit of occupational therapy treatment.,,,,"published, pending extraction",https://pubmed.ncbi.nlm.nih.gov/6675636/,,not reported,False,,,,,,,,,,,,Schofield J,Australian clinical review,1983,,6675636,,not reported,False,Schofield J. Fractured neck of femur. A criteria audit of occupational therapy treatment. Aust Clin Rev. 1983. PMID: 6675636.,
1800,orthopaedic,Orthopaedics – Shoulder and elbow,,Primary bone tumours of the shoulder: an audit of the Leeds Regional Bone Tumour Registry.,,,,"published, pending extraction",https://pubmed.ncbi.nlm.nih.gov/7515432/,,UK,True,,,,,,,,,,,,Barlow IW; Newman RJ,Journal of the Royal College of Surgeons of Edinburgh,1994,,7515432,,not reported,False,"Barlow IW, Newman RJ. Primary bone tumours of the shoulder: an audit of the Leeds Regional Bone Tumour Registry. J R Coll Surg Edinb. 1994;39(1):51-54. PMID: 7515432.",
1801,orthopaedic,Orthopaedics – Theatre and perioperative,,An audit of prophylactic antibiotic prescribing patterns in orthopaedic practice.,,,,"published, pending extraction",https://pubmed.ncbi.nlm.nih.gov/7515433/,,UK,True,,,,,,,,,,,,Brown JN,Journal of the Royal College of Surgeons of Edinburgh,1994,,7515433,,not reported,False,Brown JN. An audit of prophylactic antibiotic prescribing patterns in orthopaedic practice. J R Coll Surg Edinb. 1994;39(1):55-59. PMID: 7515433.,
1802,orthopaedic,Orthopaedics – Foot and ankle,,Audit of ankle fracture fixation in the elderly.,,,,"published, pending extraction",https://pubmed.ncbi.nlm.nih.gov/7520069/,,UK,True,,,,,,,,,,,,Leach WJ; Fordyce MJ,Journal of the Royal College of Surgeons of Edinburgh,1994,,7520069,,not reported,False,"Leach WJ, Fordyce MJ. Audit of ankle fracture fixation in the elderly. J R Coll Surg Edinb. 1994;39(2):124-127. PMID: 7520069.",
1803,orthopaedic,Orthopaedics – Trauma,,Isolated sternal fracture: an audit of 10 years' experience.,,,,"published, pending extraction",https://pubmed.ncbi.nlm.nih.gov/7558258/,,UK,True,,,,,,,,,,,,Peek GJ; Firmin RK,Injury,1995,10.1016/0020-1383(95)00051-a,7558258,,not reported,False,"Peek GJ, Firmin RK. Isolated sternal fracture: an audit of 10 years' experience. Injury. 1995;26(6):385-388. doi:10.1016/0020-1383(95)00051-a. PMID: 7558258.",
1804,orthopaedic,Orthopaedics – Arthroplasty,,Audit of post-operative auto-transfusion of shed blood in hip arthroplasty.,,,,"published, pending extraction",https://pmc.ncbi.nlm.nih.gov/articles/PMC1295334/,,UK,True,,,,,,,,,,,,Pike J; Hollingsworth R,Journal of the Royal Society of Medicine,1995,,7562851,PMC1295334,not reported,False,"Pike J, Hollingsworth R. Audit of post-operative auto-transfusion of shed blood in hip arthroplasty. J R Soc Med. 1995;88(9):522P-523P. PMID: 7562851.",
1805,orthopaedic,Orthopaedics – Theatre and perioperative,,An audit of orthopaedic training.,,,,"published, pending extraction",https://pubmed.ncbi.nlm.nih.gov/7574306/,,not reported,False,,,,,,,,,,,,Haddad FS; Cobb AG; Bentley G,Annals of the Royal College of Surgeons of England,1995,,7574306,,not reported,False,"Haddad FS, Cobb AG, Bentley G. An audit of orthopaedic training. Ann R Coll Surg Engl. 1995;77(3 Suppl):130-134. PMID: 7574306.",
1806,orthopaedic,Orthopaedics – Theatre and perioperative,,Medical audit: the role of an orthopaedic preoperative clinic.,,,,"published, pending extraction",https://pubmed.ncbi.nlm.nih.gov/7574307/,,not reported,True,,,,,,,,,,,,West R; Galasko CS,Annals of the Royal College of Surgeons of England,1995,,7574307,,not reported,False,"West R, Galasko CS. Medical audit: the role of an orthopaedic preoperative clinic. Ann R Coll Surg Engl. 1995;77(3 Suppl):134-135. PMID: 7574307.",
1807,orthopaedic,Orthopaedics – Theatre and perioperative,,The Basingstoke Orthopaedic Database: a high quality accurate information system for audit.,,,,"published, pending extraction",https://pubmed.ncbi.nlm.nih.gov/7598401/,,not reported,False,,,,,,,,,,,,Barlow IW; Flynn NA; Britton JM,Annals of the Royal College of Surgeons of England,1994,,7598401,,not reported,False,"Barlow IW, Flynn NA, Britton JM. The Basingstoke Orthopaedic Database: a high quality accurate information system for audit. Ann R Coll Surg Engl. 1994;76(6 Suppl):285-287. PMID: 7598401.",
1808,orthopaedic,Orthopaedics – Trauma,,Differences in mortality after fracture of hip: the east Anglian audit.,,,,"published, pending extraction",https://pmc.ncbi.nlm.nih.gov/articles/PMC2549290/,,not reported,True,,,,,,,,,,,,Todd CJ; Freeman CJ; Camilleri-Ferrante C; Palmer CR; Hyder A; Laxton CE; Parker MJ; Payne BV; Rushton N,BMJ (Clinical research ed.),1995,10.1136/bmj.310.6984.904,7719180,PMC2549290,not reported,False,"Todd CJ, Freeman CJ, Camilleri-Ferrante C, Palmer CR, Hyder A, Laxton CE, et al.. Differences in mortality after fracture of hip: the east Anglian audit. BMJ. 1995;310(6984):904-908. doi:10.1136/bmj.310.6984.904. PMID: 7719180.",
1809,orthopaedic,Orthopaedics – Knee,,A prospective audit of knee arthroscopy: a study of the accuracy of clinical diagnosis and therapeutic value of 325 knee arthroscopies.,,,,"published, pending extraction",https://pubmed.ncbi.nlm.nih.gov/7776277/,,UK,True,,,,,,,,,,,,Lawson GM; Nutton RW,Journal of the Royal College of Surgeons of Edinburgh,1995,,7776277,,not reported,False,"Lawson GM, Nutton RW. A prospective audit of knee arthroscopy: a study of the accuracy of clinical diagnosis and therapeutic value of 325 knee arthroscopies. J R Coll Surg Edinb. 1995;40(2):135-137. PMID: 7776277.",
1810,orthopaedic,Orthopaedics – Trauma,,Audit of upper limb fracture management in an accident and emergency department.,,,,"published, pending extraction",https://pmc.ncbi.nlm.nih.gov/articles/PMC1342398/,,UK,True,,,,,,,,,,,,Jenkins DP; Cooke MW; Glucksman EE,Journal of accident & emergency medicine,1994,10.1136/emj.11.2.105,7921563,PMC1342398,not reported,False,"Jenkins DP, Cooke MW, Glucksman EE. Audit of upper limb fracture management in an accident and emergency department. J Accid Emerg Med. 1994;11(2):105-108. doi:10.1136/emj.11.2.105. PMID: 7921563.",
1811,orthopaedic,Orthopaedics – Trauma,,American College of Surgeons trauma quality indicators: an analysis of outcome in a statewide trauma registry.,,,,"published, pending extraction",https://pubmed.ncbi.nlm.nih.gov/7932886/,,not reported,False,,,,,,,,,,,,Nayduch D; Moylan J; Snyder BL; Andrews L; Rutledge R; Cunningham P,The Journal of trauma,1994,10.1097/00005373-199410000-00008,7932886,,not reported,False,"Nayduch D, Moylan J, Snyder BL, Andrews L, Rutledge R, Cunningham P. American College of Surgeons trauma quality indicators: an analysis of outcome in a statewide trauma registry. J Trauma. 1994;37(4):565-73; discussion 573-5. doi:10.1097/00005373-199410000-00008. PMID: 7932886.",
1812,orthopaedic,Orthopaedics – Spine,,Preoperative and postoperative oxygen saturation in the elderly following spinal or general anaesthesia--an audit of current practice.,,,,"published, pending extraction",https://pubmed.ncbi.nlm.nih.gov/8210017/,,Hong Kong,False,,,,,,,,,,,,Brown AG; Visram AR; Jones RD; Irwin MG; Bacon-Shone J,Anaesthesia and intensive care,1994,10.1177/0310057x9402200205,8210017,,not reported,False,"Brown AG, Visram AR, Jones RD, Irwin MG, Bacon-Shone J. Preoperative and postoperative oxygen saturation in the elderly following spinal or general anaesthesia--an audit of current practice. Anaesth Intensive Care. 1994;22(2):150-154. doi:10.1177/0310057x9402200205. PMID: 8210017.",
1813,orthopaedic,Orthopaedics – Hip fracture,,"Audit criteria for hip fracture: a focus on complications and discharge status to uncover ""overtreatment"" or inadequate management of elderly patients.",,,,"published, pending extraction",https://pubmed.ncbi.nlm.nih.gov/826859/,,not reported,False,,,,,,,,,,,,Bachman DC,QRB. Quality review bulletin,1976,,826859,,not reported,False,"Bachman DC. Audit criteria for hip fracture: a focus on complications and discharge status to uncover ""overtreatment"" or inadequate management of elderly patients. QRB Qual Rev Bull. 1976;2(11):10-3, 22. PMID: 826859.",
1814,orthopaedic,Orthopaedics – Theatre and perioperative,,Markers of data quality in computer audit: the Manchester Orthopaedic Database.,,,,"published, pending extraction",https://pmc.ncbi.nlm.nih.gov/articles/PMC2498017/,,not reported,False,,,,,,,,,,,,Ricketts D; Newey M; Patterson M; Hitchin D; Fowler S,Annals of the Royal College of Surgeons of England,1993,,8285541,PMC2498017,not reported,False,"Ricketts D, Newey M, Patterson M, Hitchin D, Fowler S. Markers of data quality in computer audit: the Manchester Orthopaedic Database. Ann R Coll Surg Engl. 1993;75(6):393-396. PMID: 8285541.",
1815,orthopaedic,Orthopaedics – Trauma,,"Does teaching audit improve standards, and affect MCQ results in undergraduate trauma and orthopaedic tuition?",,,,"published, pending extraction",https://pmc.ncbi.nlm.nih.gov/articles/PMC2498007/,,not reported,True,,,,,,,,,,,,Spencer JD; Morris RW,Annals of the Royal College of Surgeons of England,1993,,8285545,PMC2498007,not reported,False,"Spencer JD, Morris RW. Does teaching audit improve standards, and affect MCQ results in undergraduate trauma and orthopaedic tuition?. Ann R Coll Surg Engl. 1993;75(6):426-429. PMID: 8285545.",
1816,orthopaedic,Orthopaedics – Knee,,Audit of knee injuries seen in a sports medicine clinic.,,,,"published, pending extraction",https://pmc.ncbi.nlm.nih.gov/articles/PMC1332132/,,UK,True,,,,,,,,,,,,Packer GJ; McLatchie GR; Bowden W; Lennox CM,British journal of sports medicine,1993,10.1136/bjsm.27.2.113,8358581,PMC1332132,not reported,False,"Packer GJ, McLatchie GR, Bowden W, Lennox CM. Audit of knee injuries seen in a sports medicine clinic. Br J Sports Med. 1993;27(2):113-114. doi:10.1136/bjsm.27.2.113. PMID: 8358581.",
1817,orthopaedic,Orthopaedics – Shoulder and elbow,,An audit of comparative views in elbow trauma in children.,,,,"published, pending extraction",https://pubmed.ncbi.nlm.nih.gov/8457824/,,not reported,True,,,,,,,,,,,,Rickett AB; Finlay DB,The British journal of radiology,1993,10.1259/0007-1285-66-782-123,8457824,,not reported,False,"Rickett AB, Finlay DB. An audit of comparative views in elbow trauma in children. Br J Radiol. 1993;66(782):123-125. doi:10.1259/0007-1285-66-782-123. PMID: 8457824.",
1818,orthopaedic,Orthopaedics – Trauma,,Audit of closed tibial fractures: what is a satisfactory outcome?,,,,"published, pending extraction",https://pubmed.ncbi.nlm.nih.gov/8505133/,,UK,True,,,,,,,,,,,,Bridgman SA; Baird K,Injury,1993,10.1016/0020-1383(93)90194-b,8505133,,not reported,False,"Bridgman SA, Baird K. Audit of closed tibial fractures: what is a satisfactory outcome?. Injury. 1993;24(2):85-89. doi:10.1016/0020-1383(93)90194-b. PMID: 8505133.",
1819,orthopaedic,Orthopaedics – Theatre and perioperative,,An audit of early wound infection after elective orthopaedic surgery.,,,,"published, pending extraction",https://pubmed.ncbi.nlm.nih.gov/8632389/,,UK,True,,,,,,,,,,,,Kelly AJ; Bailey R; Davies EG; Pearcy R; Winson IG,Journal of the Royal College of Surgeons of Edinburgh,1996,,8632389,,not reported,False,"Kelly AJ, Bailey R, Davies EG, Pearcy R, Winson IG. An audit of early wound infection after elective orthopaedic surgery. J R Coll Surg Edinb. 1996;41(2):129-131. PMID: 8632389.",
1820,orthopaedic,Orthopaedics – Hip fracture,,Audit of surgical delay in relationship to outcome after proximal femoral fracture.,,,,"published, pending extraction",https://pmc.ncbi.nlm.nih.gov/articles/PMC2448726/,,UK,True,,,,,,,,,,,,Beringer TR; Crawford VL; Brown JG,The Ulster medical journal,1996,,8686097,PMC2448726,not reported,False,"Beringer TR, Crawford VL, Brown JG. Audit of surgical delay in relationship to outcome after proximal femoral fracture. Ulster Med J. 1996;65(1):32-38. PMID: 8686097.",
1821,orthopaedic,Orthopaedics – Spine,,Is computed tomography of the body overused? An audit of 2068 attendances in a large acute hospital.,,,,"published, pending extraction",https://pubmed.ncbi.nlm.nih.gov/8785639/,,UK,True,,,,,,,,,,,,Naik KS; Ness LM; Bowker AM; Robinson PJ,The British journal of radiology,1996,10.1259/0007-1285-69-818-126,8785639,,not reported,False,"Naik KS, Ness LM, Bowker AM, Robinson PJ. Is computed tomography of the body overused? An audit of 2068 attendances in a large acute hospital. Br J Radiol. 1996;69(818):126-131. doi:10.1259/0007-1285-69-818-126. PMID: 8785639.",
1822,orthopaedic,Orthopaedics – Trauma,,The evaluation of pediatric trauma care using audit filters.,,,,"published, pending extraction",https://pubmed.ncbi.nlm.nih.gov/8858651/,,USA,False,,,,,,,,,,,,Kissoon N; Tepas JJ 3rd; Peterson RJ; Pieper P; Gayle MO,Pediatric emergency care,1996,10.1097/00006565-199608000-00009,8858651,,not reported,False,"Kissoon N, Tepas JJ 3rd, Peterson RJ, Pieper P, Gayle MO. The evaluation of pediatric trauma care using audit filters. Pediatr Emerg Care. 1996;12(4):272-276. doi:10.1097/00006565-199608000-00009. PMID: 8858651.",
1823,orthopaedic,Orthopaedics – Arthroplasty,,National total hip replacement audit project.,,,,"published, pending extraction",https://pubmed.ncbi.nlm.nih.gov/8944494/,,not reported,True,,,,,,,,,,,,Gregg P,Annals of the Royal College of Surgeons of England,1996,,8944494,,not reported,False,Gregg P. National total hip replacement audit project. Ann R Coll Surg Engl. 1996;78(5 Suppl):232-233. PMID: 8944494.,
1824,orthopaedic,Orthopaedics – Trauma,,A ten year audit of surgery for vascular trauma in a British teaching hospital.,,,,"published, pending extraction",https://pubmed.ncbi.nlm.nih.gov/8980430/,,UK,True,,,,,,,,,,,,Magee TR; Collin J; Hands LJ; Gray DW; Roake J,European journal of vascular and endovascular surgery : the official journal of the European Society for Vascular Surgery,1996,10.1016/s1078-5884(96)80007-4,8980430,,not reported,False,"Magee TR, Collin J, Hands LJ, Gray DW, Roake J. A ten year audit of surgery for vascular trauma in a British teaching hospital. Eur J Vasc Endovasc Surg. 1996;12(4):424-427. doi:10.1016/s1078-5884(96)80007-4. PMID: 8980430.",
1825,orthopaedic,Orthopaedics – Knee,,Audit of thromboembolic prophylaxis in hip and knee surgery.,,,,"published, pending extraction",https://pmc.ncbi.nlm.nih.gov/articles/PMC2502610/,,not reported,True,,,,,,,,,,,,Williams HR; Macdonald DA,Annals of the Royal College of Surgeons of England,1997,,9038497,PMC2502610,not reported,False,"Williams HR, Macdonald DA. Audit of thromboembolic prophylaxis in hip and knee surgery. Ann R Coll Surg Engl. 1997;79(1):55-57. PMID: 9038497.",
1826,orthopaedic,Orthopaedics – Knee,,An audit of knee radiographs performed for general practitioners.,,,,"published, pending extraction",https://pubmed.ncbi.nlm.nih.gov/9166050/,,UK,True,,,,,,,,,,,,Morgan B; Mullick S; Harper WM; Finlay DB,The British journal of radiology,1997,10.1259/bjr.70.831.9166050,9166050,,not reported,False,"Morgan B, Mullick S, Harper WM, Finlay DB. An audit of knee radiographs performed for general practitioners. Br J Radiol. 1997;70:256-260. doi:10.1259/bjr.70.831.9166050. PMID: 9166050.",
1827,orthopaedic,Orthopaedics – Arthroplasty,,An audit of early hospital readmission after primary knee joint replacement.,,,,"published, pending extraction",https://pubmed.ncbi.nlm.nih.gov/9193269/,,Australia,False,,,,,,,,,,,,Bedi HS; Fletcher SF; Rush JH; Choong PF,The Australian and New Zealand journal of surgery,1997,10.1111/j.1445-2197.1997.tb01987.x,9193269,,not reported,False,"Bedi HS, Fletcher SF, Rush JH, Choong PF. An audit of early hospital readmission after primary knee joint replacement. Aust N Z J Surg. 1997;67(6):340-342. doi:10.1111/j.1445-2197.1997.tb01987.x. PMID: 9193269.",
1828,orthopaedic,Orthopaedics – Arthroplasty,,A retrospective audit of blood loss in total hip joint replacement surgery at Middlemore Hospital.,,,,"published, pending extraction",https://pubmed.ncbi.nlm.nih.gov/9293284/,,not reported,False,,,,,,,,,,,,Gillham M; Mark A,The New Zealand medical journal,1997,,9293284,,not reported,False,"Gillham M, Mark A. A retrospective audit of blood loss in total hip joint replacement surgery at Middlemore Hospital. N Z Med J. 1997;110(1049):294-297. PMID: 9293284.",
1829,orthopaedic,Orthopaedics – Paediatric,,Improving the outcome of paediatric orthopaedic trauma: an audit of inpatient management in Southampton.,,,,"published, pending extraction",https://pmc.ncbi.nlm.nih.gov/articles/PMC2502958/,,not reported,True,,,,,,,,,,,,Cox PJ; Clarke NM,Annals of the Royal College of Surgeons of England,1997,,9422873,PMC2502958,not reported,False,"Cox PJ, Clarke NM. Improving the outcome of paediatric orthopaedic trauma: an audit of inpatient management in Southampton. Ann R Coll Surg Engl. 1997;79(6):441-446. PMID: 9422873.",
1830,orthopaedic,Orthopaedics – Hip fracture,,The development and benefits of nursing protocols for fractured neck of femur patients.,,,,"published, pending extraction",https://pubmed.ncbi.nlm.nih.gov/9429956/,,UK,True,,,,,,,,,,,,Bell L; Solieri A; West P; Burgess K; Dowdeswell T,Journal of advanced nursing,1997,10.1111/j.1365-2648.1997.tb00798.x,9429956,,not reported,False,"Bell L, Solieri A, West P, Burgess K, Dowdeswell T. The development and benefits of nursing protocols for fractured neck of femur patients. J Adv Nurs. 1997;26(6):1080-1085. doi:10.1111/j.1365-2648.1997.tb00798.x. PMID: 9429956.",
1831,orthopaedic,Orthopaedics – Hand and wrist,,A regional audit of hand and wrist injuries. A study of 4873 injuries.,,,,"published, pending extraction",https://pubmed.ncbi.nlm.nih.gov/9607659/,,UK,True,,,,,,,,,,,,Hill C; Riaz M; Mozzam A; Brennen MD,"Journal of hand surgery (Edinburgh, Scotland)",1998,10.1016/s0266-7681(98)80174-5,9607659,,not reported,False,"Hill C, Riaz M, Mozzam A, Brennen MD. A regional audit of hand and wrist injuries. A study of 4873 injuries. J Hand Surg Br. 1998;23(2):196-200. doi:10.1016/s0266-7681(98)80174-5. PMID: 9607659.",
1832,orthopaedic,Orthopaedics – Trauma,,An audit of post fracture rehabilitation with special emphasis on osteoporosis assessment and treatment.,,,,"published, pending extraction",https://pubmed.ncbi.nlm.nih.gov/9706426/,,UK,True,,,,,,,,,,,,al-Allaf AW; Pal B; Reid N,Clinical and experimental rheumatology,1998,,9706426,,not reported,False,"al-Allaf AW, Pal B, Reid N. An audit of post fracture rehabilitation with special emphasis on osteoporosis assessment and treatment. Clin Exp Rheumatol. 1998;16(4):451-453. PMID: 9706426.",
1833,orthopaedic,Orthopaedics – Arthroplasty,,Audit of timing of antibiotic prophylaxis in hip and knee arthroplasty.,,,,"published, pending extraction",https://pubmed.ncbi.nlm.nih.gov/9803108/,,UK,True,,,,,,,,,,,,Lewis K,Journal of the Royal College of Surgeons of Edinburgh,1998,,9803108,,not reported,False,Lewis K. Audit of timing of antibiotic prophylaxis in hip and knee arthroplasty. J R Coll Surg Edinb. 1998;43(5):339-340. PMID: 9803108.,
1834,orthopaedic,Orthopaedics – Theatre and perioperative,,Radiation use in the orthopaedic theatre: a prospective audit.,,,,"published, pending extraction",https://pubmed.ncbi.nlm.nih.gov/9814741/,,New Zealand,False,,,,,,,,,,,,Jones DG; Stoddart J,The Australian and New Zealand journal of surgery,1998,10.1111/j.1445-2197.1998.tb04676.x,9814741,,not reported,False,"Jones DG, Stoddart J. Radiation use in the orthopaedic theatre: a prospective audit. Aust N Z J Surg. 1998;68(11):782-784. doi:10.1111/j.1445-2197.1998.tb04676.x. PMID: 9814741.",
1835,orthopaedic,Orthopaedics – Theatre and perioperative,,Orthopaedic audit.,,,,"published, pending extraction",https://pubmed.ncbi.nlm.nih.gov/9847790/,,UK,True,,,,,,,,,,,,Mainwaring M,Nursing standard (Royal College of Nursing (Great Britain) : 1987),1998,10.7748/ns.12.52.41.s54,9847790,,not reported,False,Mainwaring M. Orthopaedic audit. Nurs Stand. 1998;12(52):41. doi:10.7748/ns.12.52.41.s54. PMID: 9847790.,
1836,orthopaedic,Orthopaedics – Paediatric,,An audit of magnetic resonance imaging in the paediatric orthopaedic setting.,,,,"published, pending extraction",https://pubmed.ncbi.nlm.nih.gov/9861924/,,not reported,False,,,,,,,,,,,,Walker ML; Nicol RO,The New Zealand medical journal,1998,,9861924,,not reported,False,"Walker ML, Nicol RO. An audit of magnetic resonance imaging in the paediatric orthopaedic setting. N Z Med J. 1998;111(1077):430-432. PMID: 9861924.",
1837,orthopaedic,Orthopaedics – Spine,,Audit of autotransfusion in spine surgery.,,,,"published, pending extraction",https://pmc.ncbi.nlm.nih.gov/articles/PMC3619577/,,USA,False,,,,,,,,,,,,Shulman G; Solanki DR; Nicodemus CL; Flores IM; Hadjipavlou AG,International orthopaedics,1998,10.1007/s002640050265,9914933,PMC3619577,not reported,False,"Shulman G, Solanki DR, Nicodemus CL, Flores IM, Hadjipavlou AG. Audit of autotransfusion in spine surgery. Int Orthop. 1998;22(5):303-307. doi:10.1007/s002640050265. PMID: 9914933.",
1838,orthopaedic,Orthopaedics – Spine,,Plain radiography of the lumbosacral spine. An audit of referrals from general practitioners.,,,,"published, pending extraction",https://pubmed.ncbi.nlm.nih.gov/9973903/,,not reported,False,,,,,,,,,,,,Espeland A; Albrektsen G; Larsen JL,"Acta radiologica (Stockholm, Sweden : 1987)",1999,10.1080/02841859909174403,9973903,,not reported,False,"Espeland A, Albrektsen G, Larsen JL. Plain radiography of the lumbosacral spine. An audit of referrals from general practitioners. Acta Radiol. 1999;40(1):52-59. doi:10.1080/02841859909174403. PMID: 9973903.",
