# pe62 imputed class of unmarked Proto-Elamite entries. imp/conf: ensemble with numerals; imp_blind/conf_blind:
# number-blind ensemble. tablet_has_written_class: 1 if another entry on the tablet shows a class sign.
# Grade C: 92% of blind imputations equal the commonest written class on the same tablet (see loops/pe62_cycle2.txt).
tablet	entry_index	kind	signs	numerals	imp	conf	imp_blind	conf_blind	tablet_has_written_class
P008001	1	NAME	M321	1(N01)	COUNTED	0.616	COUNTED	0.530	1
P008001	2	NAME	M321	2(N01)	COUNTED	0.640	COUNTED	0.516	1
P008001	3	NAME	M005	4(N01)	COUNTED	0.578	COUNTED	0.595	1
P008002	1	NAME	|M002+M379|	3(N39B) 2(N30C)	MEASURED	0.723	COUNTED	0.725	1
P008003	3	NAME	M354	5(N01)	COUNTED	0.524	COUNTED	0.417	1
P008003	4	IN	M153 M388 M260	1(N01)	COUNTED	0.596	COUNTED	0.391	1
P008003	5	NAME	M354	2(N01)	COUNTED	0.599	COUNTED	0.332	1
P008003	8	NAME	|M036+1(N14)|	1(N14) 8(N01)	COUNTED	0.411	MEASURED	0.372	1
P008003	9	IN	M388 M228 |M296+M296| M057 M354	2(N01)	COUNTED	0.578	COUNTED	0.323	1
P008003	10	IN	M305 M388 M128 M128 M096 M354	5(N01)	COUNTED	0.538	COUNTED	0.388	1
P008003	11	IN	M387 M057 M354	5(N01)	COUNTED	0.504	MEASURED	0.368	1
P008004	3	NAME	M193	3(N14)	COUNTED	0.485	COUNTED	0.673	1
P008004	6	BARE	-	3(N01)	COUNTED	0.636	COUNTED	0.533	1
P008005	0	IN	M381 M124 M024 M004 M218 M297 M150	1(N01)	PERSON	0.457	PERSON	0.284	0
P008005	1	IN	M102 M318 M371 M297 M150	1(N01)	PERSON	0.537	PERSON	0.408	0
P008005	2	IN	M218 M259 M371 M223 M150	1(N01)	PERSON	0.500	PERSON	0.442	0
P008005	3	IN	M124 M386 M230 M096 M150	1(N01)	PERSON	0.370	ALLOT	0.402	0
P008007	0	BARE	-	1(N14) 1(N01)	COUNTED	0.421	COUNTED	0.395	1
P008007	5	BARE	-	3(N01)	COUNTED	0.454	PERSON	0.456	1
P008010	2	IN	M218 M175	2(N01)	ALLOT	0.464	ALLOT	0.667	1
P008010	3	IN	M124 M009 M139 M295	2(N39B) 1(N24)	ALLOT	0.623	PERSON	0.433	1
P008010	4	BARE	-	1(N45) 6(N14) 1(N24)	ALLOT	0.848	ALLOT	0.634	1
P008011	0	NAME	|M157+X| |M036+1(N14)|	4(N01@b)	PERSON	0.684	PERSON	0.700	1
P008011	1	NAME	|M260+1(N14)|	1(N01@b)	PERSON	0.812	PERSON	0.834	1
P008011	3	NAME	|M351+1(N14)|	1(N01@b)	PERSON	0.773	PERSON	0.706	1
P008013	0	NAME	M391	2(N01)	COUNTED	0.688	COUNTED	0.573	1
P008013	6	NAME	M391	1(N01) 1(N24)	ALLOT	0.310	COUNTED	0.563	1
P008013	10	BARE	-	4(N34) 1(N14) 1(N01)	COUNTED	0.488	COUNTED	0.479	1
P008014	1	IN	M066 M352 M305	1(N01)	PERSON	0.762	PERSON	0.586	1
P008014	4	NAME	M048	2(N01)	PERSON	0.546	PERSON	0.510	1
P008014	5	NAME	M381	1(N14)	PERSON	0.526	PERSON	0.442	1
P008014	6	IN	M217 M124 M218 M219 M102 M097	2(N01)	PERSON	0.529	PERSON	0.505	1
P008014	7	NAME	M203 |M136+M365|	4(N01)	PERSON	0.581	PERSON	0.515	1
P008014	9	NAME	M038 |M327+M057|	1(N14)	PERSON	0.396	ALLOT	0.332	1
P008015	2	NAME	M203	4(N14) 4(N01)	COUNTED	0.385	COUNTED	0.439	1
P008015	6	NAME	M321	2(N01)	COUNTED	0.579	FRACLINE	0.438	1
P008015	7	NAME	M005	3(N01)	COUNTED	0.503	FRACLINE	0.565	1
P008015	9	NAME	M374	1(N01)	COUNTED	0.583	COUNTED	0.401	1
P008015	12	NAME	M203	1(N14)	COUNTED	0.406	FRACLINE	0.484	1
P008016	1	NAME	|M054+M384+M054| M365	5(N01)	ALLOT	0.311	ALLOT	0.409	1
P008016	2	NAME	M111	4(N14) 1(N01) 3(N39B)	ALLOT	0.622	MEASURED	0.394	1
P008016	3	NAME	M365	1(N14) 3(N01)	ALLOT	0.386	MEASURED	0.462	1
P008016	5	NAME	M387 M348	1(N14) 3(N01)	ALLOT	0.453	ALLOT	0.476	1
P008018	1	NAME	M387	2(N01) 1(N08)	PERSON	0.798	PERSON	0.837	1
P008018	2	NAME	|M305+M324|	1(N01) 1(N08)	PERSON	0.765	PERSON	0.727	1
P008020	0	NAME	M391	1(N01)	ALLOT	0.613	ALLOT	0.872	1
P008020	2	NAME	M391	1(N01)	ALLOT	0.632	ALLOT	0.847	1
P008020	4	NAME	M391	1(N01)	ALLOT	0.633	ALLOT	0.853	1
P008020	6	NAME	M391	1(N01)	ALLOT	0.635	ALLOT	0.847	1
P008020	8	NAME	M391	1(N01)	ALLOT	0.635	ALLOT	0.847	1
P008020	10	NAME	M391	5(N01)	ALLOT	0.638	ALLOT	0.828	1
P008021	6	BARE	-	8(N01)	MEASURED	0.402	MEASURED	0.467	1
P008023	1	NAME	|M305+X|	2(N01)	PERSON	0.715	PERSON	0.742	1
P008023	2	NAME	M205	5(N01)	PERSON	0.776	PERSON	0.764	1
P008023	3	NAME	|M305+M342|	6(N01)	PERSON	0.793	PERSON	0.839	1
P008024	2	BARE	-	1(N01)	COUNTED	0.903	COUNTED	0.788	1
P008025	0	IN	M495 M496 M057 M302	1(N14)	ALLOT	0.623	ALLOT	0.620	0
P008028	0	BARE	-	2(N45)	ALLOT	0.717	ALLOT	0.541	0
P008029	0	NAME	M122	4(N14)	ALLOT	0.604	ALLOT	0.516	0
P008032	1	NAME	M321	3(N01)	COUNTED	0.768	COUNTED	0.757	1
P008035	1	NAME	M134	3(N14)	ALLOT	0.775	ALLOT	0.734	1
P008035	2	NAME	|M218+M218|	5(N01)	ALLOT	0.467	ALLOT	0.706	1
P008035	3	NAME	M158	1(N14) 3(N01)	ALLOT	0.682	ALLOT	0.698	1
P008035	4	NAME	M180	1(N14) 3(N01)	ALLOT	0.712	ALLOT	0.731	1
P008037	2	IN	M024 M035 M066 M263 M221	1(N39B)	PERSON	0.714	PERSON	0.626	1
P008040	2	BARE	-	1(N01)	PERSON	0.503	PERSON	0.457	1
P008040	5	IN	M066 M352 M096	1(N01)	PERSON	0.702	PERSON	0.559	1
P008041	15	NAME	M347 M219 M101	1(N45) 1(N14) 2(N01)	ALLOT	0.923	ALLOT	0.879	1
P008041	16	BARE	-	9(N34) 4(N14) 3(N01) 1(N39B)	ALLOT	0.917	ALLOT	0.833	1
P008042	0	BARE	-	1(N45)	ALLOT	0.924	ALLOT	0.873	1
P008042	2	BARE	-	3(N01) 3(N39B) 1(N30D) 1(N39C)	ALLOT	0.900	ALLOT	0.835	1
P008043	2	NAME	M370+x+M370	2(N01)	PERSON	0.467	PERSON	0.517	1
P008043	5	NAME	|M370+M072|	1(N01)	PERSON	0.674	PERSON	0.609	1
P008043	8	NAME	|M370+M072|	1(N01)	PERSON	0.569	PERSON	0.547	1
P008043	12	IN	M370 M053	1(N01)	PERSON	0.577	PERSON	0.539	1
P008043	29	NAME	|M370+M072|	1(N01)	PERSON	0.558	PERSON	0.513	1
P008043	31	NAME	|M370+M072|	2(N01)	COUNTED	0.435	PERSON	0.507	1
P008043	39	NAME	|M370+M072+M370|	1(N01)	PERSON	0.566	PERSON	0.484	1
P008043	40	NAME	|M370+M072|	1(N01)	PERSON	0.668	PERSON	0.598	1
P008043	43	BARE	-	1(N01)	PERSON	0.597	PERSON	0.506	1
P008043	45	BARE	-	1(N01)	PERSON	0.472	PERSON	0.394	1
P008043	46	NAME	M053	3(N01)	PERSON	0.489	PERSON	0.509	1
P008043	48	NAME	|M370+M072|	1(N01)	PERSON	0.673	PERSON	0.617	1
P008043	54	BARE	-	1(N01)	PERSON	0.445	COUNTED	0.390	1
P008043	55	IN	M124 M029 M073	1(N01)	PERSON	0.627	PERSON	0.465	1
P008043	62	BARE	-	1(N01)	PERSON	0.495	PERSON	0.397	1
P008043	63	BARE	-	3(N39B)	ALLOT	0.519	PERSON	0.368	1
P008043	64	IN	M124 M218 M096	1(N01)	PERSON	0.604	PERSON	0.469	1
P008043	67	NAME	M053	2(N01)	PERSON	0.418	PERSON	0.476	1
P008043	68	BARE	-	2(N01)	COUNTED	0.490	PERSON	0.368	1
P008043	69	NAME	|M370+M3046+M370|	1(N01)	PERSON	0.599	PERSON	0.477	1
P008043	70	NAME	|M370+M388+M370|	1(N01)	PERSON	0.599	PERSON	0.477	1
P008043	71	BARE	-	1(N01)	PERSON	0.473	PERSON	0.368	1
P008043	72	IN	M370 M203	1(N01)	PERSON	0.697	PERSON	0.632	1
P008043	76	NAME	M203	2(N01)	PERSON	0.511	PERSON	0.652	1
P008043	78	NAME	M053	1(N01)	PERSON	0.554	PERSON	0.473	1
P008043	81	IN	M370 M203	1(N01)	PERSON	0.644	PERSON	0.606	1
P008043	86	BARE	-	1(N01)	PERSON	0.601	PERSON	0.567	1
P008043	88	BARE	-	1(N01)	PERSON	0.495	PERSON	0.462	1
P008043	91	BARE	-	1(N01)	PERSON	0.607	PERSON	0.549	1
P008043	93	IN	M124 M115 M281	1(N01)	PERSON	0.604	PERSON	0.564	1
P008043	94	NAME	M298	1(N01)	PERSON	0.530	PERSON	0.440	1
P008043	99	NAME	M203	1(N14) 11(N01)	PERSON	0.506	PERSON	0.537	1
P008043	102	NAME	|M370+M072+M370|	1(N14) 1(N01)	PERSON	0.457	PERSON	0.510	1
P008043	104	IN	M297 |M305+X|	2(N01)	COUNTED	0.561	COUNTED	0.570	1
P008043	106	BARE	-	9(N01)	COUNTED	0.450	COUNTED	0.439	1
P008043	107	BARE	-	9(N01)	COUNTED	0.419	COUNTED	0.405	1
P008043	108	BARE	-	4(N01)	PERSON	0.485	PERSON	0.492	1
P008046	1	IN	M318 M230 M218 |M260+1(N24)|	1(N01)	PERSON	0.375	MEASURED	0.636	1
P008046	3	NAME	M152 M242 M096 |M260+1(N24)|	1(N01)	MEASURED	0.385	MEASURED	0.735	1
P008046	5	IN	M097 M004 M218 |M260+1(N24)|	1(N01)	PERSON	0.374	MEASURED	0.559	1
P008046	7	NAME	M383 M260	1(N01)	MEASURED	0.356	MEASURED	0.685	1
P008047	0	NAME	|M106+M288|	1(N02)	ALLOT	0.425	ALLOT	0.809	1
P008047	2	NAME	|M106+X|	1(N08)	ALLOT	0.489	ALLOT	0.830	1
P008047	4	NAME	|M106+M288|	1(N02)	PERSON	0.411	ALLOT	0.759	1
P008049	0	NAME	M374	2(N01)	PERSON	0.427	PERSON	0.548	1
P008049	1	IN	M124 M391 M218 M295	4(N01) 3(N39B) 1(N24)	PERSON	0.448	PERSON	0.649	1
P008049	2	BARE	-	1(N14) 3(N01) 2(N39B)	ALLOT	0.408	PERSON	0.540	1
P008049	5	IN	M263 M242 M096	5(N01)	PERSON	0.531	PERSON	0.508	1
P008049	6	NAME	M386 M242 M096	1(N14) 2(N01) 2(N39B)	PERSON	0.428	PERSON	0.663	1
P008049	9	BARE	-	2(N45) 2(N14) 3(N39B) 1(N24)	ALLOT	0.694	PERSON	0.376	1
P008050	1	NAME	|M195+M038| M249	1(N01)	MEASURED	0.437	MEASURED	0.755	1
P008051	1	IN	M046 M254	1(N01)	FRACLINE	0.752	FRACLINE	0.817	1
P008051	4	NAME	M096	1(N01)	FRACLINE	0.653	FRACLINE	0.801	1
P008052	1	NAME	M417	3(N01)	ALLOT	0.751	ALLOT	0.870	1
P008053	1	BARE	-	1(N01)	PERSON	0.732	PERSON	0.632	1
P008053	3	NAME	M377 |M106+M288|	1(N24)	PERSON	0.684	PERSON	0.852	1
P008054	0	NAME	M302	2(N01)	COUNTED	0.395	COUNTED	0.358	0
P008054	1	NAME	M262 M262 M096	5(N01) 2(N39B)	ALLOT	0.433	ALLOT	0.327	0
P008054	2	BARE	-	4(N01)	COUNTED	0.251	ALLOT	0.345	0
P008055	0	NAME	M038	4(N01)	ALLOT	0.518	ALLOT	0.832	1
P008057	0	BARE	-	2(N39B)	ALLOT	0.627	ALLOT	0.839	1
P008057	1	NAME	M391	1(N01)	ALLOT	0.513	ALLOT	0.830	1
P008057	2	BARE	-	2(N01) 2(N39B)	ALLOT	0.795	ALLOT	0.793	1
P008057	3	NAME	M391	1(N01)	ALLOT	0.506	ALLOT	0.828	1
P008057	4	BARE	-	1(N01)	ALLOT	0.620	ALLOT	0.826	1
P008058	0	NAME	|M195+M057|	1(N14)	MEASURED	0.571	MEASURED	0.709	1
P008059	0	BARE	-	4(N01)	COUNTED	0.275	ALLOT	0.297	0
P008059	1	BARE	-	6(N01)	COUNTED	0.392	MEASURED	0.290	0
P008059	2	BARE	-	1(N01)	COUNTED	0.445	MEASURED	0.308	0
P008059	3	BARE	-	4(N01)	COUNTED	0.325	MEASURED	0.293	0
P008059	4	NAME	M387	2(N14)	PERSON	0.331	COUNTED	0.265	0
P008060	1	NAME	M352 M097	1(N34)	PERSON	0.460	PERSON	0.648	1
P008060	2	NAME	M260 M096	3(N01) 4(N39B)	ALLOT	0.567	ALLOT	0.461	1
P008060	5	BARE	-	3(N39B) 1(N24)	ALLOT	0.625	ALLOT	0.466	1
P008060	7	BARE	-	2(N01)	PERSON	0.394	ALLOT	0.442	1
P008060	8	NAME	M281	1(N01) 3(N39B) 1(N24)	ALLOT	0.535	PERSON	0.463	1
P008060	9	NAME	M073	1(N01)	PERSON	0.616	PERSON	0.415	1
P008060	10	BARE	-	3(N39B) 1(N24)	ALLOT	0.520	PERSON	0.393	1
P008060	12	NAME	M175	2(N01)	PERSON	0.536	PERSON	0.473	1
P008060	14	BARE	-	2(N39B) 1(N24)	ALLOT	0.595	ALLOT	0.379	1
P008060	15	NAME	M325	1(N01)	PERSON	0.572	ALLOT	0.398	1
P008061	0	BARE	-	3(N01)	COUNTED	0.637	COUNTED	0.587	1
P008061	4	NAME	M250 M387	4(N01)	COUNTED	0.525	COUNTED	0.518	1
P008061	5	NAME	M096	1(N14) 1(N01)	COUNTED	0.465	COUNTED	0.369	1
P008063	0	BARE	-	3(N39B)	MEASURED	0.650	ALLOT	0.261	0
P008063	1	IN	M220 M099	1(N24)	MEASURED	0.499	COUNTED	0.351	0
P008063	2	BARE	-	4(N14) 3(N39B)	ALLOT	0.570	ALLOT	0.395	0
P008064	0	NAME	M096	1(N01)	PERSON	0.789	PERSON	0.669	1
P008064	4	NAME	M281 M096	1(N01) 1(N24)	ALLOT	0.517	PERSON	0.614	1
P008065	1	BARE	-	4(N39B) 1(N24)	PERSON	0.406	PERSON	0.731	1
P008065	2	NAME	M262 M096	2(N01)	PERSON	0.736	PERSON	0.742	1
P008065	3	BARE	-	1(N01)	PERSON	0.849	PERSON	0.736	1
P008065	9	BARE	-	1(N14)	PERSON	0.759	PERSON	0.757	1
P008066	0	BARE	-	5(N14)	ALLOT	0.392	ALLOT	0.284	0
P008066	1	BARE	-	5(N14) 4(N01)	COUNTED	0.306	MEASURED	0.303	0
P008066	2	BARE	-	5(N14) 5(N01)	ALLOT	0.444	ALLOT	0.342	0
P008067	4	IN	M214 M218 M295 M329	2(N01)	PERSON	0.808	PERSON	0.768	1
P008067	5	NAME	M058 M352 M248 M014	2(N01)	PERSON	0.680	PERSON	0.675	1
P008068	0	BARE	-	5(N01) 3(N39B)	MEASURED	0.445	ALLOT	0.284	0
P008068	1	BARE	-	2(N30C)	MEASURED	0.782	MEASURED	0.299	0
P008068	2	BARE	-	1(N24) 1(N30C)	MEASURED	0.711	MEASURED	0.317	0
P008068	3	NAME	|M175+M136| M387	1(N39B) 1(N24) 2(N30C)	MEASURED	0.522	PERSON	0.491	0
P008068	4	BARE	-	1(N01) 1(N39B) 1(N30C)	MEASURED	0.528	MEASURED	0.329	0
P008069	1	NAME	M285	2(N01)	PERSON	0.647	PERSON	0.609	1
P008069	6	NAME	M381	1(N01)	PERSON	0.835	PERSON	0.685	1
P008069	8	NAME	M352	1(N01)	PERSON	0.840	PERSON	0.765	1
P008069	9	BARE	-	4(N01)	PERSON	0.591	PERSON	0.469	1
P008069	10	NAME	M381	4(N01) 1(N08A)	PERSON	0.453	PERSON	0.455	1
P008072	0	NAME	M374	1(N01)	ALLOT	0.459	ALLOT	0.747	1
P008072	2	BARE	-	1(N14) 2(N01)	ALLOT	0.811	ALLOT	0.840	1
P008073	1	NAME	M097	1(N39B) 2(N30C) 1(N30D)	PERSON	0.851	PERSON	0.916	1
P008073	2	BARE	-	2(N39B) 1(N24) 2(N30C)	MEASURED	0.443	PERSON	0.649	1
P008073	3	BARE	-	2(N39B) 1(N24)	PERSON	0.440	PERSON	0.649	1
P008073	4	BARE	-	4(N39B) 1(N24) 1(N30C)	MEASURED	0.413	PERSON	0.653	1
P008073	5	BARE	-	1(N24) 2(N30C) 1(N30D)	PERSON	0.467	PERSON	0.653	1
P008073	6	IN	M218 M371 M033	1(N24)	PERSON	0.612	PERSON	0.749	1
P008075	1	BARE	-	1(N30C)	MEASURED	0.827	MEASURED	0.447	1
P008076	0	BARE	-	5(N01)	COUNTED	0.851	COUNTED	0.778	1
P008077	0	BARE	-	1(N01) 1(N24)	ALLOT	0.767	ALLOT	0.425	1
P008077	7	BARE	-	1(N01)	PERSON	0.565	PERSON	0.408	1
P008077	9	BARE	-	1(N24)	ALLOT	0.644	ALLOT	0.495	1
P008078	0	BARE	-	2(N14)	PERSON	0.464	PERSON	0.515	1
P008078	1	NAME	|M327+M059|	2(N14)	PERSON	0.739	PERSON	0.662	1
P008078	2	NAME	|M327+X|	2(N14) 2(N01)	PERSON	0.795	PERSON	0.795	1
P008078	3	IN	|M106+M288| M218 M073	1(N14) 7(N01)	PERSON	0.807	PERSON	0.798	1
P008078	5	NAME	|M057+M291| M352 M004	3(N14)	PERSON	0.864	PERSON	0.872	1
P008078	7	BARE	-	7(N01)	PERSON	0.750	PERSON	0.643	1
P008078	8	NAME	M365	1(N14)	PERSON	0.789	PERSON	0.757	1
P008078	9	BARE	-	1(N14)	PERSON	0.551	PERSON	0.495	1
P008079	0	IN	M136 M124 M217 M097	1(N01)	COUNTED	0.336	ALLOT	0.276	0
P008079	1	NAME	|M370+M072|	2(N01)	ALLOT	0.300	ALLOT	0.416	0
P008081	0	NAME	M145 M223	3(N39B)	MEASURED	0.424	PERSON	0.592	1
P008081	1	NAME	M242	5(N01) 2(N39B)	PERSON	0.487	PERSON	0.639	1
P008081	2	IN	M288 M223	1(N01)	PERSON	0.712	PERSON	0.602	1
P008081	3	IN	M218 M295 M223	2(N01) 3(N39B) 1(N24)	ALLOT	0.338	PERSON	0.679	1
P008081	4	BARE	-	3(N01) 2(N39B) 1(N24)	ALLOT	0.437	PERSON	0.536	1
P008081	6	NAME	M329	1(N01)	PERSON	0.711	PERSON	0.538	1
P008081	7	NAME	M029 M073	3(N01) 3(N39B) 1(N24)	ALLOT	0.356	PERSON	0.551	1
P008081	8	BARE	-	1(N01) 2(N39B) 1(N24)	MEASURED	0.503	PERSON	0.391	1
P008081	10	BARE	-	4(N01)	PERSON	0.410	MEASURED	0.405	1
P008081	11	NAME	M024 M219 M096	2(N01) 4(N39B)	ALLOT	0.334	PERSON	0.476	1
P008081	12	BARE	-	2(N39B) 1(N24)	MEASURED	0.549	PERSON	0.373	1
P008081	13	IN	M254 M301 |M296+M296|	1(N01) 1(N39B)	PERSON	0.448	PERSON	0.637	1
P008081	15	IN	M218 M242	3(N01)	PERSON	0.630	PERSON	0.681	1
P008081	16	BARE	-	3(N39B)	MEASURED	0.616	PERSON	0.403	1
P008081	17	NAME	M115 M281	2(N39B) 1(N24)	PERSON	0.399	PERSON	0.558	1
P008081	18	IN	M004 M218 M004	1(N01)	PERSON	0.746	PERSON	0.749	1
P008081	19	BARE	-	1(N01) 2(N39B) 1(N24)	MEASURED	0.427	MEASURED	0.358	1
P008082	5	BARE	-	1(N01)	PERSON	0.775	PERSON	0.664	1
P008082	6	IN	M388 M096 M329	1(N01)	PERSON	0.824	PERSON	0.710	1
P008082	8	BARE	-	1(N01)	PERSON	0.781	PERSON	0.666	1
P008082	9	BARE	-	1(N01)	PERSON	0.781	PERSON	0.685	1
P008082	11	NAME	M291	1(N14) 3(N01)	PERSON	0.757	PERSON	0.743	1
P008083	1	IN	M230 M377 M218 M223	1(N39B)	MEASURED	0.852	MEASURED	0.709	1
P008083	2	BARE	-	1(N39B)	MEASURED	0.926	MEASURED	0.818	1
P008083	3	NAME	M217 M361 M329 M223	1(N39B)	MEASURED	0.816	MEASURED	0.644	1
P008083	4	BARE	-	1(N39B)	MEASURED	0.955	MEASURED	0.842	1
P008083	8	NAME	M024 M281 M096	1(N39B)	MEASURED	0.896	MEASURED	0.797	1
P008084	7	IN	M311 M388 M218 M386	1(N08A)	FRACLINE	0.940	FRACLINE	0.886	1
P008084	8	NAME	M391 M318	1(N01)	FRACLINE	0.568	FRACLINE	0.777	1
P008085	4	NAME	M145 M372	2(N14)	PERSON	0.670	PERSON	0.587	1
P008085	5	NAME	M024 M262 M096	1(N14)	PERSON	0.626	PERSON	0.496	1
P008085	7	NAME	M387 M262 M096	1(N14)	PERSON	0.624	PERSON	0.458	1
P008085	10	NAME	M005	1(N14) 3(N01@b)	PERSON	0.628	PERSON	0.547	1
P008085	12	NAME	M340	1(N14) 2(N01) 2(N39B)	PERSON	0.576	PERSON	0.869	1
P008085	15	IN	M032 M096	1(N01)	PERSON	0.717	PERSON	0.491	1
P008085	17	NAME	M352	3(N01)	PERSON	0.756	PERSON	0.748	1
P008085	18	NAME	M038	3(N01)	PERSON	0.585	PERSON	0.497	1
P008085	19	NAME	M157 M292	5(N14)	PERSON	0.573	PERSON	0.532	1
P008085	20	NAME	M005	5(N14)	PERSON	0.417	PERSON	0.367	1
P008087	1	BARE	-	2(N39B) 1(N24)	ALLOT	0.755	ALLOT	0.863	1
P008088	0	BARE	-	1(N24) 1(N30C) 1(N30D) 1(N39C)	ALLOT	0.652	ALLOT	0.838	1
P008088	3	BARE	-	2(N01) 3(N39B) 1(N24) 2(N30C)	ALLOT	0.810	ALLOT	0.758	1
P008088	4	BARE	-	1(N30C) 1(N30D) 1(N39C)	ALLOT	0.539	ALLOT	0.812	1
P008089	0	BARE	-	2(N01)	PERSON	0.522	PERSON	0.622	1
P008089	1	NAME	M024 M295	2(N01)	PERSON	0.750	PERSON	0.890	1
P008089	2	NAME	M157	1(N01)	PERSON	0.914	PERSON	0.846	1
P008090	0	BARE	-	2(N01)	ALLOT	0.321	ALLOT	0.456	0
P008092	1	NAME	M269	1(N30C) 1(N30D)	MEASURED	0.561	COUNTED	0.770	1
P008092	2	BARE	-	1(N30C)	MEASURED	0.803	COUNTED	0.674	1
P008093	0	BARE	-	1(N14) 2(N01)	COUNTED	0.282	MEASURED	0.277	0
P008093	1	BARE	-	1(N14)	PERSON	0.291	MEASURED	0.299	0
P008093	2	NAME	M101	2(N14)	PERSON	0.441	PERSON	0.306	0
P008093	3	IN	M230 M024 M033	1(N14)	PERSON	0.455	PERSON	0.358	0
P008093	4	BARE	-	1(N14) 1(N01)	PERSON	0.319	MEASURED	0.297	0
P008093	5	BARE	-	1(N01)	COUNTED	0.362	MEASURED	0.297	0
P008093	6	BARE	-	1(N01)	COUNTED	0.396	MEASURED	0.332	0
P008094	0	BARE	-	4(N39B) 1(N30C)	MEASURED	0.779	MEASURED	0.298	0
P008094	1	NAME	M219	1(N39B) 1(N24) 2(N30C)	MEASURED	0.582	PERSON	0.439	0
P008094	2	BARE	-	1(N39B)	MEASURED	0.671	MEASURED	0.322	0
P008094	3	BARE	-	3(N39B)	MEASURED	0.702	ALLOT	0.374	0
P008095	0	NAME	M387 M141 M049 M315	1(N39B)	MEASURED	0.625	ALLOT	0.375	0
P008097	0	BARE	-	3(N01)	ALLOT	0.622	ALLOT	0.788	1
P008098	1	BARE	-	1(N45)	ALLOT	0.899	ALLOT	0.790	1
P008098	3	BARE	-	9(N14)	ALLOT	0.911	ALLOT	0.859	1
P008099	0	IN	M319 M218 M321	8(N01)	COUNTED	0.459	FRACLINE	0.431	1
P008099	1	BARE	-	1(N01)	COUNTED	0.483	FRACLINE	0.596	1
P008099	4	BARE	-	9(N01)	FRACLINE	0.439	FRACLINE	0.487	1
P008099	6	NAME	M321	2(N01)	COUNTED	0.560	FRACLINE	0.465	1
P008100	0	BARE	-	1(N01)	ALLOT	0.485	ALLOT	0.660	1
P008100	1	NAME	|M370+M072+M370|	1(N01)	PERSON	0.465	ALLOT	0.565	1
P008100	4	BARE	-	2(N01)	ALLOT	0.582	ALLOT	0.597	1
P008100	5	BARE	-	2(N39B) 1(N24)	ALLOT	0.678	ALLOT	0.607	1
P008101	0	NAME	M223 M044	1(N24)	MEASURED	0.488	PERSON	0.308	0
P008101	1	BARE	-	3(N01)	COUNTED	0.428	PERSON	0.277	0
P008101	2	NAME	M314 M096	2(N01)	COUNTED	0.410	PERSON	0.350	0
P008101	3	BARE	-	2(N01)	COUNTED	0.351	ALLOT	0.299	0
P008102	0	BARE	-	2(N01)	ALLOT	0.576	ALLOT	0.694	1
P008102	2	BARE	-	2(N01) 1(N08A)	ALLOT	0.349	ALLOT	0.566	1
P008104	0	NAME	M329	1(N01)	COUNTED	0.470	COUNTED	0.338	1
P008104	3	IN	M388 M376 M001	1(N01)	PERSON	0.595	PERSON	0.605	1
P008104	6	BARE	-	1(N01)	PERSON	0.469	PERSON	0.423	1
P008104	8	NAME	|M370+M388+M370|	2(N01)	PERSON	0.542	PERSON	0.558	1
P008104	10	BARE	-	1(N01) 2(N39B)	ALLOT	0.666	ALLOT	0.366	1
P008105	6	NAME	|M370+M388+M370|	1(N01)	PERSON	0.616	PERSON	0.577	1
P008105	9	IN	M370 M376 M001	1(N01)	PERSON	0.610	PERSON	0.590	1
P008105	20	IN	M370 M369	1(N01)	PERSON	0.556	PERSON	0.507	1
P008105	28	NAME	|M370+M046+M370|	2(N01)	PERSON	0.433	PERSON	0.577	1
P008105	40	BARE	-	1(N39B)	ALLOT	0.614	PERSON	0.399	1
P008105	45	IN	M124 M218 M048 M004	1(N01)	PERSON	0.701	PERSON	0.696	1
P008105	48	BARE	-	1(N01)	PERSON	0.444	PERSON	0.373	1
P008105	49	IN	M370 M242 M367	1(N01)	PERSON	0.653	PERSON	0.629	1
P008105	52	BARE	-	2(N01)	COUNTED	0.360	PERSON	0.404	1
P008105	54	NAME	|M370+X|	1(N01)	PERSON	0.568	PERSON	0.499	1
P008105	60	NAME	M329	1(N01)	PERSON	0.531	PERSON	0.374	1
P008105	61	NAME	|M370+M388+M370|	1(N01)	PERSON	0.543	PERSON	0.453	1
P008105	62	BARE	-	1(N01)	PERSON	0.428	PERSON	0.360	1
P008105	63	BARE	-	2(N01)	COUNTED	0.339	PERSON	0.474	1
P008105	67	BARE	-	1(N01)	PERSON	0.479	PERSON	0.358	1
P008105	68	BARE	-	1(N01)	PERSON	0.428	PERSON	0.360	1
P008105	69	NAME	|M370+X|	1(N01)	PERSON	0.543	PERSON	0.453	1
P008105	70	BARE	-	1(N01)	PERSON	0.487	PERSON	0.392	1
P008105	73	NAME	|M370+M072+M370|	1(N01)	PERSON	0.535	PERSON	0.471	1
P008105	76	BARE	-	1(N01)	PERSON	0.463	PERSON	0.389	1
P008105	77	BARE	-	1(N01)	PERSON	0.479	PERSON	0.377	1
P008105	79	NAME	|M370+M388+M370|	1(N01)	PERSON	0.594	PERSON	0.550	1
P008105	81	BARE	-	1(N01)	PERSON	0.570	PERSON	0.499	1
P008105	83	IN	M388 M263 M218 M338	1(N01)	PERSON	0.628	PERSON	0.525	1
P008105	85	BARE	-	1(N01)	PERSON	0.475	PERSON	0.403	1
P008105	97	IN	M124 M009 M371 M386	1(N01)	PERSON	0.661	PERSON	0.538	1
P008105	103	BARE	-	2(N02)	PERSON	0.623	PERSON	0.403	1
P008105	105	NAME	|M370+X|	1(N01)	PERSON	0.544	PERSON	0.465	1
P008105	106	BARE	-	1(N01)	PERSON	0.519	PERSON	0.474	1
P008105	110	IN	M054 M387 |M370+M388+M370|	2(N01)	PERSON	0.436	PERSON	0.523	1
P008105	112	BARE	-	1(N24)	ALLOT	0.599	PERSON	0.390	1
P008105	113	IN	M124 M218 M371 M332	1(N01)	PERSON	0.610	PERSON	0.599	1
P008105	114	BARE	-	2(N01) 1(N39B)	ALLOT	0.782	PERSON	0.361	1
P008105	115	BARE	-	2(N01)	COUNTED	0.371	PERSON	0.377	1
P008105	117	IN	M149 M388 M218 M295	1(N01)	PERSON	0.664	PERSON	0.716	1
P008105	119	BARE	-	1(N01)	PERSON	0.541	PERSON	0.452	1
P008105	121	NAME	|M370+M072|	1(N01)	PERSON	0.569	PERSON	0.488	1
P008105	124	BARE	-	2(N39B) 1(N24)	ALLOT	0.731	PERSON	0.417	1
P008105	126	BARE	-	3(N01)	PERSON	0.373	PERSON	0.509	1
P008105	133	BARE	-	1(N01)	PERSON	0.472	PERSON	0.374	1
P008105	134	NAME	|M370+M072|	1(N01)	PERSON	0.574	PERSON	0.535	1
P008105	146	BARE	-	1(N01)	COUNTED	0.432	COUNTED	0.388	1
P008105	147	NAME	|M370+M046+M370|	1(N01)	PERSON	0.476	PERSON	0.423	1
P008105	148	NAME	|M370+M072|	1(N01)	PERSON	0.491	PERSON	0.451	1
P008106	1	IN	M263 M295	5(N14) 1(N01)	COUNTED	0.626	COUNTED	0.641	1
P008106	2	NAME	|M218+M320| M001	9(N14)	COUNTED	0.514	COUNTED	0.686	1
P008106	3	NAME	M009	3(N14) 4(N01)	COUNTED	0.627	COUNTED	0.722	1
P008106	4	NAME	M136 M005	2(N14)	COUNTED	0.577	COUNTED	0.732	1
P008108	0	IN	M388 M004 M263 M218 M348	3(N01)	PERSON	0.600	PERSON	0.555	1
P008108	1	BARE	-	1(N01) 1(N24)	ALLOT	0.366	PERSON	0.529	1
P008108	2	BARE	-	3(N01)	PERSON	0.663	PERSON	0.599	1
P008108	5	NAME	M387	3(N01)	PERSON	0.786	PERSON	0.663	1
P008108	7	NAME	|M175+M387| M193	1(N14)	PERSON	0.738	PERSON	0.601	1
P008108	8	IN	M387 M388 M387 M329	3(N01)	PERSON	0.594	PERSON	0.460	1
P008108	9	IN	|M377+M377| M388 M146	3(N01)	PERSON	0.758	PERSON	0.629	1
P008108	13	BARE	-	3(N14)	PERSON	0.621	PERSON	0.543	1
P008109	0	BARE	-	1(N01)	PERSON	0.802	PERSON	0.679	1
P008109	2	BARE	-	1(N30C)	PERSON	0.604	PERSON	0.794	1
P008109	3	BARE	-	1(N30C) 1(N30D)	MEASURED	0.500	PERSON	0.611	1
P008110	1	BARE	-	2(N01)	PERSON	0.445	PERSON	0.456	1
P008110	3	BARE	-	6(N01)	PERSON	0.414	MEASURED	0.442	1
P008110	4	BARE	-	2(N01)	PERSON	0.417	PERSON	0.406	1
P008110	5	IN	M219 M001 M230 M096	1(N14)	PERSON	0.524	PERSON	0.462	1
P008112	0	NAME	M377 M097 M262	1(N01)	PERSON	0.852	PERSON	0.716	1
P008112	2	BARE	-	1(N01)	PERSON	0.830	PERSON	0.690	1
P008112	3	BARE	-	2(N01)	PERSON	0.500	PERSON	0.551	1
P008114	1	NAME	M005	3(N01)	COUNTED	0.805	COUNTED	0.863	1
P008115	0	NAME	M131	1(N01)	COUNTED	0.644	COUNTED	0.507	1
P008115	1	BARE	-	1(N01)	COUNTED	0.710	COUNTED	0.487	1
P008115	2	NAME	M305	2(N01)	COUNTED	0.706	COUNTED	0.538	1
P008115	4	BARE	-	1(N01)	COUNTED	0.730	COUNTED	0.572	1
P008115	5	BARE	-	1(N01)	COUNTED	0.710	COUNTED	0.461	1
P008115	6	BARE	-	1(N01)	COUNTED	0.642	FRACLINE	0.455	1
P008116	0	NAME	M323 M111	1(N39B)	MEASURED	0.600	ALLOT	0.280	0
P008116	1	NAME	|M157+M381|	1(N39B)	MEASURED	0.526	PERSON	0.322	0
P008116	2	NAME	M340	3(N39B) 1(N24)	MEASURED	0.547	PERSON	0.549	0
P008117	3	NAME	M387 M224	4(N01)	COUNTED	0.589	COUNTED	0.644	1
P008117	4	NAME	M096	1(N14) 1(N01)	COUNTED	0.489	COUNTED	0.465	1
P008117	5	BARE	-	1(N01)	COUNTED	0.629	COUNTED	0.516	1
P008118	0	BARE	-	3(N39B)	MEASURED	0.704	ALLOT	0.278	0
P008118	1	BARE	-	2(N39B)	MEASURED	0.681	MEASURED	0.298	0
P008118	2	BARE	-	1(N24) 2(N30C)	MEASURED	0.705	MEASURED	0.316	0
P008118	3	BARE	-	3(N39B)	MEASURED	0.697	MEASURED	0.302	0
P008118	4	BARE	-	2(N39B) 1(N24)	MEASURED	0.607	MEASURED	0.302	0
P008118	5	BARE	-	1(N24)	MEASURED	0.617	MEASURED	0.346	0
P008119	0	NAME	M391	3(N01)	COUNTED	0.725	COUNTED	0.736	1
P008119	1	BARE	-	2(N01)	COUNTED	0.694	COUNTED	0.600	1
P008119	3	BARE	-	3(N01)	COUNTED	0.722	COUNTED	0.693	1
P008119	4	NAME	M001	7(N01)	COUNTED	0.595	COUNTED	0.448	1
P008119	7	BARE	-	2(N01)	COUNTED	0.692	COUNTED	0.581	1
P008119	8	NAME	M302	2(N01)	COUNTED	0.695	COUNTED	0.640	1
P008119	11	NAME	M203	1(N01)	COUNTED	0.654	COUNTED	0.604	1
P008119	14	BARE	-	5(N01)	COUNTED	0.547	COUNTED	0.449	1
P008120	0	BARE	-	1(N39B)	MEASURED	0.675	ALLOT	0.473	0
P008122	2	BARE	-	2(N14) 2(N39B) 1(N24)	ALLOT	0.893	ALLOT	0.729	1
P008122	6	BARE	-	1(N01)	ALLOT	0.540	ALLOT	0.731	1
P008123	0	BARE	-	2(N01)	COUNTED	0.730	COUNTED	0.668	1
P008123	1	IN	M153 M096 M096 M066 M348	2(N14) 2(N01)	COUNTED	0.569	COUNTED	0.690	1
P008123	3	BARE	-	5(N14)	COUNTED	0.554	COUNTED	0.641	1
P008123	6	BARE	-	4(N01)	COUNTED	0.638	COUNTED	0.611	1
P008124	0	BARE	-	4(N01)	PERSON	0.605	PERSON	0.632	1
P008124	1	NAME	M251 M009	2(N01)	PERSON	0.755	PERSON	0.890	1
P008124	2	IN	|M195+M038| M301 M056	1(N45)	PERSON	0.493	PERSON	0.550	1
P008125	0	BARE	-	1(N01)	COUNTED	0.565	ALLOT	0.459	1
P008125	1	NAME	|M370+M046+M370|	1(N01)	COUNTED	0.580	COUNTED	0.357	1
P008125	2	NAME	|M370+M072+M370|	2(N01)	COUNTED	0.466	COUNTED	0.357	1
P008125	4	NAME	|M370+M046+M370|	1(N01)	COUNTED	0.460	ALLOT	0.307	1
P008125	6	NAME	|M370+M046+M370|	1(N01)	COUNTED	0.427	ALLOT	0.312	1
P008125	8	NAME	|M370+M072+M370|	2(N01)	COUNTED	0.427	ALLOT	0.342	1
P008125	9	NAME	|M370+M072|	2(N01)	COUNTED	0.398	ALLOT	0.342	1
P008125	15	NAME	|M370+M046+M370|	1(N01)	COUNTED	0.519	ALLOT	0.533	1
P008126	0	NAME	M004	1(N14)	ALLOT	0.343	PERSON	0.460	0
P008126	1	IN	M347 M243 M128 M096	1(N14)	ALLOT	0.541	ALLOT	0.549	0
P008128	0	BARE	-	1(N01)	COUNTED	0.322	ALLOT	0.460	0
P008130	0	NAME	M292 M111	1(N01) 2(N39B)	ALLOT	0.650	ALLOT	0.648	0
P008131	0	NAME	M365	2(N01)	PERSON	0.320	PERSON	0.259	0
P008131	1	BARE	-	1(N14) 4(N01)	ALLOT	0.417	ALLOT	0.397	0
P008136	2	IN	M048 M218 M219	1(N14)	PERSON	0.728	PERSON	0.691	1
P008136	4	IN	M057 M240 M386 M240	3(N14)	PERSON	0.693	PERSON	0.717	1
P008137	1	NAME	|M036+1(N30D)|	5(N01)	COUNTED	0.845	COUNTED	0.815	1
P008137	3	NAME	|M036+1(N30D)|	5(N01)	COUNTED	0.829	COUNTED	0.811	1
P008137	5	NAME	|M036+1(N14)|	5(N01)	COUNTED	0.837	COUNTED	0.795	1
P008138	2	NAME	|M039+1(N30D)|	5(N01)	COUNTED	0.614	COUNTED	0.613	1
P008138	4	NAME	|M039+1(N30D)|	5(N01)	COUNTED	0.608	COUNTED	0.611	1
P008139	6	IN	M136 M388 M152 M057 M260	1(N01)	COUNTED	0.806	COUNTED	0.589	1
P008142	0	IN	M038 M029 M149 M388 M387	7(N01)	COUNTED	0.874	COUNTED	0.814	1
P008142	1	NAME	M038 M387	3(N01)	COUNTED	0.817	COUNTED	0.780	1
P008142	2	NAME	M500 M145 M387	2(N01)	COUNTED	0.805	COUNTED	0.706	1
P008142	3	IN	M046 M387	2(N01)	COUNTED	0.803	COUNTED	0.750	1
P008142	4	NAME	M136 M029 M387	2(N14)	COUNTED	0.609	COUNTED	0.734	1
P008142	5	NAME	|M157+M131| M374	1(N01)	COUNTED	0.838	COUNTED	0.694	1
P008142	6	NAME	M374	2(N01)	COUNTED	0.793	COUNTED	0.721	1
P008142	7	NAME	M387	4(N01)	COUNTED	0.771	COUNTED	0.807	1
P008143	1	NAME	M207	3(N14) 1(N01)	FRACLINE	0.689	FRACLINE	0.862	1
P008144	0	IN	M102 M096	1(N01) 1(N39B)	ALLOT	0.451	PERSON	0.425	1
P008144	1	NAME	M377 M386 M240 M096	2(N39B) 1(N24)	PERSON	0.532	PERSON	0.605	1
P008144	6	NAME	M096	1(N01) 2(N39B) 1(N24)	ALLOT	0.510	PERSON	0.542	1
P008144	7	BARE	-	4(N39B)	PERSON	0.372	PERSON	0.489	1
P008144	8	BARE	-	2(N01)	PERSON	0.504	PERSON	0.489	1
P008144	10	BARE	-	1(N24)	PERSON	0.362	PERSON	0.513	1
P008145	1	NAME	M038 M391	1(N01)	COUNTED	0.911	COUNTED	0.834	1
P008146	0	IN	M288 M388 M124 M057 M240 M295 M281	1(N01)	ALLOT	0.676	ALLOT	0.824	1
P008148	0	IN	M249 M195 M388 |M297+M296| M338 M066 M206	6(N01)	COUNTED	0.849	COUNTED	0.757	1
P008148	1	NAME	M145	1(N01) 2(N39B) 1(N24)	MEASURED	0.413	COUNTED	0.496	1
P008148	2	NAME	M145	1(N01) 1(N39B) 1(N24)	MEASURED	0.381	COUNTED	0.516	1
P008148	4	NAME	M039	3(N01)	COUNTED	0.802	COUNTED	0.771	1
P008148	5	NAME	M039	1(N01) 2(N39B) 1(N24)	MEASURED	0.390	COUNTED	0.687	1
P008148	6	NAME	M004	3(N01)	COUNTED	0.750	COUNTED	0.665	1
P008148	7	BARE	-	2(N39B) 1(N24)	MEASURED	0.648	COUNTED	0.690	1
P008148	8	NAME	M323	5(N34)	COUNTED	0.447	COUNTED	0.581	1
P008149	6	BARE	-	3(N14) 2(N01)	PERSON	0.410	PERSON	0.351	1
P008150	1	BARE	-	2(N01) 2(N39B)	MEASURED	0.929	MEASURED	0.899	1
P008151	2	BARE	-	1(N14)	COUNTED	0.697	COUNTED	0.806	1
P008151	5	IN	M002 |M036+1(N24)|	4(N01)	COUNTED	0.793	COUNTED	0.797	1
P008152	0	NAME	M391	2(N01)	ALLOT	0.653	ALLOT	0.799	1
P008152	2	BARE	-	4(N14)	ALLOT	0.860	ALLOT	0.783	1
P008152	4	BARE	-	1(N24)	ALLOT	0.738	ALLOT	0.784	1
P008152	7	IN	M139 M388 M218 M318	1(N24)	ALLOT	0.727	ALLOT	0.780	1
P008152	8	NAME	M325	1(N01) 3(N39B) 1(N24) 1(N30C) 1(N30D)	ALLOT	0.655	ALLOT	0.678	1
P008152	9	BARE	-	3(N14)	ALLOT	0.835	ALLOT	0.781	1
P008153	1	BARE	-	2(N01)	MEASURED	0.620	MEASURED	0.861	1
P008154	1	NAME	M005	5(N01)	COUNTED	0.610	COUNTED	0.609	1
P008154	4	NAME	M005	1(N14)	COUNTED	0.503	COUNTED	0.579	1
P008155	1	NAME	M001	2(N45) 2(N01)	MEASURED	0.419	MEASURED	0.775	1
P008156	1	NAME	|M036+1(N30D)|	1(N14)	MEASURED	0.466	MEASURED	0.624	1
P008156	5	NAME	M269 M260	1(N01)	COUNTED	0.620	MEASURED	0.699	1
P008156	6	NAME	|M036+1(N14)|	2(N01)	COUNTED	0.575	MEASURED	0.673	1
P008157	1	NAME	|M036+1(N30D)|	1(N14)	COUNTED	0.528	COUNTED	0.555	1
P008157	3	IN	M111 M388 M347 M377 M218 |M036+1(N30D)|	2(N01)	COUNTED	0.635	COUNTED	0.436	1
P008157	5	NAME	M354	1(N14)	COUNTED	0.531	COUNTED	0.504	1
P008159	1	BARE	-	4(N01) 1(N39B)	ALLOT	0.794	ALLOT	0.821	1
P008161	0	NAME	M101	1(N01)	PERSON	0.363	ALLOT	0.299	0
P008161	1	NAME	|M296+M296| M097 M329 M101	1(N01)	PERSON	0.434	PERSON	0.381	0
P008161	2	IN	M387 M066 M101	1(N01)	PERSON	0.420	PERSON	0.344	0
P008161	3	NAME	M099 M262 M417	2(N01)	PERSON	0.362	PERSON	0.348	0
P008161	4	BARE	-	1(N01)	COUNTED	0.405	MEASURED	0.325	0
P008162	0	NAME	|M036+1(N30D)|	1(N14)	MEASURED	0.381	MEASURED	0.433	1
P008163	0	IN	M218 M066 M271	1(N01)	COUNTED	0.791	COUNTED	0.538	1
P008163	1	IN	M035 M066 M271	1(N01)	COUNTED	0.788	COUNTED	0.481	1
P008163	2	NAME	|M036+1(N30C)|	6(N01)	COUNTED	0.625	COUNTED	0.417	1
P008163	4	IN	M317 M271	1(N01)	COUNTED	0.810	COUNTED	0.438	1
P008163	5	BARE	-	1(N01)	COUNTED	0.816	COUNTED	0.455	1
P008163	6	NAME	M271	1(N01)	COUNTED	0.812	COUNTED	0.501	1
P008163	7	BARE	-	5(N01)	COUNTED	0.606	COUNTED	0.484	1
P008163	9	NAME	|M036+1(N30D)|	1(N14)	COUNTED	0.476	COUNTED	0.439	1
P008164	0	IN	M388 M332 M329 M007 M096	1(N01)	PERSON	0.778	PERSON	0.722	1
P008165	2	NAME	|M036+1(N30D)|	4(N01)	MEASURED	0.559	MEASURED	0.797	1
P008166	0	NAME	M249 |M195+M038| M145	3(N01)	COUNTED	0.437	PERSON	0.392	1
P008166	1	BARE	-	2(N39B) 1(N24)	MEASURED	0.525	COUNTED	0.452	1
P008166	2	NAME	M206	5(N34)	PERSON	0.353	COUNTED	0.425	1
P008166	4	NAME	M458	5(N34)	PERSON	0.403	PERSON	0.474	1
P008166	5	NAME	M039	3(N01)	COUNTED	0.486	COUNTED	0.399	1
P008166	6	NAME	M039	3(N01)	COUNTED	0.543	COUNTED	0.425	1
P008166	8	BARE	-	2(N01)	COUNTED	0.562	COUNTED	0.396	1
P008168	1	NAME	|M036+1(N30D)|	5(N01)	COUNTED	0.437	MEASURED	0.525	1
P008168	3	NAME	M354	5(N01)	MEASURED	0.480	MEASURED	0.695	1
P008168	5	NAME	M354	4(N01)	MEASURED	0.460	MEASURED	0.597	1
P008168	6	NAME	M103 M111 M323 M354	3(N01)	COUNTED	0.409	MEASURED	0.516	1
P008169	0	IN	M388 M048 M110 M380 M371 M302	5(N14) 4(N39B)	ALLOT	0.909	ALLOT	0.861	1
P008170	1	BARE	-	2(N01)	COUNTED	0.776	COUNTED	0.760	1
P008170	4	NAME	M291	1(N14) 9(N01)	COUNTED	0.693	COUNTED	0.760	1
P008171	2	IN	|M157+X| M388 M073 |M296+M296| M461	1(N14)	COUNTED	0.445	COUNTED	0.469	1
P008172	0	BARE	-	3(N01)	MEASURED	0.462	MEASURED	0.681	1
P008172	1	NAME	|M260+1(N24)|	1(N01)	PERSON	0.375	MEASURED	0.536	1
P008172	2	NAME	M354	4(N14) 1(N01)	MEASURED	0.399	MEASURED	0.642	1
P008172	4	NAME	M221	1(N39B)	MEASURED	0.770	MEASURED	0.538	1
P008172	6	IN	|M175+M387| M317 M221	1(N39B)	MEASURED	0.692	MEASURED	0.443	1
P008172	7	BARE	-	2(N39B)	MEASURED	0.910	MEASURED	0.737	1
P008172	10	NAME	M354	1(N01)	MEASURED	0.377	MEASURED	0.691	1
P008173	4	NAME	M136 M203	4(N01)	FRACLINE	0.677	FRACLINE	0.807	1
P008173	6	NAME	M203	4(N01)	FRACLINE	0.656	FRACLINE	0.778	1
P008174	0	IN	M292 M250 M388 |M347+M038| M057 M387 M017	2(N01)	COUNTED	0.415	ALLOT	0.308	0
P008174	1	NAME	|M036+1(N30D)|	2(N14)	PERSON	0.416	PERSON	0.346	0
P008174	2	BARE	-	5(N01)	MEASURED	0.280	ALLOT	0.344	0
P008175	0	BARE	-	1(N01)	COUNTED	0.325	MEASURED	0.305	0
P008175	1	NAME	M262	1(N14) 2(N01)	ALLOT	0.457	ALLOT	0.455	0
P008176	0	IN	M057 M230 M292	1(N14)	ALLOT	0.507	ALLOT	0.480	0
P008176	1	BARE	-	1(N14) 2(N01)	ALLOT	0.433	ALLOT	0.364	0
P008177	1	NAME	M153	1(N24)	MEASURED	0.790	MEASURED	0.667	1
P008177	2	NAME	|M157+M131|	1(N39B)	MEASURED	0.810	MEASURED	0.571	1
P008177	3	NAME	|M175+M175|	1(N39B)	MEASURED	0.849	MEASURED	0.704	1
P008178	0	BARE	-	2(N30C@b)	MEASURED	0.863	MEASURED	0.681	1
P008178	2	BARE	-	1(N30C) 1(N30D)	MEASURED	0.928	MEASURED	0.772	1
P008178	5	BARE	-	1(N01)	COUNTED	0.605	MEASURED	0.665	1
P008178	8	BARE	-	2(N01)	COUNTED	0.504	MEASURED	0.782	1
P008179	8	NAME	M219	3(N14) 4(N01) 2(N39B) 1(N24) 2(N30C)	PERSON	0.391	PERSON	0.691	1
P008182	6	IN	M111 M388 M387 M318 M221 M377 M347 M371 |M036+M035|	5(N01)	MEASURED	0.456	MEASURED	0.632	1
P008183	0	NAME	M136 M387 M261	4(N01)	MEASURED	0.550	MEASURED	0.695	1
P008183	4	BARE	-	2(N30C@b)	MEASURED	0.890	MEASURED	0.846	1
P008183	5	BARE	-	1(N14) 1(N30C)	MEASURED	0.831	MEASURED	0.793	1
P008183	6	BARE	-	0(n)	MEASURED	0.762	MEASURED	0.793	1
P008183	7	NAME	M352 M096 |M260+1(N24)|	1(N01)	MEASURED	0.392	MEASURED	0.685	1
P008183	8	NAME	|M260+1(N24)|	1(N01)	COUNTED	0.356	MEASURED	0.659	1
P008183	9	NAME	|M036+1(N30D)|	5(N01)	MEASURED	0.624	MEASURED	0.740	1
P008185	7	IN	M388 M338 M282 M096	1(N14) 1(N01)	PERSON	0.528	ALLOT	0.576	1
P008185	10	NAME	M048	1(N14) 1(N01)	PERSON	0.712	PERSON	0.596	1
P008185	15	IN	M001 M388 M254 M254	1(N01)	PERSON	0.650	PERSON	0.515	1
P008185	16	NAME	M338	1(N14) 1(N01)	PERSON	0.618	PERSON	0.452	1
P008185	20	IN	M388 M049 M096	1(N14) 1(N01)	PERSON	0.593	ALLOT	0.490	1
P008185	24	IN	M001 M388 |M347+1(N14)| M371 M291 M388 M387	1(N14) 1(N01)	PERSON	0.755	PERSON	0.705	1
P008186	3	IN	M066 M374	1(N01)	PERSON	0.587	PERSON	0.491	1
P008186	5	NAME	|M157+M288|	1(N14) 1(N01)	ALLOT	0.434	PERSON	0.401	1
P008186	8	NAME	M319	1(N01)	PERSON	0.516	ALLOT	0.622	1
P008186	10	NAME	M115 M029	1(N01)	PERSON	0.498	ALLOT	0.400	1
P008186	11	NAME	|M157+M131|	5(N01)	PERSON	0.420	PERSON	0.452	1
P008186	12	NAME	M175	2(N01)	ALLOT	0.495	ALLOT	0.642	1
P008188	1	IN	M124 M380	1(N24)	ALLOT	0.698	ALLOT	0.506	1
P008188	7	NAME	M217	2(N39B) 1(N24)	ALLOT	0.843	ALLOT	0.900	1
P008189	2	BARE	-	4(N01)	COUNTED	0.519	MEASURED	0.441	1
P008189	3	NAME	|M036+1(N24)|	8(N01)	COUNTED	0.542	COUNTED	0.417	1
P008189	4	NAME	|M036+1(N30C)|	4(N01)	COUNTED	0.481	MEASURED	0.436	1
P008189	5	BARE	-	8(N01)	COUNTED	0.506	MEASURED	0.594	1
P008189	8	BARE	-	1(N30D)	MEASURED	0.874	MEASURED	0.684	1
P008189	10	NAME	|M036+1(n)|	2(N01)	COUNTED	0.624	MEASURED	0.551	1
P008190	0	BARE	-	2(N01)	COUNTED	0.865	COUNTED	0.739	1
P008190	2	BARE	-	1(N24) 1(N30C)	MEASURED	0.621	COUNTED	0.766	1
P008190	3	BARE	-	2(N39B)	MEASURED	0.731	COUNTED	0.701	1
P008192	1	BARE	-	1(N24) 1(N30C) 1(N30D)	MEASURED	0.912	MEASURED	0.863	1
P008193	0	BARE	-	2(N39B) 1(N24)	ALLOT	0.524	COUNTED	0.486	1
P008193	3	NAME	M203	1(N01)	PERSON	0.505	PERSON	0.482	1
P008193	6	NAME	|M370+M046|	2(N01)	COUNTED	0.551	COUNTED	0.515	1
P008193	7	NAME	|M370+M072+M370|	1(N01)	COUNTED	0.475	COUNTED	0.469	1
P008193	9	NAME	M096	1(N01)	COUNTED	0.526	COUNTED	0.422	1
P008193	10	IN	M370 M203	1(N01)	COUNTED	0.467	COUNTED	0.446	1
P008193	14	BARE	-	2(N01)	COUNTED	0.519	COUNTED	0.433	1
P008194	0	BARE	-	5(N14) 2(N01) 3(N39B)	ALLOT	0.928	ALLOT	0.877	1
P008194	4	BARE	-	1(N14)	ALLOT	0.871	ALLOT	0.883	1
P008196	1	BARE	-	1(N01)	PERSON	0.876	PERSON	0.802	1
P008199	0	NAME	|M157+M080| M039	1(N14)	ALLOT	0.495	ALLOT	0.356	0
P008199	1	NAME	M131 M039	5(N01)	PERSON	0.317	ALLOT	0.480	0
P008203	0	NAME	|M175+M153| M270	2(N39B) 1(N30C)	MEASURED	0.748	COUNTED	0.538	1
P008203	2	NAME	M270	1(N01)	COUNTED	0.777	COUNTED	0.499	1
P008206	0	IN	|M351+3(N01)| M288 M009	3(N01)	PERSON	0.380	PERSON	0.349	0
P008206	1	NAME	|M260+1(N24)|	1(N01) 1(N39B)	ALLOT	0.520	ALLOT	0.340	0
P008207	1	NAME	|M305+X| M380 M270	1(N30C@g) 1(N30D)	PERSON	0.481	COUNTED	0.557	1
P008208	1	NAME	M145	1(N39B)	MEASURED	0.500	COUNTED	0.630	1
P008208	2	NAME	M206	3(N14)	COUNTED	0.623	COUNTED	0.820	1
P008208	4	NAME	M206	3(N14)	COUNTED	0.625	COUNTED	0.804	1
P008210	0	NAME	M195	2(N14)	ALLOT	0.443	ALLOT	0.347	0
P008210	1	BARE	-	1(N14) 1(N01)	COUNTED	0.314	MEASURED	0.328	0
P008210	2	NAME	M387	1(N14)	PERSON	0.433	PERSON	0.322	0
P008210	3	NAME	M122	1(N14)	PERSON	0.471	PERSON	0.437	0
P008210	4	BARE	-	3(N01)	COUNTED	0.259	MEASURED	0.363	0
P008214	1	NAME	M157 M001 M325	2(N01)	PERSON	0.463	PERSON	0.468	1
P008216	1	IN	M009 M102 M096	1(N14)	ALLOT	0.450	PERSON	0.440	1
P008216	2	IN	M377 M032 M048 M096	1(N14)	ALLOT	0.543	ALLOT	0.535	1
P008216	3	IN	M004 M102 M096	1(N14)	PERSON	0.436	PERSON	0.443	1
P008216	5	IN	M387 M099 M218 M338 M066 M388 M387 M250 M387 M128 M320 M096	1(N14)	ALLOT	0.532	ALLOT	0.613	1
P008219	0	NAME	M375	1(N14) 7(N01)	ALLOT	0.393	ALLOT	0.330	0
P008222	0	BARE	-	6(N23)	MEASURED	0.416	MEASURED	0.396	1
P008222	2	BARE	-	2(N01) 2(N39B)	MEASURED	0.639	MEASURED	0.379	1
P008222	4	BARE	-	3(N39B)	MEASURED	0.553	COUNTED	0.424	1
P008223	1	NAME	M286 M367	2(N01)	COUNTED	0.907	COUNTED	0.756	1
P008223	2	IN	M376 M367	8(N01)	COUNTED	0.822	COUNTED	0.682	1
P008223	3	NAME	M367	1(N14)	COUNTED	0.702	COUNTED	0.736	1
P008227	0	BARE	-	2(N34) 1(N45)	ALLOT	0.667	MEASURED	0.285	0
P008227	1	BARE	-	2(N39B) 1(N24) 2(N30C)	MEASURED	0.803	MEASURED	0.331	0
P008227	2	BARE	-	1(N14) 1(N45) 7(N01) 1(N24) 1(N30C) 1(N30D)	ALLOT	0.611	MEASURED	0.325	0
P008229	1	NAME	M387 M001	4(N01)	PERSON	0.557	PERSON	0.509	1
P008229	2	IN	M102 M388 M332 M004 M338	2(N01)	PERSON	0.511	PERSON	0.539	1
P008230	0	NAME	M391	1(N01)	ALLOT	0.570	ALLOT	0.808	1
P008233	1	NAME	M283	7(N01)	COUNTED	0.846	COUNTED	0.769	1
P008233	2	IN	M054 M268	5(N01)	COUNTED	0.849	COUNTED	0.719	1
P008233	3	NAME	M268	4(N01)	COUNTED	0.768	COUNTED	0.712	1
P008233	4	NAME	M269	1(N14) 1(N01)	COUNTED	0.740	COUNTED	0.712	1
P008233	5	NAME	M210 M268	2(N01)	COUNTED	0.788	COUNTED	0.664	1
P008233	6	NAME	M268	1(N01)	COUNTED	0.813	COUNTED	0.712	1
P008233	7	NAME	M268	2(N01)	COUNTED	0.809	COUNTED	0.712	1
P008233	8	NAME	M268	6(N01)	COUNTED	0.855	COUNTED	0.744	1
P008233	9	NAME	M268	6(N01)	COUNTED	0.847	COUNTED	0.737	1
P008233	10	BARE	-	3(N01)	COUNTED	0.813	COUNTED	0.736	1
P008233	11	NAME	M269	3(N14) 8(N01)	COUNTED	0.723	COUNTED	0.679	1
P008234	6	NAME	M145 M372	1(N01)	PERSON	0.399	MEASURED	0.669	1
P008234	10	NAME	M014	1(N30C@b)	MEASURED	0.763	MEASURED	0.561	1
P008234	16	IN	M124 M387 M259 M240 M263 M048 M096	1(N01)	PERSON	0.392	MEASURED	0.667	1
P008234	19	NAME	M014	1(N30C)	MEASURED	0.929	MEASURED	0.677	1
P008234	21	BARE	-	2(N30C)	MEASURED	0.949	MEASURED	0.799	1
P008234	23	NAME	M014	1(N24) 2(N30C)	MEASURED	0.878	MEASURED	0.682	1
P008235	0	BARE	-	3(N14) 5(N01)	ALLOT	0.441	ALLOT	0.405	0
P008238	0	NAME	M105	1(N34) 4(N14)	PERSON	0.476	PERSON	0.728	1
P008238	1	NAME	M385	1(N34) 4(N14)	PERSON	0.633	PERSON	0.797	1
P008238	2	NAME	M254	1(N34) 4(N14)	PERSON	0.616	PERSON	0.779	1
P008238	3	BARE	-	1(N34) 4(N14)	PERSON	0.520	PERSON	0.726	1
P008238	5	NAME	M260	1(N34) 4(N14)	PERSON	0.672	PERSON	0.817	1
P008238	6	BARE	-	1(N34) 4(N14)	PERSON	0.456	PERSON	0.603	1
P008238	7	BARE	-	1(N34) 4(N14)	PERSON	0.456	PERSON	0.603	1
P008238	8	NAME	M304	1(N34) 5(N14)	PERSON	0.592	PERSON	0.656	1
P008238	9	NAME	M365	1(N34) 4(N14)	PERSON	0.653	PERSON	0.769	1
P008238	10	NAME	M324	1(N34) 4(N14)	PERSON	0.497	PERSON	0.714	1
P008239	3	BARE	-	1(N30C)	MEASURED	0.882	COUNTED	0.493	1
P008239	9	NAME	|M036+1(N14)|	2(N30C)	MEASURED	0.740	COUNTED	0.569	1
P008239	10	IN	M124 M367	1(N30C)	MEASURED	0.820	COUNTED	0.430	1
P008239	11	NAME	M387 M180 |M036+1(N14)|	1(N24) 1(N30C@b)	MEASURED	0.633	COUNTED	0.609	1
P008240	1	NAME	M105	2(N30C)	MEASURED	0.881	MEASURED	0.724	1
P008240	2	NAME	M001	1(N30D)	MEASURED	0.864	MEASURED	0.776	1
P008240	4	NAME	M387	1(N01) 1(N39B) 1(N30D)	MEASURED	0.811	MEASURED	0.757	1
P008240	5	BARE	-	2(N01)	MEASURED	0.545	MEASURED	0.809	1
P008241	0	IN	M387 M388 M057 M029 M057 |M217+M124|	1(N01)	PERSON	0.370	COUNTED	0.303	0
P008241	1	NAME	|M217+M388|	1(N01)	PERSON	0.437	PERSON	0.366	0
P008241	2	IN	M390 M128 M096 |M217+M388|	1(N01)	PERSON	0.458	PERSON	0.452	0
P008241	3	IN	M254 M058 M058 M057 |M217+M388|	1(N01)	PERSON	0.409	PERSON	0.367	0
P008241	4	IN	M124 M386 M386 M066 |M217+M388|	1(N01)	PERSON	0.449	PERSON	0.430	0
P008241	5	IN	M124 M390 M338 M066 |M217+M388|	1(N01)	PERSON	0.494	PERSON	0.471	0
P008241	6	IN	M240 M347 M371 |M217+M388|	1(N01)	PERSON	0.520	PERSON	0.419	0
P008241	7	IN	M124 M218 M032 M096 |M217+M388|	1(N01)	PERSON	0.450	PERSON	0.377	0
P008241	8	IN	M124 M218 M219 M218 |M217+M388|	1(N01)	PERSON	0.523	PERSON	0.457	0
P008241	9	IN	M066 M352 |M096+M139| |M217+M388|	1(N01)	PERSON	0.484	PERSON	0.359	0
P008241	10	IN	M218 M372 |M217+M388|	1(N01)	PERSON	0.415	PERSON	0.368	0
P008241	11	NAME	|M217+M388|	1(N01)	PERSON	0.453	PERSON	0.395	0
P008241	12	NAME	|M217+M388|	1(N01)	PERSON	0.437	PERSON	0.312	0
P008242	2	NAME	M387 M115 M096	1(N01)	PERSON	0.872	PERSON	0.740	1
P008242	4	NAME	M240 M096	1(N01)	PERSON	0.900	PERSON	0.786	1
P008242	5	NAME	M096 M372	1(N01)	PERSON	0.708	PERSON	0.601	1
P008243	1	NAME	M387 M001	6(N14) 9(N01)	PERSON	0.703	PERSON	0.648	1
P008243	2	NAME	M207 M001 M387	1(N23) 4(N14) 7(N01)	PERSON	0.669	PERSON	0.555	1
P008243	3	NAME	M001	4(N14) 4(N01)	PERSON	0.725	PERSON	0.653	1
P008243	4	NAME	M365	5(N14)	PERSON	0.572	PERSON	0.493	1
P008244	0	IN	M054 |M377+M383+M377| M054 M388 M066 M314 M128 M096	2(N45) 5(N14)	COUNTED	0.453	COUNTED	0.771	1
P008244	1	NAME	M009 M321	1(N14) 5(N01)	COUNTED	0.660	COUNTED	0.762	1
P008245	0	NAME	|M305+M332|	1(N30C@b)	MEASURED	0.777	MEASURED	0.637	1
P008246	0	NAME	M387 |M036+1(N39C)|	2(N30C)	MEASURED	0.642	COUNTED	0.474	1
P008246	1	NAME	M261	1(N01)	COUNTED	0.518	COUNTED	0.398	1
P008246	4	NAME	M387 M248	1(N30C) 1(N30D)	MEASURED	0.597	COUNTED	0.325	1
P008250	1	NAME	M009	9(N01)	COUNTED	0.716	COUNTED	0.791	1
P008252	3	BARE	-	4(N01)	MEASURED	0.515	MEASURED	0.673	1
P008253	0	IN	M054 M009	1(N01)	PERSON	0.497	PERSON	0.392	0
P008253	1	NAME	M006	1(N01)	PERSON	0.441	PERSON	0.359	0
P008253	2	BARE	-	1(N01)	COUNTED	0.402	MEASURED	0.341	0
P008255	0	NAME	M059 M284	2(N01)	ALLOT	0.372	ALLOT	0.412	0
P008259	0	NAME	M304 M260	1(N01)	COUNTED	0.370	MEASURED	0.665	1
P008259	1	NAME	M354	1(N14)	MEASURED	0.477	MEASURED	0.599	1
P008259	2	NAME	M059 M251	1(N01)	COUNTED	0.395	MEASURED	0.574	1
P008259	3	NAME	M354	5(N01)	MEASURED	0.445	MEASURED	0.599	1
P008259	4	NAME	M260	1(N01)	COUNTED	0.389	MEASURED	0.651	1
P008259	5	NAME	M354	5(N01)	MEASURED	0.450	MEASURED	0.615	1
P008259	6	BARE	-	2(N01)	MEASURED	0.415	MEASURED	0.746	1
P008259	7	NAME	M354	4(N01)	MEASURED	0.471	MEASURED	0.603	1
P008259	8	BARE	-	1(N01)	COUNTED	0.394	MEASURED	0.738	1
P008259	9	NAME	M354	2(N01)	COUNTED	0.401	MEASURED	0.603	1
P008259	10	NAME	M387 M387 M260	1(N01)	COUNTED	0.521	MEASURED	0.622	1
P008259	11	NAME	M354	2(N01)	COUNTED	0.400	MEASURED	0.719	1
P008261	0	NAME	M385	3(N01)	ALLOT	0.451	ALLOT	0.420	0
P008264	0	NAME	M088	1(N30D)	MEASURED	0.598	ALLOT	0.250	0
P008264	1	NAME	|M136+M365| M088	1(N30D)	MEASURED	0.543	ALLOT	0.350	0
P008266	0	NAME	M039	2(N39B) 1(N24)	ALLOT	0.472	ALLOT	0.577	0
P008267	0	NAME	|M036+1(N30D)|	1(N30C)	MEASURED	0.768	PERSON	0.256	0
P008267	1	IN	M379 M354	2(N01)	PERSON	0.301	PERSON	0.287	0
P008269	0	NAME	M129	2(N14)	FRACLINE	0.574	FRACLINE	0.798	1
P008269	1	NAME	M298	3(N01)	FRACLINE	0.643	FRACLINE	0.812	1
P008271	6	NAME	M048 M096	1(N14)	PERSON	0.741	PERSON	0.791	1
P008271	8	IN	M218 M151 M096	1(N01)	PERSON	0.876	PERSON	0.779	1
P008271	11	IN	M124 M386 M240 M096	1(N01)	PERSON	0.871	PERSON	0.801	1
P008271	12	NAME	M285 M329	1(N01)	PERSON	0.877	PERSON	0.780	1
P008271	20	IN	M218 M295 M240 M096	2(N01)	PERSON	0.818	PERSON	0.797	1
P008271	21	NAME	M254 M372	2(N01)	PERSON	0.740	PERSON	0.775	1
P008271	25	IN	M131 M314 M128 M096	1(N39B)	PERSON	0.667	PERSON	0.804	1
P008271	26	BARE	-	1(N39B)	PERSON	0.521	PERSON	0.810	1
P008271	29	IN	M218 M242 M096	1(N01)	PERSON	0.894	PERSON	0.847	1
P008272	0	BARE	-	1(N01) 3(N39B)	MEASURED	0.904	MEASURED	0.827	1
P008272	2	NAME	M387 M059	1(N01)	COUNTED	0.407	MEASURED	0.767	1
P008272	3	BARE	-	1(N01)	MEASURED	0.392	MEASURED	0.776	1
P008272	4	NAME	M325	3(N39B)	MEASURED	0.851	MEASURED	0.681	1
P008273	0	BARE	-	4(N01)	MEASURED	0.304	MEASURED	0.296	0
P008273	1	NAME	M193	4(N01)	PERSON	0.329	PERSON	0.328	0
P008273	2	BARE	-	1(N14) 1(N01)	COUNTED	0.351	MEASURED	0.318	0
P008273	3	NAME	M136	1(N14)	PERSON	0.426	COUNTED	0.339	0
P008273	4	NAME	M210	1(N01)	PERSON	0.489	PERSON	0.516	0
P008273	5	BARE	-	4(N01)	MEASURED	0.331	MEASURED	0.317	0
P008273	6	NAME	M348	1(N01)	PERSON	0.406	PERSON	0.311	0
P008273	7	NAME	M325	3(N01)	PERSON	0.343	PERSON	0.426	0
P008273	8	BARE	-	3(N01)	COUNTED	0.282	MEASURED	0.368	0
P008274	0	NAME	M380 M387 M261	1(N01)	COUNTED	0.631	COUNTED	0.392	1
P008274	1	NAME	M260	2(N01) 2(N39B)	MEASURED	0.841	MEASURED	0.711	1
P008274	6	NAME	M246	2(N39B)	MEASURED	0.837	MEASURED	0.516	1
P008274	7	NAME	|M036+1(N39B)|	2(N39B) 1(N39B@b) 2(N30C)	MEASURED	0.844	MEASURED	0.633	1
P008275	2	NAME	M061	2(N30C)	MEASURED	0.645	MEASURED	0.447	1
P008275	3	NAME	M387 |M036+M343|	2(N30C@b)	MEASURED	0.574	MEASURED	0.397	1
P008275	4	NAME	|M036+M343|	2(N30C)	MEASURED	0.652	MEASURED	0.500	1
P008275	6	NAME	M328 |M036+1(N30C)|	1(N34)	ALLOT	0.733	ALLOT	0.505	1
P008275	8	NAME	|M036+1(N30D)|	1(N54)	ALLOT	0.445	ALLOT	0.499	1
P008275	10	NAME	|M036+1(N39C)|	1(N34)	ALLOT	0.731	ALLOT	0.498	1
P008275	12	BARE	-	1(N24@b)	MEASURED	0.483	ALLOT	0.471	1
P008275	13	IN	M288 M377	1(N24)	ALLOT	0.461	ALLOT	0.435	1
P008275	14	NAME	|M036+1(N39B)|	1(N01@b)	MEASURED	0.427	ALLOT	0.421	1
P008275	15	NAME	|M036+1(N24)|	2(N01@b)	MEASURED	0.431	ALLOT	0.421	1
P008275	16	NAME	|M036+1(N39B)+M343|	1(N01)	PERSON	0.312	ALLOT	0.421	1
P008275	17	NAME	|M036+1(N24)+M343|	1(N01)	PERSON	0.297	MEASURED	0.422	1
P008275	18	NAME	|M036+1(N30D)|	7(N01)	ALLOT	0.302	ALLOT	0.397	1
P008275	19	NAME	|M036+1(N30D)+M343|	2(N01)	ALLOT	0.446	ALLOT	0.421	1
P008275	20	IN	M387 M081 |M036+1(N30D)|	2(N39B) 1(N30C@b)	MEASURED	0.508	ALLOT	0.384	1
P008275	22	IN	M081 M377	1(N30C)	MEASURED	0.525	ALLOT	0.400	1
P008275	24	BARE	-	4(N39B) 1(N24) 2(N30C)	MEASURED	0.710	MEASURED	0.605	1
P008276	1	BARE	-	3(N01)	COUNTED	0.610	COUNTED	0.444	1
P008276	3	NAME	M367	1(N14) 2(N01)	COUNTED	0.469	PERSON	0.445	1
P008277	0	BARE	-	1(N01)	COUNTED	0.897	COUNTED	0.770	1
P008277	2	NAME	M205	7(N01)	COUNTED	0.906	COUNTED	0.855	1
P008277	3	NAME	M061	2(N01)	COUNTED	0.888	COUNTED	0.749	1
P008277	4	BARE	-	2(N01)	COUNTED	0.920	COUNTED	0.764	1
P008277	5	NAME	M193	1(N01)	COUNTED	0.878	COUNTED	0.814	1
P008277	6	NAME	M134	2(N01)	COUNTED	0.896	COUNTED	0.796	1
P008277	7	NAME	M286	2(N01)	COUNTED	0.903	COUNTED	0.811	1
P008277	8	NAME	|M136+M387|	4(N01)	COUNTED	0.827	COUNTED	0.782	1
P008277	9	NAME	M053	2(N01)	COUNTED	0.908	COUNTED	0.820	1
P008277	11	NAME	M059	4(N01)	COUNTED	0.852	COUNTED	0.776	1
P008277	12	NAME	M053	5(N01)	COUNTED	0.877	COUNTED	0.820	1
P008277	14	NAME	M383	2(N01)	COUNTED	0.892	COUNTED	0.816	1
P008277	15	NAME	M073	5(N01)	COUNTED	0.895	COUNTED	0.825	1
P008277	16	NAME	M053	2(N01)	COUNTED	0.884	COUNTED	0.820	1
P008277	18	NAME	|M386+M111|	3(N01)	COUNTED	0.869	COUNTED	0.809	1
P008277	19	NAME	M210	6(N01)	COUNTED	0.872	COUNTED	0.700	1
P008277	20	BARE	-	1(N01)	COUNTED	0.907	COUNTED	0.750	1
P008277	21	NAME	M053	1(N01)	COUNTED	0.871	COUNTED	0.808	1
P008277	22	BARE	-	1(N01)	COUNTED	0.907	COUNTED	0.750	1
P008277	23	BARE	-	1(N01)	COUNTED	0.883	COUNTED	0.693	1
P008278	1	BARE	-	3(N01)	COUNTED	0.752	COUNTED	0.564	1
P008278	3	BARE	-	2(N01)	COUNTED	0.791	COUNTED	0.572	1
P008279	0	IN	|M175+M136| M380 M387 M266 M261	1(N01)	COUNTED	0.685	COUNTED	0.414	1
P008279	5	NAME	M387 M261	3(N01)	COUNTED	0.711	MEASURED	0.471	1
P008279	13	NAME	M387 M261	2(N01)	COUNTED	0.750	MEASURED	0.495	1
P008279	27	NAME	|M036+M010|	1(N30C@b)	MEASURED	0.793	MEASURED	0.552	1
P008279	29	NAME	M387 M261	1(N01)	COUNTED	0.742	MEASURED	0.563	1
P008279	33	NAME	M387 M261	1(N01)	COUNTED	0.758	MEASURED	0.480	1
P008279	38	BARE	-	1(N01)	COUNTED	0.694	MEASURED	0.756	1
P008279	39	NAME	M504	1(N14)	COUNTED	0.425	MEASURED	0.521	1
P008279	40	BARE	-	1(N39B) 1(N24)	MEASURED	0.906	MEASURED	0.650	1
P008281	2	BARE	-	6(N01)	COUNTED	0.604	COUNTED	0.588	1
P008281	3	NAME	M145	1(N14) 6(N01)	COUNTED	0.505	COUNTED	0.460	1
P008281	4	NAME	M374	1(N14)	COUNTED	0.580	COUNTED	0.643	1
P008281	5	NAME	M152	1(N14) 6(N01)	COUNTED	0.615	COUNTED	0.603	1
P008281	6	NAME	|M351+1(N14)|	2(N14)	COUNTED	0.496	COUNTED	0.644	1
P008281	8	NAME	|M351+1(N14)|	1(N14) 4(N01)	COUNTED	0.594	COUNTED	0.711	1
P008281	9	NAME	M145	6(N01)	COUNTED	0.602	COUNTED	0.513	1
P008281	10	NAME	M374	6(N01)	COUNTED	0.699	COUNTED	0.675	1
P008281	11	NAME	M152	6(N01)	COUNTED	0.679	COUNTED	0.638	1
P008281	12	NAME	M007	3(N01)	COUNTED	0.626	COUNTED	0.598	1
P008282	0	IN	M124 M390	4(N01)	PERSON	0.421	PERSON	0.490	0
P008282	1	BARE	-	3(N14) 6(N01)	ALLOT	0.350	MEASURED	0.336	0
P008283	0	NAME	|M362+X|	0(n)	MEASURED	0.501	COUNTED	0.633	1
P008283	1	NAME	M009	1(N01)	COUNTED	0.768	COUNTED	0.696	1
P008283	2	NAME	M206	1(N01)	COUNTED	0.782	COUNTED	0.665	1
P008283	4	NAME	M309	1(N01)	COUNTED	0.786	COUNTED	0.644	1
P008283	5	NAME	|M362+M384|	6(N01)	COUNTED	0.619	COUNTED	0.607	1
P008283	6	NAME	M269	1(N01)	COUNTED	0.773	COUNTED	0.607	1
P008283	7	NAME	M206	1(N01)	COUNTED	0.782	COUNTED	0.665	1
P008283	9	NAME	M309	1(N01)	COUNTED	0.786	COUNTED	0.644	1
P008283	10	NAME	|M362+M059| |M001+M379|	5(N01)	COUNTED	0.576	COUNTED	0.587	1
P008283	11	NAME	M269	1(N01)	COUNTED	0.746	COUNTED	0.542	1
P008283	13	NAME	M009	1(N01)	COUNTED	0.785	COUNTED	0.671	1
P008283	14	NAME	M206	1(N01)	COUNTED	0.782	COUNTED	0.665	1
P008283	16	NAME	|M362+X|	8(N01)	COUNTED	0.648	COUNTED	0.651	1
P008283	17	NAME	M269	1(N01)	COUNTED	0.746	COUNTED	0.542	1
P008283	19	NAME	M009	1(N01)	COUNTED	0.785	COUNTED	0.671	1
P008283	20	NAME	M206	1(N01)	COUNTED	0.782	COUNTED	0.665	1
P008283	22	NAME	M309	1(N01)	COUNTED	0.779	COUNTED	0.628	1
P008283	23	NAME	M207 |M362+M041|	3(N01)	COUNTED	0.624	COUNTED	0.508	1
P008283	24	NAME	M260	1(N01)	COUNTED	0.735	COUNTED	0.447	1
P008283	26	NAME	M009	1(N01)	COUNTED	0.779	COUNTED	0.663	1
P008283	27	NAME	|M362+M099|	3(N01)	COUNTED	0.687	COUNTED	0.590	1
P008283	28	NAME	M367	6(N01)	COUNTED	0.560	COUNTED	0.459	1
P008283	29	NAME	M269	1(N01)	COUNTED	0.742	COUNTED	0.527	1
P008283	31	NAME	M009	1(N01)	COUNTED	0.779	COUNTED	0.663	1
P008283	32	NAME	M206	1(N01)	COUNTED	0.769	COUNTED	0.651	1
P008283	34	NAME	M309	1(N01)	COUNTED	0.779	COUNTED	0.628	1
P008283	35	NAME	M269	1(N01)	COUNTED	0.742	COUNTED	0.527	1
P008283	37	NAME	M009	1(N01)	COUNTED	0.779	COUNTED	0.663	1
P008283	38	NAME	M206	1(N01)	COUNTED	0.769	COUNTED	0.651	1
P008283	40	NAME	M309	1(N01)	COUNTED	0.779	COUNTED	0.628	1
P008283	41	NAME	|M362+M244|	7(N01)	COUNTED	0.601	COUNTED	0.590	1
P008283	42	NAME	M269	1(N01)	COUNTED	0.743	COUNTED	0.535	1
P008283	44	NAME	M009	1(N01)	COUNTED	0.780	COUNTED	0.663	1
P008283	45	NAME	|M362+M158|	5(N01)	COUNTED	0.570	COUNTED	0.598	1
P008283	46	NAME	M269	1(N01)	COUNTED	0.743	COUNTED	0.535	1
P008283	48	NAME	M009	1(N01)	COUNTED	0.780	COUNTED	0.663	1
P008283	49	NAME	M206	1(N01)	COUNTED	0.774	COUNTED	0.656	1
P008283	51	NAME	M309	1(N01)	COUNTED	0.780	COUNTED	0.629	1
P008283	52	NAME	|M362+M026|	2(N01)	COUNTED	0.787	COUNTED	0.598	1
P008283	53	NAME	M260	1(N01)	COUNTED	0.736	COUNTED	0.456	1
P008283	56	NAME	M309	1(N01)	COUNTED	0.780	COUNTED	0.629	1
P008283	57	NAME	|M362+M312|	3(N01)	COUNTED	0.681	COUNTED	0.598	1
P008283	58	NAME	M367	2(N01)	COUNTED	0.746	COUNTED	0.469	1
P008283	59	NAME	M269	1(N01) 1(N24) 2(N30C)	MEASURED	0.667	COUNTED	0.598	1
P008283	60	NAME	M009	1(N91)	MEASURED	0.351	COUNTED	0.690	1
P008283	61	NAME	M206	1(N01)	COUNTED	0.774	COUNTED	0.656	1
P008283	63	NAME	M309	1(N01)	COUNTED	0.786	COUNTED	0.626	1
P008283	64	NAME	|M362+M383|	4(N01)	COUNTED	0.575	COUNTED	0.588	1
P008283	65	NAME	M367	1(N01)	COUNTED	0.728	COUNTED	0.490	1
P008283	67	NAME	M309	1(N01)	COUNTED	0.786	COUNTED	0.626	1
P008283	68	NAME	|M362+M123|	4(N01)	COUNTED	0.575	COUNTED	0.588	1
P008283	69	NAME	M260	1(N01)	COUNTED	0.744	COUNTED	0.447	1
P008283	71	NAME	M009	1(N01)	COUNTED	0.786	COUNTED	0.649	1
P008283	72	NAME	M206	1(N01)	COUNTED	0.782	COUNTED	0.648	1
P008283	74	NAME	M309	1(N01)	COUNTED	0.786	COUNTED	0.626	1
P008283	75	NAME	|M362+X|	0(n)	MEASURED	0.476	COUNTED	0.588	1
P008283	76	NAME	M009	1(N01)	COUNTED	0.774	COUNTED	0.676	1
P008283	77	NAME	M206	1(N01)	COUNTED	0.782	COUNTED	0.648	1
P008283	79	NAME	M309	1(N01)	COUNTED	0.767	COUNTED	0.639	1
P008283	82	NAME	M309	1(N14) 4(N01)	COUNTED	0.545	COUNTED	0.453	1
P008284	1	NAME	M367	4(N14) 2(N01)	PERSON	0.477	PERSON	0.557	1
P008284	3	NAME	M006	3(N14) 2(N01)	COUNTED	0.438	PERSON	0.419	1
P008285	2	BARE	-	1(N24)	ALLOT	0.724	ALLOT	0.769	1
P008286	1	BARE	-	2(N01) 4(N39B)	ALLOT	0.781	ALLOT	0.810	1
P008288	0	NAME	M206	4(N14)	ALLOT	0.415	ALLOT	0.294	0
P008288	1	NAME	M206	2(N34) 1(N14)	ALLOT	0.454	COUNTED	0.322	0
P008288	2	BARE	-	1(N39B) 1(N24)	MEASURED	0.662	COUNTED	0.294	0
P008288	3	NAME	M252	4(N14) 6(N01)	COUNTED	0.374	COUNTED	0.338	0
P008288	4	NAME	M206	4(N39B)	MEASURED	0.588	COUNTED	0.316	0
P008288	5	NAME	M039	3(N01) 1(N39B)	ALLOT	0.391	COUNTED	0.284	0
P008288	6	NAME	M005 |M195+M057| M206	2(N34) 4(N14)	ALLOT	0.540	COUNTED	0.377	0
P008288	7	NAME	M206	5(N34)	ALLOT	0.438	COUNTED	0.314	0
P008288	8	BARE	-	3(N39B)	MEASURED	0.712	MEASURED	0.286	0
P008288	9	NAME	M252	1(N34) 2(N14)	ALLOT	0.497	COUNTED	0.260	0
P008289	0	NAME	M260 M387	1(N01)	PERSON	0.412	PERSON	0.301	0
P008289	1	NAME	M260 M387	1(N01)	PERSON	0.422	PERSON	0.395	0
P008289	2	NAME	M260 M387	1(N24)	MEASURED	0.471	PERSON	0.293	0
P008290	1	NAME	M261	1(N01)	COUNTED	0.803	COUNTED	0.531	1
P008290	2	NAME	M387 M328	2(N01) 4(N39B)	MEASURED	0.649	COUNTED	0.513	1
P008291	0	IN	M317 M153 M004 M263 M218 M348	3(N01)	COUNTED	0.857	COUNTED	0.884	1
P008291	2	NAME	M348	4(N01)	COUNTED	0.871	COUNTED	0.876	1
P008291	4	IN	M153 M371 M386 M388 M348	2(N01)	COUNTED	0.908	COUNTED	0.884	1
P008291	6	IN	M101 M390 M218 M348	4(N01)	COUNTED	0.842	COUNTED	0.889	1
P008291	8	NAME	M347 M329 M348	2(N01)	COUNTED	0.873	COUNTED	0.838	1
P008291	10	NAME	M348	1(N14) 5(N01)	COUNTED	0.784	COUNTED	0.895	1
P008292	2	BARE	-	1(N24)	MEASURED	0.553	COUNTED	0.651	1
P008292	5	BARE	-	2(N39B) 1(N24)	MEASURED	0.439	COUNTED	0.639	1
P008292	12	BARE	-	2(N39B) 1(N24)	MEASURED	0.507	COUNTED	0.643	1
P008293	3	NAME	|M260+M266|	1(N01)	COUNTED	0.824	COUNTED	0.678	1
P008293	7	NAME	M387 |M260+M266|	1(N01)	COUNTED	0.862	COUNTED	0.686	1
P008293	8	IN	M057 |M260+M266|	1(N01)	COUNTED	0.830	COUNTED	0.596	1
P008293	9	NAME	M417 |M260+M265|	1(N01)	COUNTED	0.784	COUNTED	0.590	1
P008293	12	BARE	-	2(N01)	COUNTED	0.801	COUNTED	0.460	1
P008293	13	IN	M081 M260	1(N01)	COUNTED	0.799	COUNTED	0.464	1
P008293	15	BARE	-	2(N30C)	MEASURED	0.929	MEASURED	0.503	1
P008293	17	BARE	-	2(N30C@b)	MEASURED	0.853	MEASURED	0.507	1
P008293	19	BARE	-	2(N30C)	MEASURED	0.926	MEASURED	0.507	1
P008294	0	NAME	|M362+M005| M207	3(N01)	COUNTED	0.858	COUNTED	0.805	1
P008294	1	NAME	M367	2(N01)	COUNTED	0.916	COUNTED	0.791	1
P008294	5	NAME	|M362+M059| M312	6(N01)	COUNTED	0.908	COUNTED	0.803	1
P008294	6	NAME	M367	4(N01)	COUNTED	0.861	COUNTED	0.791	1
P008294	9	NAME	M367	7(N01)	COUNTED	0.890	COUNTED	0.788	1
P008294	11	NAME	M006@g	3(N01)	COUNTED	0.903	COUNTED	0.865	1
P008294	12	NAME	|M362+M384|	4(N14) 7(N01)	COUNTED	0.858	COUNTED	0.862	1
P008294	13	NAME	M367	8(N01)	COUNTED	0.866	COUNTED	0.791	1
P008294	15	NAME	M006	6(N01)	COUNTED	0.916	COUNTED	0.855	1
P008294	17	NAME	M367	2(N01)	COUNTED	0.901	COUNTED	0.784	1
P008294	19	NAME	M006@g	1(N01)	COUNTED	0.912	COUNTED	0.860	1
P008294	20	NAME	|M362+M059| |M001+M379|	4(N14)	COUNTED	0.766	COUNTED	0.843	1
P008294	21	NAME	M367	9(N01)	COUNTED	0.819	COUNTED	0.783	1
P008294	23	NAME	M006	3(N01)	COUNTED	0.903	COUNTED	0.855	1
P008294	25	NAME	M367	1(N01)	COUNTED	0.890	COUNTED	0.784	1
P008294	27	NAME	M006@g	1(N01)	COUNTED	0.912	COUNTED	0.860	1
P008294	28	NAME	|M362+M383|	1(N14)	COUNTED	0.820	COUNTED	0.853	1
P008294	30	NAME	M006	2(N01)	COUNTED	0.895	COUNTED	0.852	1
P008294	32	BARE	-	1(N01)	COUNTED	0.933	COUNTED	0.871	1
P008294	33	NAME	M006@g	1(N01)	COUNTED	0.901	COUNTED	0.876	1
P008294	34	NAME	|M362+M158|	1(N14)	COUNTED	0.824	COUNTED	0.877	1
P008294	36	NAME	|M362+M026|	5(N01)	COUNTED	0.918	COUNTED	0.883	1
P008294	37	NAME	M367	2(N01)	COUNTED	0.889	COUNTED	0.820	1
P008294	40	NAME	M367	1(N01)	COUNTED	0.909	COUNTED	0.823	1
P008294	42	NAME	M006@g	1(N01)	COUNTED	0.920	COUNTED	0.874	1
P008294	44	NAME	M367	1(N01)	COUNTED	0.909	COUNTED	0.823	1
P008294	46	NAME	M367	2(N01)	COUNTED	0.899	COUNTED	0.816	1
P008294	48	NAME	M006@g	1(N01)	COUNTED	0.923	COUNTED	0.880	1
P008294	49	NAME	|M362+M244|	3(N14) 3(N01)	COUNTED	0.876	COUNTED	0.872	1
P008294	50	NAME	M367	6(N01)	COUNTED	0.905	COUNTED	0.811	1
P008294	52	NAME	M006	2(N01)	COUNTED	0.917	COUNTED	0.886	1
P008294	53	NAME	|M362+M099|	2(N14) 1(N01)	COUNTED	0.860	COUNTED	0.872	1
P008294	54	NAME	M367	3(N01)	COUNTED	0.890	COUNTED	0.811	1
P008294	57	NAME	M367	4(N01)	COUNTED	0.871	COUNTED	0.816	1
P008294	59	NAME	M006@g	7(N01)	COUNTED	0.901	COUNTED	0.860	1
P008295	0	NAME	M362+X	2(N14) 2(N01)	COUNTED	0.561	COUNTED	0.657	1
P008295	1	NAME	M269	3(N01)	COUNTED	0.683	COUNTED	0.562	1
P008295	3	NAME	M009	1(N01)	COUNTED	0.788	COUNTED	0.688	1
P008295	4	NAME	M206	1(N01)	COUNTED	0.785	COUNTED	0.686	1
P008295	6	NAME	M309	1(N01)	COUNTED	0.791	COUNTED	0.662	1
P008295	7	NAME	M362+X	1(N14) 7(N01)	COUNTED	0.570	COUNTED	0.629	1
P008295	8	NAME	M269	1(N01)	COUNTED	0.778	COUNTED	0.629	1
P008295	9	NAME	M269	1(N01)	COUNTED	0.755	COUNTED	0.562	1
P008295	11	NAME	M009	1(N01)	COUNTED	0.788	COUNTED	0.688	1
P008295	12	NAME	M206	1(N01)	COUNTED	0.785	COUNTED	0.686	1
P008295	14	NAME	M309	1(N01)	COUNTED	0.791	COUNTED	0.662	1
P008295	15	NAME	|M362+M059| |M001+M379|	5(N01)	COUNTED	0.583	COUNTED	0.598	1
P008295	16	NAME	M269	1(N01)	COUNTED	0.755	COUNTED	0.562	1
P008295	18	NAME	M009	1(N01)	COUNTED	0.788	COUNTED	0.688	1
P008295	19	NAME	M206	1(N01)	COUNTED	0.785	COUNTED	0.686	1
P008295	21	NAME	M309	1(N01)	COUNTED	0.791	COUNTED	0.662	1
P008295	22	NAME	|M362+M059|	2(N01)	COUNTED	0.811	COUNTED	0.629	1
P008295	23	NAME	M260	1(N01)	COUNTED	0.748	COUNTED	0.484	1
P008295	25	NAME	M009	1(N01)	COUNTED	0.788	COUNTED	0.688	1
P008295	26	NAME	M206	1(N01)	COUNTED	0.772	COUNTED	0.673	1
P008295	28	NAME	M309	1(N01)	COUNTED	0.783	COUNTED	0.646	1
P008295	29	NAME	|M362+M207| M005	5(N01)	COUNTED	0.598	COUNTED	0.656	1
P008295	30	NAME	M269	1(N01)	COUNTED	0.750	COUNTED	0.547	1
P008295	32	NAME	M009	1(N01)	COUNTED	0.782	COUNTED	0.680	1
P008295	33	NAME	M206	1(N01)	COUNTED	0.772	COUNTED	0.673	1
P008295	35	NAME	M309	1(N01)	COUNTED	0.783	COUNTED	0.646	1
P008295	36	NAME	|M362+M099|	3(N01)	COUNTED	0.684	COUNTED	0.612	1
P008295	37	BARE	-	1(N01)	COUNTED	0.776	COUNTED	0.530	1
P008295	38	NAME	M260	1(N01)	COUNTED	0.744	COUNTED	0.467	1
P008295	40	NAME	M009	1(N01)	COUNTED	0.782	COUNTED	0.680	1
P008295	41	NAME	M206	1(N01)	COUNTED	0.772	COUNTED	0.673	1
P008295	43	NAME	M309	1(N01)	COUNTED	0.783	COUNTED	0.646	1
P008295	44	NAME	|M362+M244|	1(N14) 1(N01)	COUNTED	0.602	COUNTED	0.612	1
P008295	45	NAME	M269	1(N01)	COUNTED	0.773	COUNTED	0.612	1
P008295	46	NAME	M260	1(N01)	COUNTED	0.748	COUNTED	0.571	1
P008295	48	NAME	M309	1(N01)	COUNTED	0.783	COUNTED	0.646	1
P008295	49	NAME	|M362+M158|	5(N01)	COUNTED	0.586	COUNTED	0.612	1
P008295	50	NAME	M260	1(N01)	COUNTED	0.744	COUNTED	0.467	1
P008295	52	NAME	M009	1(N01)	COUNTED	0.773	COUNTED	0.680	1
P008295	53	NAME	M206	1(N01)	COUNTED	0.771	COUNTED	0.677	1
P008295	55	NAME	M309	1(N01)	COUNTED	0.776	COUNTED	0.648	1
P008295	56	BARE	-	1(N01)	COUNTED	0.739	COUNTED	0.505	1
P008295	58	NAME	M009	1(N01)	COUNTED	0.773	COUNTED	0.680	1
P008295	59	NAME	M206	1(N01)	COUNTED	0.771	COUNTED	0.677	1
P008295	61	NAME	M309	1(N01)	COUNTED	0.776	COUNTED	0.648	1
P008295	62	IN	M362 M383	2(N01)	COUNTED	0.735	COUNTED	0.632	1
P008295	63	NAME	M260	1(N01)	COUNTED	0.734	COUNTED	0.476	1
P008295	65	NAME	M009	1(N01)	COUNTED	0.773	COUNTED	0.680	1
P008295	66	NAME	M206	1(N01)	COUNTED	0.771	COUNTED	0.677	1
P008295	68	NAME	M309	1(N01)	COUNTED	0.776	COUNTED	0.648	1
P008295	69	NAME	|M362+M123|	3(N01)	COUNTED	0.666	COUNTED	0.619	1
P008295	70	NAME	M260	1(N01)	COUNTED	0.734	COUNTED	0.476	1
P008295	72	NAME	M009	1(N01)	COUNTED	0.773	COUNTED	0.680	1
P008295	73	NAME	M206	1(N01)	COUNTED	0.771	COUNTED	0.677	1
P008295	75	NAME	M309	1(N01)	COUNTED	0.763	COUNTED	0.666	1
P008295	77	NAME	M009	1(N01)	COUNTED	0.757	COUNTED	0.705	1
P008295	79	NAME	M309	1(N01)	COUNTED	0.789	COUNTED	0.644	1
P008295	80	NAME	|M362+M312|	3(N01)	COUNTED	0.711	COUNTED	0.610	1
P008295	81	NAME	M269	1(N01)	COUNTED	0.759	COUNTED	0.544	1
P008295	83	NAME	M009	1(N01)	COUNTED	0.788	COUNTED	0.665	1
P008295	84	NAME	M206	1(N01)	COUNTED	0.786	COUNTED	0.669	1
P008295	86	NAME	M309	1(N01)	COUNTED	0.789	COUNTED	0.644	1
P008295	87	NAME	M009	1(N01)	COUNTED	0.776	COUNTED	0.692	1
P008295	88	NAME	M206	2(N01)	COUNTED	0.807	COUNTED	0.669	1
P008295	90	NAME	M309	1(N01)	COUNTED	0.772	COUNTED	0.659	1
P008295	93	NAME	M260	3(N01)	COUNTED	0.745	COUNTED	0.621	1
P008295	94	NAME	M260	1(N01)	COUNTED	0.793	COUNTED	0.568	1
P008295	95	NAME	M260	1(N01)	COUNTED	0.793	COUNTED	0.568	1
P008295	96	NAME	M260	8(N01)	COUNTED	0.645	COUNTED	0.499	1
P008295	98	NAME	M009	1(N14) 4(N01)	COUNTED	0.623	COUNTED	0.711	1
P008295	100	NAME	M309	1(N14) 4(N01)	COUNTED	0.594	COUNTED	0.594	1
P008296	2	BARE	-	1(N30C)	MEASURED	0.855	MEASURED	0.612	1
P008296	5	BARE	-	1(N39B)	ALLOT	0.527	ALLOT	0.345	1
P008296	11	BARE	-	2(N30C)	MEASURED	0.802	MEASURED	0.541	1
P008296	12	BARE	-	2(N30C)	MEASURED	0.748	MEASURED	0.413	1
P008296	14	BARE	-	1(N30D)	MEASURED	0.640	MEASURED	0.418	1
P008297	1	IN	M002 |M036+1(N24)|	4(N01)	COUNTED	0.548	COUNTED	0.548	1
P008297	2	NAME	|M036+1(N24)|	4(N01)	COUNTED	0.461	COUNTED	0.441	1
P008297	4	BARE	-	2(N01)	COUNTED	0.579	COUNTED	0.470	1
P008297	5	BARE	-	1(N01)	COUNTED	0.720	COUNTED	0.498	1
P008297	6	BARE	-	1(N01)	COUNTED	0.687	COUNTED	0.489	1
P008297	8	NAME	|M036+X|	1(N30D)	MEASURED	0.458	COUNTED	0.464	1
P008299	0	IN	|M304+M342| M346 M367	2(N01)	COUNTED	0.844	COUNTED	0.704	1
P008299	1	IN	M125 M136 M346 M367	2(N01)	COUNTED	0.838	COUNTED	0.672	1
P008300	0	BARE	-	2(N01)	COUNTED	0.827	COUNTED	0.723	1
P008300	1	NAME	M267	1(N14)	COUNTED	0.627	COUNTED	0.736	1
P008300	3	BARE	-	1(N01)	COUNTED	0.863	COUNTED	0.748	1
P008300	4	NAME	M278	1(N01)	COUNTED	0.779	COUNTED	0.636	1
P008302	0	NAME	M387 M056	1(N01)	PERSON	0.377	ALLOT	0.591	0
P008302	1	BARE	-	9(N01@b)	MEASURED	0.402	COUNTED	0.288	0
P008302	2	BARE	-	3(N01@b) 4(N39B@b)	MEASURED	0.370	ALLOT	0.378	0
P008303	0	BARE	-	7(N01)	PERSON	0.308	MEASURED	0.286	0
P008303	1	BARE	-	4(N01)	PERSON	0.302	MEASURED	0.305	0
P008303	2	BARE	-	3(N01)	COUNTED	0.348	MEASURED	0.305	0
P008303	3	NAME	M418	1(N14) 9(N01)	PERSON	0.349	PERSON	0.377	0
P008303	4	NAME	M418	6(N01)	COUNTED	0.355	PERSON	0.377	0
P008303	5	NAME	M418	1(N14)	PERSON	0.405	PERSON	0.377	0
P008303	6	NAME	M418	6(N01)	COUNTED	0.355	PERSON	0.377	0
P008303	7	NAME	M418	1(N14) 3(N01)	PERSON	0.437	PERSON	0.376	0
P008303	8	NAME	M418	6(N01)	COUNTED	0.398	PERSON	0.376	0
P008303	9	NAME	M418	1(N01)	PERSON	0.460	PERSON	0.376	0
P008303	10	NAME	M418	2(N01)	COUNTED	0.404	PERSON	0.376	0
P008303	11	NAME	M059 M418	8(N01)	PERSON	0.446	PERSON	0.366	0
P008303	12	NAME	M418	1(N01)	PERSON	0.460	PERSON	0.376	0
P008303	13	NAME	M418	1(N01)	PERSON	0.474	PERSON	0.379	0
P008303	14	NAME	M418	3(N01)	PERSON	0.364	PERSON	0.379	0
P008303	15	NAME	M207 M418	1(N14) 8(N01)	PERSON	0.400	PERSON	0.337	0
P008303	16	NAME	M418	4(N01)	PERSON	0.394	PERSON	0.379	0
P008303	17	BARE	-	3(N01)	COUNTED	0.357	MEASURED	0.305	0
P008303	18	NAME	M418	4(N01)	PERSON	0.394	PERSON	0.379	0
P008303	19	NAME	M210 M418	1(N01)	PERSON	0.537	PERSON	0.468	0
P008303	20	NAME	M418	1(N01)	PERSON	0.474	PERSON	0.406	0
P008303	21	NAME	M383 M418	8(N01)	PERSON	0.491	PERSON	0.460	0
P008303	22	NAME	M418	3(N01)	PERSON	0.379	PERSON	0.406	0
P008303	23	NAME	M418	2(N14) 6(N01)	PERSON	0.455	PERSON	0.355	0
P008303	24	BARE	-	2(N14) 5(N01)	PERSON	0.351	MEASURED	0.322	0
P008303	25	BARE	-	1(N23) 8(N14) 5(N01)	PERSON	0.390	MEASURED	0.360	0
P008305	1	BARE	-	1(N14)	COUNTED	0.539	COUNTED	0.538	1
P008305	2	NAME	|M260+1(N24)|	3(N14)	PERSON	0.481	COUNTED	0.476	1
P008305	5	BARE	-	2(N14)	COUNTED	0.407	COUNTED	0.529	1
P008305	8	NAME	|M260+1(N24)|	2(N14)	PERSON	0.510	COUNTED	0.508	1
P008305	10	IN	M228 M264 M261	1(N34) 2(N14)	COUNTED	0.452	COUNTED	0.559	1
P008305	12	NAME	|M351+1(N14)|	4(N01)	COUNTED	0.555	COUNTED	0.594	1
P008307	2	BARE	-	2(N30C)	MEASURED	0.736	MEASURED	0.576	1
P008307	7	BARE	-	2(N39B) 1(N24) 1(N30C) 1(N30D)	MEASURED	0.521	ALLOT	0.504	1
P008308	0	NAME	M286 |M036+1(N30D)|	1(N14)	MEASURED	0.507	MEASURED	0.647	1
P008308	1	NAME	|M036+1(N30D)|	1(N14)	MEASURED	0.582	MEASURED	0.771	1
P008309	1	BARE	-	2(N30C)	MEASURED	0.943	MEASURED	0.855	1
P008311	0	NAME	M059	7(N14) 3(N01)	COUNTED	0.785	COUNTED	0.762	1
P008313	3	BARE	-	2(N39B) 1(N24)	MEASURED	0.809	COUNTED	0.502	1
P008313	6	BARE	-	1(N24)	MEASURED	0.767	COUNTED	0.593	1
P008313	12	BARE	-	2(N30C)	MEASURED	0.940	MEASURED	0.535	1
P008314	0	IN	M263 M281	1(N01)	PERSON	0.812	PERSON	0.711	1
P008315	0	NAME	M205 M278	1(N01)	COUNTED	0.747	COUNTED	0.693	1
P008315	1	NAME	M343	1(N01)	COUNTED	0.727	COUNTED	0.673	1
P008315	3	NAME	M283	3(N01)	COUNTED	0.746	COUNTED	0.697	1
P008315	4	NAME	M421	1(N01)	COUNTED	0.707	COUNTED	0.626	1
P008315	5	NAME	M145	1(N01)	COUNTED	0.592	COUNTED	0.427	1
P008315	6	NAME	M207	1(N01)	COUNTED	0.670	COUNTED	0.529	1
P008315	7	IN	M081 M135	1(N01)	COUNTED	0.701	COUNTED	0.620	1
P008315	8	NAME	M038 M145	4(N01)	COUNTED	0.662	COUNTED	0.616	1
P008315	9	NAME	M207	2(N01)	COUNTED	0.730	COUNTED	0.529	1
P008315	10	NAME	M135	2(N01)	COUNTED	0.764	COUNTED	0.620	1
P008315	11	NAME	M458	2(N01)	COUNTED	0.735	COUNTED	0.596	1
P008315	13	NAME	M145	1(N01)	COUNTED	0.602	PERSON	0.445	1
P008315	15	NAME	M090 M145	1(N08A)	FRACLINE	0.368	COUNTED	0.590	1
P008315	16	NAME	|M157+M340| M145	1(N01)	COUNTED	0.620	COUNTED	0.543	1
P008315	18	NAME	M145	7(N01) 1(N08A)	FRACLINE	0.466	COUNTED	0.510	1
P008315	20	NAME	M207	3(N01)	COUNTED	0.713	COUNTED	0.643	1
P008315	21	IN	M081 M135	3(N01)	COUNTED	0.758	COUNTED	0.656	1
P008315	22	NAME	M343	1(N01)	COUNTED	0.684	COUNTED	0.623	1
P008316	1	NAME	M325	4(N01)	PERSON	0.807	PERSON	0.877	1
P008316	2	NAME	M105	2(N01)	PERSON	0.691	PERSON	0.818	1
P008316	3	NAME	M080 M105	2(N01)	PERSON	0.740	PERSON	0.853	1
P008316	4	BARE	-	1(N01)	PERSON	0.666	PERSON	0.615	1
P008317	2	BARE	-	3(N01)	FRACLINE	0.551	FRACLINE	0.605	1
P008317	4	NAME	M203 |M136+M365| M203	2(N14)	FRACLINE	0.575	FRACLINE	0.675	1
P008317	7	NAME	M321	1(N01)	FRACLINE	0.441	FRACLINE	0.629	1
P008317	8	NAME	|M305+M009| M175 M321	1(N01)	COUNTED	0.477	FRACLINE	0.559	1
P008317	9	NAME	M321	3(N01)	FRACLINE	0.469	FRACLINE	0.584	1
P008317	10	NAME	M321	1(N01)	COUNTED	0.422	FRACLINE	0.584	1
P008317	11	NAME	M005	1(N01)	FRACLINE	0.525	FRACLINE	0.652	1
P008317	14	NAME	M203	1(N14)	FRACLINE	0.560	FRACLINE	0.581	1
P008317	15	BARE	-	2(N01)	FRACLINE	0.455	FRACLINE	0.666	1
P008317	16	BARE	-	1(N01)	FRACLINE	0.562	FRACLINE	0.699	1
P008317	19	NAME	M321	8(N01)	FRACLINE	0.442	FRACLINE	0.525	1
P008317	20	BARE	-	2(N14)	FRACLINE	0.566	FRACLINE	0.627	1
P008318	0	NAME	M262	1(N01)	PERSON	0.835	PERSON	0.764	1
P008318	3	NAME	M314 M338	1(N01)	PERSON	0.927	PERSON	0.842	1
P008318	8	NAME	M367	1(N14)	PERSON	0.886	PERSON	0.885	1
P008318	11	BARE	-	1(N01)	PERSON	0.905	PERSON	0.778	1
P008318	16	IN	M388 M387 M032 M032 M096	1(N01)	PERSON	0.899	PERSON	0.741	1
P008318	28	BARE	-	4(N14) 7(N01)	PERSON	0.684	PERSON	0.588	1
P008319	1	BARE	-	2(N30C)	ALLOT	0.379	PERSON	0.430	1
P008319	4	BARE	-	2(N30C)	ALLOT	0.385	ALLOT	0.406	1
P008319	6	BARE	-	2(N01) 1(N24)	ALLOT	0.766	ALLOT	0.581	1
P008320	0	NAME	M136 M249 |M351+3(N01)| M139 M145	2(N39B) 1(N24)	MEASURED	0.549	COUNTED	0.724	1
P008320	1	NAME	M145	1(N24)	MEASURED	0.456	COUNTED	0.566	1
P008320	2	NAME	M206	1(N34)	COUNTED	0.653	COUNTED	0.781	1
P008320	3	NAME	M206	1(N34)	COUNTED	0.653	COUNTED	0.781	1
P008320	4	NAME	M252	3(N14)	COUNTED	0.597	COUNTED	0.780	1
P008320	5	NAME	M069	1(N30D)	MEASURED	0.424	COUNTED	0.747	1
P008320	6	NAME	|M218+M320|	1(N34)	COUNTED	0.636	COUNTED	0.751	1
P008320	7	NAME	M059 M145	1(N39B) 2(N30C)	MEASURED	0.564	COUNTED	0.681	1
P008320	8	NAME	M069	1(N30C)	MEASURED	0.603	COUNTED	0.747	1
P008320	9	NAME	M387 M145	1(N39B)	MEASURED	0.463	COUNTED	0.716	1
P008320	10	NAME	M252	2(N14)	COUNTED	0.624	COUNTED	0.774	1
P008320	11	BARE	-	1(N39B)	MEASURED	0.665	COUNTED	0.785	1
P008320	12	NAME	M145	1(N39B) 1(N24)	MEASURED	0.489	COUNTED	0.559	1
P008320	13	NAME	|M218+M320|	1(N34)	COUNTED	0.644	COUNTED	0.752	1
P008320	14	NAME	M069	1(N30D)	MEASURED	0.425	COUNTED	0.747	1
P008320	15	NAME	M009 M145	2(N39B) 1(N24)	MEASURED	0.405	COUNTED	0.647	1
P008320	16	BARE	-	1(N34)	COUNTED	0.635	COUNTED	0.777	1
P008320	17	NAME	M069	1(N30D)	MEASURED	0.414	COUNTED	0.745	1
P008321	0	BARE	-	1(N30C@b)	MEASURED	0.828	MEASURED	0.649	1
P008321	1	NAME	|M036+1(N30C)|	2(N30C)	MEASURED	0.808	MEASURED	0.595	1
P008321	2	NAME	|M036+1(N30C)|	2(N30C)	MEASURED	0.808	MEASURED	0.595	1
P008321	3	NAME	M291	2(N30C)	MEASURED	0.681	MEASURED	0.389	1
P008321	5	NAME	|M036+1(N30D)|	1(N39B)	MEASURED	0.714	MEASURED	0.593	1
P008321	7	NAME	M387 M316	1(N30C)	MEASURED	0.743	MEASURED	0.490	1
P008321	10	IN	M387 M081 |M036+1(N30C)|	1(N24)	MEASURED	0.769	MEASURED	0.682	1
P008322	1	NAME	M328	2(N14) 4(N01)	COUNTED	0.586	COUNTED	0.634	1
P008322	2	BARE	-	3(N01)	COUNTED	0.748	COUNTED	0.650	1
P008322	3	IN	M252 M054 M059	1(N14) 2(N01)	COUNTED	0.631	COUNTED	0.580	1
P008322	4	NAME	M136	1(N14) 2(N01)	COUNTED	0.671	COUNTED	0.659	1
P008322	6	NAME	M101	1(N14) 4(N01)	COUNTED	0.586	COUNTED	0.665	1
P008322	7	NAME	M418	7(N01)	COUNTED	0.697	COUNTED	0.627	1
P008322	8	NAME	|M157+M367|	1(N14) 6(N01)	COUNTED	0.566	COUNTED	0.627	1
P008322	9	NAME	M342 M006	1(N01)	COUNTED	0.628	COUNTED	0.624	1
P008322	10	NAME	M158	8(N01)	COUNTED	0.691	COUNTED	0.710	1
P008322	11	NAME	M105	1(N01)	COUNTED	0.632	COUNTED	0.600	1
P008322	12	NAME	M387 M367	9(N01)	COUNTED	0.626	COUNTED	0.599	1
P008322	13	IN	M054 M006	6(N01)	COUNTED	0.716	COUNTED	0.634	1
P008322	14	NAME	M001 M367	6(N01)	COUNTED	0.609	COUNTED	0.447	1
P008322	15	NAME	M136	4(N01)	COUNTED	0.684	COUNTED	0.707	1
P008322	16	NAME	M367 M193	2(N01)	COUNTED	0.725	COUNTED	0.642	1
P008322	17	NAME	M134	3(N01)	COUNTED	0.720	COUNTED	0.640	1
P008322	18	NAME	M325	2(N01)	COUNTED	0.723	COUNTED	0.585	1
P008322	19	NAME	M059	7(N01)	COUNTED	0.698	COUNTED	0.562	1
P008322	20	NAME	M105	1(N01)	COUNTED	0.632	COUNTED	0.600	1
P008322	21	NAME	M151 M059	3(N01)	COUNTED	0.693	COUNTED	0.522	1
P008322	22	NAME	M367 M105	1(N01)	COUNTED	0.615	COUNTED	0.583	1
P008322	23	NAME	M348	1(N01)	COUNTED	0.691	COUNTED	0.686	1
P008322	24	NAME	M304 M006	3(N01)	COUNTED	0.726	COUNTED	0.633	1
P008322	25	NAME	M328 M059	2(N14) 1(N01)	COUNTED	0.575	COUNTED	0.552	1
P008322	26	NAME	M136	2(N14) 2(N01)	COUNTED	0.574	COUNTED	0.705	1
P008322	28	NAME	M193	1(N01)	COUNTED	0.706	COUNTED	0.692	1
P008322	29	NAME	M325 M378	1(N01)	COUNTED	0.633	COUNTED	0.585	1
P008322	30	NAME	M210	1(N14) 4(N01)	COUNTED	0.543	COUNTED	0.524	1
P008322	31	NAME	M105	1(N01)	COUNTED	0.636	COUNTED	0.594	1
P008322	34	NAME	M105	1(N01)	COUNTED	0.680	COUNTED	0.572	1
P008322	36	NAME	M105	2(N01)	COUNTED	0.722	COUNTED	0.616	1
P008322	37	NAME	M365	3(N01)	COUNTED	0.723	COUNTED	0.603	1
P008322	39	NAME	M383	8(N01)	COUNTED	0.636	COUNTED	0.631	1
P008322	40	NAME	M368	6(N01)	COUNTED	0.710	COUNTED	0.627	1
P008322	42	NAME	M105	1(N01)	COUNTED	0.670	COUNTED	0.616	1
P008322	43	NAME	M074 M316	1(N01)	COUNTED	0.561	COUNTED	0.460	1
P008323	0	IN	M387 M266 M261	3(N01)	COUNTED	0.841	COUNTED	0.849	1
P008323	2	NAME	M387 M260	1(N01)	COUNTED	0.914	COUNTED	0.830	1
P008323	4	IN	|M175+M136| M266 M261	2(N01)	COUNTED	0.870	COUNTED	0.807	1
P008323	5	NAME	M261	1(N01)	COUNTED	0.836	COUNTED	0.683	1
P008324	1	BARE	-	5(N14) 1(N01)	ALLOT	0.847	ALLOT	0.862	1
P008326	0	BARE	-	4(N01) 2(N39A) 1(N24)	MEASURED	0.398	MEASURED	0.295	0
P008326	1	BARE	-	1(N14) 4(N01)	COUNTED	0.314	MEASURED	0.348	0
P008326	2	BARE	-	1(N24) 1(N39B)	MEASURED	0.621	MEASURED	0.339	0
P008327	1	BARE	-	3(N01)	ALLOT	0.732	ALLOT	0.788	1
P008327	2	NAME	|M291+X|	2(N14)	ALLOT	0.885	ALLOT	0.811	1
P008330	0	NAME	M144 M041 |M264+1(N24)|	1(N01)	COUNTED	0.858	COUNTED	0.747	1
P008330	1	BARE	-	2(N01)	COUNTED	0.869	COUNTED	0.795	1
P008330	2	NAME	|M260+1(N24)|	3(N01)	COUNTED	0.794	COUNTED	0.762	1
P008330	4	NAME	|M327+M342| |M264+1(N24)|	1(N01)	COUNTED	0.864	COUNTED	0.811	1
P008330	5	NAME	|M264+1(N24)|	1(N01)	COUNTED	0.808	COUNTED	0.683	1
P008331	1	NAME	M387 M261	1(N01)	COUNTED	0.508	MEASURED	0.360	1
P008331	3	NAME	M387 M261	1(N01)	COUNTED	0.507	MEASURED	0.527	1
P008331	5	BARE	-	1(N01)	MEASURED	0.389	MEASURED	0.786	1
P008331	8	BARE	-	2(N30C)	MEASURED	0.939	MEASURED	0.775	1
P008331	10	BARE	-	1(N30C)	MEASURED	0.950	MEASURED	0.773	1
P008333	0	NAME	M261	1(N14) 3(N01)	ALLOT	0.525	ALLOT	0.503	0
P008335	0	NAME	M053	7(N14) 3(N01)	ALLOT	0.613	ALLOT	0.394	0
P008337	0	NAME	M001 M139	2(N01)	COUNTED	0.843	COUNTED	0.711	1
P008338	2	BARE	-	2(N01)	COUNTED	0.553	COUNTED	0.451	1
P008338	5	IN	M145 M066 M314	1(N14) 1(N01)	PERSON	0.540	PERSON	0.523	1
P008340	0	NAME	M386	2(N01) 1(N24) 2(N30C)	MEASURED	0.415	PERSON	0.306	0
P008340	1	IN	M288 M387	1(N39B)	MEASURED	0.562	PERSON	0.322	0
P008340	2	NAME	M122	1(N39B)	MEASURED	0.548	PERSON	0.330	0
P008341	0	BARE	-	1(N30C) 1(N30D) 1(N39C) 3(N14)	MEASURED	0.486	MEASURED	0.289	0
P008341	1	BARE	-	4(N39B) 1(N24) 1(N30C) 1(N30D) 1(N39C)	MEASURED	0.759	MEASURED	0.341	0
P008341	2	BARE	-	2(N01)	COUNTED	0.305	MEASURED	0.336	0
P008343	0	BARE	-	2(N01)	COUNTED	0.395	PERSON	0.408	1
P008343	1	NAME	M175	1(N14) 4(N01)	PERSON	0.546	PERSON	0.466	1
P008343	4	BARE	-	2(N01)	PERSON	0.474	PERSON	0.528	1
P008343	5	NAME	M136 M041	3(N01)	PERSON	0.557	PERSON	0.592	1
P008343	6	BARE	-	2(N01)	PERSON	0.482	PERSON	0.568	1
P008344	0	BARE	-	3(N01)	COUNTED	0.824	COUNTED	0.758	1
P008344	1	NAME	M005	5(N01)	COUNTED	0.907	COUNTED	0.824	1
P008344	3	BARE	-	5(N01)	COUNTED	0.874	COUNTED	0.764	1
P008344	4	BARE	-	5(N01)	COUNTED	0.891	COUNTED	0.796	1
P008344	5	NAME	M005	1(N14)	COUNTED	0.637	COUNTED	0.771	1
P008345	1	BARE	-	2(N01)	COUNTED	0.794	COUNTED	0.478	1
P008345	6	BARE	-	1(N01)	COUNTED	0.760	MEASURED	0.581	1
P008346	3	NAME	M367	3(N01)	COUNTED	0.432	COUNTED	0.389	1
P008346	4	IN	M218 M242 M096	3(N14)	ALLOT	0.301	COUNTED	0.408	1
P008346	5	NAME	M367	9(N01)	COUNTED	0.346	COUNTED	0.329	1
P008346	10	NAME	M367	1(N14) 2(N01)	COUNTED	0.371	COUNTED	0.352	1
P008347	0	BARE	-	4(N39B)	MEASURED	0.738	MEASURED	0.288	0
P008347	1	BARE	-	1(N39B@c) 1(N39B)	MEASURED	0.556	MEASURED	0.303	0
P008347	2	NAME	M327	1(N39B@c)	MEASURED	0.382	PERSON	0.366	0
P008347	3	NAME	M354	1(N14)	PERSON	0.398	PERSON	0.423	0
P008347	4	NAME	M136	1(N39B@c) 2(N39B)	MEASURED	0.390	PERSON	0.349	0
P008347	5	NAME	M354	1(N14)	PERSON	0.459	PERSON	0.420	0
P008347	6	BARE	-	1(N39B@c)	MEASURED	0.510	MEASURED	0.322	0
P008347	7	NAME	M354	1(N14)	PERSON	0.450	PERSON	0.424	0
P008347	8	NAME	M386	1(N39B@c) 1(N39B)	PERSON	0.391	PERSON	0.437	0
P008347	9	BARE	-	1(N39B)	MEASURED	0.677	MEASURED	0.302	0
P008347	10	NAME	|M195+M057|	1(N01@c) 3(N39B@c)	PERSON	0.382	PERSON	0.380	0
P008347	11	NAME	M001	1(N01) 3(N39B)	MEASURED	0.425	PERSON	0.431	0
P008347	12	NAME	M354	3(N14)	PERSON	0.350	PERSON	0.313	0
P008348	1	BARE	-	2(N30C)	MEASURED	0.810	MEASURED	0.646	1
P008348	3	BARE	-	1(N01)	MEASURED	0.419	MEASURED	0.805	1
P008348	7	BARE	-	1(N01)	COUNTED	0.459	MEASURED	0.751	1
P008348	8	NAME	M309	3(N14)	MEASURED	0.438	MEASURED	0.653	1
P008349	0	NAME	M125 M359 M367	4(N01)	COUNTED	0.641	COUNTED	0.543	1
P008349	1	NAME	M269	1(N08A)	MEASURED	0.432	COUNTED	0.542	1
P008349	3	NAME	M009	1(N01)	COUNTED	0.832	COUNTED	0.678	1
P008349	4	NAME	M292	1(N01)	COUNTED	0.813	COUNTED	0.646	1
P008349	6	NAME	M246	1(N01)	COUNTED	0.830	COUNTED	0.682	1
P008349	7	IN	M209 M388 M080 M367	4(N01)	COUNTED	0.595	COUNTED	0.504	1
P008349	8	NAME	M269	1(N08)	MEASURED	0.416	COUNTED	0.526	1
P008349	10	NAME	M009	1(N01)	COUNTED	0.831	COUNTED	0.672	1
P008349	11	NAME	M292	1(N01)	COUNTED	0.812	COUNTED	0.637	1
P008349	13	NAME	M246	1(N01)	COUNTED	0.830	COUNTED	0.679	1
P008349	14	BARE	-	1(N01)	COUNTED	0.840	COUNTED	0.565	1
P008349	15	NAME	M009	2(N01)	COUNTED	0.839	COUNTED	0.730	1
P008349	16	NAME	M292	2(N01)	COUNTED	0.822	COUNTED	0.674	1
P008349	18	NAME	M246	2(N01)	COUNTED	0.777	COUNTED	0.630	1
P008350	0	BARE	-	1(N30C)	MEASURED	0.924	MEASURED	0.654	1
P008350	1	NAME	M312	2(N14)	MEASURED	0.424	MEASURED	0.628	1
P008350	2	NAME	|M036+1(N30D)|	1(N14)	MEASURED	0.528	MEASURED	0.668	1
P008350	4	BARE	-	2(N30C)	MEASURED	0.914	MEASURED	0.785	1
P008350	7	BARE	-	1(N30C)	MEASURED	0.896	MEASURED	0.618	1
P008350	8	NAME	M312	2(N14)	MEASURED	0.481	MEASURED	0.699	1
P008350	10	NAME	|M036+1(N39C)|	1(N24) 1(N30C@b)	MEASURED	0.834	MEASURED	0.739	1
P008350	12	BARE	-	1(N30C)	MEASURED	0.939	MEASURED	0.781	1
P008352	0	BARE	-	3(N01)	MEASURED	0.477	MEASURED	0.829	1
P008352	2	BARE	-	6(N01)	MEASURED	0.533	MEASURED	0.820	1
P008352	3	NAME	M064	5(N01)	MEASURED	0.400	MEASURED	0.629	1
P008352	4	BARE	-	2(N01)	COUNTED	0.402	MEASURED	0.782	1
P008352	5	NAME	M145	5(N01)	MEASURED	0.436	MEASURED	0.658	1
P008354	0	NAME	M312	1(N01) 1(N39B)	MEASURED	0.588	MEASURED	0.447	1
P008354	2	IN	M263 M048 M096	1(N01)	PERSON	0.420	MEASURED	0.460	1
P008354	4	BARE	-	1(N39B) 1(N24)	MEASURED	0.856	MEASURED	0.736	1
P008354	6	BARE	-	2(N30C)	MEASURED	0.871	MEASURED	0.691	1
P008354	7	BARE	-	2(N39B)	MEASURED	0.827	MEASURED	0.656	1
P008355	8	BARE	-	3(N39B) 1(N24) 2(N30C)	ALLOT	0.683	ALLOT	0.808	1
P008356	0	BARE	-	1(N14) 1(N01)	ALLOT	0.395	ALLOT	0.483	0
P008359	0	BARE	-	5(N01)	COUNTED	0.868	COUNTED	0.728	1
P008359	1	NAME	M367	7(N01)	COUNTED	0.829	COUNTED	0.630	1
P008359	2	BARE	-	2(N01)	COUNTED	0.838	COUNTED	0.707	1
P008359	3	NAME	M367	1(N14) 6(N01)	COUNTED	0.632	COUNTED	0.643	1
P008359	5	NAME	M006	1(N01)	COUNTED	0.845	COUNTED	0.774	1
P008359	6	BARE	-	4(N14)	COUNTED	0.637	COUNTED	0.736	1
P008359	7	NAME	M269	2(N01)	COUNTED	0.798	COUNTED	0.679	1
P008360	0	BARE	-	2(N14) 1(N01)	ALLOT	0.452	ALLOT	0.410	0
P008361	1	BARE	-	2(N14)	ALLOT	0.921	ALLOT	0.806	1
P008365	1	NAME	M262 M262 M096	1(N14)	MEASURED	0.559	MEASURED	0.852	1
P008366	0	NAME	M219	1(N01)	PERSON	0.860	PERSON	0.840	1
P008366	2	BARE	-	1(N01)	PERSON	0.769	PERSON	0.648	1
P008368	0	BARE	-	2(N39B)	MEASURED	0.690	MEASURED	0.340	0
P008368	1	BARE	-	5(N01)	MEASURED	0.299	ALLOT	0.419	0
P008369	0	NAME	M217 M387 |M260+1(N24)|	1(N01)	ALLOT	0.572	ALLOT	0.814	1
P008369	1	NAME	M033 M033 |M260+1(N24)|	2(N01)	ALLOT	0.634	ALLOT	0.761	1
P008369	3	NAME	M387 M248 |M036+1(N39C)|	1(N39B) 1(N24)	ALLOT	0.691	ALLOT	0.742	1
P008369	4	IN	M266 M248	1(N30C) 1(N30D) 1(N30C@b)	MEASURED	0.428	ALLOT	0.613	1
P008370	1	NAME	M269	3(N01)	COUNTED	0.765	COUNTED	0.753	1
P008371	0	BARE	-	3(N14)	PERSON	0.472	PERSON	0.612	1
P008371	1	BARE	-	1(N14)	PERSON	0.625	PERSON	0.717	1
P008371	3	BARE	-	2(N14)	PERSON	0.677	PERSON	0.788	1
P008371	4	BARE	-	2(N01)	PERSON	0.481	PERSON	0.582	1
P008371	5	BARE	-	2(N01)	PERSON	0.454	PERSON	0.551	1
P008373	1	BARE	-	1(N01)	ALLOT	0.654	ALLOT	0.834	1
P008375	0	NAME	M304	2(N14)	PERSON	0.590	PERSON	0.624	1
P008375	1	NAME	M304	1(N14)	PERSON	0.770	PERSON	0.791	1
P008375	3	NAME	M304	6(N01)	PERSON	0.755	PERSON	0.730	1
P008377	1	BARE	-	2(N14) 4(N01)	ALLOT	0.870	ALLOT	0.830	1
P008378	0	BARE	-	1(N01)	COUNTED	0.549	COUNTED	0.495	1
P008378	1	BARE	-	2(N01)	COUNTED	0.647	COUNTED	0.479	1
P008378	3	BARE	-	1(N01)	COUNTED	0.553	COUNTED	0.497	1
P008380	0	IN	M362 M059	4(N14) 8(N01)	MEASURED	0.421	MEASURED	0.734	1
P008380	1	NAME	M269	1(N01)	PERSON	0.328	MEASURED	0.723	1
P008380	3	NAME	M009	1(N01)	COUNTED	0.380	MEASURED	0.474	1
P008380	4	NAME	M309	1(N01)	PERSON	0.359	MEASURED	0.683	1
P008382	0	NAME	M375	1(N01) 2(N8A)	COUNTED	0.365	COUNTED	0.769	1
P008382	2	NAME	M210	4(N8A)	PERSON	0.357	COUNTED	0.688	1
P008383	2	NAME	M420	1(N01)	COUNTED	0.295	ALLOT	0.527	1
P008383	3	NAME	M009	1(N01)	PERSON	0.397	PERSON	0.356	1
P008383	6	NAME	M009	1(N01)	PERSON	0.385	PERSON	0.336	1
P008383	8	BARE	-	2(N01)	ALLOT	0.436	ALLOT	0.430	1
P008383	9	NAME	M321	1(N01)	PERSON	0.280	ALLOT	0.431	1
P008383	10	BARE	-	6(N01)	ALLOT	0.364	ALLOT	0.576	1
P008383	12	NAME	M420	1(N01)	COUNTED	0.319	ALLOT	0.486	1
P008383	13	BARE	-	3(N01)	ALLOT	0.468	ALLOT	0.535	1
P008384	1	NAME	M006	1(N01)	COUNTED	0.904	COUNTED	0.828	1
P008384	3	NAME	M387	5(N01)	COUNTED	0.878	COUNTED	0.835	1
P008385	1	NAME	|M260+X|	2(N01)	MEASURED	0.460	MEASURED	0.784	1
P008387	1	BARE	-	2(N30C)	MEASURED	0.932	MEASURED	0.644	1
P008387	6	BARE	-	1(N30C)	MEASURED	0.956	MEASURED	0.784	1
P008388	0	NAME	M375	5(N01)	PERSON	0.234	MEASURED	0.212	0
P008388	1	NAME	M210	1(N01)	PERSON	0.452	PERSON	0.406	0
P008389	1	NAME	M367	8(N01)	COUNTED	0.789	COUNTED	0.726	1
P008389	3	NAME	M006	6(N01)	COUNTED	0.863	COUNTED	0.810	1
P008389	5	NAME	M367	2(N01)	COUNTED	0.848	COUNTED	0.720	1
P008389	7	NAME	M006@g	1(N01)	COUNTED	0.868	COUNTED	0.777	1
P008390	3	BARE	-	3(N01)	PERSON	0.347	PERSON	0.337	1
P008391	1	BARE	-	1(N14) 5(N01)	COUNTED	0.628	COUNTED	0.649	1
P008391	6	BARE	-	8(N01)	COUNTED	0.733	COUNTED	0.652	1
P008392	0	BARE	-	1(N01)	PERSON	0.817	PERSON	0.726	1
P008394	0	NAME	M309	5(N14)	COUNTED	0.592	COUNTED	0.818	1
P008395	0	NAME	M387	2(N01) 1(N24)	PERSON	0.562	PERSON	0.777	1
P008396	0	BARE	-	1(N14) 2(N01)	COUNTED	0.312	MEASURED	0.291	0
P008396	1	NAME	M038	5(N01)	COUNTED	0.398	COUNTED	0.299	0
P008396	2	BARE	-	4(N01)	MEASURED	0.304	MEASURED	0.348	0
P008396	3	NAME	M038	1(N01)	COUNTED	0.423	COUNTED	0.289	0
P008396	4	NAME	M387	5(N01)	PERSON	0.375	PERSON	0.303	0
P008397	0	BARE	-	3(N01) 2(N39B)	ALLOT	0.533	MEASURED	0.348	0
P008397	1	BARE	-	1(N01) 1(N24) 1(N30C@b) 1(N30C)	MEASURED	0.604	ALLOT	0.422	0
P008399	0	BARE	-	1(N01)	PERSON	0.345	MEASURED	0.285	0
P008399	1	BARE	-	8(N01)	COUNTED	0.274	ALLOT	0.369	0
P008402	0	NAME	M038 M261	1(N01)	COUNTED	0.381	ALLOT	0.331	0
P008402	1	BARE	-	1(N01)	COUNTED	0.430	MEASURED	0.371	0
P008402	2	NAME	|M036+1(N30D)|	1(N14)	ALLOT	0.369	ALLOT	0.342	0
P008403	2	NAME	M248	3(N39B)	MEASURED	0.804	MEASURED	0.760	1
P008403	4	IN	M131 M263 M049 M223	3(N39B)	MEASURED	0.761	MEASURED	0.591	1
P008403	10	BARE	-	3(N39B)	MEASURED	0.800	MEASURED	0.682	1
P008403	14	BARE	-	1(N14) 6(N01)	MEASURED	0.341	MEASURED	0.556	1
P008403	16	BARE	-	2(N14)	MEASURED	0.521	MEASURED	0.669	1
P008403	17	BARE	-	3(N39B)	MEASURED	0.828	MEASURED	0.655	1
P008404	0	NAME	M375	2(N14) 7(N01)	COUNTED	0.316	COUNTED	0.234	0
P008404	1	NAME	M365	3(N01)	PERSON	0.278	ALLOT	0.313	0
P008405	1	NAME	M380	2(N30C)	MEASURED	0.881	MEASURED	0.589	1
P008405	2	BARE	-	2(N30C) 1(N30D)	MEASURED	0.894	MEASURED	0.813	1
P008405	3	BARE	-	1(N30C@b)	MEASURED	0.874	MEASURED	0.823	1
P008405	6	BARE	-	1(N01) 3(N39B) 2(N30C)	MEASURED	0.911	MEASURED	0.878	1
P008406	0	BARE	-	1(N01)	COUNTED	0.871	COUNTED	0.739	1
P008407	0	NAME	M319	1(N24)	MEASURED	0.576	ALLOT	0.340	0
P008407	1	BARE	-	1(N24)	MEASURED	0.606	MEASURED	0.335	0
P008408	0	BARE	-	1(N01)	COUNTED	0.476	PERSON	0.419	1
P008408	2	NAME	M242	1(N01)	PERSON	0.629	PERSON	0.616	1
P008408	4	BARE	-	1(N01)	PERSON	0.592	PERSON	0.545	1
P008412	0	BARE	-	3(N45) 3(N14)	ALLOT	0.689	ALLOT	0.447	0
P008413	0	NAME	M260	5(N01)	PERSON	0.275	MEASURED	0.281	0
P008413	1	BARE	-	3(N39B)	MEASURED	0.710	MEASURED	0.344	0
P008414	0	BARE	-	1(N08A)	FRACLINE	0.470	ALLOT	0.436	0
P008415	1	NAME	M096	1(N39B)	MEASURED	0.906	MEASURED	0.765	1
P008416	1	BARE	-	1(N39B)	MEASURED	0.962	MEASURED	0.894	1
P008416	5	BARE	-	1(N01)	MEASURED	0.507	MEASURED	0.899	1
P008417	3	BARE	-	1(N39B@c)	MEASURED	0.505	MEASURED	0.345	1
P008417	5	NAME	M504	1(N34)	ALLOT	0.618	MEASURED	0.361	1
P008418	2	NAME	M309	1(N01)	COUNTED	0.708	MEASURED	0.508	1
P008419	4	BARE	-	1(N30C)	MEASURED	0.790	MEASURED	0.535	1
P008420	0	NAME	M009	1(N01)	PERSON	0.464	PERSON	0.388	0
P008420	1	NAME	M009	1(N01)	PERSON	0.486	PERSON	0.492	0
P008420	2	NAME	M309	4(N01)	PERSON	0.345	PERSON	0.335	0
P008420	3	NAME	|M348+M288|	1(N01)	PERSON	0.428	PERSON	0.353	0
P008420	4	NAME	M110	1(N01)	PERSON	0.416	PERSON	0.360	0
P008420	5	NAME	M309	1(N01)	PERSON	0.441	PERSON	0.337	0
P008420	6	NAME	M009	9(N01)	PERSON	0.400	PERSON	0.431	0
P008420	7	NAME	M009	1(N01)	PERSON	0.474	PERSON	0.431	0
P008420	8	NAME	M309	1(N14) 1(N01)	PERSON	0.376	PERSON	0.318	0
P008420	9	BARE	-	2(N01)	COUNTED	0.346	MEASURED	0.388	0
P008421	0	BARE	-	2(N14) 9(N01)	COUNTED	0.369	MEASURED	0.295	0
P008421	1	BARE	-	8(N01)	COUNTED	0.363	MEASURED	0.348	0
P008421	2	NAME	M006	3(N01)	PERSON	0.356	PERSON	0.364	0
P008421	3	BARE	-	4(N01)	PERSON	0.284	MEASURED	0.365	0
P008423	0	BARE	-	1(N01)	PERSON	0.375	MEASURED	0.550	1
P008423	2	BARE	-	2(N01)	PERSON	0.347	MEASURED	0.441	1
P008426	0	IN	M387 M124 M081 |M036+1(N39C)|	1(N24) 1(N30C@b)	MEASURED	0.774	MEASURED	0.708	1
P008426	2	NAME	M062	1(N30D)	MEASURED	0.878	MEASURED	0.776	1
P008427	1	BARE	-	2(N14)	ALLOT	0.916	ALLOT	0.783	1
P008428	0	BARE	-	2(N01)	PERSON	0.477	PERSON	0.573	1
P008428	1	NAME	M115 M281 M377 M223	1(N01)	PERSON	0.908	PERSON	0.829	1
P008429	0	NAME	M097	1(N01)	PERSON	0.798	PERSON	0.803	1
P008429	3	BARE	-	2(N01)	PERSON	0.673	PERSON	0.645	1
P008429	4	IN	M124 M073 M223 M295	2(N01)	PERSON	0.681	PERSON	0.735	1
P008429	5	BARE	-	1(N01)	PERSON	0.795	PERSON	0.645	1
P008429	13	BARE	-	2(N14) 8(N01)	PERSON	0.683	PERSON	0.592	1
P008429	16	NAME	M073	2(N01)	PERSON	0.756	PERSON	0.686	1
P008430	1	BARE	-	2(N39B)	MEASURED	0.906	MEASURED	0.843	1
P008430	2	BARE	-	2(N39B)	MEASURED	0.901	MEASURED	0.794	1
P008430	3	BARE	-	2(N39B) 1(N24)	MEASURED	0.849	MEASURED	0.802	1
P008430	4	BARE	-	3(N39B)	MEASURED	0.912	MEASURED	0.816	1
P008430	6	BARE	-	1(N39B) 1(N24) 1(N30D)	MEASURED	0.906	MEASURED	0.851	1
P008430	7	NAME	M387 M099 M099	1(N01)	COUNTED	0.511	MEASURED	0.724	1
P008430	9	BARE	-	1(N01) 4(N39B)	MEASURED	0.885	MEASURED	0.887	1
P008431	2	BARE	-	1(N39B)	MEASURED	0.703	MEASURED	0.490	1
P008431	7	BARE	-	1(N30C)	MEASURED	0.570	ALLOT	0.332	1
P008431	13	BARE	-	1(N30C)	MEASURED	0.836	MEASURED	0.554	1
P008431	15	BARE	-	2(N39B)	MEASURED	0.613	MEASURED	0.466	1
P008431	16	BARE	-	5(N01) 4(N39B) 1(N24)	MEASURED	0.502	MEASURED	0.541	1
P008432	4	IN	M388 M332	1(N01)	PERSON	0.612	PERSON	0.636	1
P008432	11	BARE	-	1(N01)	PERSON	0.554	PERSON	0.478	1
P008432	13	BARE	-	1(N01)	PERSON	0.467	COUNTED	0.441	1
P008432	14	BARE	-	1(N01)	COUNTED	0.489	COUNTED	0.470	1
P008432	15	BARE	-	2(N01)	COUNTED	0.571	COUNTED	0.475	1
P008432	20	NAME	|M370+M388+M370|	1(N01)	COUNTED	0.496	COUNTED	0.430	1
P008433	0	IN	M297 M066 M348	3(N01)	PERSON	0.314	ALLOT	0.304	0
P008433	1	BARE	-	2(N01)	MEASURED	0.268	ALLOT	0.376	0
P008434	0	NAME	M304	2(N01)	PERSON	0.307	MEASURED	0.278	0
P008434	1	BARE	-	1(N01)	COUNTED	0.416	MEASURED	0.339	0
P008434	2	NAME	|M036+1(N30D)|	5(N01)	PERSON	0.308	MEASURED	0.291	0
P008435	1	NAME	|M036+1(N30D)|	2(N01)	PERSON	0.780	PERSON	0.849	1
P008435	2	BARE	-	6(N01)	PERSON	0.564	PERSON	0.634	1
P008435	3	NAME	|M036+1(N30D)|	6(N01)	PERSON	0.766	PERSON	0.793	1
P008435	4	BARE	-	1(N01)	PERSON	0.653	PERSON	0.596	1
P008435	5	IN	M371 |M036+1(N30D)|	5(N01)	PERSON	0.728	PERSON	0.725	1
P008436	0	BARE	-	5(N01)	COUNTED	0.865	COUNTED	0.730	1
P008436	1	NAME	M321	2(N01)	COUNTED	0.837	COUNTED	0.740	1
P008437	0	BARE	-	4(N14)	ALLOT	0.915	ALLOT	0.869	1
P008437	2	IN	M356 M036 M312	1(N14) 2(N01)	ALLOT	0.864	ALLOT	0.829	1
P008438	0	BARE	-	3(N01)	ALLOT	0.693	ALLOT	0.769	1
P008438	1	NAME	M254 M372	1(N14)	ALLOT	0.740	ALLOT	0.764	1
P008438	4	IN	M253 M301 |M296+M296|	3(N01)	ALLOT	0.743	ALLOT	0.692	1
P008438	8	IN	M124 M218 M259 M371 M223	1(N01)	ALLOT	0.621	ALLOT	0.754	1
P008439	0	BARE	-	3(N01)	COUNTED	0.807	COUNTED	0.748	1
P008439	1	NAME	M006	6(N01)	COUNTED	0.861	COUNTED	0.765	1
P008439	2	BARE	-	2(N14) 3(N01)	COUNTED	0.723	COUNTED	0.760	1
P008439	4	NAME	M365	1(N14)	COUNTED	0.716	COUNTED	0.748	1
P008439	6	BARE	-	5(N01)	COUNTED	0.849	COUNTED	0.757	1
P008439	7	NAME	|M351+M342|	1(N14) 8(N01)	COUNTED	0.677	COUNTED	0.731	1
P008439	9	BARE	-	7(N01)	COUNTED	0.837	COUNTED	0.753	1
P008439	12	NAME	M009	7(N01)	COUNTED	0.804	COUNTED	0.755	1
P008439	13	NAME	M269	3(N01)	COUNTED	0.819	COUNTED	0.746	1
P008439	14	BARE	-	7(N34)	COUNTED	0.681	COUNTED	0.763	1
P008439	15	BARE	-	1(N01)	COUNTED	0.785	COUNTED	0.754	1
P008439	16	NAME	M351 M367	6(N14) 1(N01)	COUNTED	0.755	COUNTED	0.710	1
P008439	18	BARE	-	1(N14) 1(N01)	COUNTED	0.819	COUNTED	0.743	1
P008440	0	BARE	-	2(N01)	COUNTED	0.867	COUNTED	0.769	1
P008440	2	BARE	-	5(N01)	COUNTED	0.875	COUNTED	0.761	1
P008440	3	NAME	M246	7(N01)	COUNTED	0.851	COUNTED	0.737	1
P008440	4	NAME	M244	5(N01)	COUNTED	0.861	COUNTED	0.724	1
P008440	5	BARE	-	2(N01)	COUNTED	0.822	COUNTED	0.666	1
P008441	0	BARE	-	2(N39B)	MEASURED	0.830	COUNTED	0.561	1
P008441	1	BARE	-	1(N24) 1(N30C)	MEASURED	0.835	COUNTED	0.577	1
P008441	3	NAME	M175 M136	1(N39B)	MEASURED	0.626	COUNTED	0.757	1
P008441	6	NAME	|M036+1(N30D)|	1(N39B) 1(N30C)	MEASURED	0.850	MEASURED	0.427	1
P008442	0	IN	M081 |M036+1(N30C)|	2(N01) 1(N30D@b)	MEASURED	0.480	MEASURED	0.401	1
P008442	1	BARE	-	1(N24) 1(N30D)	MEASURED	0.697	PERSON	0.372	1
P008442	3	NAME	M304	1(N30C) 1(N30D@b)	MEASURED	0.587	MEASURED	0.398	1
P008443	0	NAME	M153	8(N14) 1(N01)	ALLOT	0.374	PERSON	0.344	0
P008443	1	NAME	M136	8(N14) 1(N01)	ALLOT	0.310	PERSON	0.327	0
P008443	2	NAME	M059	8(N14)	ALLOT	0.505	MEASURED	0.356	0
P008444	2	NAME	M096	2(N01) 1(N24)	PERSON	0.476	PERSON	0.740	1
P008444	10	IN	M288 M242 M097	1(N01)	PERSON	0.857	PERSON	0.783	1
P008445	0	BARE	-	1(N01)	COUNTED	0.606	COUNTED	0.530	1
P008445	1	BARE	-	1(N14) 9(N01)	COUNTED	0.590	COUNTED	0.522	1
P008445	2	NAME	M305	2(N01)	COUNTED	0.612	COUNTED	0.469	1
P008445	3	BARE	-	3(N01)	COUNTED	0.632	COUNTED	0.506	1
P008445	8	BARE	-	4(N01)	COUNTED	0.594	COUNTED	0.570	1
P008445	10	BARE	-	1(N14) 4(N01)	COUNTED	0.530	COUNTED	0.445	1
P008446	0	BARE	-	3(N01)	PERSON	0.569	PERSON	0.639	1
P008446	1	NAME	M146 M101	5(N01)	PERSON	0.794	PERSON	0.867	1
P008446	2	IN	M228 M329 M101	3(N01)	PERSON	0.719	PERSON	0.790	1
P008446	3	NAME	M259 M219 M101	3(N01)	PERSON	0.760	PERSON	0.863	1
P008446	4	BARE	-	1(N23) 5(N14)	PERSON	0.656	PERSON	0.650	1
P008446	5	IN	M146 M371 M367	1(N23) 5(N14)	PERSON	0.794	PERSON	0.875	1
P008446	6	IN	M301 M218 M329	1(N01)	PERSON	0.792	PERSON	0.736	1
P008446	7	BARE	-	1(N23)	PERSON	0.673	PERSON	0.655	1
P008446	8	IN	M390 M218 M367	1(N23) 5(N14)	PERSON	0.805	PERSON	0.911	1
P008446	10	IN	M097 M218 M367	1(N23) 3(N14)	PERSON	0.842	PERSON	0.920	1
P008446	11	NAME	M367	1(N14)	PERSON	0.803	PERSON	0.826	1
P008446	12	IN	M057 |M218+X| M367	1(N23) 5(N14)	PERSON	0.746	PERSON	0.785	1
P008447	0	BARE	-	2(N39B)	ALLOT	0.551	ALLOT	0.653	1
P008447	3	NAME	M096	1(N39B)	ALLOT	0.718	ALLOT	0.782	1
P008448	1	NAME	M369	3(N14)	PERSON	0.410	PERSON	0.453	1
P008448	3	NAME	M004	4(N01)	PERSON	0.499	PERSON	0.597	1
P008448	6	NAME	M387 M387 M417	2(N01)	COUNTED	0.566	COUNTED	0.466	1
P008448	7	NAME	M369	1(N14) 5(N01)	COUNTED	0.406	COUNTED	0.415	1
P008448	8	IN	M057 M240 M057 M367	1(N14) 5(N01)	PERSON	0.454	PERSON	0.519	1
P008448	9	IN	M004 M390 M066 M369	1(N14) 4(N01)	PERSON	0.420	PERSON	0.488	1
P008448	11	BARE	-	6(N01)	COUNTED	0.582	COUNTED	0.477	1
P008448	12	NAME	M004	4(N01)	COUNTED	0.455	PERSON	0.507	1
P008448	14	BARE	-	1(N01)	COUNTED	0.599	COUNTED	0.477	1
P008448	15	NAME	M417	2(N01)	COUNTED	0.587	COUNTED	0.435	1
P008448	16	IN	M346 M369	7(N14) 6(N01)	COUNTED	0.353	COUNTED	0.395	1
P008450	1	BARE	-	1(N01) 1(N39B) 1(N24)	MEASURED	0.552	MEASURED	0.457	1
P008451	0	BARE	-	1(N01)	COUNTED	0.905	COUNTED	0.781	1
P008451	2	NAME	M252	6(N01)	COUNTED	0.894	COUNTED	0.849	1
P008451	3	BARE	-	8(N01)	COUNTED	0.841	COUNTED	0.782	1
P008452	0	IN	M066 M352 M226 M207	2(N48)	ALLOT	0.772	ALLOT	0.642	0
P008453	2	NAME	M260	1(N01)	COUNTED	0.921	COUNTED	0.770	1
P008453	3	NAME	|M036+1(N14)|	5(N01)	COUNTED	0.881	COUNTED	0.786	1
P008453	4	BARE	-	5(N01)	COUNTED	0.843	COUNTED	0.700	1
P008454	3	BARE	-	1(N01)	COUNTED	0.471	COUNTED	0.325	1
P008454	4	NAME	M009 M073	3(N01)	PERSON	0.383	PERSON	0.440	1
P008455	2	BARE	-	1(N01)	PERSON	0.888	PERSON	0.789	1
P008455	4	NAME	M372	1(N01)	PERSON	0.835	PERSON	0.680	1
P008456	3	BARE	-	1(N30C)	MEASURED	0.942	MEASURED	0.806	1
P008456	5	NAME	M001	1(N30C)	MEASURED	0.896	MEASURED	0.697	1
P008457	0	NAME	M217	1(N01)	MEASURED	0.335	MEASURED	0.574	1
P008457	1	NAME	M387 |M036+1(N30D)|	1(N14)	MEASURED	0.438	MEASURED	0.664	1
P008457	2	NAME	M361 M361 M080 |M036+1(N30D)|	1(N14)	MEASURED	0.528	MEASURED	0.722	1
P008458	0	NAME	M292	3(N01)	ALLOT	0.356	ALLOT	0.453	0
P008458	1	NAME	M009	2(N01)	PERSON	0.317	PERSON	0.405	0
P008460	0	BARE	-	1(N51)	MEASURED	0.302	MEASURED	0.295	0
P008460	1	NAME	M278	2(N01)	COUNTED	0.375	PERSON	0.347	0
P008460	2	BARE	-	1(N34)	ALLOT	0.334	MEASURED	0.351	0
P008460	3	NAME	M278	1(N01)	PERSON	0.438	PERSON	0.349	0
P008460	4	BARE	-	1(N34)	ALLOT	0.364	MEASURED	0.331	0
P008460	5	NAME	M278	1(N01)	PERSON	0.420	PERSON	0.303	0
P008461	0	BARE	-	1(N01)	COUNTED	0.346	MEASURED	0.295	0
P008461	1	IN	M318 M259 M218 |M036+1(N30D)|	2(N30C)	MEASURED	0.698	PERSON	0.391	0
P008461	2	NAME	|M036+1(N30D)|	2(N30C)	MEASURED	0.724	PERSON	0.330	0
P008461	3	NAME	M387 |M036+1(N30D)|	2(N30C)	MEASURED	0.702	MEASURED	0.291	0
P008463	0	NAME	M206	1(N01)	COUNTED	0.895	COUNTED	0.812	1
P008463	2	BARE	-	1(N34) 5(N01)	COUNTED	0.724	COUNTED	0.742	1
P008464	0	NAME	M038 M374	4(N01)	COUNTED	0.297	ALLOT	0.324	0
P008464	1	NAME	M424	1(N14) 1(N01)	ALLOT	0.313	ALLOT	0.394	0
P008465	0	NAME	M367	6(N01)	PERSON	0.301	MEASURED	0.334	0
P008465	1	NAME	M006	4(N01)	PERSON	0.364	PERSON	0.363	0
P008465	2	NAME	M006@g	1(N14) 4(N01)	PERSON	0.384	PERSON	0.360	0
P008465	3	BARE	-	3(N01)	COUNTED	0.379	MEASURED	0.332	0
P008465	4	BARE	-	4(N14)	PERSON	0.326	MEASURED	0.332	0
P008465	5	BARE	-	1(N01)	COUNTED	0.438	MEASURED	0.387	0
P008466	0	BARE	-	2(N01)	ALLOT	0.329	ALLOT	0.411	0
P008467	0	NAME	|M106+M288|	1(N01)	PERSON	0.452	PERSON	0.403	0
P008467	1	BARE	-	2(N01) 1(N30C)	MEASURED	0.482	ALLOT	0.388	0
P008468	0	BARE	-	1(N01)	PERSON	0.790	PERSON	0.728	1
P008469	0	BARE	-	1(N30C)	MEASURED	0.928	MEASURED	0.822	1
P008469	1	BARE	-	2(N30C)	MEASURED	0.943	MEASURED	0.842	1
P008470	1	NAME	M390	4(N01)	PERSON	0.834	PERSON	0.920	1
P008470	2	BARE	-	1(N01)	PERSON	0.638	PERSON	0.638	1
P008470	3	NAME	|M036+1(N30D)|	5(N01)	PERSON	0.708	PERSON	0.758	1
P008471	0	BARE	-	2(N34)	ALLOT	0.541	MEASURED	0.294	0
P008471	1	NAME	M038	1(N48)	ALLOT	0.307	COUNTED	0.301	0
P008471	2	NAME	M059	2(N48)	PERSON	0.334	PERSON	0.371	0
P008471	3	NAME	M381	1(N34)	PERSON	0.317	COUNTED	0.352	0
P008471	4	NAME	M210	1(N48) 6(N34)	PERSON	0.443	PERSON	0.527	0
P008471	5	BARE	-	1(N48) 4(N34)	ALLOT	0.416	MEASURED	0.310	0
P008471	6	BARE	-	1(N34)	ALLOT	0.348	MEASURED	0.310	0
P008471	7	NAME	M304	4(N34)	PERSON	0.316	PERSON	0.290	0
P008471	8	NAME	M383	4(N34)	ALLOT	0.431	PERSON	0.342	0
P008473	0	BARE	-	3(N14) 4(N01)	COUNTED	0.795	COUNTED	0.771	1
P008473	1	NAME	M367	2(N14) 3(N01)	COUNTED	0.695	COUNTED	0.698	1
P008473	2	BARE	-	5(N14) 8(N01)	COUNTED	0.799	COUNTED	0.756	1
P008473	4	BARE	-	1(N14) 4(N01)	COUNTED	0.688	COUNTED	0.741	1
P008473	6	BARE	-	6(N14)	COUNTED	0.708	COUNTED	0.743	1
P008474	2	NAME	M006	7(N14) 5(N01)	COUNTED	0.757	COUNTED	0.841	1
P008476	0	BARE	-	1(N14)	MEASURED	0.479	MEASURED	0.551	1
P008476	2	IN	M388 M242	1(N14)	PERSON	0.516	PERSON	0.467	1
P008476	3	BARE	-	2(N39B)	MEASURED	0.714	MEASURED	0.482	1
P008476	4	BARE	-	1(N01)	PERSON	0.579	PERSON	0.389	1
P008476	6	BARE	-	2(N01) 1(N39B) 2(N30C)	MEASURED	0.560	MEASURED	0.399	1
P008476	7	NAME	M146 M305 M387	4(N14) 2(N01) 1(N39B) 2(N30C) 1(N30D)	MEASURED	0.476	PERSON	0.487	1
P008476	9	NAME	M210	3(N14) 3(N39B)	MEASURED	0.488	PERSON	0.552	1
P008476	10	BARE	-	1(N01) 3(N39B)	MEASURED	0.629	MEASURED	0.489	1
P008476	11	BARE	-	2(N01) 1(N39B) 1(N24) 1(N30D)	MEASURED	0.640	MEASURED	0.489	1
P008476	12	NAME	M305	2(N39B) 1(N24)	PERSON	0.446	PERSON	0.597	1
P008476	13	BARE	-	2(N01) 2(N39B)	MEASURED	0.639	MEASURED	0.483	1
P008476	14	BARE	-	2(N01) 2(N39B) 1(N24)	MEASURED	0.481	PERSON	0.423	1
P008477	0	IN	M066 M096	3(N01)	PERSON	0.429	PERSON	0.494	1
P008477	1	BARE	-	2(N01)	PERSON	0.458	PERSON	0.456	1
P008477	3	NAME	|M296+M296| M096	2(N01)	PERSON	0.601	PERSON	0.621	1
P008477	6	NAME	M240 M096	3(N01)	PERSON	0.683	PERSON	0.611	1
P008477	7	BARE	-	3(N01)	PERSON	0.471	PERSON	0.434	1
P008477	8	BARE	-	2(N39B) 1(N24)	MEASURED	0.420	PERSON	0.547	1
P008477	10	BARE	-	9(N14) 1(N39B) 1(N24)	ALLOT	0.527	PERSON	0.465	1
P008479	0	IN	M001 M259 M218 M278	1(N01)	PERSON	0.842	PERSON	0.804	1
P008479	3	IN	|M296+M296| M263 M096	1(N01)	PERSON	0.912	PERSON	0.812	1
P008480	0	BARE	-	3(N23) 8(N14) 5(N01)	MEASURED	0.526	MEASURED	0.832	1
P008481	0	BARE	-	7(N23) 1(N14) 4(N01)	PERSON	0.334	ALLOT	0.424	0
P008482	1	NAME	M367	2(N01)	COUNTED	0.888	COUNTED	0.714	1
P008482	3	NAME	M367	4(N01)	COUNTED	0.810	COUNTED	0.721	1
P008482	4	NAME	M006	1(N01)	COUNTED	0.859	COUNTED	0.715	1
P008483	0	NAME	M006	3(N01)	COUNTED	0.806	COUNTED	0.825	1
P008483	2	BARE	-	2(N01)	COUNTED	0.894	COUNTED	0.810	1
P008483	3	NAME	M006	2(N01)	COUNTED	0.865	COUNTED	0.801	1
P008483	6	NAME	M101	1(N01)	COUNTED	0.895	COUNTED	0.833	1
P008484	0	BARE	-	2(N39B)	MEASURED	0.513	ALLOT	0.552	1
P008484	2	NAME	M098	2(N39B)	ALLOT	0.540	ALLOT	0.488	1
P008484	4	NAME	M096	1(N24)	ALLOT	0.711	ALLOT	0.743	1
P008486	0	NAME	M136 M354	2(N14) 1(N14@b)	MEASURED	0.448	MEASURED	0.407	1
P008486	1	NAME	M111 M354	1(N14) 1(N39B)	MEASURED	0.554	MEASURED	0.431	1
P008486	2	NAME	M111 M354	1(N14) 1(N39B)	MEASURED	0.554	MEASURED	0.431	1
P008486	3	IN	M054 M340	5(N01)	PERSON	0.615	PERSON	0.647	1
P008486	4	BARE	-	3(N01)	MEASURED	0.328	MEASURED	0.598	1
P008486	5	NAME	M354	5(N01)	PERSON	0.536	PERSON	0.454	1
P008486	7	BARE	-	2(N01)	PERSON	0.382	MEASURED	0.481	1
P008486	8	NAME	M354	2(N01)	PERSON	0.455	PERSON	0.416	1
P008486	9	BARE	-	1(N01)	PERSON	0.421	MEASURED	0.584	1
P008486	10	NAME	M354	1(N14)	PERSON	0.478	MEASURED	0.428	1
P008486	11	NAME	|M304+M041| M354	1(N14) 1(N39B)	MEASURED	0.534	MEASURED	0.422	1
P008486	12	NAME	M247	5(N01@b)	MEASURED	0.610	MEASURED	0.603	1
P008487	0	BARE	-	1(N39B) 1(N30D)	MEASURED	0.753	MEASURED	0.298	0
P008487	1	NAME	M352	2(N39B)	MEASURED	0.552	ALLOT	0.342	0
P008490	0	NAME	|M370+M072|	1(N01)	PERSON	0.499	PERSON	0.400	1
P008490	2	IN	M124 M097 M387 M004	1(N01)	PERSON	0.539	PERSON	0.655	1
P008490	9	IN	M124 M004	2(N39B) 1(N24)	ALLOT	0.533	PERSON	0.591	1
P008490	16	BARE	-	3(N01)	COUNTED	0.359	MEASURED	0.298	1
P008490	20	BARE	-	1(N39B)	ALLOT	0.588	ALLOT	0.365	1
P008490	23	NAME	|M370+M072|	1(N01)	PERSON	0.562	PERSON	0.498	1
P008490	27	BARE	-	1(N14) 1(N01)	COUNTED	0.374	COUNTED	0.334	1
P008490	28	BARE	-	1(N01)	COUNTED	0.397	COUNTED	0.312	1
P008490	29	NAME	M251	1(N01)	PERSON	0.551	PERSON	0.541	1
P008490	33	BARE	-	2(N39B)	ALLOT	0.663	ALLOT	0.366	1
P008490	40	IN	M370 M317 M318	1(N01)	PERSON	0.671	PERSON	0.675	1
P008490	48	BARE	-	1(N01)	COUNTED	0.393	PERSON	0.336	1
P008490	54	BARE	-	1(N39B)	ALLOT	0.600	ALLOT	0.366	1
P008490	57	BARE	-	1(N01)	COUNTED	0.445	PERSON	0.308	1
P008490	59	NAME	|M370+M046+M370|	1(N01)	PERSON	0.419	PERSON	0.383	1
P008490	60	NAME	|M370+M072|	2(N01)	COUNTED	0.383	PERSON	0.409	1
P008490	65	BARE	-	1(N01)	COUNTED	0.388	COUNTED	0.323	1
P008490	66	BARE	-	2(N39B) 1(N24)	ALLOT	0.766	PERSON	0.326	1
P008490	72	BARE	-	2(N39B) 1(N24)	ALLOT	0.809	PERSON	0.334	1
P008490	78	IN	M388 M115 |M296+M296| M329	1(N01)	COUNTED	0.399	ALLOT	0.326	1
P008490	81	BARE	-	3(N14) 4(N01) 3(N39B)	ALLOT	0.830	ALLOT	0.374	1
P008490	84	IN	M431 M124 M102 M004	1(N01)	PERSON	0.559	PERSON	0.582	1
P008490	89	NAME	|M370+M373+M370|	1(N01)	PERSON	0.461	PERSON	0.418	1
P008490	90	BARE	-	2(N14)	PERSON	0.364	PERSON	0.382	1
P008490	93	IN	M370 |M370+M072|	1(N01)	PERSON	0.547	PERSON	0.535	1
P008490	98	IN	M124 M109 M086	1(N01)	PERSON	0.530	PERSON	0.580	1
P008490	102	BARE	-	1(N01)	PERSON	0.475	PERSON	0.455	1
P008490	106	BARE	-	2(N01)	COUNTED	0.424	COUNTED	0.349	1
P008490	107	BARE	-	6(N01)	COUNTED	0.451	COUNTED	0.317	1
P008490	114	BARE	-	2(N14) 1(N01) 3(N39B)	ALLOT	0.795	PERSON	0.399	1
P008491	0	BARE	-	1(N39B) 1(N30C) 1(N30D)	MEASURED	0.770	ALLOT	0.405	0
P008494	1	NAME	M206	1(N45) 1(N14)	FRACLINE	0.449	FRACLINE	0.806	1
P008494	2	BARE	-	2(N34) 2(N14)	FRACLINE	0.639	FRACLINE	0.824	1
P008494	3	BARE	-	1(N34)	FRACLINE	0.654	FRACLINE	0.804	1
P008495	2	IN	M125 M124 M259 M229	1(N01)	PERSON	0.937	PERSON	0.881	1
P008495	5	IN	M218 M242	1(N01)	PERSON	0.892	PERSON	0.820	1
P008496	0	NAME	M096 M281	1(N01)	MEASURED	0.380	MEASURED	0.655	1
P008496	2	BARE	-	1(N39B)	MEASURED	0.950	MEASURED	0.846	1
P008498	0	BARE	-	1(N14) 1(N39B)	MEASURED	0.809	MEASURED	0.836	1
P008499	0	BARE	-	4(N01)	COUNTED	0.815	COUNTED	0.797	1
P008499	1	BARE	-	4(N01)	COUNTED	0.801	COUNTED	0.786	1
P008499	3	NAME	M006	1(N01)	COUNTED	0.910	COUNTED	0.820	1
P008501	1	BARE	-	2(N30C) 1(N30C@b)	MEASURED	0.663	COUNTED	0.619	1
P008501	3	BARE	-	1(N30C) 1(N30C@b)	MEASURED	0.769	COUNTED	0.585	1
P008501	5	BARE	-	1(N01)	COUNTED	0.845	COUNTED	0.604	1
P008501	7	BARE	-	1(N30C)	MEASURED	0.736	COUNTED	0.652	1
P008501	9	BARE	-	1(N01)	COUNTED	0.812	COUNTED	0.583	1
P008502	0	BARE	-	3(N01)	FRACLINE	0.744	FRACLINE	0.875	1
P008503	0	BARE	-	2(N14)	ALLOT	0.390	MEASURED	0.292	0
P008503	1	BARE	-	1(N01)	PERSON	0.394	MEASURED	0.323	0
P008503	2	BARE	-	1(N01)	PERSON	0.394	MEASURED	0.343	0
P008503	3	BARE	-	1(N01)	PERSON	0.413	MEASURED	0.323	0
P008503	4	BARE	-	1(N01)	COUNTED	0.386	MEASURED	0.363	0
P008504	0	BARE	-	1(N01)	PERSON	0.377	MEASURED	0.292	0
P008504	1	NAME	|M175+M131|	6(N01)	PERSON	0.395	PERSON	0.437	0
P008504	2	BARE	-	1(N14) 5(N01)	ALLOT	0.329	MEASURED	0.333	0
P008508	0	BARE	-	2(N14)	ALLOT	0.430	MEASURED	0.348	0
P008508	1	NAME	M038	1(N14)	ALLOT	0.471	ALLOT	0.434	0
P008510	0	NAME	M206	1(N14) 5(N01)	ALLOT	0.773	ALLOT	0.822	1
P008511	0	IN	M057 |M305+X|	2(N39B@b)	MEASURED	0.407	MEASURED	0.314	0
P008512	0	NAME	|M305+M038| M063 |M039+1(N30D)|	1(N34) 6(N01)	ALLOT	0.466	ALLOT	0.483	0
P008516	3	BARE	-	2(N01)	COUNTED	0.853	COUNTED	0.756	1
P008517	0	BARE	-	1(N01) 2(N39B)	ALLOT	0.548	ALLOT	0.483	0
P008518	0	BARE	-	7(N01)	COUNTED	0.831	COUNTED	0.719	1
P008518	1	BARE	-	3(N01)	COUNTED	0.801	COUNTED	0.709	1
P008518	2	NAME	M205	1(N14)	COUNTED	0.637	COUNTED	0.748	1
P008518	3	BARE	-	4(N01)	COUNTED	0.733	COUNTED	0.713	1
P008518	5	BARE	-	2(N01)	COUNTED	0.813	COUNTED	0.775	1
P008518	6	BARE	-	1(N23)	COUNTED	0.738	COUNTED	0.680	1
P008521	1	BARE	-	1(N24) 1(N30C)	PERSON	0.394	PERSON	0.636	1
P008524	0	BARE	-	1(N39B) 1(N24)	MEASURED	0.618	ALLOT	0.402	0
P008525	0	BARE	-	2(N30C)	MEASURED	0.937	MEASURED	0.826	1
P008526	2	BARE	-	4(N39B) 1(N24) 2(N30C)	ALLOT	0.624	ALLOT	0.725	1
P008526	3	BARE	-	4(N39B) 1(N24) 2(N30C)	ALLOT	0.515	ALLOT	0.740	1
P008526	4	BARE	-	4(N39B) 1(N24) 2(N30C)	ALLOT	0.515	ALLOT	0.740	1
P008526	5	BARE	-	4(N39B) 2(N30C)	ALLOT	0.511	ALLOT	0.786	1
P008527	1	BARE	-	3(N39B) 2(N30C) 1(N30D)	MEASURED	0.947	MEASURED	0.880	1
P008528	0	BARE	-	1(N14) 3(N01)	ALLOT	0.387	ALLOT	0.402	0
P008530	1	BARE	-	3(N14)	ALLOT	0.399	COUNTED	0.305	1
P008531	0	NAME	M321	1(N01)	PERSON	0.411	ALLOT	0.249	0
P008531	1	NAME	M321	2(N01)	PERSON	0.273	ALLOT	0.301	0
P008532	0	IN	M388 M380 |M218+M320| M347 M377	1(N01)	PERSON	0.550	PERSON	0.409	0
P008532	1	NAME	M222	1(N30C)	MEASURED	0.641	PERSON	0.442	0
P008532	2	BARE	-	1(N01) 1(N24)	MEASURED	0.454	MEASURED	0.342	0
P008532	3	BARE	-	1(N30C)	MEASURED	0.829	MEASURED	0.342	0
P008532	4	BARE	-	1(N30C)	MEASURED	0.812	MEASURED	0.326	0
P008532	5	NAME	M009	1(N30C)	MEASURED	0.541	PERSON	0.433	0
P008532	6	NAME	M011	1(N24) 1(N30C)	MEASURED	0.617	ALLOT	0.316	0
P008533	0	BARE	-	1(N39B)	MEASURED	0.855	MEASURED	0.496	1
P008533	3	BARE	-	1(N30C)	MEASURED	0.768	COUNTED	0.451	1
P008533	4	BARE	-	2(N39B)	MEASURED	0.791	MEASURED	0.546	1
P008535	0	BARE	-	1(N30C)	MEASURED	0.932	MEASURED	0.800	1
P008536	0	BARE	-	3(N39B)	MEASURED	0.678	COUNTED	0.794	1
P008536	1	NAME	M387 M354	2(N39B) 1(N24)	MEASURED	0.455	COUNTED	0.807	1
P008538	0	BARE	-	6(N01)	COUNTED	0.630	COUNTED	0.495	1
P008539	0	BARE	-	3(N01) 3(N39B) 1(N24)	ALLOT	0.548	ALLOT	0.413	0
P008540	0	BARE	-	3(N01) 1(N39B)	ALLOT	0.492	MEASURED	0.314	0
P008540	1	IN	M036 M343	1(N14) 3(N01) 1(N14@b) 2(N01@b)	ALLOT	0.409	ALLOT	0.310	0
P008541	0	BARE	-	1(N01)	PERSON	0.678	PERSON	0.585	1
P008541	1	BARE	-	1(N01)	PERSON	0.842	PERSON	0.748	1
P008541	4	BARE	-	1(N24)	PERSON	0.542	PERSON	0.743	1
P008542	0	BARE	-	1(N34) 1(N45) 3(N14) 3(N01)	PERSON	0.366	PERSON	0.621	1
P008542	1	BARE	-	2(N14@b)	PERSON	0.534	PERSON	0.709	1
P008543	0	IN	M009 M318 M371 M321	1(N01)	FRACLINE	0.661	FRACLINE	0.800	1
P008543	2	BARE	-	2(N01)	FRACLINE	0.554	FRACLINE	0.763	1
P008544	0	BARE	-	2(N01)	ALLOT	0.619	ALLOT	0.785	1
P008544	2	NAME	M367	3(N01)	ALLOT	0.697	ALLOT	0.802	1
P008546	0	BARE	-	1(N01)	PERSON	0.360	MEASURED	0.292	0
P008546	1	IN	M388 M354	3(N39B)	MEASURED	0.592	PERSON	0.412	0
P008546	2	BARE	-	1(N01)	COUNTED	0.406	MEASURED	0.333	0
P008547	0	BARE	-	1(N01)	PERSON	0.363	MEASURED	0.278	0
P008547	1	BARE	-	9(N01)	COUNTED	0.264	ALLOT	0.370	0
P008549	0	BARE	-	4(N01)	PERSON	0.285	MEASURED	0.292	0
P008549	1	BARE	-	1(N01)	COUNTED	0.378	MEASURED	0.317	0
P008549	2	NAME	M387 M387	2(N14) 3(N01)	PERSON	0.403	PERSON	0.351	0
P008549	3	BARE	-	5(N01)	COUNTED	0.365	MEASURED	0.317	0
P008549	4	BARE	-	4(N01)	PERSON	0.271	MEASURED	0.358	0
P008550	0	BARE	-	2(N01)	MEASURED	0.292	MEASURED	0.308	0
P008550	1	NAME	M269	2(N01)	MEASURED	0.262	ALLOT	0.303	0
P008551	0	NAME	M111 |M036+1(N30D)|	3(N14)	COUNTED	0.567	COUNTED	0.745	1
P008551	3	BARE	-	3(N14)	COUNTED	0.675	COUNTED	0.790	1
P008551	4	BARE	-	1(N30C)	MEASURED	0.713	COUNTED	0.800	1
P008551	5	BARE	-	3(N01@b) 1(N24@b)	MEASURED	0.470	COUNTED	0.735	1
P008555	1	BARE	-	1(N01)	MEASURED	0.479	MEASURED	0.895	1
P008555	3	NAME	M111 |M036+1(N30D)|	4(N01)	MEASURED	0.512	MEASURED	0.802	1
P008556	0	BARE	-	5(N01) 1(N01)	MEASURED	0.283	MEASURED	0.350	0
P008556	1	BARE	-	7(N01)	MEASURED	0.267	ALLOT	0.412	0
P008557	0	BARE	-	3(N39B)	MEASURED	0.711	MEASURED	0.278	0
P008557	1	BARE	-	1(N30C) 1(N30D)	MEASURED	0.779	ALLOT	0.407	0
P008558	0	BARE	-	2(N01)	MEASURED	0.421	MEASURED	0.797	1
P008558	1	NAME	M268 M270	5(N01)	MEASURED	0.421	MEASURED	0.625	1
P008558	2	IN	M388 M387	5(N01)	MEASURED	0.422	MEASURED	0.728	1
P008559	0	BARE	-	1(N01) 1(N39B) 1(N24) 1(N30C)	MEASURED	0.600	MEASURED	0.304	0
P008559	1	NAME	M001	1(N39C@b)	MEASURED	0.364	PERSON	0.310	0
P008561	0	NAME	M352 M352	2(N01)	PERSON	0.441	PERSON	0.376	0
P008561	1	NAME	M322	1(N01)	PERSON	0.473	PERSON	0.360	0
P008561	2	NAME	M248 M382 M352	1(N01)	PERSON	0.405	MEASURED	0.322	0
P008563	0	BARE	-	1(N34)	PERSON	0.422	PERSON	0.664	1
P008564	0	BARE	-	4(N01)	ALLOT	0.287	ALLOT	0.432	0
P008566	0	BARE	-	1(N01)	PERSON	0.690	PERSON	0.586	1
P008566	1	NAME	M110	1(N01)	PERSON	0.904	PERSON	0.834	1
P008566	5	BARE	-	1(N01)	PERSON	0.904	PERSON	0.806	1
P008566	7	BARE	-	3(N01)	PERSON	0.596	PERSON	0.670	1
P008567	0	BARE	-	4(N01@b) 1(N24@b)	MEASURED	0.414	ALLOT	0.431	0
P008568	0	NAME	|M288+M376|	1(N45)	ALLOT	0.703	ALLOT	0.488	0
P008570	0	BARE	-	2(N30C)	MEASURED	0.768	ALLOT	0.410	0
P008571	0	BARE	-	3(N39B) 2(N30C@b)	MEASURED	0.659	MEASURED	0.296	0
P008571	1	BARE	-	3(N39B) 1(N24) 1(N24@b) 2(N30C@b)	MEASURED	0.683	MEASURED	0.348	0
P008571	2	BARE	-	1(N24)	MEASURED	0.608	MEASURED	0.337	0
P008572	0	BARE	-	3(N39B)	MEASURED	0.700	ALLOT	0.421	0
P008573	0	BARE	-	1(N14)	ALLOT	0.372	ALLOT	0.399	0
P008575	0	IN	M003 M329	2(N14)	ALLOT	0.459	ALLOT	0.330	0
P008575	1	BARE	-	5(N01)	COUNTED	0.342	MEASURED	0.323	0
P008575	2	NAME	M203	1(N14)	PERSON	0.484	PERSON	0.451	0
P008575	3	BARE	-	3(N01)	COUNTED	0.323	MEASURED	0.323	0
P008575	4	BARE	-	2(N45) 1(N14)	ALLOT	0.580	MEASURED	0.328	0
P008575	5	BARE	-	3(N01)	COUNTED	0.306	MEASURED	0.376	0
P008576	0	NAME	M390 M377 M354	4(N01)	PERSON	0.472	PERSON	0.440	0
P008576	1	IN	M218 M075 M354	2(N01)	PERSON	0.299	ALLOT	0.290	0
P008577	1	BARE	-	1(N14) 1(N01)	PERSON	0.629	PERSON	0.592	1
P008579	0	BARE	-	3(N14@b)	ALLOT	0.629	ALLOT	0.815	1
P008579	1	BARE	-	3(N14)	ALLOT	0.850	ALLOT	0.732	1
P008579	3	BARE	-	1(N14) 3(N01) 1(N39B) 1(N14@b) 1(N01@b)	ALLOT	0.711	ALLOT	0.826	1
P008581	0	BARE	-	2(N01)	COUNTED	0.312	MEASURED	0.295	0
P008581	1	BARE	-	1(N30C) 1(N30D)	MEASURED	0.788	MEASURED	0.332	0
P008581	2	NAME	M438 M209	1(N14) 1(N01)	PERSON	0.382	PERSON	0.351	0
P008581	3	BARE	-	2(N01)	COUNTED	0.399	MEASURED	0.331	0
P008581	4	NAME	M059	1(N39B)	MEASURED	0.556	PERSON	0.354	0
P008581	5	BARE	-	1(N24) 1(N30C)	MEASURED	0.740	MEASURED	0.355	0
P008582	0	BARE	-	1(N24)	MEASURED	0.641	MEASURED	0.292	0
P008582	1	BARE	-	4(N01)	MEASURED	0.321	MEASURED	0.344	0
P008582	2	NAME	M038	3(N39B)	MEASURED	0.538	COUNTED	0.276	0
P008582	3	NAME	M309	1(N14) 1(N24)	ALLOT	0.538	ALLOT	0.287	0
P008583	1	BARE	-	1(N01) 1(N39B) 1(N30D)	MEASURED	0.861	MEASURED	0.854	1
P008584	0	BARE	-	3(N01)	MEASURED	0.539	MEASURED	0.835	1
P008586	0	BARE	-	6(N01)	MEASURED	0.269	MEASURED	0.308	0
P008586	1	NAME	M005	5(N01)	COUNTED	0.324	ALLOT	0.307	0
P008588	0	BARE	-	3(N39B)	MEASURED	0.665	ALLOT	0.426	0
P008589	0	BARE	-	3(N01)	MEASURED	0.523	MEASURED	0.834	1
P008590	1	BARE	-	1(N01)	PERSON	0.735	PERSON	0.624	1
P008591	0	BARE	-	6(N01)	PERSON	0.671	PERSON	0.682	1
P008592	0	BARE	-	2(N01)	PERSON	0.301	MEASURED	0.295	0
P008592	1	NAME	M367	2(N01)	PERSON	0.396	PERSON	0.361	0
P008592	2	NAME	M367	3(N01)	PERSON	0.318	MEASURED	0.373	0
P008593	0	BARE	-	2(N14)	ALLOT	0.374	MEASURED	0.298	0
P008593	1	NAME	M213 M101	1(N14)	ALLOT	0.429	ALLOT	0.338	0
P008595	0	BARE	-	2(N01)	ALLOT	0.618	ALLOT	0.817	1
P008597	0	BARE	-	2(N01)	MEASURED	0.560	MEASURED	0.826	1
P008600	1	BARE	-	1(N01)	PERSON	0.741	PERSON	0.636	1
P008602	0	BARE	-	4(N01)	MEASURED	0.569	MEASURED	0.797	1
P008602	1	BARE	-	4(N01)	MEASURED	0.557	MEASURED	0.773	1
P008602	2	BARE	-	1(N01)	MEASURED	0.407	MEASURED	0.835	1
P008602	4	BARE	-	1(N14)	MEASURED	0.612	MEASURED	0.856	1
P008603	0	BARE	-	5(N01)	FRACLINE	0.437	FRACLINE	0.517	1
P008603	2	NAME	M009	1(N01)	COUNTED	0.547	COUNTED	0.537	1
P008603	4	BARE	-	1(N01)	COUNTED	0.559	FRACLINE	0.480	1
P008605	0	NAME	M214 M145	1(N39B)	MEASURED	0.566	PERSON	0.416	0
P008605	1	NAME	M145	1(N24)	MEASURED	0.513	PERSON	0.412	0
P008608	0	NAME	|M327+X| M269	1(N01)	PERSON	0.340	ALLOT	0.441	0
P008609	0	BARE	-	3(N01)	MEASURED	0.446	MEASURED	0.797	1
P008609	1	BARE	-	2(N39B)	MEASURED	0.942	MEASURED	0.836	1
P008611	0	NAME	M056	4(N34)	ALLOT	0.653	ALLOT	0.729	0
P008611	1	BARE	-	3(N01) 1(N08A)	FRACLINE	0.444	COUNTED	0.284	0
P008611	2	NAME	M193	1(N01)	COUNTED	0.423	COUNTED	0.324	0
P008611	3	NAME	M188	5(N01)	COUNTED	0.414	PERSON	0.321	0
P008611	4	NAME	M324	4(N14)	PERSON	0.420	PERSON	0.303	0
P008611	5	BARE	-	2(N14)	PERSON	0.296	COUNTED	0.310	0
P008611	6	BARE	-	6(N34)	ALLOT	0.443	MEASURED	0.318	0
P008612	0	IN	M157 |M175+M288| M319 M041 M124 M386 M240 M096 |M288+1(N01)|	1(N01)	COUNTED	0.333	MEASURED	0.667	1
P008612	1	IN	M218 M250 M029 M242 M096 |M288+1(N01)|	1(N01)	PERSON	0.366	MEASURED	0.568	1
P008612	2	IN	M217 M263 M109 M066 |M288+1(N01)|	2(N01)	COUNTED	0.394	MEASURED	0.563	1
P008612	3	IN	M240 |M131+M388| M099 M371 |M288+1(N01)|	1(N01)	PERSON	0.375	MEASURED	0.551	1
P008612	4	IN	M309 M371 M032 M066 |M288+1(N01)|	1(N01)	PERSON	0.348	MEASURED	0.627	1
P008612	5	NAME	M217 M372 |M288+1(N01)|	1(N01)	COUNTED	0.396	MEASURED	0.579	1
P008612	6	IN	M263 M048 M096 |M288+1(N01)|	1(N01)	COUNTED	0.343	MEASURED	0.612	1
P008612	7	IN	|M218+M320| M218 M223 M096 |M288+1(N01)|	1(N01)	COUNTED	0.354	MEASURED	0.614	1
P008612	8	IN	M217 M297 M066 |M288+1(N01)|	1(N01)	PERSON	0.345	MEASURED	0.588	1
P008612	9	NAME	M260 M242 M096 |M288+1(N01)|	1(N01)	COUNTED	0.337	MEASURED	0.734	1
P008613	0	BARE	-	2(N14)	MEASURED	0.591	MEASURED	0.800	1
P008613	1	NAME	M030	1(N01) 3(N39B)	MEASURED	0.772	MEASURED	0.636	1
P008613	2	NAME	M343	1(N24@b)	MEASURED	0.721	MEASURED	0.722	1
P008614	0	IN	M288 M153	1(N14) 4(N01) 4(N01@b)	ALLOT	0.298	PERSON	0.351	0
P008614	1	NAME	M219	1(N01) 1(N39B)	MEASURED	0.378	PERSON	0.476	0
P008614	2	BARE	-	1(N01) 1(N39B)	MEASURED	0.458	MEASURED	0.336	0
P008615	0	NAME	M059 M293	2(N14) 3(N01) 4(N39B) 1(N24) 1(N30D)	COUNTED	0.324	COUNTED	0.805	1
P008616	2	BARE	-	2(N14)	MEASURED	0.523	MEASURED	0.721	1
P008616	3	NAME	M001	1(N01)	PERSON	0.461	MEASURED	0.567	1
P008616	5	BARE	-	1(N30D) 1(N14)	MEASURED	0.755	MEASURED	0.753	1
P008617	1	NAME	|M175+M286|	2(N01)	COUNTED	0.449	MEASURED	0.450	1
P008617	4	NAME	M001	4(N01)	MEASURED	0.418	MEASURED	0.587	1
P008617	5	NAME	M134	2(N01)	COUNTED	0.480	MEASURED	0.491	1
P008617	6	NAME	M041	2(N01)	COUNTED	0.472	MEASURED	0.530	1
P008617	8	NAME	M005	2(N01)	COUNTED	0.569	COUNTED	0.453	1
P008617	9	NAME	M111	2(N01)	COUNTED	0.453	MEASURED	0.571	1
P008617	10	NAME	M316	2(N01)	COUNTED	0.454	MEASURED	0.431	1
P008617	11	NAME	M385	4(N01)	MEASURED	0.386	MEASURED	0.554	1
P008618	1	BARE	-	1(N01)	ALLOT	0.300	MEASURED	0.445	1
P008618	2	NAME	M219 M387 M240 M096	1(N01)	PERSON	0.311	ALLOT	0.360	1
P008618	3	NAME	M217	1(N01) 1(N39B)	ALLOT	0.524	ALLOT	0.524	1
P008619	0	NAME	M059 M293	7(N14)	ALLOT	0.432	COUNTED	0.262	0
P008619	1	BARE	-	5(N01)	COUNTED	0.382	MEASURED	0.345	0
P008619	2	NAME	M354	4(N51)	PERSON	0.341	ALLOT	0.325	0
P008621	4	NAME	|M175+M157|	1(N14) 5(N01)	ALLOT	0.507	ALLOT	0.490	1
P008621	5	BARE	-	2(N01)	ALLOT	0.416	ALLOT	0.483	1
P008621	9	NAME	M096	6(N14) 3(N01)	ALLOT	0.731	ALLOT	0.637	1
P008621	12	NAME	|M175+M388|	1(N14) 2(N01)	ALLOT	0.482	ALLOT	0.478	1
P008621	13	IN	M103 M066 M352 M096	1(N14)	ALLOT	0.596	ALLOT	0.560	1
P008621	14	NAME	M029 M099 M262 M096	4(N14)	ALLOT	0.732	ALLOT	0.650	1
P008621	16	NAME	|M175+M203|	2(N01)	ALLOT	0.399	ALLOT	0.468	1
P008621	18	IN	M218 M386 M223	2(N01)	ALLOT	0.412	PERSON	0.507	1
P008621	20	NAME	|M348+M288|	1(N14)	ALLOT	0.437	ALLOT	0.382	1
P008622	0	BARE	-	1(N34) 1(N14) 4(N01)	ALLOT	0.523	ALLOT	0.405	0
P008623	0	NAME	M510	4(N01) 1(N30C)	MEASURED	0.875	MEASURED	0.707	1
P008623	2	NAME	M298	1(N30C) 1(N30D)	MEASURED	0.898	MEASURED	0.837	1
P008624	0	NAME	|M377+M320+M377|	1(N08A)	ALLOT	0.364	ALLOT	0.825	1
P008625	0	BARE	-	3(N14)	ALLOT	0.404	MEASURED	0.289	0
P008625	1	NAME	M207	1(N14)	PERSON	0.427	PERSON	0.342	0
P008625	2	BARE	-	2(N01)	COUNTED	0.281	MEASURED	0.339	0
P008626	0	BARE	-	1(N14) 1(N01)	PERSON	0.600	PERSON	0.711	1
P008626	2	IN	M263 M281	1(N01)	PERSON	0.851	PERSON	0.766	1
P008627	0	NAME	M122	6(N01)	PERSON	0.244	ALLOT	0.439	0
P008628	0	BARE	-	5(N01)	MEASURED	0.265	ALLOT	0.420	0
P008630	0	NAME	M136	6(N01)	COUNTED	0.343	COUNTED	0.325	0
P008630	1	NAME	|M157+M367|	1(N14)	PERSON	0.370	PERSON	0.354	0
P008630	2	BARE	-	4(N01)	COUNTED	0.305	MEASURED	0.337	0
P008630	3	BARE	-	5(N01)	COUNTED	0.385	MEASURED	0.317	0
P008630	4	NAME	M444	1(N01)	PERSON	0.408	PERSON	0.304	0
P008631	1	NAME	|M377+M320+M377|	2(N14) 4(N01)	PERSON	0.817	PERSON	0.811	1
P008631	3	BARE	-	5(N01)	PERSON	0.574	PERSON	0.474	1
P008633	0	NAME	M348	3(N14)	PERSON	0.580	PERSON	0.628	1
P008633	1	NAME	|M377+M320+M377| M348	2(N14)	PERSON	0.751	PERSON	0.734	1
P008633	2	BARE	-	3(N14)	PERSON	0.679	PERSON	0.712	1
P008633	4	NAME	M445	7(N14)	PERSON	0.769	PERSON	0.801	1
P008633	5	NAME	M316	6(N14)	PERSON	0.744	PERSON	0.824	1
P008633	6	BARE	-	1(N45) 3(N14)	PERSON	0.517	PERSON	0.643	1
P008633	7	BARE	-	3(N14)	PERSON	0.633	PERSON	0.649	1
P008633	8	BARE	-	3(N14)	PERSON	0.634	PERSON	0.598	1
P008633	9	IN	M388 M320 M035	6(N14)	PERSON	0.724	PERSON	0.787	1
P008633	11	BARE	-	7(N14)	PERSON	0.678	PERSON	0.713	1
P008633	12	BARE	-	2(N14)	PERSON	0.524	PERSON	0.528	1
P008634	2	NAME	|M131+M388|	1(N01)	PERSON	0.879	PERSON	0.810	1
P008634	6	NAME	M122 M242 M387	2(N01)	PERSON	0.728	PERSON	0.806	1
P008635	0	BARE	-	2(N01)	ALLOT	0.722	ALLOT	0.770	1
P008635	13	BARE	-	4(N01)	ALLOT	0.585	ALLOT	0.680	1
P008635	14	NAME	M240 M096	2(N01)	ALLOT	0.668	ALLOT	0.705	1
P008635	15	BARE	-	4(N34) 1(N45) 1(N14) 4(N01) 1(N24)	ALLOT	0.828	ALLOT	0.561	1
P008636	0	BARE	-	2(N39B)	MEASURED	0.377	PERSON	0.505	1
P008637	0	BARE	-	2(N01)	ALLOT	0.384	ALLOT	0.497	0
P008638	0	BARE	-	2(N14) 6(N01)	PERSON	0.513	PERSON	0.433	1
P008638	1	NAME	M309	6(N01)	PERSON	0.606	PERSON	0.620	1
P008638	2	NAME	M207	1(N14)	PERSON	0.631	PERSON	0.661	1
P008638	3	NAME	M153	3(N14)	PERSON	0.679	PERSON	0.694	1
P008638	4	NAME	M305	8(N01)	PERSON	0.693	PERSON	0.703	1
P008638	5	NAME	M153	1(N34)	PERSON	0.577	PERSON	0.694	1
P008638	6	BARE	-	1(N45) 7(N01)	PERSON	0.494	PERSON	0.506	1
P008638	7	BARE	-	1(N14) 9(N01)	PERSON	0.534	PERSON	0.506	1
P008638	8	NAME	M446	3(N01)	PERSON	0.585	PERSON	0.631	1
P008638	9	BARE	-	3(N01)	PERSON	0.451	PERSON	0.506	1
P008638	10	BARE	-	1(N01)	PERSON	0.657	PERSON	0.572	1
P008638	12	BARE	-	1(N01)	PERSON	0.683	PERSON	0.565	1
P008638	13	NAME	M260	4(N01)	PERSON	0.679	PERSON	0.637	1
P008638	14	BARE	-	3(N01)	PERSON	0.485	PERSON	0.501	1
P008638	15	NAME	M215	2(N14) 1(N01)	PERSON	0.689	PERSON	0.687	1
P008638	17	NAME	M153	4(N14) 8(N01)	PERSON	0.765	PERSON	0.757	1
P008638	18	NAME	M053	6(N01)	PERSON	0.650	PERSON	0.641	1
P008638	20	BARE	-	4(N34) 7(N01)	PERSON	0.537	PERSON	0.571	1
P008638	21	NAME	M007	4(N34)	PERSON	0.586	PERSON	0.650	1
P008638	22	BARE	-	2(N34) 4(N14) 9(N01)	PERSON	0.480	PERSON	0.507	1
P008638	23	BARE	-	1(N14) 5(N01)	PERSON	0.531	PERSON	0.507	1
P008638	24	NAME	M447	4(N14)	PERSON	0.619	PERSON	0.540	1
P008638	25	NAME	M349	1(N14)	PERSON	0.653	PERSON	0.635	1
P008638	26	NAME	M329	7(N01)	PERSON	0.634	PERSON	0.553	1
P008638	27	NAME	M448	5(N01)	PERSON	0.649	PERSON	0.635	1
P008638	28	BARE	-	1(N01)	PERSON	0.567	PERSON	0.507	1
P008638	29	BARE	-	1(N01)	PERSON	0.567	PERSON	0.507	1
P008638	30	NAME	M260	1(N14) 1(N01)	PERSON	0.683	PERSON	0.668	1
P008638	31	NAME	M061	1(N14) 9(N01)	PERSON	0.656	PERSON	0.701	1
P008638	33	BARE	-	1(N34) 2(N14)	PERSON	0.352	PERSON	0.524	1
P008638	34	NAME	M129	4(N14) 3(N01)	PERSON	0.729	PERSON	0.736	1
P008638	35	BARE	-	1(N14) 3(N01)	PERSON	0.577	PERSON	0.532	1
P008638	36	BARE	-	1(N01)	PERSON	0.565	PERSON	0.532	1
P008638	37	BARE	-	4(N34)	PERSON	0.449	PERSON	0.532	1
P008638	38	BARE	-	3(N14)	PERSON	0.471	PERSON	0.454	1
P008639	0	NAME	M056	3(N01)	ALLOT	0.700	ALLOT	0.921	1
P008640	0	NAME	M387 M069	1(N01)	COUNTED	0.419	MEASURED	0.607	1
P008640	1	NAME	M387 M069	1(N01)	COUNTED	0.420	MEASURED	0.616	1
P008640	2	NAME	M387 M069	1(N01)	COUNTED	0.420	MEASURED	0.616	1
P008640	3	NAME	M387 M069	1(N01)	COUNTED	0.420	MEASURED	0.616	1
P008640	4	NAME	M387 M069	1(N01)	COUNTED	0.422	MEASURED	0.635	1
P008640	5	NAME	M387 M069	1(N01)	COUNTED	0.422	MEASURED	0.635	1
P008640	6	NAME	M387 M069	1(N01)	COUNTED	0.422	MEASURED	0.635	1
P008640	7	NAME	M387 M069	1(N01)	COUNTED	0.416	MEASURED	0.627	1
P008640	8	NAME	M387 M069	1(N01)	COUNTED	0.416	MEASURED	0.627	1
P008640	9	NAME	M387 M069	1(N01)	COUNTED	0.416	MEASURED	0.627	1
P008640	10	NAME	M387 M069	1(N01)	COUNTED	0.421	MEASURED	0.627	1
P008640	11	BARE	-	2(N01)	MEASURED	0.529	MEASURED	0.820	1
P008641	0	IN	M286 M124 M346 M001	2(N14) 7(N01)	COUNTED	0.318	PERSON	0.248	0
P008641	1	BARE	-	2(N14) 3(N01)	COUNTED	0.383	MEASURED	0.288	0
P008641	2	NAME	M367	2(N14) 9(N01)	PERSON	0.409	PERSON	0.334	0
P008641	3	BARE	-	2(N14) 4(N01)	COUNTED	0.267	MEASURED	0.309	0
P008642	0	BARE	-	5(N14)	COUNTED	0.437	COUNTED	0.477	1
P008642	2	BARE	-	4(N01)	COUNTED	0.471	COUNTED	0.462	1
P008642	3	NAME	M304 M130	2(N01)	COUNTED	0.493	PERSON	0.412	1
P008642	4	BARE	-	2(N01)	COUNTED	0.561	COUNTED	0.415	1
P008642	5	NAME	M009	1(N01)	PERSON	0.578	PERSON	0.530	1
P008642	6	NAME	M368 M009	4(N01)	PERSON	0.569	PERSON	0.546	1
P008642	7	BARE	-	5(N01)	COUNTED	0.523	COUNTED	0.405	1
P008642	8	BARE	-	5(N01)	COUNTED	0.523	COUNTED	0.405	1
P008642	9	BARE	-	5(N01)	COUNTED	0.523	COUNTED	0.405	1
P008642	10	BARE	-	2(N01)	COUNTED	0.564	COUNTED	0.458	1
P008642	11	NAME	M260	1(N01)	PERSON	0.502	PERSON	0.410	1
P008642	12	NAME	M064	2(N01)	COUNTED	0.490	COUNTED	0.430	1
P008642	13	BARE	-	8(N01)	COUNTED	0.496	COUNTED	0.466	1
P008642	14	BARE	-	1(N01)	COUNTED	0.538	COUNTED	0.466	1
P008642	15	NAME	M449	2(N14)	PERSON	0.511	PERSON	0.439	1
P008642	17	NAME	M009	4(N01)	PERSON	0.558	PERSON	0.550	1
P008642	18	NAME	M450 M007	5(N01)	COUNTED	0.470	PERSON	0.452	1
P008642	19	BARE	-	8(N01)	COUNTED	0.495	COUNTED	0.448	1
P008642	20	NAME	M449	2(N14) 6(N01)	PERSON	0.498	PERSON	0.396	1
P008643	0	BARE	-	1(N14)	PERSON	0.510	PERSON	0.576	1
P008643	1	NAME	M009 M259	1(N14)	PERSON	0.843	PERSON	0.888	1
P008643	2	BARE	-	2(N14)	PERSON	0.688	PERSON	0.736	1
P008643	5	NAME	M240	1(N14) 4(N01)	PERSON	0.887	PERSON	0.915	1
P008643	6	BARE	-	1(N14)	PERSON	0.634	PERSON	0.627	1
P008643	7	NAME	M304	8(N01)	PERSON	0.761	PERSON	0.673	1
P008643	8	NAME	M096	6(N01)	PERSON	0.743	PERSON	0.767	1
P008643	9	BARE	-	2(N14)	PERSON	0.551	PERSON	0.602	1
P008644	3	NAME	M242 M386 M240 M096	1(N01)	PERSON	0.855	PERSON	0.745	1
P008647	1	BARE	-	1(N30C@b) 1(N30D@b)	ALLOT	0.548	ALLOT	0.774	1
P008647	2	NAME	M157	1(N14)	ALLOT	0.665	ALLOT	0.716	1
P008647	3	BARE	-	1(N24) 1(N30C) 1(N30D)	ALLOT	0.525	ALLOT	0.779	1
P008648	0	BARE	-	2(N01)	COUNTED	0.594	COUNTED	0.489	1
P008648	2	BARE	-	2(N01)	COUNTED	0.569	COUNTED	0.460	1
P008649	0	BARE	-	1(N01)	ALLOT	0.443	ALLOT	0.652	1
P008649	3	BARE	-	3(N01)	ALLOT	0.410	MEASURED	0.457	1
P008649	4	BARE	-	3(N39B)	ALLOT	0.516	ALLOT	0.542	1
P008649	6	BARE	-	1(N14)	ALLOT	0.585	ALLOT	0.629	1
P008650	0	BARE	-	4(N01)	ALLOT	0.305	ALLOT	0.455	0
P008651	0	NAME	M009	3(N14)	PERSON	0.323	PERSON	0.369	0
P008651	1	NAME	M309	4(N01)	PERSON	0.366	PERSON	0.297	0
P008651	2	BARE	-	1(N01) 5(N08A)	FRACLINE	0.463	MEASURED	0.335	0
P008651	3	BARE	-	1(N14) 1(N01)	COUNTED	0.371	MEASURED	0.335	0
P008651	4	BARE	-	1(N14) 3(N01)	COUNTED	0.311	MEASURED	0.356	0
P008651	5	BARE	-	1(N01)	COUNTED	0.438	MEASURED	0.356	0
P008651	6	BARE	-	8(N01)	COUNTED	0.377	MEASURED	0.356	0
P008651	7	BARE	-	8(N01)	COUNTED	0.376	MEASURED	0.336	0
P008651	8	NAME	M452	2(N14) 1(N01)	PERSON	0.409	PERSON	0.314	0
P008651	9	BARE	-	2(N14) 4(N01)	COUNTED	0.343	MEASURED	0.336	0
P008651	10	NAME	M123	1(N48) 3(N34)	PERSON	0.376	PERSON	0.463	0
P008651	11	BARE	-	2(N01)	COUNTED	0.403	MEASURED	0.346	0
P008651	12	BARE	-	2(N01)	COUNTED	0.335	MEASURED	0.351	0
P008652	0	BARE	-	1(N14) 3(N39B)	ALLOT	0.834	ALLOT	0.793	1
P008652	1	BARE	-	2(N14) 1(N01) 3(N39B)	ALLOT	0.893	ALLOT	0.739	1
P008653	0	BARE	-	3(N34)	COUNTED	0.405	COUNTED	0.441	1
P008653	1	NAME	M123	3(N14)	COUNTED	0.457	COUNTED	0.424	1
P008653	2	NAME	M039	1(N45)	COUNTED	0.444	COUNTED	0.508	1
P008653	3	BARE	-	2(N01)	COUNTED	0.789	COUNTED	0.482	1
P008653	5	NAME	M506	3(N01)	COUNTED	0.727	COUNTED	0.487	1
P008653	7	NAME	M375	6(N01)	COUNTED	0.638	COUNTED	0.457	1
P008653	8	NAME	M269	1(N01)	COUNTED	0.816	COUNTED	0.494	1
P008653	9	BARE	-	1(N01)	COUNTED	0.823	COUNTED	0.442	1
P008653	10	NAME	M069	1(N01)	COUNTED	0.817	COUNTED	0.495	1
P008653	11	NAME	M123	2(N34)	COUNTED	0.456	COUNTED	0.406	1
P008653	12	NAME	M255	2(N34)	COUNTED	0.499	COUNTED	0.521	1
P008653	13	NAME	M039	1(N34)	COUNTED	0.463	MEASURED	0.434	1
P008654	0	BARE	-	1(N01)	PERSON	0.341	MEASURED	0.294	0
P008654	1	NAME	M206	1(N14)	PERSON	0.352	PERSON	0.282	0
P008654	2	BARE	-	1(N01)	COUNTED	0.364	MEASURED	0.332	0
P008654	3	NAME	M352	1(N14)	PERSON	0.522	PERSON	0.488	0
P008654	4	BARE	-	4(N01)	MEASURED	0.323	MEASURED	0.312	0
P008654	5	NAME	M453	1(N14)	PERSON	0.451	PERSON	0.364	0
P008654	6	BARE	-	2(N14) 1(N01)	PERSON	0.329	MEASURED	0.321	0
P008654	7	NAME	M449	1(N01)	PERSON	0.443	PERSON	0.309	0
P008655	0	BARE	-	2(N01)	PERSON	0.267	MEASURED	0.293	0
P008655	1	NAME	|M351+1(N14)|	2(N01)	COUNTED	0.418	PERSON	0.335	0
P008655	2	BARE	-	2(N01)	COUNTED	0.355	MEASURED	0.323	0
P008655	3	BARE	-	1(N01)	COUNTED	0.376	MEASURED	0.362	0
P008656	0	BARE	-	7(N01)	COUNTED	0.852	COUNTED	0.769	1
P008656	2	BARE	-	1(N01)	COUNTED	0.867	COUNTED	0.756	1
P008656	3	NAME	M101	1(N14) 2(N01)	COUNTED	0.759	COUNTED	0.762	1
P008656	4	NAME	M009	2(N14)	COUNTED	0.575	COUNTED	0.733	1
P008656	5	BARE	-	1(N34) 4(N14) 4(N01)	COUNTED	0.741	COUNTED	0.717	1
P008656	6	BARE	-	3(N01)	COUNTED	0.816	COUNTED	0.708	1
P008656	7	BARE	-	3(N01)	COUNTED	0.745	COUNTED	0.660	1
P008657	0	BARE	-	1(N01)	PERSON	0.386	MEASURED	0.292	0
P008657	1	NAME	M136 M038	2(N01)	COUNTED	0.405	PERSON	0.317	0
P008657	2	NAME	M382	4(N01)	PERSON	0.332	ALLOT	0.277	0
P008658	0	BARE	-	2(N34)	ALLOT	0.581	MEASURED	0.290	0
P008658	1	BARE	-	1(N01)	COUNTED	0.410	MEASURED	0.341	0
P008658	2	NAME	M454	1(N14) 4(N01)	PERSON	0.378	PERSON	0.359	0
P008658	3	BARE	-	2(N14) 9(N01)	ALLOT	0.269	MEASURED	0.350	0
P008659	0	BARE	-	1(N01)	PERSON	0.310	MEASURED	0.286	0
P008659	1	BARE	-	3(N01) 1(N39B) 1(N24)	ALLOT	0.531	ALLOT	0.327	0
P008660	1	BARE	-	4(N01)	MEASURED	0.569	MEASURED	0.856	1
P008661	2	BARE	-	1(N01)	COUNTED	0.911	COUNTED	0.774	1
P008661	4	BARE	-	1(N01)	COUNTED	0.908	COUNTED	0.753	1
P008662	1	BARE	-	2(N14)	ALLOT	0.923	ALLOT	0.838	1
P008664	0	BARE	-	1(N14) 7(N01)	PERSON	0.612	PERSON	0.634	1
P008664	1	NAME	|M136+M195|	1(N14)	PERSON	0.773	PERSON	0.797	1
P008664	2	BARE	-	6(N01)	PERSON	0.618	PERSON	0.646	1
P008664	3	NAME	M383	1(N14) 5(N01)	PERSON	0.801	PERSON	0.875	1
P008664	5	BARE	-	2(N01)	PERSON	0.720	PERSON	0.794	1
P008664	6	NAME	M365	3(N01)	PERSON	0.681	PERSON	0.764	1
P008666	0	BARE	-	1(N01)	ALLOT	0.667	ALLOT	0.819	1
P008666	5	BARE	-	2(N45) 6(N14)	ALLOT	0.915	ALLOT	0.748	1
P008666	6	BARE	-	2(N01)	ALLOT	0.701	ALLOT	0.760	1
P008668	0	BARE	-	1(N01)	PERSON	0.347	MEASURED	0.291	0
P008668	1	NAME	M193	1(N01)	PERSON	0.420	PERSON	0.333	0
P008668	2	BARE	-	2(N01)	COUNTED	0.391	MEASURED	0.328	0
P008668	3	NAME	M001	2(N14)	PERSON	0.358	PERSON	0.377	0
P008670	1	NAME	M136	6(N01)	COUNTED	0.815	COUNTED	0.816	1
P008671	0	BARE	-	1(N14)	ALLOT	0.376	MEASURED	0.276	0
P008671	1	NAME	M262 M096	1(N14) 2(N01)	ALLOT	0.499	ALLOT	0.521	0
P008674	0	NAME	M269	2(N01)	COUNTED	0.426	MEASURED	0.733	1
P008674	2	NAME	M001 M269	3(N01)	MEASURED	0.368	MEASURED	0.722	1
P008674	3	BARE	-	1(N01)	COUNTED	0.420	MEASURED	0.795	1
P008674	4	NAME	M269	1(N01)	COUNTED	0.374	MEASURED	0.747	1
P008674	6	NAME	M269	1(N01)	COUNTED	0.375	MEASURED	0.820	1
P008674	8	NAME	M076 M269	1(N01)	COUNTED	0.406	MEASURED	0.735	1
P008674	9	BARE	-	2(N01)	MEASURED	0.407	MEASURED	0.804	1
P008674	10	NAME	M327 M269	2(N01)	COUNTED	0.403	MEASURED	0.671	1
P008674	11	BARE	-	1(N01)	COUNTED	0.425	MEASURED	0.797	1
P008674	12	NAME	M269	1(N01)	COUNTED	0.420	MEASURED	0.653	1
P008674	13	BARE	-	1(N39B)	MEASURED	0.913	MEASURED	0.797	1
P008674	14	NAME	M269	1(N01)	COUNTED	0.420	MEASURED	0.653	1
P008674	15	NAME	M269	1(N01)	COUNTED	0.423	MEASURED	0.657	1
P008674	16	NAME	M269	1(N14) 7(N01)	MEASURED	0.367	MEASURED	0.662	1
P008674	17	BARE	-	3(N01)	MEASURED	0.538	MEASURED	0.819	1
P008675	0	BARE	-	5(N01) 2(N39B@b)	PERSON	0.614	PERSON	0.685	1
P008675	2	NAME	|M157+M153| M144	1(N14@b)	PERSON	0.719	PERSON	0.783	1
P008676	0	BARE	-	1(N39B)	MEASURED	0.927	MEASURED	0.815	1
P008676	1	NAME	|M036+1(N14)|	1(N14)	MEASURED	0.533	MEASURED	0.783	1
P008677	0	BARE	-	1(N14)	ALLOT	0.365	MEASURED	0.350	0
P008677	1	BARE	-	3(N01)	ALLOT	0.321	ALLOT	0.412	0
P008678	1	BARE	-	1(N01)	ALLOT	0.628	ALLOT	0.780	1
P008679	0	NAME	M059 M305 |M036+1(N30D)|	5(N01)	COUNTED	0.310	COUNTED	0.288	0
P008679	1	BARE	-	1(N30C)	MEASURED	0.774	ALLOT	0.378	0
P008680	0	BARE	-	2(N01)	COUNTED	0.290	MEASURED	0.298	0
P008680	1	NAME	|M136+M365| M367	1(N14) 1(N01)	PERSON	0.427	PERSON	0.398	0
P008680	2	BARE	-	2(N01)	COUNTED	0.293	MEASURED	0.350	0
P008681	0	BARE	-	4(N01)	PERSON	0.311	ALLOT	0.250	0
P008681	1	BARE	-	1(N01)	COUNTED	0.400	ALLOT	0.369	0
P008683	0	NAME	M391	2(N01)	COUNTED	0.333	COUNTED	0.310	0
P008683	1	BARE	-	6(N14) 1(N39B)	ALLOT	0.612	ALLOT	0.407	0
P008684	0	BARE	-	1(N01)	PERSON	0.819	PERSON	0.680	1
P008684	2	BARE	-	1(N01)	PERSON	0.779	PERSON	0.645	1
P008685	0	NAME	M175	1(N14) 3(N01)	PERSON	0.627	PERSON	0.640	1
P008685	1	BARE	-	1(N14)	PERSON	0.633	PERSON	0.720	1
P008685	3	NAME	M125	1(N01)	PERSON	0.913	PERSON	0.858	1
P008686	0	BARE	-	1(N01)	COUNTED	0.290	ALLOT	0.412	0
P008687	1	NAME	M321	1(N01)	COUNTED	0.891	COUNTED	0.820	1
P008687	2	NAME	M005	3(N01)	COUNTED	0.855	COUNTED	0.856	1
P008688	9	IN	M066 M219 M101	3(N01)	ALLOT	0.905	ALLOT	0.827	1
P008689	0	IN	M388 M295 M223 M218 M203 M057 M206	1(N14)	COUNTED	0.667	COUNTED	0.809	1
P008689	2	NAME	M206	5(N01)	COUNTED	0.900	COUNTED	0.880	1
P008689	4	NAME	M206	4(N01)	COUNTED	0.863	COUNTED	0.880	1
P008689	6	IN	M388 M110 M218 M206	3(N01)	COUNTED	0.874	COUNTED	0.886	1
P008689	8	NAME	M206	6(N01)	COUNTED	0.913	COUNTED	0.877	1
P008689	10	NAME	M316 M206	3(N01)	COUNTED	0.879	COUNTED	0.862	1
P008689	12	NAME	M059 M206	4(N01)	COUNTED	0.884	COUNTED	0.884	1
P008689	14	NAME	M206	7(N01)	COUNTED	0.908	COUNTED	0.877	1
P008689	16	NAME	M269	1(N01)	COUNTED	0.908	COUNTED	0.860	1
P008689	17	NAME	M006	2(N14)	COUNTED	0.750	COUNTED	0.832	1
P008689	18	NAME	M029 M074 M153 M206	5(N01)	COUNTED	0.891	COUNTED	0.830	1
P008689	19	BARE	-	7(N01)	COUNTED	0.917	COUNTED	0.864	1
P008689	20	NAME	M206	1(N01)	COUNTED	0.913	COUNTED	0.863	1
P008689	22	NAME	M038	5(N01)	COUNTED	0.921	COUNTED	0.913	1
P008689	25	NAME	M269	1(N01)	COUNTED	0.927	COUNTED	0.881	1
P008689	26	BARE	-	2(N14)	COUNTED	0.781	COUNTED	0.854	1
P008689	28	NAME	M206	5(N14) 4(N01)	COUNTED	0.852	COUNTED	0.867	1
P008690	1	NAME	|M036+1(N24)|	2(N01)	COUNTED	0.802	COUNTED	0.638	1
P008690	4	BARE	-	2(N01)	COUNTED	0.781	COUNTED	0.594	1
P008690	6	NAME	M354	2(N14)	COUNTED	0.544	COUNTED	0.621	1
P008690	7	NAME	M354	2(N01)	COUNTED	0.720	COUNTED	0.475	1
P008691	0	NAME	M038 M141 |M036+1(N24)|	2(N01)	COUNTED	0.656	COUNTED	0.493	1
P008691	3	NAME	|M260+1(N30C)|	1(N01)	COUNTED	0.699	COUNTED	0.473	1
P008691	5	NAME	|M036+1(N30D)|	6(N01)	COUNTED	0.537	COUNTED	0.379	1
P008691	7	NAME	|M036+1(N30D)|	5(N01)	COUNTED	0.458	MEASURED	0.346	1
P008692	0	NAME	M340 M387 M221	6(N01)	MEASURED	0.483	MEASURED	0.579	1
P008692	1	NAME	|M036+1(N30D)|	6(N01)	MEASURED	0.593	MEASURED	0.763	1
P008692	3	NAME	M354	2(N01)	MEASURED	0.439	MEASURED	0.747	1
P008692	4	IN	M111 M387 M388 M111	1(N01)	MEASURED	0.406	MEASURED	0.683	1
P008692	5	NAME	M354	2(N01)	MEASURED	0.402	MEASURED	0.651	1
P008692	6	IN	M038 M080 M388 M024 M226 M032 M001 M260	1(N01)	MEASURED	0.379	MEASURED	0.631	1
P008692	7	NAME	M354	1(N14)	MEASURED	0.547	MEASURED	0.651	1
P008692	8	BARE	-	1(N01)	MEASURED	0.480	MEASURED	0.767	1
P008692	9	NAME	M354	1(N01)	MEASURED	0.388	MEASURED	0.716	1
P008694	2	NAME	M354	3(N14)	PERSON	0.585	PERSON	0.581	1
P008694	3	BARE	-	1(N14)	PERSON	0.403	MEASURED	0.399	1
P008694	4	NAME	M260	1(N01)	PERSON	0.634	PERSON	0.445	1
P008694	5	NAME	M354	2(N01)	PERSON	0.560	PERSON	0.562	1
P008694	8	NAME	M277	2(N01)	PERSON	0.469	PERSON	0.390	1
P008694	9	BARE	-	1(N01)	PERSON	0.479	MEASURED	0.403	1
P008694	10	NAME	M277	1(N01)	PERSON	0.629	PERSON	0.451	1
P008694	11	NAME	M354	1(N01)	PERSON	0.703	PERSON	0.569	1
P008694	13	NAME	M354	6(N01)	PERSON	0.628	PERSON	0.611	1
P008694	14	NAME	M305 M001 M221	1(N39B)	MEASURED	0.545	PERSON	0.455	1
P008696	0	NAME	M105 M080	9(N01)	ALLOT	0.388	ALLOT	0.581	0
P008697	1	NAME	M248 M021	1(N30C)	MEASURED	0.821	MEASURED	0.543	1
P008697	3	BARE	-	2(N01)	COUNTED	0.698	MEASURED	0.560	1
P008697	4	IN	M219 M296 M057 |M039+1(N30D)|	5(N01)	COUNTED	0.535	MEASURED	0.383	1
P008700	0	IN	M246 M218 M290	1(N01)	ALLOT	0.542	ALLOT	0.802	1
P008700	1	BARE	-	4(N01)	ALLOT	0.554	ALLOT	0.758	1
P008702	0	NAME	M246 M374	3(N01)	FRACLINE	0.739	FRACLINE	0.834	1
P008702	2	NAME	M203	3(N14) 2(N01)	FRACLINE	0.656	FRACLINE	0.809	1
P008703	0	IN	M124 M057 |M228+M101|	1(N39B)	MEASURED	0.551	ALLOT	0.452	0
P008704	0	NAME	M462	5(N01)	COUNTED	0.290	COUNTED	0.268	0
P008704	1	NAME	M131	2(N01)	ALLOT	0.326	ALLOT	0.410	0
P008705	0	IN	M128 M371 M290	1(N14)	ALLOT	0.816	ALLOT	0.778	1
P008706	1	BARE	-	1(N39B) 1(N24)	MEASURED	0.896	MEASURED	0.856	1
P008708	0	BARE	-	6(N14)	PERSON	0.404	PERSON	0.565	1
P008708	1	BARE	-	4(N14)	PERSON	0.651	PERSON	0.682	1
P008709	2	IN	M388 M001	4(N01)	MEASURED	0.572	MEASURED	0.751	1
P008709	5	NAME	M051 M029	1(N01)	MEASURED	0.420	MEASURED	0.728	1
P008712	0	NAME	M387 M341 M261	2(N01)	COUNTED	0.530	MEASURED	0.642	1
P008712	1	BARE	-	1(N01@b)	MEASURED	0.784	MEASURED	0.832	1
P008712	4	NAME	M387 M278	2(N01)	COUNTED	0.469	MEASURED	0.752	1
P008712	5	NAME	M354	1(N01)	MEASURED	0.386	MEASURED	0.751	1
P008713	1	BARE	-	5(N01)	ALLOT	0.556	ALLOT	0.749	1
P008713	2	NAME	M387	5(N01)	ALLOT	0.400	ALLOT	0.643	1
P008713	3	NAME	M387	5(N01)	ALLOT	0.490	ALLOT	0.722	1
P008714	0	NAME	M374	3(N01)	PERSON	0.303	PERSON	0.287	0
P008714	1	BARE	-	3(N01)	COUNTED	0.325	MEASURED	0.333	0
P008714	2	BARE	-	5(N01)	COUNTED	0.263	ALLOT	0.448	0
P008715	0	NAME	M354	4(N51) 4(N14) 1(N34@b) 2(N14@b)	MEASURED	0.349	MEASURED	0.267	0
P008715	1	NAME	|M036+1(N30D)|	6(N51) 1(N34@b)	MEASURED	0.339	ALLOT	0.405	0
P008716	1	NAME	M309	2(N01)	ALLOT	0.481	ALLOT	0.586	1
P008717	0	IN	M296 M057 M292	4(N01)	ALLOT	0.504	ALLOT	0.717	0
P008718	0	IN	|M195+M057| M147 M139 M388 M461 M057 M292	6(N01)	ALLOT	0.488	ALLOT	0.864	1
P008719	0	IN	|M195+M057| M147 M139 M388 M049 M295 M292	1(N14) 2(N01)	ALLOT	0.778	ALLOT	0.856	1
P008720	0	IN	|M195+M057| M147 M388 M251 M048 M096 M262	7(N01)	PERSON	0.467	ALLOT	0.838	1
P008722	0	NAME	|M195+X| M206	7(N01)	ALLOT	0.293	ALLOT	0.655	0
P008723	0	IN	|M195+M057| M147 M288 M297 M292	9(N01)	ALLOT	0.667	ALLOT	0.846	1
P008723	1	NAME	M262	7(N01)	PERSON	0.541	ALLOT	0.747	1
P008724	0	IN	|M195+M057| M147 M099 M461 M066 M262	1(N14) 2(N01)	ALLOT	0.755	ALLOT	0.813	1
P008726	0	NAME	|M195+M057| M147 M262 M260	4(N01)	ALLOT	0.562	ALLOT	0.830	1
P008727	1	NAME	M292	8(N01)	COUNTED	0.777	COUNTED	0.786	1
P008727	2	NAME	M262	1(N14) 2(N01)	COUNTED	0.687	COUNTED	0.686	1
P008728	0	IN	|M195+M057| M147 M139 M388 M263 M281 M292	1(N01)	COUNTED	0.359	ALLOT	0.411	0
P008728	1	NAME	M262	8(N01)	PERSON	0.403	PERSON	0.332	0
P008728	2	NAME	M153	3(N01)	PERSON	0.310	PERSON	0.309	0
P008729	0	IN	|M195+M057| M147 M387 M263 M110 M066 M292	5(N01)	ALLOT	0.508	ALLOT	0.796	1
P008729	1	NAME	M009 M262	3(N01)	ALLOT	0.589	ALLOT	0.638	1
P008730	0	NAME	M292	5(N01)	ALLOT	0.420	ALLOT	0.717	0
P008731	0	IN	|M195+M057| |M327+X| M139 M388 M332 M218 M292	6(N01)	PERSON	0.476	ALLOT	0.846	1
P008732	0	NAME	M195 M291	3(N39B@c) 1(N30D)	MEASURED	0.355	ALLOT	0.308	0
P008732	1	BARE	-	1(N14) 5(N01@b)	ALLOT	0.487	ALLOT	0.452	0
P008735	0	BARE	-	3(N01)	COUNTED	0.762	COUNTED	0.758	1
P008735	2	NAME	|M351+1(N14)|	1(N01)	COUNTED	0.928	COUNTED	0.855	1
P008735	3	BARE	-	2(N01)	COUNTED	0.913	COUNTED	0.775	1
P008735	4	NAME	M069	2(N01)	COUNTED	0.909	COUNTED	0.780	1
P008735	6	NAME	M069	2(N01)	COUNTED	0.907	COUNTED	0.815	1
P008735	7	BARE	-	2(N01)	COUNTED	0.910	COUNTED	0.772	1
P008735	8	NAME	M260	2(N01)	COUNTED	0.849	COUNTED	0.638	1
P008736	0	BARE	-	4(N48) 7(N34) 1(N45) 2(N14) 2(N01@b)	MEASURED	0.505	MEASURED	0.585	1
P008736	1	BARE	-	2(N34) 2(N45) 4(N14)	ALLOT	0.490	MEASURED	0.631	1
P008736	2	NAME	M059	7(N34) 1(N45) 4(N14) 5(N01) 1(N39B)	ALLOT	0.567	MEASURED	0.633	1
P008736	3	BARE	-	2(N45) 4(N14)	ALLOT	0.450	MEASURED	0.631	1
P008736	4	BARE	-	4(N14) 3(N01) 2(N39B)	MEASURED	0.565	MEASURED	0.687	1
P008736	6	BARE	-	2(N34) 3(N45) 1(N01) 2(N39B) 1(N24)	MEASURED	0.482	MEASURED	0.716	1
P008736	7	NAME	M136	6(N34)	ALLOT	0.400	MEASURED	0.463	1
P008736	8	BARE	-	2(N01) 2(N39B) 1(N24) 1(N45@b) 7(N14@b) 2(N39B@b)	MEASURED	0.627	MEASURED	0.632	1
P008736	9	NAME	M145	1(N45) 1(N01)	MEASURED	0.353	MEASURED	0.574	1
P008736	11	BARE	-	2(N45) 2(N14) 4(N01@b) 1(N39B@b) 1(N24@b)	MEASURED	0.647	MEASURED	0.703	1
P008736	12	BARE	-	4(N34) 2(N45) 9(N14) 1(N01) 2(N39B)	ALLOT	0.571	MEASURED	0.659	1
P008736	13	BARE	-	9(N34@b) 1(N45@b) 2(N14@b) 4(N01@b) 4(N39B@b)	MEASURED	0.550	MEASURED	0.512	1
P008737	0	NAME	M391	1(N01)	FRACLINE	0.623	FRACLINE	0.801	1
P008737	1	IN	M259 M032 M321	2(N01)	FRACLINE	0.521	FRACLINE	0.783	1
P008737	2	BARE	-	2(N01)	FRACLINE	0.674	FRACLINE	0.874	1
P008738	0	NAME	M354	1(N51) 1(N01)	PERSON	0.345	PERSON	0.295	0
P008738	1	NAME	M354	1(N51@b)	MEASURED	0.287	ALLOT	0.321	0
P008739	1	BARE	-	7(N01)	COUNTED	0.523	COUNTED	0.423	1
P008739	3	BARE	-	2(N14) 7(N01)	COUNTED	0.494	COUNTED	0.476	1
P008739	5	BARE	-	2(N14) 4(N01)	COUNTED	0.502	COUNTED	0.477	1
P008739	7	BARE	-	3(N01)	COUNTED	0.537	COUNTED	0.413	1
P008740	2	NAME	M125 M318	1(N14)	PERSON	0.828	PERSON	0.845	1
P008740	5	NAME	M246	2(N01)	PERSON	0.660	PERSON	0.680	1
P008740	7	NAME	M097	2(N01)	PERSON	0.731	PERSON	0.765	1
P008741	1	NAME	M383	1(N01) 1(N08A)	FRACLINE	0.909	FRACLINE	0.812	1
P008741	2	NAME	M059	1(N01) 1(N08A)	FRACLINE	0.893	FRACLINE	0.806	1
P008742	1	BARE	-	2(N01)	PERSON	0.603	PERSON	0.589	1
P008742	2	NAME	M377 M347 |M096+M029|	1(N01)	PERSON	0.854	PERSON	0.737	1
P008742	5	BARE	-	1(N01)	PERSON	0.745	PERSON	0.625	1
P008742	7	NAME	|M131+M388| M314 M009 M096	1(N01)	PERSON	0.724	PERSON	0.592	1
P008742	8	BARE	-	1(N14)	PERSON	0.551	PERSON	0.500	1
P008743	0	BARE	-	1(N14) 7(N01)	COUNTED	0.290	MEASURED	0.321	0
P008743	1	IN	M112 M367	4(N01)	PERSON	0.322	MEASURED	0.336	0
P008744	1	IN	M330 M057 M009	1(N01)	PERSON	0.877	PERSON	0.866	1
P008744	2	NAME	M005	1(N01)	PERSON	0.753	PERSON	0.674	1
P008744	3	NAME	M466	1(N01)	PERSON	0.758	PERSON	0.745	1
P008746	1	BARE	-	2(N45)	MEASURED	0.548	MEASURED	0.820	1
P008747	1	BARE	-	2(N45)	MEASURED	0.548	MEASURED	0.820	1
P008748	0	NAME	M305	1(N14) 5(N01)	FRACLINE	0.757	FRACLINE	0.835	1
P008749	0	BARE	-	3(N14)	ALLOT	0.421	MEASURED	0.272	0
P008749	1	NAME	M009	4(N01)	PERSON	0.400	PERSON	0.368	0
P008750	0	NAME	M352	1(N14)	ALLOT	0.537	ALLOT	0.538	0
P008751	0	BARE	-	1(N01)	COUNTED	0.617	COUNTED	0.344	1
P008751	4	NAME	M101	1(N01)	COUNTED	0.590	COUNTED	0.406	1
P008751	5	NAME	M203 M417	1(N01)	COUNTED	0.570	COUNTED	0.369	1
P008751	6	NAME	M338 M009	1(N01)	COUNTED	0.549	COUNTED	0.328	1
P008751	7	IN	M081 M009	1(N01)	COUNTED	0.605	COUNTED	0.466	1
P008751	8	BARE	-	2(N01)	COUNTED	0.543	COUNTED	0.365	1
P008751	10	BARE	-	1(N14) 4(N01)	COUNTED	0.409	COUNTED	0.420	1
P008751	11	NAME	M009	5(N01)	COUNTED	0.563	COUNTED	0.516	1
P008751	12	NAME	M143	1(N34)	COUNTED	0.351	COUNTED	0.398	1
P008751	13	BARE	-	5(N01) 3(N39B) 1(N24) 1(N30C)	MEASURED	0.492	COUNTED	0.305	1
P008752	0	NAME	|M036+1(N30D)|	1(N01) 1(N30D) 1(N39C) 3(N14@b)	MEASURED	0.735	MEASURED	0.815	1
P008752	2	NAME	M223	1(N01)	MEASURED	0.479	MEASURED	0.859	1
P008752	4	BARE	-	5(N01)	MEASURED	0.588	MEASURED	0.843	1
P008752	5	BARE	-	4(N01)	MEASURED	0.626	MEASURED	0.818	1
P008752	6	BARE	-	1(N01)	MEASURED	0.481	MEASURED	0.807	1
P008754	0	NAME	M056	4(N34)	ALLOT	0.913	ALLOT	0.929	1
P008754	2	BARE	-	4(N01)	ALLOT	0.636	ALLOT	0.804	1
P008754	3	BARE	-	5(N14)	ALLOT	0.796	ALLOT	0.753	1
P008754	4	BARE	-	2(N14) 3(N01) 1(N30C)	ALLOT	0.770	ALLOT	0.788	1
P008755	0	NAME	M056	1(N34) 3(N14)	ALLOT	0.729	ALLOT	0.732	0
P008755	1	IN	M010 |M305+M365|	1(N14) 5(N01)	PERSON	0.330	PERSON	0.298	0
P008755	2	NAME	M111	1(N34) 2(N14) 5(N01)	ALLOT	0.533	ALLOT	0.385	0
P008756	1	BARE	-	1(N30C)	MEASURED	0.824	MEASURED	0.611	1
P008756	4	BARE	-	3(N39B)	MEASURED	0.854	MEASURED	0.777	1
P008756	7	BARE	-	1(N01)	MEASURED	0.411	MEASURED	0.743	1
P008757	0	NAME	M056	5(N14)	ALLOT	0.784	ALLOT	0.858	0
P008758	0	BARE	-	4(N01)	ALLOT	0.313	ALLOT	0.486	0
P008759	1	NAME	M417	1(N01)	PERSON	0.499	COUNTED	0.400	1
P008759	2	NAME	|M136+M365| |M317+X|	1(N01)	PERSON	0.574	PERSON	0.475	1
P008759	5	NAME	|M153+M205| M105	1(N01)	PERSON	0.527	PERSON	0.423	1
P008759	6	NAME	M325 M038	1(N01)	PERSON	0.484	PERSON	0.367	1
P008759	7	NAME	|M136+M365| M041	1(N01)	PERSON	0.554	PERSON	0.467	1
P008759	8	IN	M054 |M175+M288|	1(N01)	PERSON	0.520	COUNTED	0.479	1
P008759	9	IN	M054 M417	1(N01)	PERSON	0.562	PERSON	0.434	1
P008759	10	NAME	|M136+M365|	1(N01)	PERSON	0.547	PERSON	0.451	1
P008759	11	NAME	M136 M203	1(N01)	PERSON	0.558	PERSON	0.460	1
P008759	13	NAME	M175 |M136+M365|	1(N01)	PERSON	0.458	COUNTED	0.438	1
P008759	14	NAME	|M136+M365| M029	1(N01)	PERSON	0.587	PERSON	0.512	1
P008759	15	IN	M054 M266 M305	1(N01)	PERSON	0.587	PERSON	0.517	1
P008759	16	NAME	M059	1(N01)	PERSON	0.538	PERSON	0.498	1
P008759	18	NAME	M126 M417	1(N01)	PERSON	0.579	PERSON	0.532	1
P008759	20	NAME	M468 |M054+M365+M054|	1(N01)	PERSON	0.508	COUNTED	0.411	1
P008759	21	NAME	M252 M131	1(N01)	PERSON	0.560	COUNTED	0.402	1
P008759	22	NAME	|M136+M365| M001	1(N01)	PERSON	0.579	PERSON	0.484	1
P008759	23	BARE	-	1(N01)	PERSON	0.402	COUNTED	0.339	1
P008759	24	NAME	M382 M009	2(N01)	PERSON	0.457	PERSON	0.465	1
P008759	25	NAME	M387	2(N01)	COUNTED	0.487	COUNTED	0.465	1
P008759	26	NAME	M203	1(N01)	PERSON	0.569	PERSON	0.498	1
P008759	27	NAME	|M153+M205|	1(N01)	PERSON	0.533	PERSON	0.428	1
P008759	28	NAME	M387	1(N01)	PERSON	0.492	COUNTED	0.465	1
P008759	29	IN	M387 M054 M001	1(N01)	PERSON	0.548	PERSON	0.422	1
P008759	30	BARE	-	1(N01)	PERSON	0.429	PERSON	0.351	1
P008759	32	NAME	M176 M131	1(N01)	PERSON	0.554	PERSON	0.418	1
P008759	33	NAME	M252	1(N01)	PERSON	0.516	COUNTED	0.429	1
P008759	34	BARE	-	1(N01)	PERSON	0.409	COUNTED	0.345	1
P008759	37	NAME	M136	1(N01)	COUNTED	0.444	COUNTED	0.542	1
P008759	38	NAME	M175	2(N14) 1(N01)	PERSON	0.436	COUNTED	0.493	1
P008759	39	NAME	M123 |M054+M365+M054|	1(N01)	PERSON	0.561	PERSON	0.465	1
P008759	40	NAME	M136 M041	1(N01)	PERSON	0.517	PERSON	0.425	1
P008759	41	NAME	M051	1(N01)	PERSON	0.434	COUNTED	0.501	1
P008759	42	NAME	M205 |M305+M153|	1(N01)	PERSON	0.487	COUNTED	0.403	1
P008759	44	NAME	M125 M417	1(N01)	PERSON	0.536	PERSON	0.454	1
P008759	45	NAME	M157 M469	1(N01)	PERSON	0.506	PERSON	0.409	1
P008759	46	NAME	M341	1(N01)	PERSON	0.506	COUNTED	0.370	1
P008759	47	NAME	|M175+M153| |M054+M365+M054|	1(N01)	PERSON	0.518	COUNTED	0.405	1
P008759	48	NAME	M470 M101	1(N01)	PERSON	0.540	PERSON	0.435	1
P008759	49	IN	M102 M341	1(N01)	PERSON	0.506	COUNTED	0.370	1
P008759	50	NAME	M157 M314	2(N01)	COUNTED	0.489	COUNTED	0.484	1
P008759	51	NAME	M470	1(N01)	PERSON	0.536	PERSON	0.433	1
P008759	52	NAME	|M175+M153|	1(N01)	PERSON	0.536	PERSON	0.433	1
P008759	53	NAME	M341	1(N01)	PERSON	0.506	COUNTED	0.370	1
P008759	54	NAME	M305	1(N01)	PERSON	0.561	PERSON	0.517	1
P008759	55	NAME	|M175+M038|	1(N01)	PERSON	0.546	PERSON	0.458	1
P008759	56	NAME	M365	1(N01)	PERSON	0.512	PERSON	0.417	1
P008759	58	NAME	|M136+M365| M131	1(N01)	PERSON	0.498	PERSON	0.422	1
P008759	61	NAME	M205 M318	1(N01)	PERSON	0.625	PERSON	0.592	1
P008759	63	NAME	M059 M111	1(N01)	PERSON	0.506	COUNTED	0.423	1
P008759	64	NAME	M136 M001	1(N01)	PERSON	0.557	PERSON	0.454	1
P008759	65	NAME	M210 M153	1(N01)	PERSON	0.620	PERSON	0.565	1
P008759	66	IN	M124 M341	1(N01)	PERSON	0.451	COUNTED	0.399	1
P008759	68	NAME	M157	1(N01)	COUNTED	0.453	COUNTED	0.465	1
P008759	69	NAME	|M175+M038| M029	2(N01)	PERSON	0.469	PERSON	0.535	1
P008759	70	NAME	M325	1(N01)	PERSON	0.545	PERSON	0.506	1
P008759	71	BARE	-	1(N01)	PERSON	0.411	PERSON	0.335	1
P008759	72	NAME	M325 M005	1(N01)	PERSON	0.481	PERSON	0.421	1
P008759	74	IN	M384 M054 M001	1(N01)	PERSON	0.623	PERSON	0.557	1
P008759	75	NAME	M006 M158	1(N01)	PERSON	0.539	PERSON	0.437	1
P008759	76	NAME	M136 M105	1(N01)	PERSON	0.541	PERSON	0.456	1
P008759	77	NAME	M175	1(N01)	PERSON	0.474	COUNTED	0.486	1
P008759	78	NAME	M175 M341	1(N01)	PERSON	0.471	COUNTED	0.432	1
P008759	79	NAME	M417	1(N01)	PERSON	0.538	PERSON	0.492	1
P008759	81	NAME	M384 |M175+M153|	1(N01)	PERSON	0.588	PERSON	0.527	1
P008759	82	NAME	M286 M001	1(N01)	PERSON	0.565	PERSON	0.431	1
P008759	83	IN	M124 M417	1(N01)	PERSON	0.518	PERSON	0.423	1
P008759	85	NAME	M059 M041	1(N01)	PERSON	0.484	PERSON	0.387	1
P008759	86	NAME	M327	1(N01)	PERSON	0.552	PERSON	0.465	1
P008759	87	NAME	M210 |M136+M365|	1(N01)	PERSON	0.548	PERSON	0.481	1
P008760	0	NAME	|M304+M304| M278	1(N01)	PERSON	0.382	ALLOT	0.328	0
P008760	1	NAME	M269	5(N01)	COUNTED	0.326	PERSON	0.338	0
P008760	2	NAME	M354	5(N14)	PERSON	0.369	PERSON	0.381	0
P008760	3	NAME	M157 M278	1(N01)	PERSON	0.407	PERSON	0.321	0
P008760	4	NAME	M354	3(N14)	PERSON	0.392	PERSON	0.384	0
P008760	5	BARE	-	2(N01) 4(N39B) 1(N24) 1(N30C)	MEASURED	0.491	ALLOT	0.344	0
P008761	0	NAME	M056	2(N14) 2(N01)	ALLOT	0.796	ALLOT	0.904	1
P008761	1	NAME	M387 M056	1(N14) 4(N01)	ALLOT	0.819	ALLOT	0.862	1
P008762	0	BARE	-	2(N14) 3(N01)	ALLOT	0.445	ALLOT	0.507	0
P008764	0	NAME	M056	1(N34) 3(N14) 3(N01)	ALLOT	0.832	ALLOT	0.897	1
P008765	0	NAME	M417	8(N01)	COUNTED	0.317	PERSON	0.270	0
P008765	1	NAME	M348	5(N14)	PERSON	0.299	COUNTED	0.341	0
P008765	2	BARE	-	1(N01)	COUNTED	0.448	COUNTED	0.286	0
P008765	3	BARE	-	1(N14) 3(N01)	COUNTED	0.351	COUNTED	0.320	0
P008765	4	BARE	-	1(N01)	COUNTED	0.482	ALLOT	0.367	0
P008766	0	NAME	M387 M056	1(N34) 5(N14) 6(N01)	ALLOT	0.835	ALLOT	0.860	1
P008767	0	NAME	M041 M318	2(N01)	PERSON	0.688	PERSON	0.836	1
P008767	1	NAME	M059	2(N01)	PERSON	0.709	PERSON	0.826	1
P008767	2	BARE	-	2(N01)	PERSON	0.624	PERSON	0.740	1
P008767	4	NAME	M357	2(N01)	PERSON	0.803	PERSON	0.892	1
P008767	5	NAME	M240	2(N01)	PERSON	0.742	PERSON	0.864	1
P008768	0	NAME	M136	2(N51)	PERSON	0.301	COUNTED	0.321	0
P008768	1	NAME	M348	2(N51)	PERSON	0.437	PERSON	0.317	0
P008768	2	NAME	M327	1(N51)	PERSON	0.470	PERSON	0.360	0
P008768	3	NAME	M278	5(N01)	PERSON	0.381	PERSON	0.321	0
P008769	0	NAME	M286	2(N14)	ALLOT	0.528	ALLOT	0.427	0
P008770	2	NAME	M059	1(N30C)	MEASURED	0.631	PERSON	0.490	1
P008770	3	NAME	M305	2(N30C)	MEASURED	0.651	PERSON	0.554	1
P008770	4	NAME	M387	1(N24)	MEASURED	0.635	PERSON	0.406	1
P008770	5	BARE	-	1(N30C)	MEASURED	0.830	MEASURED	0.519	1
P008771	0	BARE	-	2(N14)	ALLOT	0.352	ALLOT	0.298	0
P008771	1	NAME	M030	3(N14) 6(N01)	PERSON	0.348	PERSON	0.321	0
P008771	2	BARE	-	3(N01)	COUNTED	0.321	MEASURED	0.281	0
P008771	3	BARE	-	2(N01)	COUNTED	0.299	ALLOT	0.367	0
P008772	0	BARE	-	5(N14) 8(N01)	ALLOT	0.706	ALLOT	0.671	1
P008773	0	NAME	M302	1(N34)	PERSON	0.520	PERSON	0.580	1
P008773	1	NAME	M209	2(N14)	PERSON	0.802	PERSON	0.820	1
P008773	2	NAME	M051	3(N14) 2(N01)	PERSON	0.782	PERSON	0.681	1
P008773	3	NAME	M209	6(N01)	PERSON	0.863	PERSON	0.864	1
P008773	5	NAME	|M136+X|	2(N14)	PERSON	0.836	PERSON	0.826	1
P008773	6	BARE	-	2(N14)	PERSON	0.575	PERSON	0.591	1
P008775	1	NAME	M387	1(N14) 3(N01)	COUNTED	0.679	COUNTED	0.838	1
P008776	1	IN	M003 M367	2(N01)	COUNTED	0.624	COUNTED	0.419	1
P008776	4	NAME	M367	1(N14)	COUNTED	0.467	COUNTED	0.465	1
P008776	5	BARE	-	1(N01)	COUNTED	0.633	COUNTED	0.499	1
P008778	1	BARE	-	1(N14) 4(N01)	COUNTED	0.643	COUNTED	0.758	1
P008778	2	NAME	M367	2(N01)	COUNTED	0.734	COUNTED	0.574	1
P008779	2	NAME	M203 M001 M004	2(N01)	COUNTED	0.857	COUNTED	0.771	1
P008780	0	NAME	M009	1(N01)	PERSON	0.333	MEASURED	0.343	1
P008780	1	NAME	M302	3(N01)	COUNTED	0.378	MEASURED	0.630	1
P008782	0	NAME	M328 M293	2(N30C@b)	MEASURED	0.734	MEASURED	0.619	1
P008782	2	BARE	-	1(N30C)	MEASURED	0.861	MEASURED	0.810	1
P008783	0	NAME	M125 M193	1(N24) 1(N30C)	MEASURED	0.776	MEASURED	0.394	1
P008783	2	BARE	-	2(N30C)	MEASURED	0.850	MEASURED	0.654	1
P008783	3	NAME	|M278+M124|	1(N30C)	MEASURED	0.849	MEASURED	0.530	1
P008783	5	NAME	M325	1(N30C)	MEASURED	0.797	MEASURED	0.410	1
P008784	1	NAME	M352 M302	2(N01)	ALLOT	0.669	ALLOT	0.828	1
P008784	2	IN	M263 M380	3(N14) 2(N01)	ALLOT	0.717	ALLOT	0.703	1
P008785	0	IN	M346 M365	1(N14) 2(N01)	COUNTED	0.479	COUNTED	0.579	1
P008785	1	NAME	M105	2(N01)	COUNTED	0.562	COUNTED	0.516	1
P008785	2	NAME	M111	2(N01)	COUNTED	0.573	COUNTED	0.529	1
P008785	3	NAME	M145	1(N01)	PERSON	0.502	PERSON	0.584	1
P008785	4	NAME	M136	2(N01)	COUNTED	0.608	COUNTED	0.629	1
P008785	5	BARE	-	2(N01)	COUNTED	0.593	COUNTED	0.557	1
P008785	7	BARE	-	2(N01)	COUNTED	0.634	COUNTED	0.588	1
P008785	8	BARE	-	2(N01)	COUNTED	0.602	COUNTED	0.557	1
P008785	10	NAME	M001	1(N01)	COUNTED	0.519	PERSON	0.460	1
P008785	11	IN	M124 M009	1(N01)	COUNTED	0.490	PERSON	0.512	1
P008786	0	BARE	-	4(N39B) 1(N30C)	MEASURED	0.677	ALLOT	0.470	0
P008788	1	NAME	M292	1(N14) 3(N01)	COUNTED	0.652	COUNTED	0.719	1
P008788	3	NAME	M269	1(N01)	COUNTED	0.845	COUNTED	0.656	1
P008788	5	NAME	M009	4(N01)	COUNTED	0.751	COUNTED	0.744	1
P008788	6	NAME	M367	8(N14) 8(N01)	COUNTED	0.713	COUNTED	0.572	1
P008788	7	NAME	M269	1(N14) 3(N01)	COUNTED	0.693	COUNTED	0.698	1
P008788	9	NAME	M367	1(N23) 2(N14) 2(N01)	COUNTED	0.617	COUNTED	0.609	1
P008788	11	NAME	M341	1(N14) 8(N01)	COUNTED	0.716	COUNTED	0.700	1
P008788	12	NAME	M009	1(N14) 6(N01)	COUNTED	0.751	COUNTED	0.747	1
P008788	13	BARE	-	3(N01)	COUNTED	0.789	COUNTED	0.625	1
P008788	14	BARE	-	3(N14) 2(N01)	COUNTED	0.745	COUNTED	0.563	1
P008788	16	NAME	M009	8(N01)	COUNTED	0.787	COUNTED	0.737	1
P008788	17	NAME	M260	8(N01)	COUNTED	0.780	COUNTED	0.627	1
P008788	19	NAME	M292	2(N01)	COUNTED	0.843	COUNTED	0.704	1
P008788	21	NAME	M341	2(N01)	COUNTED	0.850	COUNTED	0.703	1
P008788	24	NAME	M367	1(N14) 5(N01)	COUNTED	0.680	COUNTED	0.589	1
P008788	25	NAME	M269	1(N01)	COUNTED	0.824	COUNTED	0.599	1
P008788	27	NAME	M269	1(N01)	COUNTED	0.828	COUNTED	0.560	1
P008788	29	BARE	-	1(N14) 5(N01)	COUNTED	0.737	COUNTED	0.592	1
P008788	30	NAME	M111	6(N14) 1(N01) 2(N39B) 1(N24)	MEASURED	0.427	COUNTED	0.658	1
P008788	31	BARE	-	2(N34) 4(N14) 8(N01)	COUNTED	0.659	COUNTED	0.535	1
P008789	0	BARE	-	1(N01)	COUNTED	0.282	ALLOT	0.272	0
P008789	1	IN	M218 M296 M246 M302	2(N01)	ALLOT	0.316	ALLOT	0.500	0
P008790	1	NAME	M051	1(N01)	PERSON	0.494	ALLOT	0.445	1
P008790	3	NAME	M001	3(N01)	ALLOT	0.416	ALLOT	0.510	1
P008790	4	NAME	M041	1(N01)	PERSON	0.496	ALLOT	0.439	1
P008790	5	NAME	M367	2(N01) 2(N39B)	ALLOT	0.592	ALLOT	0.377	1
P008790	6	IN	M320 M387	1(N39B)	ALLOT	0.346	ALLOT	0.417	1
P008790	7	NAME	M205	1(N39B)	ALLOT	0.397	ALLOT	0.513	1
P008790	8	BARE	-	2(N39B)	ALLOT	0.488	ALLOT	0.574	1
P008790	9	NAME	M387	2(N01)	PERSON	0.381	ALLOT	0.420	1
P008790	10	NAME	M289	2(N39B)	ALLOT	0.423	ALLOT	0.458	1
P008790	11	BARE	-	1(N39B)	ALLOT	0.475	ALLOT	0.538	1
P008791	0	NAME	M056	2(N34) 8(N01)	ALLOT	0.762	ALLOT	0.914	1
P008792	0	NAME	M056	2(N14)	ALLOT	0.643	ALLOT	0.758	0
P008792	1	NAME	M375	5(N01)	PERSON	0.279	ALLOT	0.309	0
P008793	0	NAME	M056	1(N14) 6(N01)	ALLOT	0.668	ALLOT	0.876	0
P008794	0	NAME	M056	2(N45)	ALLOT	0.749	ALLOT	0.758	0
P008794	1	BARE	-	1(N45) 2(N14)	ALLOT	0.744	ALLOT	0.429	0
P008796	0	NAME	M305 M041 M056	2(N01) 1(N8B)	FRACLINE	0.342	ALLOT	0.585	0
P008796	1	NAME	M001	1(N01)	PERSON	0.432	ALLOT	0.329	0
P008797	0	NAME	M305 M206 M206 M056	4(N01)	ALLOT	0.427	ALLOT	0.599	0
P008797	1	NAME	M286	1(N01) 3(N39B)	ALLOT	0.657	ALLOT	0.341	0
P008798	0	NAME	M305 M041 M056	3(N01) 1(N8B)	ALLOT	0.606	ALLOT	0.883	1
P008799	0	NAME	M305 M041 M056	1(N01)	ALLOT	0.638	ALLOT	0.880	1
P008800	0	NAME	M305 M041 M056	2(N01)	ALLOT	0.665	ALLOT	0.883	1
P008801	0	NAME	M305 M056	6(N01)	ALLOT	0.507	ALLOT	0.858	1
P008802	0	NAME	M305 M056	4(N01)	ALLOT	0.573	ALLOT	0.863	1
P008803	0	IN	M157 M010 M056	3(N14)	ALLOT	0.620	ALLOT	0.632	0
P008803	1	NAME	|M136+M365|	1(N14) 5(N01)	PERSON	0.361	PERSON	0.374	0
P008803	2	NAME	M471	5(N01) 1(N14)	ALLOT	0.426	ALLOT	0.303	0
P008804	0	NAME	M056	4(N14) 2(N01)	ALLOT	0.815	ALLOT	0.904	1
P008805	0	NAME	M056	1(N34) 5(N14) 1(N01) 1(N8B)	ALLOT	0.705	ALLOT	0.904	1
P008806	0	NAME	M056	2(N45)	ALLOT	0.721	ALLOT	0.739	0
P008806	1	NAME	M384	3(N14)	PERSON	0.412	PERSON	0.441	0
P008806	2	NAME	M195	3(N14)	PERSON	0.382	PERSON	0.285	0
P008806	3	BARE	-	3(N14)	PERSON	0.288	MEASURED	0.284	0
P008806	4	NAME	M136	6(N14)	ALLOT	0.291	COUNTED	0.380	0
P008806	5	BARE	-	1(N14)	PERSON	0.290	COUNTED	0.273	0
P008806	6	NAME	M286	1(N14)	PERSON	0.361	COUNTED	0.339	0
P008806	7	NAME	M305	3(N14)	PERSON	0.393	PERSON	0.380	0
P008807	0	NAME	M056	1(N14)	ALLOT	0.877	ALLOT	0.894	1
P008808	0	NAME	M056	3(N23) 3(N14) 1(N01)	ALLOT	0.583	ALLOT	0.904	1
P008808	1	NAME	M305	1(N14) 4(N01)	ALLOT	0.569	ALLOT	0.605	1
P008808	2	BARE	-	5(N01)	ALLOT	0.520	ALLOT	0.765	1
P008809	0	NAME	M305	1(N14)	ALLOT	0.433	ALLOT	0.405	0
P008810	0	NAME	M056	5(N14)	ALLOT	0.934	ALLOT	0.904	1
P008811	0	BARE	-	1(N01)	COUNTED	0.925	COUNTED	0.780	1
P008813	0	IN	M305 M388 M218 M246 M218 M387 M260	4(N01)	PERSON	0.311	PERSON	0.307	0
P008813	1	NAME	|M036+1(N14)|	2(N14)	ALLOT	0.477	ALLOT	0.417	0
P008817	1	NAME	|M036+1(N14)|	4(N14)	COUNTED	0.563	COUNTED	0.770	1
P008818	0	NAME	M260	1(N14) 8(N01)	ALLOT	0.481	ALLOT	0.539	0
P008820	0	IN	M104 M295 M222 M218 M269	1(N01)	PERSON	0.362	COUNTED	0.308	0
P008820	1	BARE	-	1(N01)	COUNTED	0.407	MEASURED	0.273	0
P008820	2	NAME	|M036+1(N14)|	1(N14)	ALLOT	0.342	ALLOT	0.378	0
P008821	0	IN	M346 M001	3(N14) 9(N01)	COUNTED	0.678	COUNTED	0.744	1
P008821	2	NAME	M251	1(N23) 6(N14) 5(N01)	COUNTED	0.730	COUNTED	0.798	1
P008822	0	NAME	M277	5(N01)	COUNTED	0.843	COUNTED	0.805	1
P008822	2	BARE	-	1(N01)	COUNTED	0.880	COUNTED	0.799	1
P008822	3	BARE	-	1(N01)	COUNTED	0.861	COUNTED	0.735	1
P008823	0	NAME	M210	1(N14) 4(N01)	ALLOT	0.498	ALLOT	0.324	0
P008824	0	NAME	M210 M302	5(N01)	COUNTED	0.268	ALLOT	0.301	0
P008824	1	BARE	-	3(N01)	ALLOT	0.312	ALLOT	0.375	0
P008825	0	NAME	|M260+1(N24)|	1(N01)	PERSON	0.760	PERSON	0.737	1
P008825	1	NAME	M354	5(N01)	PERSON	0.781	PERSON	0.835	1
P008825	2	NAME	M009 |M260+1(N24)|	1(N01)	PERSON	0.803	PERSON	0.843	1
P008825	3	NAME	M354	1(N01)	PERSON	0.881	PERSON	0.875	1
P008825	5	BARE	-	1(N01)	PERSON	0.783	PERSON	0.747	1
P008825	6	NAME	M354	5(N01)	PERSON	0.742	PERSON	0.797	1
P008826	0	NAME	M304 M354	1(N14)	ALLOT	0.436	COUNTED	0.264	0
P008826	1	NAME	M111 M354	3(N01)	PERSON	0.355	PERSON	0.332	0
P008826	2	NAME	M383 M354	1(N14) 1(N14@b)	ALLOT	0.468	ALLOT	0.329	0
P008827	0	BARE	-	5(N01)	COUNTED	0.854	COUNTED	0.789	1
P008827	1	NAME	M153	2(N01)	COUNTED	0.862	COUNTED	0.810	1
P008827	2	NAME	M122	2(N01)	COUNTED	0.816	COUNTED	0.714	1
P008827	5	NAME	M099	2(N01)	COUNTED	0.880	COUNTED	0.823	1
P008827	7	IN	M124 M009	1(N01)	COUNTED	0.882	COUNTED	0.836	1
P008827	8	BARE	-	2(N14) 3(N01)	COUNTED	0.739	COUNTED	0.833	1
P008827	9	BARE	-	2(N01)	COUNTED	0.889	COUNTED	0.833	1
P008827	10	NAME	M009	1(N01)	COUNTED	0.873	COUNTED	0.842	1
P008827	11	BARE	-	1(N01)	COUNTED	0.922	COUNTED	0.827	1
P008827	12	NAME	M304	4(N01)	COUNTED	0.753	COUNTED	0.768	1
P008829	1	NAME	M006	3(N01)	COUNTED	0.776	COUNTED	0.764	1
P008831	0	BARE	-	1(N14) 4(N01)	ALLOT	0.464	ALLOT	0.465	0
P008832	0	NAME	M246	5(N01) 1(N39B)	ALLOT	0.634	ALLOT	0.524	0
P008833	0	NAME	M247	3(N39B) 1(N24)	MEASURED	0.623	MEASURED	0.271	0
P008833	1	BARE	-	2(N39B) 1(N24)	ALLOT	0.459	ALLOT	0.371	0
P008836	2	NAME	M142	1(N14)	COUNTED	0.470	COUNTED	0.457	1
P008837	1	NAME	M246	3(N01)	FRACLINE	0.717	FRACLINE	0.815	1
P008838	0	BARE	-	1(N14) 2(N01)	COUNTED	0.292	COUNTED	0.247	0
P008838	1	NAME	M339 M293	1(N39B)	MEASURED	0.511	PERSON	0.325	0
P008838	2	NAME	M136	1(N01)	COUNTED	0.432	COUNTED	0.408	0
P008838	3	NAME	M209	2(N39B) 1(N24) 2(N30D)	MEASURED	0.590	PERSON	0.331	0
P008838	4	BARE	-	1(N39B) 1(N24) 1(N30C)	MEASURED	0.728	COUNTED	0.296	0
P008838	5	BARE	-	1(N01)	COUNTED	0.405	COUNTED	0.296	0
P008838	6	NAME	M006	1(N14) 2(N01)	COUNTED	0.335	COUNTED	0.318	0
P008838	7	BARE	-	4(N01)	MEASURED	0.306	COUNTED	0.296	0
P008838	8	IN	M054 M305	3(N01)	COUNTED	0.384	PERSON	0.416	0
P008838	9	BARE	-	2(N39B)	MEASURED	0.605	COUNTED	0.296	0
P008838	10	BARE	-	2(N39B) 1(N24) 1(N30C)	MEASURED	0.761	COUNTED	0.293	0
P008838	11	BARE	-	2(N39B) 1(N24)	MEASURED	0.596	COUNTED	0.293	0
P008838	12	BARE	-	1(N39B)	MEASURED	0.641	ALLOT	0.307	0
P008839	0	NAME	M006	1(N01)	PERSON	0.365	COUNTED	0.278	0
P008839	1	NAME	M365	1(N01)	PERSON	0.399	COUNTED	0.308	0
P008839	2	NAME	M210	1(N01)	PERSON	0.465	PERSON	0.475	0
P008839	3	NAME	M136	1(N01)	COUNTED	0.423	COUNTED	0.403	0
P008839	4	NAME	M328	1(N01)	COUNTED	0.391	COUNTED	0.322	0
P008839	5	NAME	M001	9(N01)	PERSON	0.365	PERSON	0.384	0
P008839	6	NAME	M001	4(N01)	PERSON	0.405	PERSON	0.381	0
P008839	7	NAME	M447 M001	1(N01)	PERSON	0.421	COUNTED	0.307	0
P008839	8	NAME	M136	1(N01)	COUNTED	0.409	COUNTED	0.400	0
P008839	9	BARE	-	6(N01)	COUNTED	0.432	COUNTED	0.328	0
P008839	10	NAME	M001	1(N14) 6(N01)	PERSON	0.380	PERSON	0.285	0
P008840	0	NAME	M359	1(N14) 3(N01)	COUNTED	0.610	COUNTED	0.772	1
P008840	1	NAME	M367	5(N01)	COUNTED	0.824	COUNTED	0.659	1
P008842	0	NAME	M341	2(N01)	ALLOT	0.436	ALLOT	0.572	0
P008843	0	NAME	M359	7(N14) 8(N01)	ALLOT	0.484	PERSON	0.470	1
P008843	2	BARE	-	7(N01)	PERSON	0.478	ALLOT	0.426	1
P008843	3	NAME	M074	1(N01)	PERSON	0.646	PERSON	0.498	1
P008844	0	BARE	-	1(N51) 4(N23) 5(N14) 6(N01)	ALLOT	0.457	ALLOT	0.670	1
P008844	2	NAME	M059 M454	9(N23) 7(N14) 3(N01)	PERSON	0.677	ALLOT	0.433	1
P008845	0	NAME	M061	6(N01)	PERSON	0.502	PERSON	0.472	1
P008847	0	IN	M054 M354	1(N01)	PERSON	0.652	PERSON	0.535	1
P008847	1	NAME	M059	2(N14)	PERSON	0.630	PERSON	0.586	1
P008847	2	NAME	M327	4(N14)	PERSON	0.691	PERSON	0.660	1
P008847	5	NAME	M006	2(N01)	PERSON	0.654	PERSON	0.648	1
P008847	6	BARE	-	1(N14) 1(N14@b)	MEASURED	0.391	PERSON	0.414	1
P008847	7	BARE	-	2(N01)	PERSON	0.500	PERSON	0.421	1
P008847	8	BARE	-	5(N01@b)	PERSON	0.411	PERSON	0.421	1
P008847	9	NAME	M157 M354	1(N14)	PERSON	0.625	PERSON	0.509	1
P008847	10	BARE	-	3(N14)	PERSON	0.497	PERSON	0.382	1
P008847	12	NAME	M354	2(N51) 1(N34) 1(N14) 5(N01)	PERSON	0.530	PERSON	0.457	1
P008848	3	BARE	-	1(N24) 2(N30C)	ALLOT	0.582	ALLOT	0.707	1
P008850	0	NAME	M354	1(N14@b) 2(N01@b)	ALLOT	0.284	PERSON	0.298	0
P008850	1	NAME	M354	8(N01)	PERSON	0.382	PERSON	0.355	0
P008850	2	NAME	M111 M354	1(N14) 9(N01) 2(N01@b) 2(N01)	ALLOT	0.410	ALLOT	0.336	0
P008851	1	BARE	-	1(N01) 3(N39B)	MEASURED	0.903	MEASURED	0.808	1
P008851	2	BARE	-	1(N01) 4(N39B)	MEASURED	0.853	MEASURED	0.756	1
P008851	3	NAME	M382	1(N01) 1(N39B)	MEASURED	0.801	MEASURED	0.537	1
P008851	4	NAME	M136	2(N01) 1(N39B)	MEASURED	0.850	MEASURED	0.633	1
P008851	6	BARE	-	3(N39B)	MEASURED	0.880	MEASURED	0.826	1
P008853	0	NAME	M224	3(N01)	ALLOT	0.288	ALLOT	0.318	0
P008853	1	BARE	-	2(N01)	ALLOT	0.279	ALLOT	0.440	0
P008854	2	BARE	-	3(N01) 1(N8B)	FRACLINE	0.924	FRACLINE	0.794	1
P008857	0	NAME	M344	1(N51) 1(N34) 8(N01)	PERSON	0.280	PERSON	0.260	0
P008857	1	NAME	M354	1(N14) 4(N01)	PERSON	0.335	PERSON	0.361	0
P008857	2	NAME	M001	8(N01)	PERSON	0.397	PERSON	0.387	0
P008857	3	BARE	-	3(N01) 4(N39B) 1(N24)	ALLOT	0.578	ALLOT	0.326	0
P008858	0	NAME	M344 M001	5(N14) 2(N01)	PERSON	0.287	ALLOT	0.272	0
P008858	1	BARE	-	1(N14@b) 5(N01@b)	MEASURED	0.449	COUNTED	0.298	0
P008858	2	NAME	M269	2(N01)	COUNTED	0.304	ALLOT	0.336	0
P008859	2	BARE	-	1(N45) 9(N14)	COUNTED	0.390	COUNTED	0.494	1
P008859	3	BARE	-	1(N39B) 1(N24)	MEASURED	0.549	COUNTED	0.366	1
P008860	2	BARE	-	2(N01)	ALLOT	0.680	ALLOT	0.679	1
P008861	0	NAME	M009	1(N39B) 1(N24)	ALLOT	0.575	ALLOT	0.390	0
P008862	0	NAME	M056	4(N01) 1(N8B)	ALLOT	0.554	ALLOT	0.897	1
P008863	0	IN	M054 M001	5(N01)	PERSON	0.431	PERSON	0.463	1
P008863	1	NAME	M001	0(n)	PERSON	0.614	PERSON	0.598	1
P008863	3	NAME	|M351+1(N14)|	4(N01)	COUNTED	0.470	COUNTED	0.449	1
P008863	6	NAME	M001	1(N24)	PERSON	0.439	PERSON	0.575	1
P008863	8	BARE	-	2(N14) 1(N01)	COUNTED	0.462	COUNTED	0.427	1
P008863	9	BARE	-	1(N14) 3(N01)	COUNTED	0.404	COUNTED	0.366	1
P008864	0	IN	M346 M105	1(N01)	PERSON	0.454	ALLOT	0.317	0
P008864	1	BARE	-	1(N01)	COUNTED	0.411	COUNTED	0.280	0
P008864	2	BARE	-	1(N01)	COUNTED	0.398	COUNTED	0.280	0
P008864	3	NAME	M363	1(N01)	PERSON	0.443	PERSON	0.279	0
P008865	0	NAME	M387	1(N30C) 1(N30D)	MEASURED	0.878	MEASURED	0.603	1
P008866	1	NAME	M193 M387	1(N01)	ALLOT	0.602	ALLOT	0.822	1
P008869	0	IN	M263 M064	1(N08A)	PERSON	0.653	PERSON	0.797	1
P008870	0	NAME	M038	1(N14)	ALLOT	0.534	ALLOT	0.504	0
P008871	0	NAME	M327	2(N01)	COUNTED	0.309	PERSON	0.266	0
P008871	1	BARE	-	3(N01)	COUNTED	0.378	COUNTED	0.280	0
P008871	2	BARE	-	1(N24)	MEASURED	0.615	COUNTED	0.280	0
P008871	3	BARE	-	2(N01)	COUNTED	0.455	MEASURED	0.281	0
P008871	4	NAME	M153	1(N01)	PERSON	0.431	PERSON	0.421	0
P008871	5	BARE	-	1(N01)	COUNTED	0.431	COUNTED	0.273	0
P008871	6	NAME	M387 M009 M001	1(N01)	COUNTED	0.408	PERSON	0.327	0
P008871	7	NAME	M387 M001	1(N01)	PERSON	0.420	PERSON	0.374	0
P008871	8	NAME	M387	1(N01)	COUNTED	0.424	COUNTED	0.274	0
P008872	0	NAME	M471	4(N01)	COUNTED	0.770	COUNTED	0.794	1
P008873	0	NAME	M143	2(N01)	ALLOT	0.416	ALLOT	0.479	0
P008875	2	NAME	M361	4(N01)	PERSON	0.516	PERSON	0.469	1
P008875	3	NAME	M001	5(N01)	PERSON	0.492	PERSON	0.568	1
P008875	4	BARE	-	4(N01)	COUNTED	0.526	COUNTED	0.475	1
P008875	5	NAME	M341 M038	2(N01)	COUNTED	0.491	PERSON	0.371	1
P008876	1	NAME	|M136+X|	2(N14)	ALLOT	0.903	ALLOT	0.859	1
P008877	1	BARE	-	4(N39B)	MEASURED	0.688	MEASURED	0.564	1
P008877	2	BARE	-	1(N39B)	MEASURED	0.664	MEASURED	0.502	1
P008877	3	BARE	-	2(N30C@b)	MEASURED	0.692	MEASURED	0.502	1
P008877	4	BARE	-	3(N39B) 1(N24)	MEASURED	0.463	ALLOT	0.387	1
P008877	6	BARE	-	2(N30C) 2(N30D)	MEASURED	0.634	MEASURED	0.445	1
P008877	7	BARE	-	1(N39B) 1(N30C) 1(N30D)	MEASURED	0.686	MEASURED	0.481	1
P008880	1	BARE	-	2(N39B)	ALLOT	0.612	ALLOT	0.747	1
P008880	2	NAME	M325	3(N39B)	ALLOT	0.668	ALLOT	0.796	1
P008881	1	IN	M054 |M136+X| M001	1(N01)	COUNTED	0.791	COUNTED	0.686	1
P008881	2	NAME	M153	1(N01)	COUNTED	0.796	COUNTED	0.713	1
P008881	5	NAME	|M136+X|	2(N01)	COUNTED	0.826	COUNTED	0.691	1
P008881	6	NAME	M382 M038	2(N01)	COUNTED	0.817	COUNTED	0.710	1
P008881	8	BARE	-	2(N01)	COUNTED	0.808	COUNTED	0.630	1
P008881	9	BARE	-	2(N14) 5(N01)	COUNTED	0.697	COUNTED	0.625	1
P008881	10	NAME	M009	2(N01)	COUNTED	0.825	COUNTED	0.766	1
P008881	11	BARE	-	1(N14) 6(N01)	COUNTED	0.671	COUNTED	0.541	1
P008882	2	NAME	M247	2(N14) 6(N01)	COUNTED	0.575	COUNTED	0.668	1
P008882	3	BARE	-	3(N14)	COUNTED	0.564	COUNTED	0.652	1
P008882	4	NAME	M309	8(N01)	COUNTED	0.695	COUNTED	0.620	1
P008883	0	NAME	M051 M354	6(N01)	COUNTED	0.887	COUNTED	0.795	1
P008883	1	BARE	-	3(N01)	COUNTED	0.813	COUNTED	0.791	1
P008883	2	BARE	-	2(N01)	COUNTED	0.852	COUNTED	0.753	1
P008883	4	NAME	M041 M175	1(N14)	COUNTED	0.645	COUNTED	0.774	1
P008884	0	NAME	M260	3(N14) 3(N01)	ALLOT	0.556	ALLOT	0.449	0
P008885	1	NAME	M203 M142	6(N01)	COUNTED	0.837	COUNTED	0.751	1
P008887	1	BARE	-	1(N39B) 1(N24)	ALLOT	0.717	ALLOT	0.854	1
P008890	0	NAME	M293	1(N01)	FRACLINE	0.589	FRACLINE	0.816	1
P008890	1	BARE	-	2(N39B)	MEASURED	0.470	FRACLINE	0.826	1
P008890	2	BARE	-	1(N39B)	MEASURED	0.395	FRACLINE	0.858	1
P008890	4	NAME	M367	2(N39B)	MEASURED	0.314	FRACLINE	0.824	1
P008890	5	BARE	-	1(N39B)	MEASURED	0.467	FRACLINE	0.817	1
P008891	1	NAME	M038 M328 M038	1(N01)	PERSON	0.801	PERSON	0.697	1
P008892	1	NAME	|M036+1(N30D)|	7(N01)	COUNTED	0.886	COUNTED	0.826	1
P008892	2	BARE	-	1(N01)	COUNTED	0.915	COUNTED	0.802	1
P008892	3	NAME	M291 M009	5(N01)	COUNTED	0.866	COUNTED	0.813	1
P008892	4	NAME	|M036+1(N30D)|	1(N14) 5(N01)	COUNTED	0.673	COUNTED	0.775	1
P008893	1	BARE	-	3(N14)	COUNTED	0.587	COUNTED	0.770	1
P008893	2	NAME	M367	1(N51) 2(N23)	COUNTED	0.519	COUNTED	0.637	1
P008893	3	NAME	M101	3(N23) 6(N14) 3(N01)	COUNTED	0.701	COUNTED	0.773	1
P008893	4	NAME	M417	2(N23) 3(N01)	COUNTED	0.742	COUNTED	0.655	1
P008894	0	NAME	M052	7(N01)	COUNTED	0.750	COUNTED	0.705	1
P008894	1	NAME	M248	1(N14) 4(N01)	COUNTED	0.610	MEASURED	0.474	1
P008894	4	NAME	M175	2(N01)	COUNTED	0.835	COUNTED	0.778	1
P008894	5	NAME	M387	1(N14)	COUNTED	0.680	COUNTED	0.728	1
P008894	6	NAME	M001	3(N01)	COUNTED	0.719	COUNTED	0.575	1
P008894	8	NAME	M305	6(N01)	COUNTED	0.756	COUNTED	0.681	1
P008894	9	NAME	M361	1(N01)	COUNTED	0.820	COUNTED	0.682	1
P008894	10	NAME	M365	4(N01)	COUNTED	0.696	COUNTED	0.653	1
P008895	0	BARE	-	2(N01)	PERSON	0.275	MEASURED	0.273	0
P008895	1	BARE	-	2(N01)	COUNTED	0.339	MEASURED	0.302	0
P008895	2	BARE	-	1(N14)	PERSON	0.319	MEASURED	0.320	0
P008895	3	BARE	-	1(N01)	COUNTED	0.354	MEASURED	0.320	0
P008895	4	BARE	-	2(N01)	PERSON	0.355	MEASURED	0.300	0
P008895	5	BARE	-	3(N14)	PERSON	0.361	MEASURED	0.300	0
P008895	6	NAME	M314	1(N01)	PERSON	0.456	PERSON	0.361	0
P008895	7	BARE	-	1(N01)	COUNTED	0.358	MEASURED	0.330	0
P008896	0	NAME	M386 M219	2(N01)	PERSON	0.719	PERSON	0.860	1
P008896	1	NAME	M240	3(N01)	PERSON	0.793	PERSON	0.893	1
P008896	2	BARE	-	3(N01)	PERSON	0.680	PERSON	0.791	1
P008896	4	BARE	-	2(N01)	PERSON	0.681	PERSON	0.799	1
P008896	5	BARE	-	1(N01)	PERSON	0.665	PERSON	0.730	1
P008896	6	BARE	-	2(N01)	PERSON	0.511	PERSON	0.663	1
P008898	0	BARE	-	1(N14)	COUNTED	0.674	COUNTED	0.767	1
P008898	1	NAME	M009	8(N01)	COUNTED	0.808	COUNTED	0.813	1
P008898	2	NAME	M009	1(N14) 3(N01)	COUNTED	0.658	COUNTED	0.813	1
P008898	3	BARE	-	1(N14)	COUNTED	0.732	COUNTED	0.760	1
P008898	4	BARE	-	2(N01)	COUNTED	0.900	COUNTED	0.760	1
P008898	5	NAME	M269 M012	8(N01)	COUNTED	0.805	COUNTED	0.765	1
P008898	6	NAME	M009	4(N14)	COUNTED	0.680	COUNTED	0.809	1
P008898	7	BARE	-	1(N14) 3(N01)	COUNTED	0.719	COUNTED	0.748	1
P008898	11	BARE	-	2(N14) 4(N01)	COUNTED	0.650	COUNTED	0.776	1
P008898	12	BARE	-	1(N01)	COUNTED	0.890	COUNTED	0.753	1
P008898	13	BARE	-	1(N01)	COUNTED	0.900	COUNTED	0.744	1
P008898	14	NAME	M262	7(N01)	COUNTED	0.855	COUNTED	0.788	1
P008898	15	NAME	M018	3(N34) 1(N14)	COUNTED	0.663	COUNTED	0.807	1
P008899	2	NAME	M210	1(N14) 2(N01@b)	MEASURED	0.621	MEASURED	0.666	1
P008899	3	NAME	M207	2(N14)	MEASURED	0.433	MEASURED	0.594	1
P008899	4	BARE	-	1(N39B) 2(N30C)	MEASURED	0.930	MEASURED	0.779	1
P008900	0	BARE	-	2(N01)	ALLOT	0.606	ALLOT	0.806	1
P008901	0	BARE	-	2(N01)	COUNTED	0.847	COUNTED	0.731	1
P008901	1	NAME	M001	2(N01)	COUNTED	0.803	COUNTED	0.647	1
P008901	2	NAME	M001	4(N01)	COUNTED	0.720	COUNTED	0.647	1
P008901	3	NAME	M001	5(N01)	COUNTED	0.818	COUNTED	0.647	1
P008901	4	NAME	M001	2(N01)	COUNTED	0.803	COUNTED	0.647	1
P008901	5	NAME	M009	1(N14) 4(N01)	COUNTED	0.641	COUNTED	0.745	1
P008901	6	NAME	M009	1(N14)	COUNTED	0.611	COUNTED	0.743	1
P008901	7	NAME	M012	6(N01)	COUNTED	0.858	COUNTED	0.723	1
P008901	8	NAME	M009	5(N01)	COUNTED	0.841	COUNTED	0.743	1
P008901	9	NAME	M001 M009	2(N01)	COUNTED	0.757	COUNTED	0.626	1
P008901	10	NAME	M026	1(N14) 7(N01)	COUNTED	0.618	COUNTED	0.710	1
P008901	12	NAME	M001	1(N14) 6(N01)	COUNTED	0.560	COUNTED	0.674	1
P008901	13	NAME	M001	2(N14)	COUNTED	0.544	COUNTED	0.638	1
P008901	14	NAME	M001	2(N14) 1(N01)	COUNTED	0.604	COUNTED	0.638	1
P008901	15	NAME	M001	5(N01)	COUNTED	0.814	COUNTED	0.638	1
P008901	16	BARE	-	2(N01)	COUNTED	0.850	COUNTED	0.728	1
P008901	17	BARE	-	1(N14) 1(N01)	COUNTED	0.740	COUNTED	0.728	1
P008901	18	BARE	-	2(N01)	COUNTED	0.839	COUNTED	0.719	1
P008901	19	BARE	-	3(N01)	COUNTED	0.812	COUNTED	0.750	1
P008901	20	NAME	M001	2(N01)	COUNTED	0.788	COUNTED	0.676	1
P008901	21	NAME	M009	2(N01)	COUNTED	0.809	COUNTED	0.766	1
P008901	22	BARE	-	1(N01)	COUNTED	0.887	COUNTED	0.750	1
P008901	23	NAME	M016	7(N01)	COUNTED	0.834	COUNTED	0.689	1
P008902	0	BARE	-	1(N14) 5(N01)	COUNTED	0.659	COUNTED	0.734	1
P008902	1	BARE	-	5(N01)	COUNTED	0.850	COUNTED	0.755	1
P008902	2	BARE	-	3(N01)	COUNTED	0.799	COUNTED	0.755	1
P008902	3	NAME	M367	4(N01)	COUNTED	0.701	COUNTED	0.631	1
P008902	4	BARE	-	3(N01)	COUNTED	0.812	COUNTED	0.746	1
P008902	6	BARE	-	5(N01)	COUNTED	0.826	COUNTED	0.750	1
P008902	7	BARE	-	4(N01)	COUNTED	0.748	COUNTED	0.709	1
P008902	9	NAME	M051	5(N01)	COUNTED	0.857	COUNTED	0.783	1
P008902	11	BARE	-	8(N01)	COUNTED	0.794	COUNTED	0.744	1
P008902	13	BARE	-	6(N01)	COUNTED	0.832	COUNTED	0.745	1
P008902	14	IN	M054 M367	1(N01)	COUNTED	0.760	COUNTED	0.620	1
P008902	16	BARE	-	4(N01)	COUNTED	0.775	COUNTED	0.739	1
P008902	20	IN	M124 M001	1(N14) 2(N01)	COUNTED	0.636	COUNTED	0.545	1
P008902	21	BARE	-	1(N14)	COUNTED	0.752	COUNTED	0.742	1
P008902	22	NAME	M367	8(N01)	COUNTED	0.754	COUNTED	0.602	1
P008902	24	IN	M003 M051	7(N01)	COUNTED	0.859	COUNTED	0.809	1
P008903	0	BARE	-	1(N01)	PERSON	0.685	PERSON	0.618	1
P008903	1	NAME	M205	1(N01)	PERSON	0.777	PERSON	0.758	1
P008903	2	BARE	-	2(N01)	PERSON	0.563	PERSON	0.641	1
P008903	3	NAME	M352 M064	1(N14)	PERSON	0.819	PERSON	0.855	1
P008903	4	BARE	-	3(N01)	PERSON	0.565	PERSON	0.634	1
P008903	5	BARE	-	5(N01)	PERSON	0.710	PERSON	0.719	1
P008903	7	BARE	-	1(N01)	PERSON	0.806	PERSON	0.775	1
P008903	8	NAME	M278	2(N01)	PERSON	0.709	PERSON	0.815	1
P008903	9	NAME	M099	1(N01)	PERSON	0.730	PERSON	0.764	1
P008904	0	NAME	M001	3(N01)	COUNTED	0.727	COUNTED	0.675	1
P008904	1	BARE	-	3(N01)	COUNTED	0.777	COUNTED	0.759	1
P008904	2	NAME	M001 |M351+1(N14)|	2(N01)	COUNTED	0.786	COUNTED	0.710	1
P008904	3	BARE	-	4(N01)	COUNTED	0.734	COUNTED	0.759	1
P008904	4	BARE	-	5(N01)	COUNTED	0.837	COUNTED	0.759	1
P008904	5	NAME	M387 M006	5(N01)	COUNTED	0.856	COUNTED	0.793	1
P008904	11	BARE	-	1(N01)	COUNTED	0.778	COUNTED	0.743	1
P008904	12	BARE	-	6(N01)	COUNTED	0.843	COUNTED	0.753	1
P008904	13	BARE	-	1(N14) 5(N01)	COUNTED	0.721	COUNTED	0.724	1
P008904	15	BARE	-	2(N01)	COUNTED	0.812	COUNTED	0.710	1
P008904	16	BARE	-	7(N01)	COUNTED	0.860	COUNTED	0.781	1
P008904	17	NAME	|M136+X|	6(N14) 4(N01)	COUNTED	0.781	COUNTED	0.807	1
P008904	18	BARE	-	1(N14) 7(N01)	COUNTED	0.701	COUNTED	0.788	1
P008905	0	BARE	-	2(N01)	COUNTED	0.876	COUNTED	0.811	1
P008905	2	BARE	-	1(N01)	COUNTED	0.903	COUNTED	0.823	1
P008905	5	BARE	-	1(N14) 7(N01)	COUNTED	0.726	COUNTED	0.756	1
P008905	7	BARE	-	1(N01)	COUNTED	0.905	COUNTED	0.830	1
P008905	8	NAME	|M362+M383|	6(N01)	COUNTED	0.900	COUNTED	0.826	1
P008905	11	NAME	M367	2(N01)	COUNTED	0.880	COUNTED	0.756	1
P008905	15	NAME	M367	4(N01)	COUNTED	0.837	COUNTED	0.756	1
P008905	17	NAME	M360	5(N14) 7(N01)	COUNTED	0.808	COUNTED	0.823	1
P008905	19	NAME	|M362+X|	3(N14)	COUNTED	0.726	COUNTED	0.819	1
P008905	21	NAME	M367	7(N01)	COUNTED	0.856	COUNTED	0.754	1
P008905	23	NAME	|M362+X|	2(N14) 7(N01)	COUNTED	0.774	COUNTED	0.819	1
P008905	25	NAME	M367	7(N01)	COUNTED	0.855	COUNTED	0.756	1
P008905	26	BARE	-	2(N01)	COUNTED	0.907	COUNTED	0.832	1
P008905	27	NAME	|M362+M026|	5(N01)	COUNTED	0.893	COUNTED	0.809	1
P008905	31	NAME	|M362+M317|	6(N14) 1(N01)	COUNTED	0.845	COUNTED	0.851	1
P008905	33	NAME	M367	1(N14) 4(N01)	COUNTED	0.730	COUNTED	0.792	1
P008906	2	BARE	-	6(N01)	COUNTED	0.497	COUNTED	0.421	1
P008906	7	BARE	-	1(N14)	PERSON	0.499	PERSON	0.453	1
P008906	10	BARE	-	2(N01)	COUNTED	0.567	COUNTED	0.483	1
P008906	13	BARE	-	1(N01)	COUNTED	0.474	COUNTED	0.426	1
P008906	18	BARE	-	1(N14)	PERSON	0.446	COUNTED	0.480	1
P008906	21	BARE	-	1(N14) 4(N01)	PERSON	0.487	PERSON	0.424	1
P008906	26	NAME	M354	1(N14) 4(N01)	PERSON	0.522	PERSON	0.436	1
P008907	2	NAME	M352 M096	1(N01)	PERSON	0.902	PERSON	0.789	1
P008907	4	NAME	M372	1(N01)	PERSON	0.872	PERSON	0.787	1
P008910	0	BARE	-	1(N01) 2(N39B)	MEASURED	0.889	MEASURED	0.766	1
P008910	1	NAME	M009 M059	3(N01)	COUNTED	0.339	MEASURED	0.562	1
P008910	2	BARE	-	2(N01) 3(N39B)	MEASURED	0.861	MEASURED	0.749	1
P008910	3	NAME	|M106+M288|	2(N01) 4(N39B)	MEASURED	0.780	MEASURED	0.504	1
P008910	4	NAME	M062	2(N01) 2(N39B)	MEASURED	0.878	MEASURED	0.702	1
P008910	6	NAME	M136	2(N01) 3(N39B)	MEASURED	0.862	MEASURED	0.626	1
P008910	7	NAME	M203	4(N01)	MEASURED	0.484	MEASURED	0.466	1
P008911	0	BARE	-	1(N46) 1(N14) 1(N01)	PERSON	0.552	PERSON	0.633	1
P008911	1	BARE	-	2(N34)	PERSON	0.487	PERSON	0.655	1
P008911	2	BARE	-	7(N14) 3(N39B)	PERSON	0.357	PERSON	0.727	1
P008911	4	BARE	-	1(N14) 3(N39B) 1(N24)	ALLOT	0.411	PERSON	0.787	1
P008911	5	NAME	M038 M374 M374 M374	1(N45)	PERSON	0.626	PERSON	0.731	1
P008911	6	BARE	-	1(N14)	PERSON	0.650	PERSON	0.675	1
P008911	7	NAME	M038	6(N14) 2(N30C)	PERSON	0.468	PERSON	0.676	1
P008912	0	IN	M388 M051 M387 M016 M260	3(N01)	COUNTED	0.377	COUNTED	0.315	0
P008912	1	NAME	|M036+1(N14)|	6(N01)	PERSON	0.312	ALLOT	0.342	0
P008913	0	NAME	M348	1(N14) 3(N01)	COUNTED	0.302	ALLOT	0.303	0
P008913	1	BARE	-	1(N14) 2(N01)	COUNTED	0.375	MEASURED	0.299	0
P008913	2	BARE	-	4(N01)	COUNTED	0.296	MEASURED	0.317	0
P008913	3	NAME	M327	4(N01)	PERSON	0.393	PERSON	0.360	0
P008913	4	BARE	-	7(N01)	PERSON	0.311	MEASURED	0.326	0
P008914	0	NAME	M134 M305	1(N01)	ALLOT	0.591	ALLOT	0.807	1
P008915	0	BARE	-	2(N14) 2(N01)	COUNTED	0.303	ALLOT	0.290	0
P008915	1	BARE	-	1(N14) 3(N01)	COUNTED	0.297	MEASURED	0.312	0
P008915	2	BARE	-	7(N01)	COUNTED	0.350	MEASURED	0.292	0
P008915	3	NAME	M061	5(N14) 1(N01)	PERSON	0.378	PERSON	0.407	0
P008916	0	BARE	-	6(N34)	PERSON	0.414	PERSON	0.634	1
P008916	1	BARE	-	2(N34)	PERSON	0.511	PERSON	0.656	1
P008916	2	BARE	-	1(N45)	PERSON	0.554	PERSON	0.656	1
P008916	3	BARE	-	1(N45)	PERSON	0.554	PERSON	0.656	1
P008916	4	NAME	M039	1(N45) 8(N14) 4(N01) 2(N39B)	PERSON	0.464	PERSON	0.777	1
P008916	5	BARE	-	2(N45) 3(N14) 4(N01) 3(N39B) 1(N24)	ALLOT	0.524	PERSON	0.649	1
P008916	6	NAME	M356	6(N14) 4(N01)	PERSON	0.782	PERSON	0.847	1
P008916	7	BARE	-	7(N14) 4(N01) 2(N39B) 1(N24) 1(N30D)	ALLOT	0.375	PERSON	0.653	1
P008916	8	NAME	M136	4(N14) 1(N01)	PERSON	0.807	PERSON	0.797	1
P008916	9	NAME	M039	5(N14)	PERSON	0.774	PERSON	0.780	1
P008916	10	BARE	-	4(N01@b) 2(N39B@b)	PERSON	0.538	PERSON	0.653	1
P008916	11	NAME	M059	6(N14) 1(N01) 2(N39B)	PERSON	0.594	PERSON	0.894	1
P008916	13	BARE	-	1(N45)	PERSON	0.506	PERSON	0.685	1
P008917	0	IN	M305 M075 M367	2(N23)	PERSON	0.433	PERSON	0.378	0
P008917	1	NAME	M327 M367	3(N23) 4(N01)	PERSON	0.482	PERSON	0.377	0
P008917	2	BARE	-	5(N01)	COUNTED	0.364	MEASURED	0.319	0
P008917	3	BARE	-	7(N01)	COUNTED	0.366	MEASURED	0.299	0
P008917	4	BARE	-	4(N01)	COUNTED	0.307	MEASURED	0.305	0
P008917	5	BARE	-	8(N14)	ALLOT	0.454	MEASURED	0.330	0
P008918	0	BARE	-	4(N01)	ALLOT	0.581	ALLOT	0.793	1
P008919	0	NAME	M029 M260	1(N01)	MEASURED	0.447	MEASURED	0.652	1
P008919	2	IN	M054 M388 M221	4(N01)	MEASURED	0.622	MEASURED	0.743	1
P008920	0	BARE	-	2(N34) 1(N45) 2(N14)	ALLOT	0.714	ALLOT	0.293	0
P008920	1	NAME	M387	1(N34) 1(N45) 1(N14)	ALLOT	0.481	PERSON	0.332	0
P008920	2	BARE	-	1(N34) 1(N45) 1(N14) 2(N01) 1(N39B) 1(N24)	ALLOT	0.686	MEASURED	0.310	0
P008920	3	BARE	-	3(N34)	ALLOT	0.524	MEASURED	0.296	0
P008920	4	BARE	-	3(N01)	COUNTED	0.305	MEASURED	0.330	0
P008921	1	NAME	M005	2(N01)	COUNTED	0.837	COUNTED	0.715	1
P008921	3	NAME	M033	1(N01)	COUNTED	0.817	COUNTED	0.621	1
P008921	4	NAME	M001	1(N01)	COUNTED	0.723	COUNTED	0.498	1
P008921	5	NAME	M352 M009	1(N01)	COUNTED	0.626	COUNTED	0.397	1
P008921	6	BARE	-	2(N01)	COUNTED	0.793	COUNTED	0.468	1
P008921	7	NAME	M387 M009	1(N01)	COUNTED	0.776	COUNTED	0.645	1
P008921	8	NAME	M387 M012	1(N01)	COUNTED	0.799	COUNTED	0.600	1
P008921	9	NAME	M193 M009	1(N01)	COUNTED	0.726	COUNTED	0.566	1
P008921	11	BARE	-	4(N01)	COUNTED	0.625	COUNTED	0.504	1
P008921	14	NAME	M101	2(N01)	COUNTED	0.793	COUNTED	0.601	1
P008921	15	BARE	-	4(N14) 3(N01)	COUNTED	0.670	COUNTED	0.507	1
P008921	16	BARE	-	3(N01)	COUNTED	0.726	COUNTED	0.507	1
P008921	17	NAME	M009	6(N01)	COUNTED	0.717	COUNTED	0.691	1
P008921	18	BARE	-	4(N01)	COUNTED	0.629	COUNTED	0.507	1
P008921	19	NAME	M304	4(N01)	COUNTED	0.621	COUNTED	0.492	1
P008922	0	NAME	M354	5(N01)	MEASURED	0.454	MEASURED	0.652	1
P008922	1	NAME	M387	1(N14)	MEASURED	0.403	MEASURED	0.607	1
P008922	2	NAME	M105	1(N14)	MEASURED	0.490	MEASURED	0.683	1
P008922	4	NAME	M304	2(N01)	COUNTED	0.438	MEASURED	0.742	1
P008922	5	NAME	M391 M387	8(N01)	COUNTED	0.342	MEASURED	0.569	1
P008922	6	BARE	-	3(N01)	MEASURED	0.447	MEASURED	0.734	1
P008922	7	NAME	M105	6(N01)	MEASURED	0.430	MEASURED	0.635	1
P008923	1	NAME	M340	1(N01)	MEASURED	0.407	MEASURED	0.610	1
P008923	2	NAME	|M036+1(N30D)|	2(N01)	MEASURED	0.534	MEASURED	0.709	1
P008924	0	BARE	-	5(N01)	COUNTED	0.239	ALLOT	0.281	0
P008924	1	NAME	M203	4(N14)	PERSON	0.453	PERSON	0.447	0
P008924	2	BARE	-	3(N01)	COUNTED	0.313	MEASURED	0.297	0
P008924	3	NAME	M126	4(N01)	PERSON	0.445	PERSON	0.364	0
P008925	0	BARE	-	4(N14) 4(N01)	COUNTED	0.324	ALLOT	0.281	0
P008925	1	BARE	-	6(N14) 1(N39B)	ALLOT	0.480	MEASURED	0.317	0
P008925	2	BARE	-	3(N14) 3(N39B)	ALLOT	0.624	ALLOT	0.328	0
P008926	0	BARE	-	4(N39B)	MEASURED	0.669	ALLOT	0.293	0
P008926	1	NAME	M387	3(N01)	COUNTED	0.399	PERSON	0.327	0
P008926	2	NAME	M327	1(N01)	PERSON	0.436	PERSON	0.352	0
P008926	3	NAME	M059	1(N01) 3(N39B)	ALLOT	0.417	PERSON	0.331	0
P008927	0	BARE	-	1(N24)	MEASURED	0.794	MEASURED	0.531	1
P008927	3	NAME	M134	1(N30D)	MEASURED	0.464	PERSON	0.520	1
P008927	4	BARE	-	1(N30D) 1(N30D)	MEASURED	0.764	MEASURED	0.521	1
P008929	1	BARE	-	2(N45) 1(N14)	ALLOT	0.903	ALLOT	0.777	1
P008929	2	BARE	-	4(N34) 3(N14) 4(N01) 2(N39B)	ALLOT	0.892	ALLOT	0.765	1
P008929	3	BARE	-	1(N39B)	ALLOT	0.504	ALLOT	0.784	1
P008930	1	NAME	|M351+M342|	6(N14) 3(N01)	ALLOT	0.775	ALLOT	0.773	1
P008930	2	BARE	-	1(N30D)	ALLOT	0.463	ALLOT	0.763	1
P008930	3	NAME	M387	2(N14)	ALLOT	0.748	ALLOT	0.672	1
P008930	4	NAME	M341	4(N01)	ALLOT	0.559	ALLOT	0.815	1
P008930	5	BARE	-	4(N01)	ALLOT	0.622	ALLOT	0.795	1
P008931	0	BARE	-	1(N01)	COUNTED	0.894	COUNTED	0.787	1
P008931	1	NAME	M304	2(N01)	COUNTED	0.886	COUNTED	0.836	1
P008931	2	NAME	M384 |M362+M365| M009	1(N01)	COUNTED	0.848	COUNTED	0.761	1
P008931	4	NAME	M384 M016	1(N01)	COUNTED	0.862	COUNTED	0.756	1
P008931	6	BARE	-	2(N01)	COUNTED	0.862	COUNTED	0.799	1
P008931	7	NAME	M059	2(N01)	COUNTED	0.879	COUNTED	0.762	1
P008931	8	NAME	M009	1(N01)	COUNTED	0.854	COUNTED	0.799	1
P008931	10	NAME	M157	2(N01)	COUNTED	0.906	COUNTED	0.837	1
P008931	11	BARE	-	1(N14) 9(N01)	COUNTED	0.770	COUNTED	0.827	1
P008931	12	NAME	M009	5(N01)	COUNTED	0.861	COUNTED	0.845	1
P008931	13	NAME	M304	2(N01)	COUNTED	0.851	COUNTED	0.766	1
P008932	0	BARE	-	1(N14) 8(N01)	COUNTED	0.279	ALLOT	0.296	0
P008932	1	NAME	M269	1(N34)	ALLOT	0.495	ALLOT	0.344	0
P008933	0	NAME	M387	1(N14)	ALLOT	0.326	COUNTED	0.318	0
P008933	1	NAME	M101	1(N01)	PERSON	0.414	PERSON	0.307	0
P008933	2	NAME	M387	1(N01)	PERSON	0.407	PERSON	0.335	0
P008933	3	NAME	M285	2(N01)	COUNTED	0.407	PERSON	0.327	0
P008933	4	NAME	M105	2(N01)	PERSON	0.382	PERSON	0.375	0
P008933	5	BARE	-	1(N01)	COUNTED	0.358	MEASURED	0.320	0
P008933	6	BARE	-	1(N01)	COUNTED	0.352	MEASURED	0.300	0
P008933	7	BARE	-	2(N01)	COUNTED	0.355	MEASURED	0.300	0
P008933	8	BARE	-	2(N01)	COUNTED	0.355	MEASURED	0.300	0
P008933	9	BARE	-	1(N14) 1(N01)	COUNTED	0.322	MEASURED	0.319	0
P008933	10	NAME	M304	2(N34) 2(N14)	ALLOT	0.468	MEASURED	0.307	0
P008934	0	BARE	-	1(N14)	ALLOT	0.332	ALLOT	0.294	0
P008934	1	BARE	-	3(N14)	ALLOT	0.518	ALLOT	0.385	0
P008935	0	NAME	M056	1(N14) 7(N01)	ALLOT	0.818	ALLOT	0.904	1
P008936	0	NAME	M312	1(N14) 2(N01)	ALLOT	0.457	ALLOT	0.503	1
P008936	1	BARE	-	1(N14)	ALLOT	0.472	ALLOT	0.485	1
P008937	0	BARE	-	9(N34) 5(N01) 2(N01)	ALLOT	0.540	ALLOT	0.444	0
P008938	0	NAME	M110 M242 M096	1(N01)	COUNTED	0.308	ALLOT	0.338	0
P008938	1	BARE	-	1(N01)	COUNTED	0.347	ALLOT	0.371	0
P008939	0	BARE	-	1(N01)	COUNTED	0.657	MEASURED	0.499	1
P008939	1	BARE	-	2(N01)	COUNTED	0.670	MEASURED	0.509	1
P008939	2	NAME	M309	1(N01)	COUNTED	0.689	MEASURED	0.402	1
P008939	3	NAME	M387	1(N01)	COUNTED	0.733	MEASURED	0.472	1
P008939	5	BARE	-	2(N39B) 1(N24)	MEASURED	0.814	MEASURED	0.621	1
P008939	6	NAME	M009	1(N01)	COUNTED	0.691	COUNTED	0.492	1
P008939	7	NAME	M206	1(N01)	COUNTED	0.714	COUNTED	0.404	1
P008939	8	BARE	-	1(N01)	COUNTED	0.692	MEASURED	0.516	1
P008939	9	NAME	M206	1(N01)	COUNTED	0.729	COUNTED	0.449	1
P008939	11	NAME	M309	1(N01)	COUNTED	0.717	COUNTED	0.429	1
P008939	12	BARE	-	1(N01)	COUNTED	0.659	MEASURED	0.588	1
P008940	0	BARE	-	2(N01)	PERSON	0.626	PERSON	0.659	1
P008940	2	BARE	-	4(N01)	PERSON	0.816	PERSON	0.783	1
P008940	4	NAME	|M296+M296| M387	2(N01)	PERSON	0.894	PERSON	0.906	1
P008940	6	NAME	M110 M221 M096	2(N01)	PERSON	0.728	PERSON	0.750	1
P008940	7	IN	M057 M240 M032 M048	1(N01)	PERSON	0.792	PERSON	0.753	1
P008943	0	BARE	-	4(N01)	ALLOT	0.323	ALLOT	0.441	0
P008944	2	BARE	-	3(N01)	PERSON	0.470	PERSON	0.556	1
P008944	4	BARE	-	6(N01)	PERSON	0.564	PERSON	0.618	1
P008945	0	BARE	-	2(N01)	COUNTED	0.832	COUNTED	0.731	1
P008945	1	NAME	M059	1(N45) 3(N01)	COUNTED	0.708	COUNTED	0.700	1
P008946	0	NAME	|M106+M288| M304	2(N39B)	MEASURED	0.538	COUNTED	0.756	1
P008946	1	NAME	M260	2(N01)	COUNTED	0.839	COUNTED	0.702	1
P008946	3	BARE	-	1(N39B)	MEASURED	0.599	COUNTED	0.794	1
P008946	4	NAME	M304	2(N39B)	MEASURED	0.591	COUNTED	0.723	1
P008947	0	BARE	-	1(N34) 1(N45) 4(N14) 4(N01) 3(N39B) 1(N24)	ALLOT	0.815	ALLOT	0.445	0
P008948	0	BARE	-	2(N39B@c)	MEASURED	0.439	ALLOT	0.475	0
P008949	0	BARE	-	2(N01)	PERSON	0.277	ALLOT	0.288	0
P008949	1	NAME	M145	1(N01)	PERSON	0.579	PERSON	0.565	0
P008949	2	NAME	M278	1(N01)	PERSON	0.445	ALLOT	0.311	0
P008950	0	BARE	-	1(N34) 1(N45)	PERSON	0.360	PERSON	0.637	1
P008950	1	NAME	M384	4(N14) 5(N01) 2(N39B) 1(N24)	PERSON	0.580	PERSON	0.865	1
P008950	2	NAME	M195	1(N45) 6(N14) 2(N01)	PERSON	0.720	PERSON	0.846	1
P008952	1	BARE	-	1(N01)	PERSON	0.514	PERSON	0.534	1
P008952	3	NAME	M096	1(N01)	PERSON	0.686	PERSON	0.600	1
P008952	4	BARE	-	1(N01)	PERSON	0.510	PERSON	0.517	1
P008952	5	BARE	-	2(N01)	PERSON	0.459	PERSON	0.490	1
P008953	1	BARE	-	1(N01) 1(N39B)	PERSON	0.586	PERSON	0.790	1
P008954	0	NAME	M365	1(N01)	PERSON	0.803	PERSON	0.739	1
P008954	1	NAME	M157	1(N01)	PERSON	0.815	PERSON	0.796	1
P008954	2	NAME	M188	1(N01)	PERSON	0.833	PERSON	0.816	1
P008954	3	NAME	|M175+M286|	1(N01)	PERSON	0.832	PERSON	0.846	1
P008954	4	BARE	-	1(N01)	PERSON	0.671	PERSON	0.653	1
P008954	5	NAME	M151	1(N01)	PERSON	0.827	PERSON	0.823	1
P008954	6	BARE	-	1(N01)	PERSON	0.678	PERSON	0.657	1
P008954	7	IN	M057 M005	1(N01)	PERSON	0.785	PERSON	0.705	1
P008954	8	NAME	M384 M305	1(N01)	PERSON	0.920	PERSON	0.887	1
P008954	10	BARE	-	1(N01)	PERSON	0.746	PERSON	0.688	1
P008955	1	NAME	M384 M051	1(N14)	ALLOT	0.722	ALLOT	0.740	1
P008955	2	NAME	|M136+M365|	1(N14)	ALLOT	0.683	ALLOT	0.731	1
P008955	3	NAME	M384	1(N14)	ALLOT	0.663	ALLOT	0.700	1
P008955	4	NAME	M157	1(N14)	ALLOT	0.780	ALLOT	0.785	1
P008956	0	BARE	-	4(N01)	PERSON	0.247	ALLOT	0.286	0
P008956	1	NAME	M147	5(N01)	COUNTED	0.341	PERSON	0.326	0
P008956	2	BARE	-	1(N08A)	FRACLINE	0.475	MEASURED	0.298	0
P008956	3	NAME	M122	2(N01)	PERSON	0.435	PERSON	0.387	0
P008957	2	BARE	-	1(N01)	PERSON	0.666	PERSON	0.561	1
P008957	3	BARE	-	1(N14)	PERSON	0.547	PERSON	0.502	1
P008957	5	NAME	M153	1(N08A)	PERSON	0.604	PERSON	0.672	1
P008958	0	BARE	-	2(N01)	COUNTED	0.273	ALLOT	0.292	0
P008958	1	IN	M218 M004 M218 M124 M009	3(N01)	PERSON	0.500	PERSON	0.560	0
P008958	2	IN	M066 M048 |M218+X| M369	3(N01)	COUNTED	0.319	PERSON	0.350	0
P008958	3	IN	M371 M369	2(N01)	COUNTED	0.375	PERSON	0.372	0
P008958	4	NAME	M369	3(N01) 1(N39B)	ALLOT	0.505	PERSON	0.333	0
P008959	0	IN	M305 M388 M226 M371 |M260+1(N24)|	1(N01)	PERSON	0.768	PERSON	0.771	1
P008959	1	BARE	-	5(N01)	PERSON	0.632	PERSON	0.709	1
P008960	1	NAME	M101	2(N01)	PERSON	0.825	PERSON	0.821	1
P008961	0	BARE	-	1(N01)	MEASURED	0.434	MEASURED	0.786	1
P008961	1	NAME	M383	1(N01)	MEASURED	0.335	MEASURED	0.662	1
P008961	3	NAME	M365	1(N01)	MEASURED	0.392	MEASURED	0.739	1
P008961	4	BARE	-	1(N14)	MEASURED	0.540	MEASURED	0.767	1
P008961	5	BARE	-	6(N01)	MEASURED	0.537	MEASURED	0.767	1
P008961	6	NAME	|M136+X|	1(N01)	COUNTED	0.367	MEASURED	0.654	1
P008963	2	BARE	-	1(N01)	PERSON	0.486	MEASURED	0.386	1
P008963	3	NAME	M122	5(N01)	PERSON	0.617	PERSON	0.555	1
P008963	4	BARE	-	1(N01)	PERSON	0.413	MEASURED	0.517	1
P008964	0	BARE	-	1(N01)	COUNTED	0.854	COUNTED	0.753	1
P008964	2	NAME	M387 M387	1(N08A)	FRACLINE	0.434	COUNTED	0.789	1
P008965	0	BARE	-	2(N23)	ALLOT	0.487	ALLOT	0.814	1
P008965	1	NAME	M203 M151	2(N23)	ALLOT	0.460	ALLOT	0.765	1
P008966	0	BARE	-	7(N01)	COUNTED	0.307	ALLOT	0.288	0
P008966	1	NAME	M367	1(N23) 4(N14)	PERSON	0.475	PERSON	0.367	0
P008966	2	BARE	-	1(N14) 5(N01)	ALLOT	0.418	ALLOT	0.337	0
P008967	0	IN	M230 M372	5(N01)	PERSON	0.612	PERSON	0.642	1
P008967	1	NAME	M242	1(N01)	PERSON	0.891	PERSON	0.875	1
P008968	0	BARE	-	2(N14) 2(N01)	COUNTED	0.655	COUNTED	0.761	1
P008968	1	NAME	M367	3(N14) 3(N01)	COUNTED	0.733	COUNTED	0.700	1
P008968	2	BARE	-	3(N01)	COUNTED	0.772	COUNTED	0.776	1
P008968	4	NAME	M387	4(N01)	COUNTED	0.841	COUNTED	0.849	1
P008968	6	BARE	-	4(N01)	COUNTED	0.802	COUNTED	0.771	1
P008968	7	BARE	-	1(N01)	COUNTED	0.906	COUNTED	0.760	1
P008968	8	BARE	-	6(N01)	COUNTED	0.904	COUNTED	0.781	1
P008968	9	NAME	M387	2(N23) 3(N14) 4(N01)	COUNTED	0.813	COUNTED	0.784	1
P008969	0	BARE	-	7(N01)	COUNTED	0.302	MEASURED	0.281	0
P008969	1	IN	M003 M064	1(N23) 3(N01)	PERSON	0.474	PERSON	0.381	0
P008969	2	BARE	-	5(N01)	COUNTED	0.362	MEASURED	0.327	0
P008969	3	NAME	M367	3(N01)	PERSON	0.356	PERSON	0.364	0
P008969	4	NAME	M417 M367	1(N14)	PERSON	0.430	PERSON	0.391	0
P008969	5	BARE	-	4(N01)	PERSON	0.295	MEASURED	0.307	0
P008969	6	NAME	M024 M061	1(N14) 7(N01)	PERSON	0.453	PERSON	0.377	0
P008970	1	IN	M006 M124 M369	1(N01)	FRACLINE	0.718	FRACLINE	0.823	1
P008970	5	NAME	M304	1(N01)	FRACLINE	0.654	FRACLINE	0.825	1
P008971	0	BARE	-	2(N34)	ALLOT	0.599	ALLOT	0.281	0
P008971	1	BARE	-	3(N23)	PERSON	0.362	MEASURED	0.321	0
P008971	2	BARE	-	0(n)	PERSON	0.296	ALLOT	0.340	0
P008972	0	BARE	-	1(N01)	PERSON	0.696	PERSON	0.622	1
P008972	1	NAME	M146	1(N01)	PERSON	0.820	PERSON	0.839	1
P008972	2	NAME	M240 M096	1(N01)	PERSON	0.896	PERSON	0.821	1
P008973	0	BARE	-	1(N01)	COUNTED	0.330	ALLOT	0.293	0
P008973	1	NAME	|M036+1(N14)|	5(N01)	PERSON	0.349	PERSON	0.345	0
P008973	2	BARE	-	1(N01)	COUNTED	0.380	MEASURED	0.277	0
P008973	3	NAME	|M036+1(N14)|	5(N01)	PERSON	0.367	ALLOT	0.306	0
P008974	0	BARE	-	2(N01)	COUNTED	0.430	PERSON	0.446	1
P008974	3	NAME	M391	1(N01)	PERSON	0.526	PERSON	0.491	1
P008974	5	NAME	M009	1(N01)	PERSON	0.530	PERSON	0.552	1
P008975	0	BARE	-	2(N01)	PERSON	0.493	PERSON	0.551	1
P008975	1	BARE	-	1(N01)	PERSON	0.636	PERSON	0.606	1
P008975	2	BARE	-	2(N01)	PERSON	0.611	PERSON	0.706	1
P008975	5	BARE	-	4(N01)	PERSON	0.596	PERSON	0.598	1
P008976	0	BARE	-	2(N39B)	MEASURED	0.936	MEASURED	0.821	1
P008976	2	BARE	-	2(N30C)	MEASURED	0.902	MEASURED	0.878	1
P008976	4	IN	M265 M126	1(N39B)	MEASURED	0.881	MEASURED	0.787	1
P008977	1	BARE	-	2(N01)	PERSON	0.699	PERSON	0.725	1
P008977	2	IN	M037 M388 M097	1(N01)	PERSON	0.853	PERSON	0.856	1
P008977	3	BARE	-	1(N14) 3(N01)	PERSON	0.729	PERSON	0.736	1
P008977	5	NAME	M347 M096	1(N14)	PERSON	0.772	PERSON	0.722	1
P008977	6	NAME	M254 M372	2(N01)	PERSON	0.662	PERSON	0.660	1
P008977	7	BARE	-	5(N01)	PERSON	0.713	PERSON	0.724	1
P008978	0	IN	M388 M210 M260	1(N01)	PERSON	0.274	ALLOT	0.532	0
P008980	5	NAME	M038 M260	2(N01)	COUNTED	0.897	COUNTED	0.800	1
P008982	0	NAME	M293	1(N01)	COUNTED	0.909	COUNTED	0.805	1
P008982	5	NAME	M038	1(N01)	COUNTED	0.933	COUNTED	0.857	1
P008982	7	BARE	-	1(N39B) 1(N30C)	MEASURED	0.724	COUNTED	0.723	1
P008984	2	BARE	-	1(N45) 7(N14)	ALLOT	0.467	MEASURED	0.749	1
P008985	1	NAME	M026	3(N01)	COUNTED	0.856	COUNTED	0.843	1
P008986	0	NAME	M260	2(N14) 3(N01)	MEASURED	0.477	MEASURED	0.771	1
P008987	0	NAME	M219	1(N01)	COUNTED	0.783	COUNTED	0.627	1
P008989	0	NAME	M304	2(N01) 3(N39B)	ALLOT	0.456	COUNTED	0.267	0
P008989	1	BARE	-	4(N01) 4(N39B)	MEASURED	0.467	MEASURED	0.292	0
P008989	2	NAME	M203	2(N01) 2(N39B)	ALLOT	0.583	PERSON	0.352	0
P008991	0	NAME	|M305+M136|	5(N01)	COUNTED	0.530	COUNTED	0.493	1
P008991	3	BARE	-	1(N24) 2(N30D)	MEASURED	0.896	MEASURED	0.772	1
P008991	5	BARE	-	1(N30C)	MEASURED	0.962	MEASURED	0.788	1
P008991	7	BARE	-	3(N39B)	MEASURED	0.881	MEASURED	0.724	1
P008991	8	BARE	-	1(N30C) 1(N30D)	MEASURED	0.928	MEASURED	0.684	1
P008991	12	IN	M387 |M305+M136| M003 M296 M387	1(N39B)	MEASURED	0.770	COUNTED	0.461	1
P008991	13	BARE	-	1(N30D)	MEASURED	0.866	MEASURED	0.666	1
P008991	14	BARE	-	1(N30D)	MEASURED	0.887	MEASURED	0.671	1
P008991	17	BARE	-	1(N30D)	MEASURED	0.869	MEASURED	0.720	1
P008991	18	BARE	-	1(N34) 1(N14)	MEASURED	0.474	MEASURED	0.671	1
P008991	19	BARE	-	4(N14) 1(N39B) 1(N24)	MEASURED	0.588	MEASURED	0.717	1
P008992	1	NAME	M223	1(N39B)	MEASURED	0.891	MEASURED	0.770	1
P008992	2	NAME	|M036+1(N30D)|	1(N14) 2(N14@b)	MEASURED	0.718	MEASURED	0.801	1
P008992	4	NAME	|M036+1(N30D)|	1(N01)	MEASURED	0.523	MEASURED	0.854	1
P008992	6	NAME	|M036+1(N30D)|	1(N01)	MEASURED	0.492	MEASURED	0.832	1
P008993	2	BARE	-	2(N39B) 1(N24)	MEASURED	0.765	MEASURED	0.621	1
P008995	0	BARE	-	2(N30C) 1(N30D)	ALLOT	0.508	ALLOT	0.788	1
P008995	1	NAME	M341 M269	2(N01)	ALLOT	0.594	ALLOT	0.773	1
P008995	2	NAME	M293	1(N39B)	ALLOT	0.510	ALLOT	0.724	1
P008995	3	NAME	M051 M219	1(N39B)	ALLOT	0.521	ALLOT	0.705	1
P008996	1	NAME	M383	3(N39B)	MEASURED	0.870	MEASURED	0.727	1
P008996	2	NAME	M061	1(N39B)	MEASURED	0.808	MEASURED	0.705	1
P008996	3	NAME	M210 M365	1(N39B)	MEASURED	0.818	MEASURED	0.677	1
P008996	4	NAME	M356	2(N39B)	MEASURED	0.798	MEASURED	0.663	1
P008996	5	BARE	-	1(N39B)	MEASURED	0.900	MEASURED	0.824	1
P008996	6	NAME	M380	2(N39B)	MEASURED	0.872	MEASURED	0.638	1
P008997	2	NAME	M052	1(N30D)	MEASURED	0.676	MEASURED	0.462	1
P008998	1	NAME	M304 M219	1(N24) 1(N30C) 1(N30D)	MEASURED	0.668	MEASURED	0.529	1
P008999	0	IN	M122 M054 M372 |M036+1(N30D)|	1(N14@b)	MEASURED	0.678	MEASURED	0.482	1
P008999	1	IN	M218 M048 M340 M153 |M036+1(N30D)|	1(N14@b)	MEASURED	0.644	MEASURED	0.521	1
P008999	4	NAME	|M036+1(N30D)|	2(N01)	MEASURED	0.414	MEASURED	0.664	1
P008999	5	NAME	M323 M145 M356 |M036+1(N30D)|	5(N01)	MEASURED	0.449	MEASURED	0.534	1
P008999	6	IN	M301 |M296+M296| M111 |M036+1(N30D)|	5(N01)	PERSON	0.385	MEASURED	0.415	1
P008999	8	NAME	|M036+1(N30D)|	3(N01)	MEASURED	0.336	MEASURED	0.482	1
P009000	17	NAME	M260	2(N01)	MEASURED	0.381	MEASURED	0.636	1
P009001	3	BARE	-	1(N30C) 1(N30D)	MEASURED	0.850	MEASURED	0.869	1
P009002	1	BARE	-	3(N14)	COUNTED	0.402	COUNTED	0.415	1
P009002	3	BARE	-	1(N14)	COUNTED	0.422	COUNTED	0.401	1
P009003	1	NAME	M223	2(N01)	MEASURED	0.493	MEASURED	0.826	1
P009004	0	NAME	M175 M260	1(N01)	COUNTED	0.379	ALLOT	0.291	0
P009004	1	NAME	|M036+1(N30D)|	2(N01)	COUNTED	0.336	MEASURED	0.300	0
P009004	2	BARE	-	2(N01)	COUNTED	0.320	MEASURED	0.317	0
P009004	3	NAME	M103 |M036+1(N30D)|	5(N01)	PERSON	0.342	ALLOT	0.328	0
P009005	2	NAME	M005	7(N01)	COUNTED	0.671	COUNTED	0.564	1
P009005	3	NAME	M298	1(N14) 1(N01)	COUNTED	0.589	COUNTED	0.482	1
P009005	6	BARE	-	2(N14)	COUNTED	0.474	COUNTED	0.506	1
P009007	1	NAME	|M036+1(N30D)|	5(N01)	PERSON	0.633	PERSON	0.655	1
P009010	1	NAME	M246	2(N01)	FRACLINE	0.703	FRACLINE	0.844	1
P009011	0	NAME	M165	4(N39B)	MEASURED	0.576	ALLOT	0.263	0
P009011	1	NAME	M246	3(N39B)	MEASURED	0.481	PERSON	0.391	0
P009011	2	BARE	-	2(N39B)	MEASURED	0.591	MEASURED	0.298	0
P009011	3	NAME	M312	2(N39B)	MEASURED	0.446	ALLOT	0.297	0
P009012	1	NAME	|M036+1(N39C)|	1(N14) 2(N01@b)	ALLOT	0.297	PERSON	0.294	1
P009012	4	NAME	M387	2(N30C)	MEASURED	0.739	MEASURED	0.403	1
P009013	0	NAME	M374	1(N01)	FRACLINE	0.779	FRACLINE	0.851	1
P009013	4	NAME	M203	1(N14) 2(N01) 1(N08A)	FRACLINE	0.946	FRACLINE	0.871	1
P009014	4	BARE	-	1(N24)	MEASURED	0.489	COUNTED	0.773	1
P009014	7	IN	M218 M099	1(N24)	MEASURED	0.444	COUNTED	0.823	1
P009015	0	IN	M388 |M218+M388|	4(N01)	ALLOT	0.528	ALLOT	0.760	1
P009015	1	NAME	M295	2(N01)	ALLOT	0.543	ALLOT	0.649	1
P009015	2	BARE	-	1(N14)	ALLOT	0.759	ALLOT	0.775	1
P009017	0	IN	M195 M388 |M218+M101| |M228+M101|	1(N01)	PERSON	0.719	PERSON	0.567	1
P009017	1	NAME	M285	1(N01)	PERSON	0.866	PERSON	0.762	1
P009017	4	IN	M388 M219 M048 M218 M099	1(N24)	PERSON	0.622	PERSON	0.816	1
P009017	8	IN	M388 M066 M352	1(N01)	PERSON	0.890	PERSON	0.856	1
P009017	9	BARE	-	1(N01)	PERSON	0.581	PERSON	0.470	1
P009018	1	NAME	M285 M386 M240 M096	3(N14) 1(N01)	FRACLINE	0.327	FRACLINE	0.495	1
P009019	0	NAME	M006	1(N14)	ALLOT	0.500	ALLOT	0.438	0
P009020	2	NAME	M417	2(N01)	PERSON	0.711	PERSON	0.696	1
P009021	0	NAME	M325	2(N01)	PERSON	0.246	ALLOT	0.281	0
P009021	1	BARE	-	1(N01)	COUNTED	0.364	ALLOT	0.385	0
P009022	0	NAME	M325	3(N14) 1(N01)	ALLOT	0.535	ALLOT	0.449	0
P009023	0	NAME	M325	2(N14)	ALLOT	0.535	ALLOT	0.451	0
P009024	0	NAME	M325	1(N39B) 1(N39C)	MEASURED	0.570	PERSON	0.282	0
P009024	1	BARE	-	1(N39B) 1(N24) 1(N30C)	MEASURED	0.695	MEASURED	0.316	0
P009024	2	NAME	M304 M354	2(N01)	PERSON	0.366	PERSON	0.318	0
P009024	3	NAME	M278	1(N01)	PERSON	0.414	PERSON	0.320	0
P009027	0	BARE	-	4(N48)	MEASURED	0.616	MEASURED	0.751	1
P009027	1	BARE	-	1(N34) 8(N14)	MEASURED	0.587	MEASURED	0.749	1
P009027	2	BARE	-	1(N34)	MEASURED	0.576	MEASURED	0.749	1
P009027	3	NAME	M365	6(N34) 3(N45) 6(N14) 1(N01)	MEASURED	0.420	MEASURED	0.763	1
P009027	5	NAME	|M136+M365|	3(N34) 3(N14) 3(N01) 1(N39B)	MEASURED	0.703	MEASURED	0.709	1
P009027	6	NAME	M001	1(N34) 2(N14) 2(N01)	MEASURED	0.415	MEASURED	0.612	1
P009027	7	BARE	-	2(N45) 1(N14) 4(N01)	MEASURED	0.451	MEASURED	0.755	1
P009027	8	NAME	M059	5(N34) 1(N39B)	MEASURED	0.742	MEASURED	0.689	1
P009027	9	BARE	-	1(N14) 2(N01)	MEASURED	0.495	MEASURED	0.755	1
P009027	10	BARE	-	3(N14) 1(N01)	MEASURED	0.496	MEASURED	0.773	1
P009028	7	BARE	-	1(N30C)	MEASURED	0.969	MEASURED	0.815	1
P009029	3	BARE	-	5(N01) 2(N39B)	ALLOT	0.806	ALLOT	0.879	1
P009030	1	BARE	-	6(N01)	PERSON	0.774	PERSON	0.730	1
P009030	2	BARE	-	2(N01)	PERSON	0.749	PERSON	0.743	1
P009030	4	NAME	M347	6(N01)	PERSON	0.902	PERSON	0.910	1
P009030	5	IN	M054 M367	4(N01)	PERSON	0.870	PERSON	0.815	1
P009030	6	NAME	M298	1(N01)	PERSON	0.847	PERSON	0.695	1
P009030	7	BARE	-	1(N01)	PERSON	0.757	PERSON	0.710	1
P009030	8	NAME	M367	1(N01)	PERSON	0.904	PERSON	0.854	1
P009030	11	NAME	M367	4(N01)	PERSON	0.860	PERSON	0.811	1
P009030	13	NAME	M318	1(N01)	PERSON	0.894	PERSON	0.869	1
P009030	15	BARE	-	1(N01)	PERSON	0.829	PERSON	0.725	1
P009030	16	NAME	M051	4(N01)	PERSON	0.842	PERSON	0.699	1
P009030	18	BARE	-	1(N01)	PERSON	0.857	PERSON	0.753	1
P009030	21	BARE	-	8(N01)	PERSON	0.838	PERSON	0.751	1
P009030	23	NAME	M327	1(N01)	PERSON	0.913	PERSON	0.856	1
P009030	25	NAME	M367	2(N01)	PERSON	0.862	PERSON	0.841	1
P009030	26	BARE	-	1(N01)	PERSON	0.755	PERSON	0.709	1
P009030	27	NAME	M325	2(N01)	PERSON	0.817	PERSON	0.819	1
P009030	28	BARE	-	2(N01)	PERSON	0.750	PERSON	0.740	1
P009030	30	NAME	M051	1(N01)	PERSON	0.835	PERSON	0.715	1
P009030	31	NAME	M367	2(N01)	PERSON	0.832	PERSON	0.828	1
P009030	32	NAME	M051	2(N14) 8(N01)	PERSON	0.807	PERSON	0.730	1
P009030	34	NAME	M367	1(N14)	PERSON	0.859	PERSON	0.824	1
P009030	35	NAME	M051	1(N14) 6(N01)	PERSON	0.821	PERSON	0.669	1
P009030	37	BARE	-	1(N14) 4(N01)	PERSON	0.645	PERSON	0.572	1
P009031	1	IN	M201 M388 M109 M096	2(N01)	PERSON	0.477	PERSON	0.565	1
P009032	1	IN	M388 |M131+M388| M004 M263 M218 M387	6(N01)	COUNTED	0.908	COUNTED	0.872	1
P009035	1	BARE	-	1(N01)	COUNTED	0.888	COUNTED	0.733	1
P009037	0	NAME	M269	4(N01)	COUNTED	0.652	COUNTED	0.669	1
P009037	1	NAME	|M036+1(N30D)|	3(N14)	COUNTED	0.518	COUNTED	0.665	1
P009037	2	NAME	M354	2(N14)	COUNTED	0.518	COUNTED	0.641	1
P009037	3	BARE	-	2(N14) 6(N01)	COUNTED	0.584	COUNTED	0.611	1
P009037	5	NAME	|M036+1(N30D)|	3(N14)	COUNTED	0.476	COUNTED	0.622	1
P009037	6	NAME	M354	1(N14)	COUNTED	0.561	COUNTED	0.611	1
P009037	10	NAME	|M036+1(N30D)|	4(N14)	COUNTED	0.475	COUNTED	0.613	1
P009037	11	IN	M346 M061 M269	2(N01)	COUNTED	0.715	COUNTED	0.623	1
P009037	12	NAME	|M036+1(N30D)|	2(N14)	COUNTED	0.503	COUNTED	0.635	1
P009037	14	NAME	M354	1(N14)	COUNTED	0.542	COUNTED	0.614	1
P009037	16	NAME	M354	4(N01)	COUNTED	0.626	COUNTED	0.614	1
P009037	18	NAME	|M036+1(N30D)|	1(N51)	COUNTED	0.394	COUNTED	0.690	1
P009037	19	NAME	M354	4(N14)	COUNTED	0.566	COUNTED	0.673	1
P009037	20	IN	M346 M354	4(N14) 6(N01)	COUNTED	0.648	COUNTED	0.650	1
P009038	0	NAME	|M362+M367|	8(N01)	COUNTED	0.328	ALLOT	0.279	0
P009038	1	NAME	M367	2(N01)	COUNTED	0.396	PERSON	0.338	0
P009038	2	NAME	M006	2(N01)	COUNTED	0.473	PERSON	0.312	0
P009038	3	NAME	M367	9(N01)	PERSON	0.353	PERSON	0.333	0
P009038	4	NAME	M367	1(N01)	PERSON	0.437	PERSON	0.333	0
P009038	5	NAME	M006@g	2(N01)	PERSON	0.345	ALLOT	0.278	0
P009039	0	NAME	M289	1(N01) 1(N39B)	ALLOT	0.677	ALLOT	0.490	0
P009041	12	BARE	-	1(N01) 1(N39B)	MEASURED	0.822	MEASURED	0.476	1
P009042	1	NAME	M223	1(N14) 1(N01)	PERSON	0.707	PERSON	0.761	1
P009043	0	NAME	|M305+X| M009	4(N01)	COUNTED	0.693	COUNTED	0.667	1
P009043	5	NAME	M159 M104 M269	3(N01)	COUNTED	0.707	COUNTED	0.582	1
P009043	6	NAME	M269	1(N01)	COUNTED	0.754	COUNTED	0.576	1
P009043	7	NAME	M269	1(N01)	COUNTED	0.754	COUNTED	0.576	1
P009043	8	IN	M112 M387	2(N39B) 2(N30C)	MEASURED	0.581	COUNTED	0.656	1
P009043	9	NAME	M292	1(N14) 5(N01)	COUNTED	0.633	COUNTED	0.565	1
P009043	10	NAME	M246	1(N14) 1(N01)	COUNTED	0.607	COUNTED	0.489	1
P009043	13	NAME	M359 M009	2(N01)	COUNTED	0.782	COUNTED	0.684	1
P009043	14	BARE	-	6(N01)	COUNTED	0.739	COUNTED	0.623	1
P009043	17	BARE	-	1(N01)	COUNTED	0.753	COUNTED	0.582	1
P009043	19	NAME	M292	1(N14) 4(N01)	COUNTED	0.643	COUNTED	0.596	1
P009043	20	NAME	M246	1(N14) 1(N01)	COUNTED	0.641	COUNTED	0.546	1
P009044	1	BARE	-	1(N01)	ALLOT	0.660	ALLOT	0.834	1
P009046	1	BARE	-	2(N14) 3(N01)	ALLOT	0.513	ALLOT	0.503	1
P009046	2	BARE	-	3(N39B)	ALLOT	0.405	ALLOT	0.415	1
P009046	3	NAME	M059	1(N01)	PERSON	0.571	PERSON	0.509	1
P009046	4	NAME	M324	1(N01)	PERSON	0.558	PERSON	0.412	1
P009046	5	BARE	-	4(N14) 2(N01) 1(N24)	ALLOT	0.698	ALLOT	0.447	1
P009046	6	BARE	-	1(N01)	PERSON	0.381	ALLOT	0.447	1
P009046	7	NAME	M374	1(N01)	PERSON	0.600	PERSON	0.615	1
P009047	1	BARE	-	1(N39B@b) 1(N30C@b)	MEASURED	0.817	MEASURED	0.832	1
P009048	0	NAME	|M351+X|	1(N54)	MEASURED	0.296	ALLOT	0.260	0
P009048	1	NAME	M222	1(N34) 2(N01)	ALLOT	0.274	PERSON	0.447	0
P009048	2	NAME	|M327+M365| M354	2(N51) 2(N14) 6(N01)	PERSON	0.388	PERSON	0.394	0
P009048	3	BARE	-	1(N51@b)	MEASURED	0.487	MEASURED	0.289	0
P009048	4	BARE	-	4(N01)	MEASURED	0.315	MEASURED	0.289	0
P009048	5	NAME	|M351+X|	1(N51) 1(N34) 2(N14) 2(N01)	PERSON	0.320	PERSON	0.367	0
P009048	6	NAME	|M351+X| M354	1(N51) 4(N14)	PERSON	0.381	PERSON	0.394	0
P009048	7	BARE	-	3(N51@b) 5(N14@b)	MEASURED	0.493	MEASURED	0.307	0
P009048	8	NAME	|M351+X|	1(N51) 5(N14)	PERSON	0.404	PERSON	0.366	0
P009048	9	NAME	M222	6(N14)	PERSON	0.337	PERSON	0.446	0
P009048	10	NAME	M327 M354	2(N51) 2(N34)	PERSON	0.405	PERSON	0.389	0
P009048	11	NAME	M352	4(N51) 1(N34) 5(N14) 8(N01)	PERSON	0.473	PERSON	0.490	0
P009048	12	NAME	M223	4(N14) 3(N01)	PERSON	0.423	PERSON	0.381	0
P009048	13	NAME	|M327+M348| M354	7(N51) 1(N34) 5(N14) 5(N01)	PERSON	0.439	PERSON	0.394	0
P009048	14	NAME	M352	3(N51)	PERSON	0.467	PERSON	0.491	0
P009048	15	NAME	M327 M354	2(N51) 1(N34) 4(N14) 2(N01)	PERSON	0.384	PERSON	0.392	0
P009048	16	BARE	-	3(N51@b) 1(N34@b) 4(N14@b) 1(N01@b)	MEASURED	0.487	MEASURED	0.288	0
P009048	17	NAME	|M351+X|	5(N51)	PERSON	0.419	PERSON	0.368	0
P009048	18	NAME	M223	4(N14) 5(N01) 2(N39B)	ALLOT	0.494	PERSON	0.384	0
P009048	19	NAME	M327 M354	2(N51) 4(N14) 6(N01)	PERSON	0.482	PERSON	0.392	0
P009048	20	BARE	-	2(N01@b)	MEASURED	0.444	MEASURED	0.288	0
P009048	21	NAME	|M351+X|	2(N51) 4(N14) 5(N01)	PERSON	0.447	PERSON	0.397	0
P009048	22	NAME	M223	5(N14) 2(N01)	PERSON	0.458	PERSON	0.414	0
P009048	23	NAME	M354	1(N54) 7(N51) 4(N14) 4(N01)	PERSON	0.415	PERSON	0.394	0
P009048	24	BARE	-	2(N54@b) 1(N51@b) 1(N34@b) 1(N14@b)	MEASURED	0.507	MEASURED	0.306	0
P009048	25	BARE	-	2(N51)	MEASURED	0.372	MEASURED	0.306	0
P009048	26	BARE	-	8(N51) 5(N14) 5(N01)	PERSON	0.274	MEASURED	0.328	0
P009049	0	BARE	-	1(N01)	PERSON	0.487	PERSON	0.374	1
P009049	1	NAME	M286 M052	1(N01)	PERSON	0.663	PERSON	0.491	1
P009049	2	NAME	M327	1(N01)	PERSON	0.681	PERSON	0.554	1
P009049	3	BARE	-	1(N01)	PERSON	0.555	PERSON	0.450	1
P009049	4	NAME	M052	1(N01)	PERSON	0.677	PERSON	0.550	1
P009049	5	NAME	M052	1(N01)	PERSON	0.677	PERSON	0.550	1
P009049	6	BARE	-	1(N01)	PERSON	0.555	PERSON	0.450	1
P009049	7	BARE	-	1(N01)	PERSON	0.555	PERSON	0.450	1
P009049	8	NAME	M248	1(N01)	PERSON	0.679	PERSON	0.513	1
P009049	10	NAME	M051	1(N01)	PERSON	0.614	PERSON	0.440	1
P009049	11	BARE	-	1(N01)	PERSON	0.601	PERSON	0.497	1
P009049	13	BARE	-	1(N01)	PERSON	0.630	PERSON	0.532	1
P009049	15	BARE	-	1(N01)	PERSON	0.610	PERSON	0.487	1
P009049	16	BARE	-	1(N01)	PERSON	0.550	PERSON	0.444	1
P009049	17	NAME	M143	1(N01)	PERSON	0.694	PERSON	0.586	1
P009049	18	NAME	M069	1(N01)	PERSON	0.679	PERSON	0.542	1
P009049	19	BARE	-	1(N01)	PERSON	0.550	PERSON	0.444	1
P009049	20	NAME	M143	1(N01)	PERSON	0.688	PERSON	0.589	1
P009049	21	BARE	-	1(N01)	PERSON	0.547	PERSON	0.449	1
P009049	22	BARE	-	1(N01)	PERSON	0.524	PERSON	0.407	1
P009049	24	BARE	-	1(N01)	PERSON	0.508	PERSON	0.413	1
P009049	25	NAME	M064	1(N01)	PERSON	0.692	PERSON	0.580	1
P009049	26	NAME	M024	1(N01)	PERSON	0.758	PERSON	0.706	1
P009049	28	NAME	M048	1(N01)	PERSON	0.691	PERSON	0.587	1
P009049	29	NAME	M026	1(N01)	PERSON	0.700	PERSON	0.606	1
P009049	30	NAME	M026	1(N01)	PERSON	0.696	PERSON	0.631	1
P009049	31	NAME	M193	1(N01)	PERSON	0.646	PERSON	0.542	1
P009049	32	NAME	M094	1(N01)	PERSON	0.653	PERSON	0.545	1
P009049	33	NAME	M052	1(N01)	PERSON	0.673	PERSON	0.579	1
P009049	34	BARE	-	1(N01)	PERSON	0.546	PERSON	0.477	1
P009049	35	BARE	-	1(N01)	PERSON	0.546	PERSON	0.477	1
P009049	36	BARE	-	1(N01)	PERSON	0.513	PERSON	0.483	1
P009049	38	BARE	-	1(N01)	PERSON	0.456	PERSON	0.392	1
P009050	1	BARE	-	2(N48) 2(N34) 2(N45) 2(N14) 2(N01) 2(N39B) 1(N24) 2(N30C) 1(N30D)	ALLOT	0.879	ALLOT	0.781	1
P009050	2	BARE	-	2(N46) 2(N48) 1(N34) 1(N45) 3(N14) 3(N01) 3(N39B) 1(N24) 1(N30C) 1(N30D) 1(N39C)	ALLOT	0.782	ALLOT	0.751	1
P009050	3	BARE	-	1(N34) 1(N45) 1(N14) 1(N01) 1(N39B) 1(N24) 1(N30C) 1(N30D) 1(N39C)	ALLOT	0.878	ALLOT	0.751	1
P009050	4	BARE	-	1(N48) 1(N34) 1(N45) 1(N14) 1(N01) 1(N39B) 1(N30C) 1(N30D) 1(N39C)	ALLOT	0.860	ALLOT	0.751	1
P009050	5	BARE	-	1(N45) 1(N14) 1(N01) 1(N39B) 1(N24) 1(N30C) 1(N30D) 1(N39C)	ALLOT	0.866	ALLOT	0.751	1
P009050	6	BARE	-	1(N14) 1(N01) 1(N39B) 1(N24) 1(N30C) 1(N30D) 1(N39C)	ALLOT	0.748	ALLOT	0.751	1
P009050	7	BARE	-	1(N01) 1(N39B) 1(N24) 1(N30C) 1(N30D) 1(N39C)	ALLOT	0.675	ALLOT	0.751	1
P009050	8	BARE	-	1(N39C) 1(N24) 1(N30C) 1(N30D) 1(N39C)	ALLOT	0.514	ALLOT	0.751	1
P009050	9	BARE	-	1(N24) 1(N30C) 1(N30D) 1(N39C)	ALLOT	0.462	ALLOT	0.751	1
P009050	10	BARE	-	2(N30C) 1(N30D) 1(N39C)	ALLOT	0.459	ALLOT	0.755	1
P009050	11	BARE	-	1(N30C) 1(N30D) 1(N39C)	ALLOT	0.475	ALLOT	0.755	1
P009050	12	BARE	-	1(N30D) 1(N39C)	ALLOT	0.511	ALLOT	0.755	1
P009050	13	BARE	-	1(N46) 1(N48) 1(N34) 2(N45) 2(N14) 5(N01) 4(N39B) 1(N24) 2(N30C) 1(N30D) 1(N39C)	ALLOT	0.779	ALLOT	0.755	1
P009050	14	BARE	-	1(N45) 5(N14) 3(N01) 1(N39B) 1(N24) 2(N30C) 1(N30D)	ALLOT	0.852	ALLOT	0.755	1
P009050	15	BARE	-	6(N14) 4(N01) 2(N39B) 1(N24) 2(N30C) 1(N30D) 1(N39C)	ALLOT	0.824	ALLOT	0.704	1
P009050	16	BARE	-	3(N14) 1(N39C)	ALLOT	0.763	ALLOT	0.704	1
P009050	17	BARE	-	1(N14) 1(N01) 1(N24) 1(N30C)	ALLOT	0.703	ALLOT	0.704	1
P009050	18	BARE	-	7(N14) 1(N24) 2(N30C)	ALLOT	0.748	ALLOT	0.704	1
P009050	19	BARE	-	1(N48) 1(N45) 4(N14) 2(N01)	ALLOT	0.842	ALLOT	0.778	1
P009051	1	NAME	M277	1(N39B)	MEASURED	0.819	MEASURED	0.653	1
P009051	2	NAME	M311	1(N30C) 1(N30D)	MEASURED	0.784	MEASURED	0.570	1
P009051	3	NAME	M016	2(N30C)	MEASURED	0.769	MEASURED	0.565	1
P009051	4	BARE	-	1(N30C)	MEASURED	0.823	MEASURED	0.703	1
P009051	5	NAME	M014	1(N24) 1(N30D)	MEASURED	0.753	MEASURED	0.552	1
P009051	6	BARE	-	2(N39B) 1(N24) 1(N30C)	MEASURED	0.835	MEASURED	0.694	1
P009051	7	BARE	-	1(N24@b) 1(N30C@b)	MEASURED	0.778	MEASURED	0.699	1
P009051	8	BARE	-	1(N30C)	MEASURED	0.851	MEASURED	0.750	1
P009052	0	IN	M057 M277	2(N01)	COUNTED	0.852	COUNTED	0.771	1
P009052	1	NAME	|M036+1(N30D)|	1(N01)	COUNTED	0.864	COUNTED	0.737	1
P009052	3	BARE	-	1(N30C)	MEASURED	0.669	COUNTED	0.758	1
P009052	4	BARE	-	1(N30C)	MEASURED	0.775	COUNTED	0.700	1
P009054	0	BARE	-	2(N39B)	PERSON	0.496	PERSON	0.680	1
P009054	2	BARE	-	1(N39B)	PERSON	0.540	PERSON	0.635	1
P009055	0	NAME	M254	2(N01)	ALLOT	0.350	ALLOT	0.414	0
P009056	1	BARE	-	1(N01)	FRACLINE	0.806	FRACLINE	0.870	1
P009057	0	NAME	M001	4(N01)	MEASURED	0.524	MEASURED	0.709	1
P009057	2	BARE	-	3(N01)	MEASURED	0.534	MEASURED	0.823	1
P009058	2	NAME	M203	9(N01)	FRACLINE	0.696	FRACLINE	0.779	1
P009059	0	NAME	M176 M009	2(N39B)	MEASURED	0.648	COUNTED	0.600	1
P009059	1	BARE	-	1(N01)	COUNTED	0.806	COUNTED	0.452	1
P009059	2	BARE	-	1(N39B)	MEASURED	0.805	COUNTED	0.468	1
P009059	4	NAME	M319	2(N39B) 1(N24)	MEASURED	0.665	COUNTED	0.494	1
P009059	5	NAME	M387 M176	1(N39B) 1(N24) 1(N30D)	MEASURED	0.722	COUNTED	0.486	1
P009060	0	NAME	M354	2(N14)	MEASURED	0.468	MEASURED	0.600	1
P009060	1	BARE	-	1(N14@b)	MEASURED	0.740	MEASURED	0.758	1
P009060	3	NAME	M269	2(N01)	COUNTED	0.392	MEASURED	0.687	1
P009060	4	NAME	M354	1(N14)	MEASURED	0.436	MEASURED	0.588	1
P009060	5	BARE	-	7(N01@b)	MEASURED	0.642	MEASURED	0.708	1
P009060	6	BARE	-	2(N14) 5(N01)	MEASURED	0.419	MEASURED	0.710	1
P009060	7	NAME	M269	1(N01)	PERSON	0.347	MEASURED	0.652	1
P009062	0	NAME	M009	2(N01)	ALLOT	0.366	ALLOT	0.358	0
P009063	0	NAME	M043	1(N34) 1(N14) 4(N01) 3(N39B)	ALLOT	0.756	ALLOT	0.286	0
P009063	1	BARE	-	1(N45) 5(N14) 5(N01)	ALLOT	0.587	ALLOT	0.379	0
P009064	0	BARE	-	5(N14)	ALLOT	0.549	ALLOT	0.442	0
P009065	0	BARE	-	5(N14)	ALLOT	0.549	ALLOT	0.442	0
P009066	0	BARE	-	4(N14)	ALLOT	0.550	ALLOT	0.442	0
P009067	0	NAME	M146	1(N14)	PERSON	0.671	PERSON	0.784	1
P009067	1	NAME	M383	1(N14) 1(N01)	PERSON	0.812	PERSON	0.874	1
P009067	3	NAME	M387	1(N14)	PERSON	0.813	PERSON	0.841	1
P009067	4	NAME	M122	1(N14)	PERSON	0.799	PERSON	0.848	1
P009067	5	NAME	M223	1(N14) 1(N01)	PERSON	0.738	PERSON	0.788	1
P009068	0	NAME	M152	3(N01)	ALLOT	0.460	ALLOT	0.396	0
P009069	0	BARE	-	1(N14)	ALLOT	0.416	ALLOT	0.434	0
P009070	0	NAME	M152	1(N14)	ALLOT	0.416	MEASURED	0.319	0
P009070	1	NAME	M122	1(N14)	ALLOT	0.364	ALLOT	0.358	0
P009071	0	BARE	-	1(N14) 1(N01)	ALLOT	0.382	ALLOT	0.442	0
P009072	1	BARE	-	4(N01@b)	MEASURED	0.742	MEASURED	0.832	1
P009073	1	BARE	-	3(N01@b) 1(N39B@b) 1(N24@b)	MEASURED	0.754	MEASURED	0.832	1
P009074	0	NAME	|M036+1(N30C)+1(N39C)|	2(N51)	ALLOT	0.321	ALLOT	0.268	0
P009074	1	NAME	|M036+1(N30D)|	1(N51) 2(N14)	PERSON	0.349	PERSON	0.336	0
P009074	2	BARE	-	4(N39B) 1(N24) 1(N30C)	MEASURED	0.715	MEASURED	0.317	0
P009074	3	BARE	-	1(N51)	MEASURED	0.331	MEASURED	0.303	0
P009074	4	NAME	|M036+1(N30C)+1(N39C)|	1(N51) 6(N01)	PERSON	0.449	PERSON	0.309	0
P009074	5	BARE	-	3(N14)	ALLOT	0.400	MEASURED	0.331	0
P009075	0	IN	M362 M123	5(N01)	ALLOT	0.317	ALLOT	0.394	0
P009076	0	NAME	M325	1(N14) 3(N01)	ALLOT	0.510	ALLOT	0.472	0
P009077	0	BARE	-	1(N14)	PERSON	0.578	PERSON	0.642	1
P009077	2	NAME	M210	1(N14)	PERSON	0.886	PERSON	0.908	1
P009077	4	NAME	M381	1(N01)	PERSON	0.859	PERSON	0.769	1
P009077	5	NAME	M341	1(N14)	PERSON	0.778	PERSON	0.694	1
P009077	6	NAME	M006	1(N14)	PERSON	0.801	PERSON	0.774	1
P009077	7	BARE	-	1(N14)	PERSON	0.644	PERSON	0.655	1
P009077	8	NAME	M387 M136	1(N14)	PERSON	0.796	PERSON	0.726	1
P009077	9	NAME	M059	1(N14)	PERSON	0.797	PERSON	0.790	1
P009077	10	BARE	-	4(N01)	PERSON	0.632	PERSON	0.655	1
P009077	11	NAME	M006	2(N14)	PERSON	0.780	PERSON	0.796	1
P009077	12	BARE	-	5(N01)	PERSON	0.620	PERSON	0.681	1
P009077	13	BARE	-	1(N14)	PERSON	0.574	PERSON	0.584	1
P009078	2	NAME	M367	6(N01)	COUNTED	0.891	COUNTED	0.764	1
P009078	3	NAME	M367	1(N01)	COUNTED	0.858	COUNTED	0.634	1
P009079	0	NAME	M365	1(N24) 2(N30C)	MEASURED	0.590	ALLOT	0.415	0
P009081	0	NAME	M260	3(N01)	ALLOT	0.453	ALLOT	0.448	0
P009082	0	BARE	-	1(N01)	COUNTED	0.330	ALLOT	0.281	0
P009082	1	NAME	M122	1(N14)	PERSON	0.488	PERSON	0.444	0
P009082	2	NAME	M387	1(N14)	PERSON	0.308	PERSON	0.286	0
P009083	2	NAME	M311	2(N39B)	MEASURED	0.863	MEASURED	0.802	1
P009084	1	BARE	-	1(N23) 3(N01)	ALLOT	0.546	ALLOT	0.867	1
P009085	0	NAME	M246	1(N14) 3(N01) 1(N39B)	MEASURED	0.341	COUNTED	0.790	1
P009086	0	NAME	M341 M304	1(N01)	PERSON	0.460	MEASURED	0.331	1
P009086	1	IN	M054 M146 M209	1(N01)	PERSON	0.658	PERSON	0.563	1
P009086	2	NAME	M277	1(N01)	PERSON	0.603	PERSON	0.458	1
P009086	3	NAME	M382	1(N01)	PERSON	0.622	PERSON	0.471	1
P009086	5	IN	M112 M277	1(N01)	PERSON	0.587	PERSON	0.483	1
P009087	0	NAME	M059	1(N14) 3(N01)	PERSON	0.391	MEASURED	0.498	1
P009087	1	NAME	M015	2(N01)	PERSON	0.394	PERSON	0.404	1
P009087	4	NAME	M384	3(N14) 3(N01)	PERSON	0.475	PERSON	0.414	1
P009087	5	NAME	M184	2(N01)	PERSON	0.371	MEASURED	0.415	1
P009087	6	NAME	M188 M043	3(N14)	PERSON	0.413	MEASURED	0.417	1
P009087	7	NAME	M175 |M136+X|	1(N14)	PERSON	0.344	MEASURED	0.503	1
P009088	4	NAME	M372	1(N01)	PERSON	0.849	PERSON	0.735	1
P009089	5	NAME	M241 M096	1(N24)	ALLOT	0.650	COUNTED	0.393	1
P009089	7	BARE	-	3(N01)	COUNTED	0.561	COUNTED	0.514	1
P009089	8	NAME	M332	1(N14)	COUNTED	0.340	COUNTED	0.411	1
P009089	18	NAME	M242 M240 M096	1(N01)	COUNTED	0.655	COUNTED	0.577	1
P009089	19	BARE	-	5(N14) 5(N01)	COUNTED	0.519	COUNTED	0.531	1
P009090	0	NAME	M038	2(N01) 4(N39B)	MEASURED	0.805	MEASURED	0.631	1
P009090	1	BARE	-	1(N01@b) 4(N39B@b) 1(N24@b) 1(N30C@b)	MEASURED	0.787	MEASURED	0.829	1
P009091	0	IN	M388 M059	4(N01)	PERSON	0.684	PERSON	0.753	1
P009091	1	BARE	-	3(N01)	PERSON	0.537	PERSON	0.641	1
P009091	2	BARE	-	3(N01)	PERSON	0.646	PERSON	0.724	1
P009092	1	NAME	M304 M158	4(N39B)	ALLOT	0.764	ALLOT	0.858	1
P009094	0	NAME	M210	2(N14) 1(N01)	ALLOT	0.483	ALLOT	0.363	0
P009095	0	NAME	M383	1(N45) 3(N34) 2(N39B) 1(N24)	ALLOT	0.735	ALLOT	0.457	0
P009096	0	NAME	M384	1(N14) 5(N01)	ALLOT	0.539	ALLOT	0.439	0
P009097	0	NAME	M384	1(N14) 4(N01)	ALLOT	0.536	ALLOT	0.433	0
P009098	0	NAME	M384	2(N14) 3(N01)	ALLOT	0.545	ALLOT	0.439	0
P009099	0	NAME	M384	1(N14)	ALLOT	0.489	ALLOT	0.433	0
P009100	0	NAME	M384	2(N01)	ALLOT	0.395	ALLOT	0.439	0
P009101	0	NAME	M384	3(N01)	ALLOT	0.445	ALLOT	0.433	0
P009102	0	NAME	M384	2(N14) 5(N01)	ALLOT	0.491	ALLOT	0.439	0
P009103	0	NAME	M385	6(N01)	COUNTED	0.259	PERSON	0.257	0
P009103	1	NAME	M386	2(N01) 1(N30C)	MEASURED	0.381	PERSON	0.423	0
P009103	2	BARE	-	5(N01)	COUNTED	0.352	MEASURED	0.322	0
P009103	3	NAME	M298	2(N01)	COUNTED	0.372	MEASURED	0.348	0
P009103	4	IN	M075 M304	3(N01)	COUNTED	0.360	COUNTED	0.309	0
P009103	5	NAME	M305	6(N01)	COUNTED	0.393	PERSON	0.415	0
P009103	6	BARE	-	1(N01)	COUNTED	0.405	MEASURED	0.344	0
P009104	0	NAME	M385	2(N14) 2(N01)	ALLOT	0.516	ALLOT	0.446	0
P009105	0	NAME	M387	2(N14) 2(N01)	ALLOT	0.454	ALLOT	0.364	0
P009106	0	BARE	-	1(N14)	ALLOT	0.413	ALLOT	0.442	0
P009107	1	NAME	M384	1(N14) 3(N01)	MEASURED	0.396	MEASURED	0.572	1
P009107	2	NAME	M387	1(N14) 3(N01)	MEASURED	0.383	MEASURED	0.632	1
P009107	3	NAME	M122	1(N14) 3(N01)	MEASURED	0.423	MEASURED	0.653	1
P009110	1	NAME	M311	2(N39B)	MEASURED	0.875	MEASURED	0.790	1
P009112	0	BARE	-	1(N14) 2(N01)	ALLOT	0.420	ALLOT	0.442	0
P009113	0	BARE	-	1(N14)	ALLOT	0.416	ALLOT	0.434	0
P009114	0	NAME	M188	7(N01@b)	PERSON	0.327	PERSON	0.257	0
P009114	1	BARE	-	2(N01)	COUNTED	0.323	MEASURED	0.304	0
P009114	2	NAME	M188	1(N14) 2(N01)	PERSON	0.357	PERSON	0.368	0
P009114	3	NAME	M367 M304	5(N01)	PERSON	0.360	PERSON	0.304	0
P009114	4	BARE	-	1(N01)	PERSON	0.331	MEASURED	0.322	0
P009114	5	NAME	M208	5(N01)	PERSON	0.361	PERSON	0.323	0
P009114	6	NAME	M384	2(N01)	PERSON	0.434	PERSON	0.489	0
P009114	7	NAME	M385	1(N01)	PERSON	0.455	PERSON	0.322	0
P009114	8	NAME	M387	1(N01)	PERSON	0.430	COUNTED	0.336	0
P009114	9	NAME	M155 M304	1(N14) 2(N01)	ALLOT	0.308	ALLOT	0.266	0
P009115	0	NAME	M071	1(N34) 5(N14) 2(N01)	ALLOT	0.626	ALLOT	0.452	0
P009116	0	NAME	M071	1(N14) 6(N01)	ALLOT	0.405	ALLOT	0.446	0
P009117	0	NAME	M269	1(N14)	ALLOT	0.504	ALLOT	0.450	0
P009118	0	NAME	M341	1(N14)	ALLOT	0.532	ALLOT	0.570	0
P009122	1	NAME	M382	1(N14) 4(N01)	PERSON	0.477	COUNTED	0.500	1
P009122	3	NAME	M365	1(N14) 6(N01)	PERSON	0.558	PERSON	0.444	1
P009122	4	NAME	M009 M122	7(N01)	PERSON	0.587	PERSON	0.551	1
P009123	1	NAME	M311	1(N24)	MEASURED	0.883	MEASURED	0.824	1
P009123	3	NAME	M311	1(N24)	MEASURED	0.875	MEASURED	0.835	1
P009123	5	NAME	M311	1(N24)	MEASURED	0.875	MEASURED	0.826	1
P009123	7	NAME	M311	1(N24)	MEASURED	0.853	MEASURED	0.807	1
P009124	0	NAME	M157 M387	1(N01)	COUNTED	0.371	COUNTED	0.304	0
P009124	1	BARE	-	9(N14) 2(N01)	ALLOT	0.600	ALLOT	0.438	0
P009125	0	NAME	M367	1(N01)	COUNTED	0.867	COUNTED	0.703	1
P009125	2	BARE	-	1(N01)	COUNTED	0.880	COUNTED	0.770	1
P009125	3	NAME	M006@g	2(N01)	COUNTED	0.832	COUNTED	0.749	1
P009125	4	NAME	M125 M251	1(N01)	COUNTED	0.797	COUNTED	0.610	1
P009126	0	NAME	M126	2(N01)	PERSON	0.301	PERSON	0.282	0
P009126	1	NAME	M374	5(N01)	PERSON	0.294	ALLOT	0.342	0
P009127	1	NAME	M387 M387 M153	1(N34)	ALLOT	0.847	ALLOT	0.692	1
P009127	2	BARE	-	2(N45)	ALLOT	0.891	ALLOT	0.742	1
P009127	5	NAME	|M218+M288|	1(N34) 3(N14)	ALLOT	0.916	ALLOT	0.722	1
P009128	3	BARE	-	2(N30C) 1(N30D)	MEASURED	0.738	COUNTED	0.525	1
P009129	0	NAME	M305 M354	2(N14) 4(N01)	COUNTED	0.647	COUNTED	0.620	1
P009129	1	NAME	M354	1(N34)	COUNTED	0.559	COUNTED	0.578	1
P009129	2	NAME	M354	1(N14@b) 2(N01@b)	MEASURED	0.509	COUNTED	0.578	1
P009129	3	BARE	-	1(N14)	COUNTED	0.538	COUNTED	0.525	1
P009129	5	BARE	-	1(N01)	COUNTED	0.835	COUNTED	0.542	1
P009129	8	BARE	-	1(N24@b)	MEASURED	0.639	COUNTED	0.508	1
P009130	0	NAME	M059	3(N14)	PERSON	0.576	PERSON	0.602	1
P009130	2	NAME	|M136+X|	4(N14) 3(N01)	PERSON	0.743	PERSON	0.635	1
P009130	3	NAME	M210	4(N14) 3(N01)	PERSON	0.766	PERSON	0.779	1
P009130	5	BARE	-	2(N14) 3(N01)	PERSON	0.627	PERSON	0.510	1
P009130	6	BARE	-	1(N14) 3(N01)	PERSON	0.600	PERSON	0.454	1
P009130	7	NAME	M009	1(N14) 3(N01)	PERSON	0.755	PERSON	0.697	1
P009130	9	NAME	M219	1(N14) 3(N01)	PERSON	0.734	PERSON	0.679	1
P009130	10	NAME	M151	1(N14) 3(N01)	PERSON	0.645	PERSON	0.547	1
P009132	0	NAME	M059	5(N14)	ALLOT	0.531	MEASURED	0.338	0
P009133	0	NAME	M479	1(N34) 5(N01)	ALLOT	0.391	ALLOT	0.275	0
P009133	1	BARE	-	5(N23)	PERSON	0.267	ALLOT	0.429	0
P009134	0	NAME	M076	4(N14) 2(N01)	ALLOT	0.546	ALLOT	0.446	0
P009135	0	NAME	M091	1(N14) 2(N01)	ALLOT	0.473	ALLOT	0.446	0
P009136	0	NAME	M076	2(N14)	ALLOT	0.553	ALLOT	0.449	0
P009137	2	NAME	M247	2(N01)	COUNTED	0.505	COUNTED	0.415	1
P009138	1	NAME	M247	4(N01)	FRACLINE	0.678	FRACLINE	0.873	1
P009139	0	NAME	M244 M244	1(N14)	ALLOT	0.577	ALLOT	0.492	0
P009140	1	BARE	-	1(N14) 6(N01)	FRACLINE	0.736	FRACLINE	0.854	1
P009141	0	NAME	M210	2(N01)	ALLOT	0.366	ALLOT	0.329	0
P009142	0	NAME	M210	1(N14) 2(N01)	ALLOT	0.272	PERSON	0.398	0
P009142	1	NAME	M026	1(N14)	ALLOT	0.371	ALLOT	0.328	0
P009143	0	NAME	M210	1(N14)	ALLOT	0.465	ALLOT	0.329	0
P009144	0	NAME	M210	5(N01)	ALLOT	0.294	ALLOT	0.324	0
P009145	0	NAME	M479	1(N45) 2(N01)	ALLOT	0.680	ALLOT	0.447	0
P009146	0	NAME	M122	2(N14)	ALLOT	0.525	ALLOT	0.465	0
P009147	0	NAME	M122	2(N14)	ALLOT	0.521	ALLOT	0.463	0
P009148	0	NAME	M324	7(N01)	COUNTED	0.257	ALLOT	0.521	0
P009149	0	BARE	-	4(N48) 4(N34) 3(N14)	ALLOT	0.525	ALLOT	0.301	0
P009149	1	NAME	M269	1(N01)	PERSON	0.405	ALLOT	0.350	0
P009150	1	BARE	-	1(N01@b) 2(N39B@b)	ALLOT	0.684	ALLOT	0.865	1
P009151	1	NAME	M354	1(N14)	ALLOT	0.694	ALLOT	0.714	1
P009151	2	NAME	M269	1(N01)	ALLOT	0.428	ALLOT	0.714	1
P009151	3	NAME	M354	1(N14)	ALLOT	0.655	ALLOT	0.669	1
P009151	4	NAME	M260	1(N01)	ALLOT	0.441	ALLOT	0.711	1
P009151	5	NAME	M354	5(N01)	ALLOT	0.443	ALLOT	0.677	1
P009151	6	BARE	-	1(N01)	ALLOT	0.477	ALLOT	0.752	1
P009151	7	NAME	M354	4(N01)	ALLOT	0.475	ALLOT	0.677	1
P009151	8	BARE	-	1(N01)	ALLOT	0.451	ALLOT	0.700	1
P009151	9	NAME	M354	5(N01)	ALLOT	0.531	ALLOT	0.734	1
P009152	0	NAME	M195	1(N01)	MEASURED	0.350	MEASURED	0.567	1
P009152	1	NAME	M195	1(N01)	PERSON	0.331	MEASURED	0.539	1
P009152	2	BARE	-	1(N01)	MEASURED	0.427	MEASURED	0.756	1
P009152	3	NAME	M080	1(N01)	PERSON	0.392	MEASURED	0.536	1
P009152	4	NAME	M063	1(N01)	MEASURED	0.338	MEASURED	0.657	1
P009152	5	NAME	M277	1(N01)	MEASURED	0.323	MEASURED	0.602	1
P009152	6	NAME	M341	1(N01)	MEASURED	0.332	MEASURED	0.618	1
P009152	7	NAME	M009	1(N01)	PERSON	0.406	PERSON	0.365	1
P009152	8	NAME	|M377+M377|	1(N01)	PERSON	0.332	MEASURED	0.519	1
P009152	9	NAME	M365	1(N01)	MEASURED	0.401	MEASURED	0.746	1
P009152	11	NAME	M352	1(N01)	MEASURED	0.396	MEASURED	0.668	1
P009152	12	NAME	M006	1(N01)	MEASURED	0.334	MEASURED	0.603	1
P009152	13	NAME	M358	1(N01)	MEASURED	0.337	MEASURED	0.607	1
P009152	14	NAME	M358	1(N01)	MEASURED	0.337	MEASURED	0.607	1
P009152	15	NAME	M208	1(N01)	MEASURED	0.346	MEASURED	0.621	1
P009152	16	NAME	M153 M105	1(N01)	PERSON	0.391	MEASURED	0.531	1
P009152	17	NAME	M153 M105	1(N01)	PERSON	0.403	MEASURED	0.521	1
P009152	18	BARE	-	1(N01)	MEASURED	0.433	MEASURED	0.760	1
P009152	19	NAME	M080	1(N01)	PERSON	0.399	MEASURED	0.543	1
P009152	20	NAME	M195	1(N01)	PERSON	0.338	MEASURED	0.544	1
P009152	21	NAME	M365 M214	1(N01)	PERSON	0.367	MEASURED	0.572	1
P009152	22	NAME	M361	1(N01)	PERSON	0.325	MEASURED	0.600	1
P009152	23	BARE	-	1(N01)	MEASURED	0.433	MEASURED	0.760	1
P009152	24	NAME	M208	1(N01)	PERSON	0.328	MEASURED	0.612	1
P009152	25	NAME	M316	1(N01)	PERSON	0.388	MEASURED	0.528	1
P009152	26	NAME	M384 M208	1(N01)	PERSON	0.406	MEASURED	0.505	1
P009152	27	NAME	M387	1(N01)	COUNTED	0.376	MEASURED	0.620	1
P009152	28	NAME	M059	1(N01)	PERSON	0.330	MEASURED	0.677	1
P009152	29	NAME	M059	1(N01)	PERSON	0.330	MEASURED	0.677	1
P009152	30	BARE	-	1(N01)	MEASURED	0.415	MEASURED	0.760	1
P009152	31	NAME	M145	1(N01)	PERSON	0.447	MEASURED	0.551	1
P009152	32	NAME	M384	1(N01)	PERSON	0.399	MEASURED	0.511	1
P009153	0	NAME	M094	2(N01) 1(N8B)	COUNTED	0.494	COUNTED	0.841	1
P009153	1	NAME	M210 M193	1(N01)	COUNTED	0.864	COUNTED	0.801	1
P009153	2	BARE	-	1(N01)	COUNTED	0.900	COUNTED	0.810	1
P009153	3	NAME	M210	1(N01)	COUNTED	0.841	COUNTED	0.735	1
P009153	4	BARE	-	1(N01)	COUNTED	0.900	COUNTED	0.810	1
P009153	5	NAME	M136	1(N01)	COUNTED	0.886	COUNTED	0.848	1
P009153	6	NAME	M387	1(N01)	COUNTED	0.889	COUNTED	0.845	1
P009153	7	NAME	M134	3(N01)	COUNTED	0.823	COUNTED	0.808	1
P009153	8	NAME	M383	1(N01)	COUNTED	0.851	COUNTED	0.797	1
P009153	9	BARE	-	1(N01)	COUNTED	0.895	COUNTED	0.799	1
P009153	10	NAME	M210	1(N01)	COUNTED	0.843	COUNTED	0.735	1
P009153	13	NAME	M277	3(N01)	COUNTED	0.837	COUNTED	0.838	1
P009153	14	BARE	-	1(N01)	COUNTED	0.888	COUNTED	0.807	1
P009153	15	NAME	M383 M387	1(N01)	COUNTED	0.847	COUNTED	0.773	1
P009153	16	NAME	|M136+M365|	2(N01)	COUNTED	0.875	COUNTED	0.767	1
P009153	17	NAME	M107 M277	4(N01)	COUNTED	0.793	COUNTED	0.794	1
P009153	18	BARE	-	5(N01)	COUNTED	0.869	COUNTED	0.807	1
P009153	19	BARE	-	1(N01)	COUNTED	0.888	COUNTED	0.807	1
P009153	20	NAME	M107	1(N01)	COUNTED	0.878	COUNTED	0.837	1
P009153	22	BARE	-	1(N01)	COUNTED	0.897	COUNTED	0.797	1
P009153	23	NAME	M323	1(N01)	COUNTED	0.830	COUNTED	0.752	1
P009153	24	NAME	M341	1(N01)	COUNTED	0.879	COUNTED	0.807	1
P009153	26	BARE	-	1(N01)	COUNTED	0.883	COUNTED	0.766	1
P009154	0	NAME	M354	1(N14)	COUNTED	0.454	COUNTED	0.486	1
P009154	1	IN	M054 M354	1(N14)	COUNTED	0.486	COUNTED	0.455	1
P009154	2	NAME	M354	4(N01)	COUNTED	0.564	MEASURED	0.430	1
P009154	4	BARE	-	3(N01)	COUNTED	0.666	MEASURED	0.529	1
P009154	5	NAME	M354	5(N01)	COUNTED	0.667	COUNTED	0.480	1
P009155	0	BARE	-	1(N01)	COUNTED	0.304	MEASURED	0.288	0
P009155	1	NAME	M277	1(N01)	PERSON	0.390	PERSON	0.331	0
P009155	2	NAME	|M036+1(N30D)|	1(N51) 3(N01)	PERSON	0.414	PERSON	0.337	0
P009155	3	BARE	-	3(N39B)	MEASURED	0.664	MEASURED	0.328	0
P009155	4	BARE	-	3(N39B@c)	MEASURED	0.542	MEASURED	0.328	0
P009155	5	BARE	-	1(N30C) 1(N30D)	MEASURED	0.772	MEASURED	0.308	0
P009155	6	NAME	M304 M278	1(N01)	PERSON	0.384	PERSON	0.298	0
P009155	7	NAME	M276	1(N01)	PERSON	0.436	PERSON	0.384	0
P009155	8	NAME	M276	1(N01)	PERSON	0.413	PERSON	0.302	0
P009156	1	BARE	-	1(N01)	COUNTED	0.931	COUNTED	0.805	1
P009156	4	NAME	M058 |M218+M288|	1(N01)	COUNTED	0.900	COUNTED	0.792	1
P009156	7	BARE	-	2(N01)	COUNTED	0.887	COUNTED	0.796	1
P009156	9	BARE	-	1(N39B)	MEASURED	0.611	COUNTED	0.796	1
P009156	12	BARE	-	1(N24) 2(N30C)	MEASURED	0.594	COUNTED	0.794	1
P009157	0	BARE	-	2(N01)	MEASURED	0.498	MEASURED	0.818	1
P009157	2	BARE	-	1(N14)	MEASURED	0.596	MEASURED	0.822	1
P009158	0	NAME	M365	1(N14)	ALLOT	0.487	ALLOT	0.415	0
P009159	0	IN	M317 M009	4(N14) 8(N01)	PERSON	0.358	PERSON	0.376	0
P009159	1	NAME	M321	6(N01)	COUNTED	0.374	PERSON	0.357	0
P009159	2	IN	M321 M036 M005	4(N01)	PERSON	0.292	ALLOT	0.331	0
P009160	8	IN	M263 M109	1(N01)	COUNTED	0.756	COUNTED	0.565	1
P009161	0	BARE	-	2(N39B)	MEASURED	0.805	MEASURED	0.486	1
P009161	1	NAME	|M036+1(N30C)|	1(N24) 2(N30C)	MEASURED	0.719	MEASURED	0.431	1
P009161	3	NAME	|M351+1(N14)|	1(N39B) 1(N30C@b)	MEASURED	0.688	PERSON	0.406	1
P009161	4	IN	M346 M388 M323	1(N39B)	MEASURED	0.636	PERSON	0.429	1
P009161	6	NAME	|M348+M346|	3(N39B)	MEASURED	0.508	PERSON	0.561	1
P009161	7	NAME	M125	1(N24)	MEASURED	0.592	PERSON	0.538	1
P009162	1	NAME	|M327+M367|	1(N01)	PERSON	0.548	PERSON	0.400	1
P009162	2	IN	M157 M218 M059	3(N01)	PERSON	0.483	MEASURED	0.428	1
P009162	3	NAME	M304	2(N01)	PERSON	0.433	MEASURED	0.414	1
P009162	4	BARE	-	3(N01)	PERSON	0.378	MEASURED	0.483	1
P009162	5	NAME	M059	1(N8B)	PERSON	0.498	PERSON	0.492	1
P009163	0	BARE	-	3(N39B@b)	MEASURED	0.429	ALLOT	0.286	0
P009163	1	NAME	|M036+1(N30C)|	3(N14) 2(N14@b)	PERSON	0.331	PERSON	0.347	0
P009163	2	IN	M380 M371 M302	3(N39B)	MEASURED	0.414	PERSON	0.395	0
P009163	3	NAME	M221	1(N39B)	MEASURED	0.456	PERSON	0.323	0
P009164	1	NAME	M311	1(N01)	MEASURED	0.447	MEASURED	0.811	1
P009164	3	NAME	M247	1(N01)	MEASURED	0.468	MEASURED	0.817	1
P009165	0	BARE	-	1(N14@b)	MEASURED	0.763	MEASURED	0.802	1
P009165	1	IN	M122 M054 |M036+1(N30D)|	1(N14@b)	MEASURED	0.703	MEASURED	0.732	1
P009165	4	NAME	M260	1(N01)	MEASURED	0.438	MEASURED	0.785	1
P009165	5	NAME	|M036+1(N30D)|	4(N01)	MEASURED	0.534	MEASURED	0.738	1
P009166	0	BARE	-	2(N39B@c)	MEASURED	0.617	COUNTED	0.600	1
P009166	2	NAME	|M260+1(N24)|	1(N01)	COUNTED	0.830	COUNTED	0.654	1
P009166	3	BARE	-	1(N30C)	MEASURED	0.825	COUNTED	0.583	1
P009166	5	NAME	|M260+1(N24)|	1(N01)	COUNTED	0.803	COUNTED	0.601	1
P009166	7	BARE	-	1(N30C@b)	MEASURED	0.766	MEASURED	0.443	1
P009174	1	BARE	-	2(N01)	PERSON	0.450	PERSON	0.433	1
P009174	2	NAME	|M153+M342|	1(N14)	PERSON	0.635	PERSON	0.612	1
P009174	3	NAME	|M305+X|	2(N14)	PERSON	0.562	PERSON	0.479	1
P009174	4	BARE	-	6(N01)	PERSON	0.555	PERSON	0.555	1
P009174	6	BARE	-	2(N01)	PERSON	0.606	PERSON	0.622	1
P009175	0	NAME	M203	7(N14)	ALLOT	0.762	ALLOT	0.583	0
P009176	0	BARE	-	1(N30C)	MEASURED	0.762	MEASURED	0.472	1
P009177	2	BARE	-	1(N39B)	PERSON	0.673	PERSON	0.791	1
P009177	4	BARE	-	1(N39B)	PERSON	0.529	PERSON	0.653	1
P009178	0	BARE	-	2(N14) 1(N39B)	ALLOT	0.453	MEASURED	0.389	1
P009178	2	BARE	-	2(N01)	MEASURED	0.373	MEASURED	0.494	1
P009179	0	BARE	-	1(N01) 3(N39B)	ALLOT	0.647	ALLOT	0.520	1
P009179	1	BARE	-	1(N01)	PERSON	0.398	ALLOT	0.414	1
P009179	2	BARE	-	2(N01)	ALLOT	0.378	ALLOT	0.414	1
P009179	3	NAME	M380 |M218+M288|	1(N01)	PERSON	0.650	PERSON	0.658	1
P009182	1	BARE	-	7(N01)	PERSON	0.493	PERSON	0.509	1
P009183	0	BARE	-	2(N01)	COUNTED	0.479	COUNTED	0.424	1
P009183	3	BARE	-	1(N01)	COUNTED	0.468	COUNTED	0.378	1
P009183	10	NAME	|M370+M388+M370|	1(N01)	COUNTED	0.451	COUNTED	0.415	1
P009183	14	IN	M370 M005 M310	1(N01)	COUNTED	0.493	COUNTED	0.506	1
P009183	15	BARE	-	1(N01)	COUNTED	0.511	COUNTED	0.394	1
P009183	17	BARE	-	1(N14)	COUNTED	0.386	COUNTED	0.389	1
P009183	19	NAME	|M370+M388+M370|	1(N01)	COUNTED	0.441	COUNTED	0.424	1
P009183	20	BARE	-	1(N01)	COUNTED	0.510	COUNTED	0.422	1
P009183	26	BARE	-	2(N01)	COUNTED	0.460	COUNTED	0.386	1
P009183	27	NAME	M048	1(N01)	COUNTED	0.437	COUNTED	0.363	1
P009185	5	BARE	-	1(N01)	PERSON	0.534	PERSON	0.406	1
P009185	7	IN	M149 M388 M218 M295	1(N01)	PERSON	0.629	PERSON	0.651	1
P009185	10	NAME	M068 |M296+M296| M335 M111	1(N01)	PERSON	0.601	PERSON	0.420	1
P009185	18	BARE	-	2(N01)	PERSON	0.366	PERSON	0.399	1
P009185	25	BARE	-	1(N24)	ALLOT	0.676	ALLOT	0.351	1
P009185	34	IN	M124 M024 |M218+M101|	1(N01)	PERSON	0.570	PERSON	0.561	1
P009187	0	BARE	-	1(N30C)	ALLOT	0.486	ALLOT	0.829	1
P009187	1	BARE	-	2(N39B) 2(N30C)	ALLOT	0.575	ALLOT	0.745	1
P009188	0	BARE	-	5(N01)	FRACLINE	0.695	FRACLINE	0.855	1
P009188	1	NAME	M203	1(N01)	FRACLINE	0.641	FRACLINE	0.805	1
P009192	1	NAME	M261	1(N01)	COUNTED	0.790	COUNTED	0.635	1
P009192	2	NAME	|M036+1(N24)|	2(N01) 2(N01@b)	MEASURED	0.450	COUNTED	0.553	1
P009192	3	NAME	|M036+1(N30D)|	6(N01)	COUNTED	0.591	COUNTED	0.451	1
P009193	1	NAME	|M288+1(N39B)|	1(N01) 2(N39B)	ALLOT	0.818	ALLOT	0.730	1
P009193	3	NAME	M382	3(N01)	ALLOT	0.749	ALLOT	0.736	1
P009193	6	NAME	M305 M305 M001	1(N01)	ALLOT	0.487	ALLOT	0.638	1
P009193	8	NAME	M209 M001	1(N01)	ALLOT	0.544	ALLOT	0.741	1
P009193	10	NAME	M249	2(N39B)	ALLOT	0.712	ALLOT	0.749	1
P009193	11	BARE	-	2(N01) 2(N39B)	ALLOT	0.783	ALLOT	0.777	1
P009194	1	NAME	M259 M260 M096	1(N39B)	PERSON	0.740	PERSON	0.762	1
P009194	2	BARE	-	1(N39B)	PERSON	0.496	PERSON	0.671	1
P009194	4	BARE	-	1(N39B)	PERSON	0.488	PERSON	0.527	1
P009196	5	BARE	-	3(N01)	MEASURED	0.623	MEASURED	0.883	1
P009197	1	NAME	M354	1(N01)	PERSON	0.863	PERSON	0.855	1
P009197	2	BARE	-	5(N01)	PERSON	0.482	PERSON	0.499	1
P009198	3	BARE	-	1(N01)	ALLOT	0.354	ALLOT	0.427	1
P009198	4	NAME	M005 |M305+X|	8(N14)	ALLOT	0.764	ALLOT	0.593	1
P009199	0	IN	M314 M297 |M036+1(N30D)|	2(N01)	MEASURED	0.389	MEASURED	0.643	1
P009199	1	IN	M057 |M260+1(N24)|	1(N01)	MEASURED	0.409	MEASURED	0.771	1
P009199	3	IN	M101 M066 M260	1(N01)	MEASURED	0.435	MEASURED	0.797	1
P009200	1	NAME	M001	1(N01)	PERSON	0.623	PERSON	0.530	1
P009200	2	BARE	-	1(N39B)	MEASURED	0.818	MEASURED	0.571	1
P009200	3	NAME	M354	1(N14)	PERSON	0.514	MEASURED	0.422	1
P009200	4	BARE	-	2(N01)	PERSON	0.333	MEASURED	0.590	1
P009200	5	NAME	M354	2(N01)	PERSON	0.466	PERSON	0.412	1
P009200	6	NAME	M387 M001	1(N01)	PERSON	0.570	MEASURED	0.453	1
P009200	8	NAME	M387 M354	2(N01)	PERSON	0.376	MEASURED	0.550	1
P009201	9	BARE	-	1(N01)	COUNTED	0.820	COUNTED	0.779	1
P009202	0	BARE	-	3(N14) 2(N01)	ALLOT	0.482	ALLOT	0.426	0
P009203	0	NAME	M482	3(N14)	MEASURED	0.485	MEASURED	0.663	1
P009203	1	IN	M388 |M036+1(N30D)|	2(N14@b)	MEASURED	0.702	MEASURED	0.661	1
P009203	2	NAME	M482	1(N14)	MEASURED	0.506	MEASURED	0.618	1
P009203	3	BARE	-	0(n)	MEASURED	0.698	MEASURED	0.783	1
P009203	4	NAME	M482	1(N14)	MEASURED	0.509	MEASURED	0.630	1
P009203	5	NAME	M302 |M136+M365| |M036+1(N30D)|	1(N14@b)	MEASURED	0.698	MEASURED	0.586	1
P009203	6	NAME	|M036+1(N30D)|	1(N34@b) 3(N14@b) 1(N01@b)	MEASURED	0.698	MEASURED	0.670	1
P009203	7	NAME	M482	1(N34)	MEASURED	0.563	MEASURED	0.727	1
P009204	0	NAME	M384 M387 M271	2(N01)	COUNTED	0.627	COUNTED	0.373	1
P009205	2	IN	M305 M388 M146 M128 M096 M387 M011	2(N01)	COUNTED	0.415	MEASURED	0.654	1
P009205	3	BARE	-	1(N24)	MEASURED	0.847	MEASURED	0.774	1
P009205	5	BARE	-	1(N01)	MEASURED	0.487	MEASURED	0.824	1
P009206	1	BARE	-	5(N01)	PERSON	0.654	PERSON	0.684	1
P009206	2	NAME	|M305+M136| M354	1(N14)	PERSON	0.679	PERSON	0.684	1
P009207	2	IN	M292 M388 M146 M032 M332	1(N14)	ALLOT	0.777	ALLOT	0.847	1
P009207	3	NAME	M347 M219 M101	1(N14)	ALLOT	0.837	ALLOT	0.864	1
P009208	0	NAME	M206	1(N01)	ALLOT	0.500	ALLOT	0.810	1
P009208	1	NAME	|M153+M320+M153| M206	6(N01)	ALLOT	0.510	ALLOT	0.778	1
P009208	2	NAME	|M195+M038| M206	2(N01)	ALLOT	0.630	ALLOT	0.824	1
P009208	3	BARE	-	2(N01)	ALLOT	0.574	ALLOT	0.753	1
P009208	4	NAME	M206	9(N01)	ALLOT	0.611	ALLOT	0.801	1
P009209	4	NAME	M354	1(N01)	PERSON	0.507	PERSON	0.398	1
P009213	1	NAME	M005	2(N01)	COUNTED	0.577	COUNTED	0.623	1
P009213	2	BARE	-	2(N01)	COUNTED	0.536	COUNTED	0.436	1
P009213	3	NAME	M249 M001	2(N01)	PERSON	0.476	PERSON	0.489	1
P009213	5	IN	M388 M260 M260	2(N01)	PERSON	0.482	PERSON	0.439	1
P009216	1	BARE	-	3(N39B)	MEASURED	0.917	MEASURED	0.886	1
P009219	3	NAME	|M260+1(N24)|	1(N01)	MEASURED	0.498	MEASURED	0.826	1
P009222	0	BARE	-	1(N14) 4(N01@b)	ALLOT	0.399	MEASURED	0.338	0
P009222	1	BARE	-	1(N24) 1(N30C) 2(N30C@b)	MEASURED	0.627	ALLOT	0.427	0
P009223	0	NAME	M038 M141 M086 |M036+1(N24)|	4(N01)	ALLOT	0.502	ALLOT	0.738	1
P009223	1	NAME	|M036+1(N30C)|	1(N14) 2(N01)	ALLOT	0.576	ALLOT	0.547	1
P009223	3	NAME	M262	1(N01)	ALLOT	0.401	ALLOT	0.630	1
P009223	4	NAME	M262	1(N01)	ALLOT	0.354	ALLOT	0.589	1
P009223	5	BARE	-	1(N01)	ALLOT	0.346	ALLOT	0.486	1
P009224	0	BARE	-	1(N45) 9(N14) 2(N01)	ALLOT	0.871	ALLOT	0.798	1
P009224	1	BARE	-	2(N14) 4(N01) 3(N39B) 1(N30C)	ALLOT	0.831	ALLOT	0.740	1
P009224	4	BARE	-	1(N01)	ALLOT	0.639	ALLOT	0.771	1
P009225	0	BARE	-	4(N14)	ALLOT	0.934	ALLOT	0.889	1
P009227	0	NAME	M305	1(N14)	COUNTED	0.590	COUNTED	0.762	1
P009227	2	NAME	M305 M260	1(N01)	COUNTED	0.820	COUNTED	0.700	1
P009227	3	NAME	|M036+1(N30D)|	5(N01)	COUNTED	0.766	COUNTED	0.656	1
P009227	4	NAME	|M036+1(N30D)|	5(N01)	COUNTED	0.756	COUNTED	0.658	1
P009227	5	NAME	|M036+1(N30D)|	5(N01)	COUNTED	0.756	COUNTED	0.658	1
P009227	6	NAME	|M036+1(N30D)|	1(N01)	COUNTED	0.792	COUNTED	0.649	1
P009227	7	BARE	-	1(N01)	COUNTED	0.829	COUNTED	0.629	1
P009228	0	BARE	-	9(N01)	COUNTED	0.518	MEASURED	0.421	1
P009228	1	NAME	|M036+1(N30D)|	4(N14) 5(N01)	COUNTED	0.502	COUNTED	0.464	1
P009228	2	BARE	-	3(N01)	COUNTED	0.641	MEASURED	0.431	1
P009228	3	NAME	|M036+1(N30D)|	1(N14) 6(N01)	COUNTED	0.483	COUNTED	0.447	1
P009228	4	BARE	-	1(N14)	MEASURED	0.432	MEASURED	0.510	1
P009228	7	NAME	|M036+1(N30D)|	4(N01)	COUNTED	0.558	COUNTED	0.547	1
P009228	8	BARE	-	1(N39B) 2(N30C) 1(N30D)	MEASURED	0.824	MEASURED	0.524	1
P009230	0	NAME	M387	1(N39B)	MEASURED	0.642	COUNTED	0.283	0
P009230	1	NAME	M387	1(N39B)	MEASURED	0.633	ALLOT	0.285	0
P009231	0	NAME	M304 M146 M383 M151	1(N30C) 1(N30D)	MEASURED	0.686	ALLOT	0.297	0
P009231	1	NAME	M033	1(N30C) 1(N30D)	MEASURED	0.691	COUNTED	0.289	0
P009231	2	BARE	-	1(N30C) 1(N30D)	MEASURED	0.784	MEASURED	0.352	0
P009231	3	IN	M111 M218 |M036+1(N30D)|	1(N14)	PERSON	0.341	PERSON	0.309	0
P009231	4	NAME	M219	1(N30C) 1(N30D)	MEASURED	0.633	PERSON	0.364	0
P009233	2	IN	|M106+M288| M218 M073	1(N01)	MEASURED	0.367	MEASURED	0.746	1
P009239	1	BARE	-	1(N01)	MEASURED	0.497	MEASURED	0.838	1
P009239	2	NAME	M297@b M379@b	1(N39B@b)	MEASURED	0.728	MEASURED	0.760	1
P009240	1	NAME	M262	1(N01)	COUNTED	0.891	COUNTED	0.827	1
P009240	2	BARE	-	1(N24) 2(N30C)	MEASURED	0.745	COUNTED	0.741	1
P009240	4	BARE	-	5(N01)	COUNTED	0.832	COUNTED	0.727	1
P009240	6	NAME	|M036+1(N30D)|	1(N14)	COUNTED	0.692	COUNTED	0.772	1
P009240	8	NAME	|M036+1(N30D)|	5(N01)	COUNTED	0.810	COUNTED	0.744	1
P009241	0	NAME	M325 M304 M278	1(N01)	PERSON	0.364	ALLOT	0.308	0
P009241	1	NAME	M269	1(N01)	PERSON	0.436	PERSON	0.317	0
P009241	2	NAME	M354	2(N14)	PERSON	0.433	PERSON	0.355	0
P009241	3	BARE	-	1(N01)	COUNTED	0.376	MEASURED	0.331	0
P009241	4	NAME	M354	2(N01)	PERSON	0.335	MEASURED	0.286	0
P009242	2	BARE	-	2(N39B)	PERSON	0.530	PERSON	0.623	1
P009243	0	BARE	-	2(N01) 2(N30C) 1(N30D)	ALLOT	0.769	ALLOT	0.823	1
P009245	0	NAME	|M305+M136| M261	1(N14) 1(N01)	COUNTED	0.673	COUNTED	0.797	1
P009245	1	BARE	-	1(N01)	COUNTED	0.865	COUNTED	0.724	1
P009246	1	BARE	-	1(N01)	ALLOT	0.528	ALLOT	0.797	1
P009246	2	NAME	M387	3(N14) 2(N01)	ALLOT	0.669	ALLOT	0.655	1
P009246	3	BARE	-	2(N14)	ALLOT	0.847	ALLOT	0.800	1
P009247	0	BARE	-	1(N01)	PERSON	0.294	MEASURED	0.298	0
P009247	1	NAME	M269	1(N01) 1(N39C)	MEASURED	0.417	ALLOT	0.322	0
P009248	1	BARE	-	2(N14@b) 4(N39B@b) 1(N24@b) 1(N30D@b)	ALLOT	0.705	ALLOT	0.856	1
P009249	1	BARE	-	1(N01) 2(N39B) 1(N24)	ALLOT	0.417	PERSON	0.687	1
P009249	2	IN	M218 M096	5(N01) 3(N39B)	PERSON	0.460	PERSON	0.600	1
P009250	0	NAME	M210	1(N14) 2(N01)	PERSON	0.726	PERSON	0.874	1
P009251	0	NAME	M157 M391	2(N01)	ALLOT	0.535	ALLOT	0.661	1
P009251	8	NAME	M005	2(N01)	ALLOT	0.523	ALLOT	0.560	1
P009251	9	BARE	-	1(N24) 1(N30C) 1(N30D)	ALLOT	0.453	ALLOT	0.580	1
P009251	10	BARE	-	6(N14)	ALLOT	0.707	ALLOT	0.628	1
P009251	13	BARE	-	2(N39B) 1(N24) 1(N30C) 1(N30D)	ALLOT	0.600	ALLOT	0.648	1
P009251	14	NAME	M289	1(N01) 1(N39B)	ALLOT	0.612	ALLOT	0.421	1
P009251	15	BARE	-	3(N39B) 1(N30C) 1(N30D)	ALLOT	0.482	ALLOT	0.561	1
P009252	2	IN	M318 M004 M218 M305	1(N01)	PERSON	0.426	FRACLINE	0.500	1
P009252	3	BARE	-	3(N01)	FRACLINE	0.413	FRACLINE	0.602	1
P009252	4	IN	M230 M096 M152	1(N01)	FRACLINE	0.478	FRACLINE	0.597	1
P009253	0	NAME	M029	1(N01)	COUNTED	0.837	COUNTED	0.746	1
P009253	1	NAME	M369	2(N01)	COUNTED	0.850	COUNTED	0.791	1
P009253	3	BARE	-	4(N01)	COUNTED	0.777	COUNTED	0.759	1
P009253	4	IN	M029 M388 M074	1(N01)	COUNTED	0.832	COUNTED	0.738	1
P009253	5	BARE	-	1(N01)	COUNTED	0.876	COUNTED	0.751	1
P009255	0	NAME	M153	1(N14)	ALLOT	0.714	ALLOT	0.698	1
P009255	1	NAME	M244	3(N01)	ALLOT	0.604	ALLOT	0.731	1
P009255	2	NAME	M153	1(N01)	PERSON	0.481	ALLOT	0.590	1
P009255	3	NAME	M110 M242 M096	1(N01)	ALLOT	0.513	ALLOT	0.811	1
P009255	4	NAME	M153	1(N14) 4(N01)	ALLOT	0.615	ALLOT	0.591	1
P009255	5	BARE	-	2(N01)	ALLOT	0.591	ALLOT	0.773	1
P009255	6	NAME	M153	3(N14) 4(N01)	ALLOT	0.583	ALLOT	0.586	1
P009255	8	NAME	M387	1(N01)	ALLOT	0.500	ALLOT	0.785	1
P009256	0	BARE	-	3(N39B@b) 2(N30C@b)	MEASURED	0.830	MEASURED	0.600	1
P009256	3	BARE	-	1(N30D)	MEASURED	0.768	MEASURED	0.552	1
P009256	5	BARE	-	2(N01)	COUNTED	0.507	MEASURED	0.656	1
P009256	6	BARE	-	1(N39B)	MEASURED	0.830	MEASURED	0.618	1
P009256	7	BARE	-	2(N30C)	MEASURED	0.912	MEASURED	0.623	1
P009256	9	BARE	-	1(N30D)	MEASURED	0.875	MEASURED	0.713	1
P009257	0	IN	M388 M320 M338 M066 M348	1(N14) 1(N01)	PERSON	0.563	PERSON	0.489	1
P009257	1	NAME	M251 M219 M219	4(N01)	PERSON	0.787	PERSON	0.735	1
P009257	2	IN	M288 M262 M246 M096	2(N01)	PERSON	0.666	PERSON	0.608	1
P009257	5	NAME	M254 M096	2(N14)	PERSON	0.662	PERSON	0.620	1
P009257	6	NAME	M308	1(N14)	PERSON	0.748	PERSON	0.721	1
P009257	7	BARE	-	1(N14) 2(N01)	PERSON	0.611	PERSON	0.524	1
P009257	8	NAME	M004	1(N14) 3(N01)	PERSON	0.816	PERSON	0.804	1
P009257	9	NAME	M009	2(N01)	PERSON	0.769	PERSON	0.757	1
P009257	10	BARE	-	1(N01)	PERSON	0.743	PERSON	0.593	1
P009257	12	BARE	-	2(N01)	PERSON	0.621	PERSON	0.561	1
P009257	13	BARE	-	1(N14)	PERSON	0.595	PERSON	0.529	1
P009257	14	IN	M009 M004 M263 M096	1(N14)	PERSON	0.720	PERSON	0.655	1
P009257	16	BARE	-	1(N14)	PERSON	0.632	PERSON	0.597	1
P009257	17	BARE	-	2(N01)	PERSON	0.615	PERSON	0.571	1
P009257	19	NAME	M348	2(N45) 6(N14) 5(N01)	PERSON	0.591	PERSON	0.587	1
P009258	0	BARE	-	5(N01)	MEASURED	0.650	MEASURED	0.667	1
P009258	1	IN	M297 M029	8(N01)	MEASURED	0.475	MEASURED	0.498	1
P009258	2	BARE	-	9(N01)	MEASURED	0.653	MEASURED	0.709	1
P009258	4	BARE	-	1(N01)	MEASURED	0.346	MEASURED	0.649	1
P009258	9	BARE	-	1(N14) 1(N01)	MEASURED	0.611	MEASURED	0.790	1
P009258	14	IN	|M327+M059| M388 M259 M222	1(N14) 1(N01)	MEASURED	0.474	MEASURED	0.666	1
P009258	15	BARE	-	3(N01)	MEASURED	0.521	MEASURED	0.684	1
P009258	16	IN	M387 M388 M218 M386 M230 M096	1(N14)	MEASURED	0.427	MEASURED	0.555	1
P009258	17	BARE	-	1(N14)	MEASURED	0.680	MEASURED	0.718	1
P009258	19	BARE	-	5(N14) 6(N01)	MEASURED	0.580	MEASURED	0.753	1
P009258	20	IN	M297 M029	2(N34)	MEASURED	0.423	MEASURED	0.556	1
P009260	0	BARE	-	1(N01)	COUNTED	0.289	MEASURED	0.303	0
P009260	1	BARE	-	2(N39B)	MEASURED	0.635	ALLOT	0.354	0
P009261	0	BARE	-	3(N14)	ALLOT	0.391	MEASURED	0.285	0
P009261	1	NAME	M292	1(N14) 1(N01)	PERSON	0.357	ALLOT	0.345	0
P009261	2	BARE	-	2(N14)	PERSON	0.321	MEASURED	0.311	0
P009261	3	BARE	-	2(N01)	PERSON	0.261	MEASURED	0.345	0
P009264	0	BARE	-	1(N01) 2(N39B)	ALLOT	0.456	MEASURED	0.285	0
P009264	1	BARE	-	1(N24)	MEASURED	0.663	MEASURED	0.331	0
P009264	2	IN	M218 M302 M096	1(N14)	ALLOT	0.430	ALLOT	0.433	0
P009265	0	NAME	M417 M367	4(N01)	ALLOT	0.316	ALLOT	0.408	0
P009266	0	BARE	-	1(N01)	MEASURED	0.502	MEASURED	0.793	1
P009266	1	NAME	M069	2(N01)	MEASURED	0.377	MEASURED	0.641	1
P009266	2	BARE	-	1(N01)	MEASURED	0.475	MEASURED	0.824	1
P009267	0	NAME	M205	1(N01)	COUNTED	0.291	ALLOT	0.421	0
P009269	1	BARE	-	2(N01) 1(N08A)	MEASURED	0.585	MEASURED	0.850	1
P009271	0	NAME	M157 |M175+M288|	1(N01)	COUNTED	0.320	ALLOT	0.427	0
P009273	0	BARE	-	1(N24)	MEASURED	0.607	COUNTED	0.760	1
P009273	2	BARE	-	3(N01)	COUNTED	0.752	COUNTED	0.721	1
P009274	0	BARE	-	4(N39B) 1(N30D)	MEASURED	0.742	MEASURED	0.302	0
P009274	1	NAME	M101	1(N39B)	MEASURED	0.586	ALLOT	0.393	0
P009277	0	NAME	|M039+1(N30D)|	1(N14)	ALLOT	0.537	ALLOT	0.530	0
P009278	0	BARE	-	7(N01)	COUNTED	0.519	MEASURED	0.447	1
P009280	1	IN	M066 M066 |M036+1(N30D)|	5(N01)	COUNTED	0.835	COUNTED	0.757	1
P009280	2	BARE	-	1(N01)	COUNTED	0.861	COUNTED	0.715	1
P009280	3	NAME	|M305+M320| M260	1(N01)	COUNTED	0.837	COUNTED	0.675	1
P009280	4	NAME	|M036+1(N30D)|	2(N01)	COUNTED	0.762	COUNTED	0.614	1
P009281	1	BARE	-	2(N01)	ALLOT	0.440	PERSON	0.463	1
P009282	0	BARE	-	3(N01)	COUNTED	0.262	MEASURED	0.315	0
P009282	1	NAME	|M036+1(N30D)|	1(N14)	PERSON	0.341	MEASURED	0.320	0
P009282	2	BARE	-	1(N14)	ALLOT	0.383	ALLOT	0.422	0
P009283	0	BARE	-	1(N01)	COUNTED	0.647	COUNTED	0.565	1
P009283	4	BARE	-	1(N14) 3(N01)	COUNTED	0.476	COUNTED	0.440	1
P009284	1	BARE	-	5(N14)	ALLOT	0.838	ALLOT	0.739	1
P009284	2	NAME	M284	1(N01)	ALLOT	0.528	ALLOT	0.793	1
P009284	4	BARE	-	9(N14) 4(N01)	ALLOT	0.821	ALLOT	0.742	1
P009284	5	NAME	|M106+M288|	1(N01)	ALLOT	0.444	ALLOT	0.712	1
P009284	6	BARE	-	2(N34) 7(N14)	ALLOT	0.918	ALLOT	0.801	1
P009285	0	NAME	M158 M131	1(N01)	PERSON	0.381	COUNTED	0.286	0
P009285	1	BARE	-	1(N39B) 2(N30C)	MEASURED	0.751	MEASURED	0.337	0
P009285	2	NAME	|M153+M342| M111	4(N01)	PERSON	0.330	PERSON	0.284	0
P009285	3	BARE	-	2(N01) 1(N24) 2(N30C)	MEASURED	0.590	MEASURED	0.350	0
P009287	0	NAME	M073 M069	2(N01)	COUNTED	0.818	COUNTED	0.776	1
P009287	1	BARE	-	1(N14)	COUNTED	0.599	COUNTED	0.765	1
P009287	2	NAME	M318	1(N01)	COUNTED	0.708	COUNTED	0.522	1
P009287	3	NAME	M511	1(N01)	COUNTED	0.827	COUNTED	0.726	1
P009287	5	BARE	-	1(N14) 1(N01)	COUNTED	0.707	COUNTED	0.720	1
P009288	0	BARE	-	1(N01) 1(N24)	ALLOT	0.451	PERSON	0.646	1
P009290	0	BARE	-	1(N01)	ALLOT	0.445	ALLOT	0.650	1
P009290	1	BARE	-	1(N01)	ALLOT	0.379	ALLOT	0.541	1
P009290	2	BARE	-	1(N01)	PERSON	0.422	ALLOT	0.549	1
P009291	0	BARE	-	1(N30D) 1(N14@b)	MEASURED	0.466	ALLOT	0.417	0
P009292	1	NAME	M314	1(N39B)	PERSON	0.857	PERSON	0.837	1
P009292	2	BARE	-	1(N39B)	PERSON	0.431	PERSON	0.586	1
P009293	0	BARE	-	1(N01)	COUNTED	0.323	ALLOT	0.254	0
P009293	1	BARE	-	1(N39B)	MEASURED	0.624	PERSON	0.284	0
P009293	2	BARE	-	1(N01)	COUNTED	0.449	ALLOT	0.312	0
P009295	0	BARE	-	2(N01)	PERSON	0.280	MEASURED	0.287	0
P009295	1	BARE	-	1(N01)	COUNTED	0.382	MEASURED	0.318	0
P009295	2	BARE	-	1(N01)	COUNTED	0.401	MEASURED	0.337	0
P009295	3	NAME	M286	3(N01)	COUNTED	0.313	MEASURED	0.271	0
P009295	4	NAME	M059	2(N01)	PERSON	0.346	MEASURED	0.353	0
P009297	0	BARE	-	5(N01)	COUNTED	0.594	COUNTED	0.515	1
P009297	1	NAME	M009	8(N01)	COUNTED	0.636	COUNTED	0.641	1
P009297	3	BARE	-	9(N01) 1(N08A)	FRACLINE	0.606	COUNTED	0.650	1
P009297	4	NAME	M270 M009	5(N01)	COUNTED	0.577	COUNTED	0.524	1
P009297	6	BARE	-	9(N01)	COUNTED	0.559	COUNTED	0.479	1
P009297	8	NAME	M009	6(N01)	COUNTED	0.616	COUNTED	0.578	1
P009297	10	NAME	M292	1(N14) 1(N01)	COUNTED	0.585	COUNTED	0.590	1
P009297	11	BARE	-	1(N14) 1(N01)	COUNTED	0.594	COUNTED	0.487	1
P009297	12	BARE	-	1(N01)	COUNTED	0.682	COUNTED	0.391	1
P009298	0	BARE	-	7(N01)	COUNTED	0.258	MEASURED	0.294	0
P009298	1	BARE	-	7(N01)	COUNTED	0.288	ALLOT	0.356	0
P009299	1	BARE	-	1(N39B)	MEASURED	0.886	MEASURED	0.789	1
P009299	2	NAME	M354	4(N01@b)	MEASURED	0.604	MEASURED	0.604	1
P009299	3	NAME	M080 M314	1(N39B@b)	MEASURED	0.651	MEASURED	0.614	1
P009300	0	NAME	M206	1(N34) 4(N14)	ALLOT	0.633	ALLOT	0.363	0
P009300	1	NAME	M038 M206	1(N34) 4(N14)	ALLOT	0.760	ALLOT	0.538	0
P009301	0	BARE	-	1(N30C)	MEASURED	0.794	MEASURED	0.282	0
P009301	1	BARE	-	2(N39B)	MEASURED	0.667	MEASURED	0.332	0
P009301	2	NAME	M207	2(N34)	ALLOT	0.528	PERSON	0.341	0
P009301	3	BARE	-	1(N45) 4(N14)	ALLOT	0.599	MEASURED	0.342	0
P009303	0	NAME	|M036+1(N24)|	6(N01)	COUNTED	0.835	COUNTED	0.741	1
P009303	1	BARE	-	1(N01)	COUNTED	0.869	COUNTED	0.728	1
P009306	0	BARE	-	1(N01)	PERSON	0.351	MEASURED	0.286	0
P009306	1	IN	M347 M371 |M036+1(N30D)|	1(N14@b)	PERSON	0.464	PERSON	0.429	0
P009306	2	BARE	-	4(N01@b)	MEASURED	0.400	ALLOT	0.330	0
P009307	1	BARE	-	1(N39B)	PERSON	0.608	PERSON	0.643	1
P009307	2	NAME	M221 M096	1(N39B)	PERSON	0.715	PERSON	0.665	1
P009310	0	NAME	M203 |M305+M342|	3(N01)	ALLOT	0.479	ALLOT	0.556	0
P009311	0	BARE	-	1(N30D@b)	MEASURED	0.447	MEASURED	0.300	0
P009311	1	BARE	-	2(N30C@b)	MEASURED	0.538	ALLOT	0.349	0
P009312	0	NAME	|M106+M288|	1(N02)	PERSON	0.389	ALLOT	0.761	1
P009312	2	NAME	|M106+M288|	1(N02)	PERSON	0.458	ALLOT	0.686	1
P009313	0	BARE	-	8(N01)	MEASURED	0.585	MEASURED	0.829	1
P009314	0	NAME	M267	2(N01)	ALLOT	0.305	ALLOT	0.464	0
P009315	0	BARE	-	1(N14)	MEASURED	0.294	MEASURED	0.296	0
P009315	1	BARE	-	1(N01)	COUNTED	0.390	ALLOT	0.342	0
P009316	0	BARE	-	4(N01)	MEASURED	0.633	MEASURED	0.792	1
P009316	1	BARE	-	1(N39B) 1(N24)	MEASURED	0.850	MEASURED	0.778	1
P009316	2	NAME	M327	2(N01)	MEASURED	0.464	MEASURED	0.780	1
P009317	0	BARE	-	1(N01)	MEASURED	0.511	MEASURED	0.796	1
P009317	1	BARE	-	4(N14) 2(N01)	MEASURED	0.559	MEASURED	0.774	1
P009317	2	NAME	M136	2(N01)	MEASURED	0.425	MEASURED	0.670	1
P009317	4	BARE	-	3(N01)	MEASURED	0.609	MEASURED	0.841	1
P009318	1	BARE	-	1(N01)	PERSON	0.449	PERSON	0.360	1
P009318	6	NAME	M033	2(N14)	PERSON	0.453	PERSON	0.407	1
P009321	0	IN	M263 M281 M096	1(N01)	PERSON	0.318	ALLOT	0.323	0
P009321	1	BARE	-	1(N14) 2(N01)	ALLOT	0.362	ALLOT	0.344	0
P009322	0	BARE	-	1(N14) 1(N14@b)	ALLOT	0.437	MEASURED	0.334	0
P009322	1	BARE	-	1(N24) 1(N24@b) 2(N30D@b)	MEASURED	0.504	ALLOT	0.429	0
P009325	0	NAME	M038	1(N01)	PERSON	0.385	ALLOT	0.291	0
P009325	1	NAME	M203	1(N01)	PERSON	0.481	PERSON	0.448	0
P009325	2	NAME	|M153+M075+M153|	1(N01)	PERSON	0.465	PERSON	0.365	0
P009325	3	NAME	M365	1(N01)	PERSON	0.416	PERSON	0.298	0
P009327	0	BARE	-	1(N14)	ALLOT	0.782	ALLOT	0.840	1
P009327	1	BARE	-	1(N14)	ALLOT	0.720	ALLOT	0.781	1
P009327	2	BARE	-	1(N30C)	ALLOT	0.526	ALLOT	0.762	1
P009327	4	BARE	-	2(N14) 3(N01)	ALLOT	0.865	ALLOT	0.840	1
P009328	0	NAME	M285	2(N01)	PERSON	0.324	ALLOT	0.288	0
P009328	1	BARE	-	2(N01)	MEASURED	0.297	ALLOT	0.369	0
P009329	0	IN	|M195+M057| M388 M315	4(N01)	PERSON	0.275	MEASURED	0.331	0
P009329	1	NAME	M347 M352 M004 M325	2(N01)	PERSON	0.372	ALLOT	0.420	0
P009330	0	NAME	M387	4(N01)	COUNTED	0.584	COUNTED	0.645	1
P009330	4	BARE	-	3(N14) 5(N01)	COUNTED	0.487	COUNTED	0.508	1
P009330	6	BARE	-	2(N01)	COUNTED	0.592	COUNTED	0.526	1
P009330	10	IN	M388 M032 M101 M096 M348	2(N01)	COUNTED	0.640	COUNTED	0.702	1
P009330	11	BARE	-	3(N01)	COUNTED	0.573	COUNTED	0.493	1
P009333	1	BARE	-	1(N01)	PERSON	0.786	PERSON	0.717	1
P009333	2	NAME	M367	2(N01)	PERSON	0.671	PERSON	0.729	1
P009334	0	BARE	-	1(N01)	PERSON	0.301	MEASURED	0.338	0
P009334	1	BARE	-	1(N01)	COUNTED	0.355	ALLOT	0.419	0
P009335	0	NAME	M391	2(N01)	ALLOT	0.561	ALLOT	0.847	1
P009336	0	BARE	-	1(N01)	ALLOT	0.568	ALLOT	0.819	1
P009337	0	BARE	-	1(N24) 1(N30D)	ALLOT	0.690	ALLOT	0.835	1
P009338	0	BARE	-	1(N45) 6(N14)	ALLOT	0.922	ALLOT	0.848	1
P009338	1	BARE	-	1(N14)	ALLOT	0.717	ALLOT	0.798	1
P009338	2	BARE	-	2(N01) 1(N39B)	ALLOT	0.843	ALLOT	0.798	1
P009338	3	BARE	-	1(N01)	ALLOT	0.620	ALLOT	0.803	1
P009338	6	BARE	-	2(N14) 1(N01) 2(N39B) 1(N30D)	ALLOT	0.929	ALLOT	0.827	1
P009338	8	BARE	-	1(N24)	ALLOT	0.805	ALLOT	0.828	1
P009338	11	BARE	-	2(N01)	ALLOT	0.809	ALLOT	0.786	1
P009340	0	IN	M388 M288 M049 M109 |M009+M346+M009|	2(N01)	ALLOT	0.454	ALLOT	0.441	0
P009341	0	BARE	-	9(N01)	MEASURED	0.553	MEASURED	0.795	1
P009341	1	BARE	-	1(N01)	MEASURED	0.398	MEASURED	0.769	1
P009341	2	NAME	M001	9(N01)	MEASURED	0.430	MEASURED	0.605	1
P009341	3	BARE	-	9(N01)	MEASURED	0.541	MEASURED	0.769	1
P009341	4	NAME	M033	1(N01)	COUNTED	0.336	MEASURED	0.602	1
P009341	5	NAME	M001	8(N01)	MEASURED	0.399	MEASURED	0.605	1
P009341	6	NAME	M033	1(N01)	COUNTED	0.341	MEASURED	0.616	1
P009341	7	BARE	-	9(N01)	MEASURED	0.564	MEASURED	0.778	1
P009341	8	NAME	M033	1(N01)	COUNTED	0.341	MEASURED	0.616	1
P009341	9	NAME	M001	9(N01)	MEASURED	0.442	MEASURED	0.618	1
P009341	10	NAME	M033	1(N01)	COUNTED	0.341	MEASURED	0.616	1
P009341	11	NAME	M001	6(N01)	MEASURED	0.455	MEASURED	0.609	1
P009341	12	BARE	-	1(N01)	MEASURED	0.397	MEASURED	0.772	1
P009341	13	NAME	M001	1(N14)	MEASURED	0.453	MEASURED	0.609	1
P009341	14	NAME	M006	5(N01)	MEASURED	0.448	MEASURED	0.621	1
P009341	15	NAME	M033	5(N01)	MEASURED	0.451	MEASURED	0.608	1
P009341	16	BARE	-	5(N14) 6(N01)	MEASURED	0.564	MEASURED	0.828	1
P009341	18	NAME	M033	4(N01)	MEASURED	0.500	MEASURED	0.705	1
P009341	19	NAME	M354	1(N34) 3(N14)	MEASURED	0.470	MEASURED	0.645	1
P009341	20	NAME	M260	1(N14) 1(N01)	MEASURED	0.399	MEASURED	0.687	1
P009341	21	NAME	M354	4(N14)	MEASURED	0.485	MEASURED	0.704	1
P009342	0	BARE	-	8(N14) 4(N01)	ALLOT	0.400	MEASURED	0.290	0
P009342	1	NAME	M096	4(N01) 2(N39B) 1(N24)	ALLOT	0.404	ALLOT	0.314	0
P009342	2	BARE	-	5(N01)	MEASURED	0.292	ALLOT	0.326	0
P009343	11	NAME	M367	1(N01)	ALLOT	0.326	FRACLINE	0.522	1
P009343	13	NAME	M367	1(N01)	ALLOT	0.323	FRACLINE	0.523	1
P009343	33	NAME	M367	1(N01)	ALLOT	0.328	FRACLINE	0.550	1
P009343	37	NAME	M367	1(N01)	PERSON	0.326	FRACLINE	0.508	1
P009343	39	NAME	M367	1(N01)	PERSON	0.326	FRACLINE	0.508	1
P009343	41	NAME	M367	1(N01)	PERSON	0.326	FRACLINE	0.508	1
P009343	46	NAME	M367	5(N01)	ALLOT	0.576	ALLOT	0.675	1
P009344	0	BARE	-	4(N01)	ALLOT	0.345	ALLOT	0.414	0
P009345	0	BARE	-	3(N01)	ALLOT	0.470	ALLOT	0.414	0
P009347	1	NAME	|M001+M379|	1(N24) 2(N30C)	MEASURED	0.918	MEASURED	0.807	1
P009347	3	NAME	M314	1(N01) 1(N39B)	MEASURED	0.831	MEASURED	0.661	1
P009347	4	NAME	|M003+M379|	1(N39B) 1(N24)	MEASURED	0.876	MEASURED	0.753	1
P009348	0	BARE	-	1(N01) 4(N39B)	MEASURED	0.447	MEASURED	0.286	0
P009348	1	BARE	-	1(N01) 2(N39B)	MEASURED	0.478	MEASURED	0.317	0
P009348	2	BARE	-	1(N01) 3(N39B)	MEASURED	0.514	MEASURED	0.336	0
P009348	3	NAME	M059	2(N39B)	MEASURED	0.596	PERSON	0.390	0
P009348	4	BARE	-	4(N01)	MEASURED	0.299	MEASURED	0.343	0
P009349	0	BARE	-	3(N01)	ALLOT	0.680	ALLOT	0.824	1
P009349	1	BARE	-	2(N01)	ALLOT	0.614	ALLOT	0.763	1
P009349	2	BARE	-	3(N01)	ALLOT	0.692	ALLOT	0.740	1
P009350	1	NAME	M073	1(N01)	ALLOT	0.522	ALLOT	0.802	1
P009350	2	NAME	M386	1(N01)	PERSON	0.454	ALLOT	0.737	1
P009350	3	BARE	-	2(N01)	ALLOT	0.653	ALLOT	0.790	1
P009351	0	NAME	M195 M098	1(N45) 8(N14) 2(N01) 2(N39B)	ALLOT	0.835	ALLOT	0.345	0
P009351	1	NAME	M098	6(N14) 4(N01) 1(N39B) 1(N30C)	ALLOT	0.652	ALLOT	0.402	0
P009353	0	NAME	M009	2(N01)	PERSON	0.389	PERSON	0.400	0
P009353	1	BARE	-	4(N01)	MEASURED	0.304	MEASURED	0.355	0
P009353	2	NAME	M283	5(N01)	PERSON	0.342	PERSON	0.334	0
P009353	3	NAME	M291	5(N01)	PERSON	0.360	PERSON	0.290	0
P009355	0	NAME	M305 M033 M270	2(N01)	COUNTED	0.456	MEASURED	0.637	1
P009355	1	NAME	|M036+1(N30D)|	1(N14)	MEASURED	0.536	MEASURED	0.707	1
P009355	2	NAME	M387 |M036+1(N30C)|	2(N14)	MEASURED	0.421	MEASURED	0.703	1
P009355	3	NAME	M305 M387 |M036+1(N30C)|	2(N14)	MEASURED	0.456	MEASURED	0.729	1
P009355	5	NAME	|M036+1(N30D)|	6(N01)	MEASURED	0.567	MEASURED	0.844	1
P009356	2	BARE	-	5(N01)	COUNTED	0.622	COUNTED	0.511	1
P009356	3	BARE	-	7(N01)	COUNTED	0.641	COUNTED	0.509	1
P009356	4	BARE	-	0(n)	PERSON	0.463	COUNTED	0.492	1
P009356	7	BARE	-	1(N01)	COUNTED	0.610	COUNTED	0.568	1
P009356	15	BARE	-	1(N34)	COUNTED	0.456	COUNTED	0.501	1
P009356	17	IN	M072 M004	2(N14) 8(N01)	COUNTED	0.467	PERSON	0.486	1
P009357	0	NAME	M293	1(N14) 2(N01) 3(N39B)	ALLOT	0.667	ALLOT	0.456	0
P009358	0	NAME	M252	1(N14) 1(N01)	ALLOT	0.457	ALLOT	0.433	0
P009359	0	NAME	M059	1(N14)	ALLOT	0.311	MEASURED	0.311	0
P009359	1	NAME	M252	4(N01)	PERSON	0.359	PERSON	0.347	0
P009359	2	NAME	M136	1(N14)	PERSON	0.408	PERSON	0.362	0
P009359	3	NAME	M210	1(N14)	PERSON	0.492	PERSON	0.534	0
P009359	4	BARE	-	1(N14)	PERSON	0.321	MEASURED	0.324	0
P009359	5	BARE	-	1(N14)	PERSON	0.321	MEASURED	0.324	0
P009359	6	NAME	M147	1(N14)	PERSON	0.321	MEASURED	0.352	0
P009360	0	NAME	M039 |M218+M288|	1(N01)	ALLOT	0.577	ALLOT	0.836	1
P009361	0	BARE	-	2(N30C)	MEASURED	0.798	MEASURED	0.277	0
P009361	1	NAME	M316	6(N23) 1(N30C)	MEASURED	0.410	PERSON	0.369	0
P009362	0	IN	M081 M302	3(N14) 4(N01)	PERSON	0.683	PERSON	0.638	1
P009362	1	NAME	M059	2(N14) 6(N01)	PERSON	0.824	PERSON	0.832	1
P009362	2	BARE	-	7(N01)	PERSON	0.722	PERSON	0.753	1
P009363	0	NAME	M278	3(N39B)	MEASURED	0.562	PERSON	0.278	0
P009363	1	NAME	M387	4(N39B)	MEASURED	0.561	PERSON	0.354	0
P009363	2	BARE	-	2(N39B)	MEASURED	0.657	MEASURED	0.320	0
P009363	3	IN	M266 M387	1(N39B) 1(N30C)	MEASURED	0.633	PERSON	0.325	0
P009364	0	NAME	|M305+M342|	2(N01)	PERSON	0.743	PERSON	0.872	1
P009364	3	BARE	-	1(N01)	PERSON	0.821	PERSON	0.681	1
P009365	0	NAME	M278	3(N14) 8(N01)	COUNTED	0.296	PERSON	0.274	0
P009365	1	NAME	M278	2(N14) 5(N01)	PERSON	0.407	PERSON	0.381	0
P009365	2	NAME	|M278+1(N24)|	3(N01)	PERSON	0.336	PERSON	0.381	0
P009365	3	NAME	M283	5(N01)	PERSON	0.358	PERSON	0.379	0
P009365	4	NAME	M276	5(N01)	PERSON	0.358	PERSON	0.379	0
P009365	5	NAME	M290	7(N01)	PERSON	0.403	PERSON	0.379	0
P009365	6	NAME	M064	1(N14)	PERSON	0.458	PERSON	0.405	0
P009365	7	IN	M228 M278 |M351+1(N14)|	1(N34) 3(N01)	ALLOT	0.288	PERSON	0.308	0
P009365	8	NAME	|M278+1(N24)|	3(N01)	PERSON	0.331	PERSON	0.336	0
P009365	9	NAME	M290	7(N01)	PERSON	0.386	PERSON	0.363	0
P009365	10	NAME	M064	1(N14)	PERSON	0.454	PERSON	0.388	0
P009365	11	NAME	M276	5(N01)	PERSON	0.340	PERSON	0.280	0
P009366	0	NAME	M367	8(N14)	ALLOT	0.460	MEASURED	0.316	0
P009366	1	BARE	-	1(N14) 6(N01)	COUNTED	0.306	MEASURED	0.315	0
P009366	2	NAME	M367	3(N14) 6(N01)	PERSON	0.396	PERSON	0.380	0
P009366	3	BARE	-	9(N01)	PERSON	0.288	MEASURED	0.312	0
P009366	4	NAME	M367	1(N14)	PERSON	0.367	MEASURED	0.358	0
P009367	0	NAME	M269	2(N01)	MEASURED	0.386	MEASURED	0.641	1
P009367	1	NAME	M260	2(N01)	MEASURED	0.411	MEASURED	0.656	1
P009367	2	NAME	|M036+1(N30D)|	3(N39B) 1(N24)	MEASURED	0.900	MEASURED	0.765	1
P009367	4	NAME	M278	1(N30C)	MEASURED	0.885	MEASURED	0.693	1
P009367	5	NAME	M293	1(N30C) 2(N30D)	MEASURED	0.862	MEASURED	0.613	1
P009367	6	BARE	-	1(N39B)	MEASURED	0.909	MEASURED	0.761	1
P009367	7	NAME	M210	3(N39B) 1(N24)	MEASURED	0.831	MEASURED	0.600	1
P009369	0	NAME	M157 M206	4(N01)	PERSON	0.691	PERSON	0.746	1
P009370	4	NAME	M242 M096	2(N01)	PERSON	0.801	PERSON	0.804	1
P009370	5	BARE	-	2(N01)	PERSON	0.631	PERSON	0.666	1
P009370	6	BARE	-	2(N01)	PERSON	0.534	PERSON	0.600	1
P009371	0	IN	M388 M387 M263 M314 M096 M388 M301 M372 M367	2(N51G) 5(N23)	PERSON	0.285	MEASURED	0.298	0
P009371	1	IN	M066 M367	3(N51G) 1(N23)	PERSON	0.410	MEASURED	0.343	0
P009371	2	NAME	|M195+X| M367	2(N51G) 7(N23)	PERSON	0.402	PERSON	0.340	0
P009371	3	IN	M066 M367	2(N51G) 6(N23)	PERSON	0.441	MEASURED	0.345	0
P009371	4	NAME	M195 M367	2(N51G) 7(N23)	PERSON	0.347	PERSON	0.286	0
P009372	0	IN	M388 M249 M297 M217	2(N01)	ALLOT	0.516	ALLOT	0.654	0
P009374	0	NAME	M147	1(N14)	ALLOT	0.497	ALLOT	0.377	0
P009375	0	IN	M054 M388 M219 M048 M096	1(N01)	PERSON	0.658	PERSON	0.545	1
P009375	4	IN	M029 M128 M096	1(N01)	PERSON	0.760	PERSON	0.568	1
P009375	6	NAME	M372	1(N01)	PERSON	0.583	PERSON	0.409	1
P009376	0	IN	M157 M388 M218 M329 M388 M066 M136 M259 M388 M218 M314 M297 M206	1(N01)	PERSON	0.747	PERSON	0.633	1
P009376	5	IN	M377 M347 M371 M388 M377 M040 M372 M365	1(N01)	PERSON	0.933	PERSON	0.824	1
P009376	8	BARE	-	9(N01)	PERSON	0.650	PERSON	0.575	1
P009377	0	BARE	-	2(N45) 1(N48) 5(N14)	ALLOT	0.713	MEASURED	0.280	0
P009377	1	BARE	-	2(N34) 1(N45) 5(N14)	ALLOT	0.615	MEASURED	0.309	0
P009377	2	NAME	M038	8(N34) 4(N14) 3(N01)	ALLOT	0.406	PERSON	0.277	0
P009377	3	BARE	-	1(N01) 1(N24) 1(N30C) 1(N30D)	MEASURED	0.510	MEASURED	0.307	0
P009377	4	BARE	-	4(N23)	PERSON	0.351	MEASURED	0.334	0
P009378	0	NAME	|M297+M388|	2(N01)	PERSON	0.342	PERSON	0.263	0
P009378	1	NAME	M290 M365	1(N01)	PERSON	0.472	PERSON	0.325	0
P009378	2	BARE	-	1(N14)	PERSON	0.297	MEASURED	0.315	0
P009378	3	NAME	M349	2(N34)	ALLOT	0.548	PERSON	0.264	0
P009381	0	NAME	M383	3(N14)	PERSON	0.618	PERSON	0.734	1
P009381	1	NAME	M325	1(N01)	PERSON	0.822	PERSON	0.811	1
P009381	2	BARE	-	9(N01)	PERSON	0.652	PERSON	0.684	1
P009381	3	NAME	M059	9(N01)	PERSON	0.770	PERSON	0.792	1
P009381	4	BARE	-	5(N01)	PERSON	0.766	PERSON	0.768	1
P009381	6	NAME	M059	4(N01)	PERSON	0.901	PERSON	0.904	1
P009382	0	IN	M057 M099 M371 M139	1(N01)	PERSON	0.810	PERSON	0.768	1
P009382	6	NAME	M203	1(N01)	PERSON	0.875	PERSON	0.846	1
P009382	10	BARE	-	2(N14)	PERSON	0.541	PERSON	0.655	1
P009383	1	NAME	M101	6(N01)	PERSON	0.876	PERSON	0.813	1
P009383	3	NAME	M143	2(N01) 1(N08)	PERSON	0.844	PERSON	0.874	1
P009383	5	NAME	M096	2(N01)	PERSON	0.815	PERSON	0.750	1
P009383	6	NAME	M026 M224	1(N01)	PERSON	0.901	PERSON	0.834	1
P009383	7	NAME	M101	2(N01)	PERSON	0.791	PERSON	0.772	1
P009383	8	IN	M124 M387 M048 M096	1(N01)	PERSON	0.840	PERSON	0.729	1
P009383	10	IN	M218 M361 M096	1(N01)	PERSON	0.898	PERSON	0.763	1
P009383	16	IN	M124 M032 M242 M096	1(N01)	PERSON	0.882	PERSON	0.802	1
P009383	17	NAME	M367	1(N01)	PERSON	0.884	PERSON	0.831	1
P009383	18	BARE	-	4(N01)	PERSON	0.843	PERSON	0.788	1
P009383	20	NAME	M101	1(N01)	PERSON	0.878	PERSON	0.775	1
P009383	21	BARE	-	1(N01)	PERSON	0.767	PERSON	0.739	1
P009383	22	BARE	-	1(N01)	PERSON	0.767	PERSON	0.739	1
P009383	23	NAME	M367	1(N01)	PERSON	0.874	PERSON	0.784	1
P009383	25	NAME	M001	1(N01)	PERSON	0.861	PERSON	0.814	1
P009383	26	NAME	M312	1(N01)	PERSON	0.893	PERSON	0.809	1
P009383	27	NAME	M101	1(N14) 9(N01)	PERSON	0.820	PERSON	0.793	1
P009383	29	BARE	-	4(N01)	PERSON	0.811	PERSON	0.770	1
P009383	30	BARE	-	1(N01)	PERSON	0.845	PERSON	0.775	1
P009383	32	NAME	M367	1(N23)	PERSON	0.878	PERSON	0.841	1
P009383	33	IN	M277 M218 M367	8(N01)	PERSON	0.752	PERSON	0.719	1
P009384	0	NAME	M341	2(N14)	PERSON	0.567	PERSON	0.664	1
P009384	1	NAME	M365	1(N14)	PERSON	0.750	PERSON	0.811	1
P009384	2	NAME	M246	3(N14)	PERSON	0.761	PERSON	0.835	1
P009384	3	NAME	M247	3(N14)	PERSON	0.724	PERSON	0.757	1
P009384	4	NAME	M244	3(N14)	PERSON	0.788	PERSON	0.874	1
P009385	0	NAME	M056	1(N01) 1(N39B)	ALLOT	0.683	ALLOT	0.832	0
P009386	1	NAME	M105	2(N01)	COUNTED	0.801	COUNTED	0.742	1
P009386	2	BARE	-	4(N01)	COUNTED	0.759	COUNTED	0.744	1
P009386	3	NAME	M367	1(N14) 3(N01)	COUNTED	0.560	COUNTED	0.526	1
P009388	0	IN	M288 M059	2(N01)	PERSON	0.318	PERSON	0.284	0
P009388	1	NAME	M365	4(N01)	PERSON	0.346	ALLOT	0.312	0
P009389	0	NAME	M411	2(N01) 1(N30C)	MEASURED	0.425	PERSON	0.278	0
P009389	1	BARE	-	3(N01)	COUNTED	0.322	MEASURED	0.342	0
P009389	2	NAME	M074	1(N30C) 1(N30D)	MEASURED	0.656	PERSON	0.383	0
P009389	3	NAME	M111	1(N30C)	MEASURED	0.686	MEASURED	0.295	0
P009402	0	BARE	-	2(N01)	PERSON	0.316	PERSON	0.261	0
P009402	1	BARE	-	2(N01)	COUNTED	0.351	PERSON	0.363	0
P009402	2	BARE	-	1(N01)	PERSON	0.392	PERSON	0.362	0
P009402	3	NAME	M131	2(N14)	PERSON	0.504	PERSON	0.514	0
P009402	4	NAME	M136	1(N01)	PERSON	0.456	PERSON	0.427	0
P009402	5	BARE	-	3(N01)	PERSON	0.286	PERSON	0.296	0
P009403	0	BARE	-	2(N01)	ALLOT	0.322	ALLOT	0.389	0
P009411	0	IN	M388 M206	2(N01)	PERSON	0.703	PERSON	0.735	1
P009411	2	BARE	-	2(N01)	PERSON	0.544	PERSON	0.590	1
P009412	1	IN	M066 M352 M096	1(N01)	PERSON	0.919	PERSON	0.817	1
P009412	3	BARE	-	1(N01)	PERSON	0.888	PERSON	0.789	1
P009412	5	NAME	M387	1(N01)	PERSON	0.922	PERSON	0.850	1
P009413	0	BARE	-	1(N14) 3(N01)	ALLOT	0.404	ALLOT	0.375	0
P009415	0	BARE	-	6(N01)	COUNTED	0.262	PERSON	0.260	0
P009415	1	NAME	M387	4(N01) 1(N45) 1(N14)	ALLOT	0.476	PERSON	0.340	0
P009417	0	BARE	-	2(N01) 1(N39B) 1(N01) 1(N14)	ALLOT	0.572	PERSON	0.260	0
P009417	1	BARE	-	3(N39B) 1(N24)	MEASURED	0.595	ALLOT	0.311	0
P009418	0	BARE	-	6(N14)	ALLOT	0.532	ALLOT	0.375	0
P009420	0	BARE	-	2(N01)	PERSON	0.294	PERSON	0.260	0
P009420	1	BARE	-	2(N01)	ALLOT	0.259	ALLOT	0.300	0
P009421	0	BARE	-	3(N14)	ALLOT	0.516	ALLOT	0.375	0
P009422	0	NAME	M387	6(N01)	COUNTED	0.299	ALLOT	0.349	0
P009423	0	BARE	-	4(N01)	PERSON	0.327	PERSON	0.261	0
P009423	1	BARE	-	1(N01)	COUNTED	0.398	PERSON	0.362	0
P009423	2	IN	M218 M219	1(N08A)	FRACLINE	0.421	PERSON	0.485	0
P009424	0	NAME	M269	5(N01)	COUNTED	0.699	COUNTED	0.622	1
P009424	2	BARE	-	1(N01)	COUNTED	0.713	COUNTED	0.648	1
P009424	3	NAME	M039 M269	2(N01)	COUNTED	0.700	COUNTED	0.586	1
P009424	5	NAME	M269	5(N01)	COUNTED	0.682	COUNTED	0.594	1
P009424	7	BARE	-	1(N01)	COUNTED	0.706	COUNTED	0.646	1
P009424	8	NAME	M269	3(N01)	COUNTED	0.635	COUNTED	0.526	1
P009425	0	BARE	-	1(N14)	PERSON	0.619	PERSON	0.702	1
P009425	1	BARE	-	2(N01)	PERSON	0.628	PERSON	0.706	1
P009425	2	BARE	-	4(N01)	PERSON	0.707	PERSON	0.706	1
P009425	3	BARE	-	2(N01)	PERSON	0.623	PERSON	0.702	1
P009425	4	NAME	M299	3(N48) 6(N34) 3(N14) 2(N01)	PERSON	0.788	PERSON	0.842	1
P009425	5	BARE	-	4(N14)	PERSON	0.694	PERSON	0.702	1
P009425	6	NAME	M287	5(N01)	PERSON	0.846	PERSON	0.844	1
P009425	7	BARE	-	1(N14)	PERSON	0.676	PERSON	0.705	1
P009425	8	BARE	-	0(n)	PERSON	0.734	PERSON	0.770	1
P009425	10	NAME	M123	5(N45) 3(N48) 4(N34) 6(N14) 8(N01)	PERSON	0.787	PERSON	0.907	1
P009425	11	BARE	-	0(n)	PERSON	0.635	PERSON	0.648	1
P009434	0	BARE	-	1(N39B)	MEASURED	0.602	PERSON	0.342	0
P009434	1	NAME	M146	1(N14) 2(N01)	PERSON	0.411	PERSON	0.511	0
P009434	2	NAME	M387 M240 M096	1(N14) 3(N01)	PERSON	0.332	PERSON	0.357	0
P009434	3	NAME	M177	3(N01)	PERSON	0.367	PERSON	0.384	0
P009435	0	BARE	-	4(N01)	PERSON	0.297	PERSON	0.277	0
P009435	1	BARE	-	2(N01)	COUNTED	0.368	PERSON	0.374	0
P009435	2	BARE	-	2(N01)	COUNTED	0.286	ALLOT	0.280	0
P009436	1	BARE	-	3(N01) 3(N39B)	PERSON	0.544	PERSON	0.811	1
P009436	2	NAME	M145	3(N01)	PERSON	0.769	PERSON	0.869	1
P009437	0	NAME	M096	1(N39B)	MEASURED	0.494	ALLOT	0.633	0
P009438	0	BARE	-	2(N01)	COUNTED	0.419	ALLOT	0.334	1
P009438	3	BARE	-	2(N01)	COUNTED	0.477	COUNTED	0.370	1
P009438	12	BARE	-	1(N24)	MEASURED	0.495	COUNTED	0.331	1
P009438	13	IN	M124 M259	1(N01)	PERSON	0.491	PERSON	0.611	1
P009438	16	BARE	-	8(N14)	ALLOT	0.501	ALLOT	0.474	1
P009439	0	BARE	-	8(N14)	ALLOT	0.521	ALLOT	0.335	0
P009439	1	BARE	-	2(N14)	ALLOT	0.542	ALLOT	0.400	0
P009440	0	BARE	-	6(N01)	COUNTED	0.256	ALLOT	0.539	0
P009442	1	NAME	M387 M387	1(N01)	FRACLINE	0.576	FRACLINE	0.708	1
P009442	2	NAME	M365	4(N01)	FRACLINE	0.619	FRACLINE	0.766	1
P009442	3	NAME	M175 M248	3(N01)	FRACLINE	0.573	FRACLINE	0.707	1
P009442	4	NAME	M125 M310	1(N01)	FRACLINE	0.592	FRACLINE	0.811	1
P009442	5	NAME	M310	6(N01)	FRACLINE	0.670	FRACLINE	0.797	1
P009443	0	IN	M314 M128 M388 M297 M206	1(N01)	PERSON	0.350	ALLOT	0.312	0
P009443	1	NAME	M177	2(N01)	PERSON	0.292	ALLOT	0.417	0
P009444	0	IN	M001 M388 |M296+M296|	5(N01)	PERSON	0.328	PERSON	0.323	0
P009444	1	BARE	-	1(N14)	MEASURED	0.267	MEASURED	0.263	0
P009444	2	IN	M124 M009 M338	1(N14) 2(N01)	PERSON	0.396	PERSON	0.384	0
P009444	3	BARE	-	1(N14) 1(N01)	COUNTED	0.312	MEASURED	0.260	0
P009444	4	IN	M388 M295 M219	1(N14) 1(N01) 2(N39B) 1(N24)	ALLOT	0.558	PERSON	0.507	0
P009444	5	BARE	-	1(N14) 2(N01)	ALLOT	0.319	ALLOT	0.322	0
P009445	1	BARE	-	6(N01)	ALLOT	0.648	ALLOT	0.876	1
P009456	0	BARE	-	7(N01)	PERSON	0.284	PERSON	0.289	0
P009456	1	NAME	M247	4(N14)	ALLOT	0.374	ALLOT	0.273	0
P009457	0	NAME	M029	2(N45) 7(N14)	ALLOT	0.572	PERSON	0.426	0
P009457	1	NAME	M053	4(N14) 6(N01)	PERSON	0.422	PERSON	0.475	0
P009457	2	BARE	-	1(N34)	ALLOT	0.478	PERSON	0.318	0
P009459	0	NAME	|M136+M365|	1(N45) 3(N34) 6(N14) 2(N01)	PERSON	0.420	PERSON	0.503	1
P009459	1	NAME	M351	1(N45) 2(N14) 3(N01)	PERSON	0.473	PERSON	0.495	1
P009459	2	NAME	M348	1(N45) 2(N01)	PERSON	0.447	PERSON	0.487	1
P009459	3	BARE	-	3(N01)	COUNTED	0.527	PERSON	0.499	1
P009459	5	NAME	M206	4(N14) 5(N01) 1(N08A)	PERSON	0.461	PERSON	0.526	1
P009459	6	BARE	-	7(N34) 6(N01)	COUNTED	0.458	PERSON	0.424	1
P009459	7	BARE	-	2(N01)	COUNTED	0.563	PERSON	0.424	1
P009459	8	NAME	M383	2(N01)	COUNTED	0.485	PERSON	0.580	1
P009460	1	NAME	M365	1(N01)	ALLOT	0.428	ALLOT	0.737	1
P009460	2	BARE	-	4(N01)	ALLOT	0.614	ALLOT	0.812	1
P009461	0	NAME	M001	3(N14)	ALLOT	0.606	ALLOT	0.368	0
P009462	0	BARE	-	2(N01)	PERSON	0.609	PERSON	0.705	1
P009462	1	BARE	-	1(N45)	PERSON	0.592	PERSON	0.762	1
P009463	0	NAME	M125 M009	7(N01)	PERSON	0.461	PERSON	0.477	0
P009463	1	NAME	M125 M009	1(N14)	PERSON	0.551	PERSON	0.590	0
P009463	2	NAME	|M036+1(N14)| M125 M009	1(N14)	PERSON	0.364	PERSON	0.433	0
P009464	1	BARE	-	1(N39B)	ALLOT	0.622	ALLOT	0.711	1
P009465	0	NAME	M387	1(N01)	COUNTED	0.330	ALLOT	0.325	0
P009466	0	IN	M388 M248 M096	1(N14) 8(N01)	PERSON	0.630	PERSON	0.661	1
P009466	1	NAME	M222	7(N01)	PERSON	0.874	PERSON	0.877	1
P009466	3	IN	M388 M057 M325	1(N14) 3(N01)	PERSON	0.872	PERSON	0.886	1
P009466	4	IN	M388 |M218+X| M096	2(N14) 2(N01)	PERSON	0.793	PERSON	0.795	1
P009466	5	NAME	M038 M146 M110 M242 M096	5(N01)	PERSON	0.726	PERSON	0.692	1
P009466	6	BARE	-	1(N14) 3(N01)	PERSON	0.750	PERSON	0.776	1
P009467	0	IN	M377 M388 M059 M096	7(N01)	PERSON	0.739	PERSON	0.739	1
P009467	2	BARE	-	2(N14) 8(N01)	PERSON	0.879	PERSON	0.873	1
P009467	4	NAME	M377	8(N01)	PERSON	0.927	PERSON	0.882	1
P009467	5	BARE	-	3(N01)	PERSON	0.747	PERSON	0.794	1
P009467	6	BARE	-	9(N01)	PERSON	0.789	PERSON	0.794	1
P009467	7	BARE	-	3(N14)	PERSON	0.788	PERSON	0.849	1
P009468	1	NAME	M260	2(N01)	PERSON	0.814	PERSON	0.886	1
P009468	2	BARE	-	4(N01)	PERSON	0.723	PERSON	0.717	1
P009468	3	NAME	M001	1(N01)	PERSON	0.873	PERSON	0.876	1
P009468	4	NAME	M152	1(N01)	PERSON	0.852	PERSON	0.810	1
P009468	5	NAME	M374	1(N01)	PERSON	0.873	PERSON	0.867	1
P009468	6	NAME	M125	4(N01)	PERSON	0.804	PERSON	0.863	1
P009469	0	NAME	M247	1(N01)	PERSON	0.303	ALLOT	0.391	0
P009470	1	BARE	-	1(N01)	PERSON	0.897	PERSON	0.852	1
P009470	3	BARE	-	1(N14)	PERSON	0.734	PERSON	0.818	1
P009470	4	BARE	-	1(N01)	PERSON	0.718	PERSON	0.689	1
P009472	0	NAME	M221	1(N30D)	MEASURED	0.521	PERSON	0.370	0
P009472	1	BARE	-	1(N30D@b)	MEASURED	0.396	ALLOT	0.328	0
P009473	0	BARE	-	1(N30D@b)	MEASURED	0.401	ALLOT	0.397	0
P009474	0	BARE	-	1(N01)	COUNTED	0.306	ALLOT	0.397	0
P009476	0	BARE	-	1(N01)	PERSON	0.340	MEASURED	0.270	0
P009476	1	BARE	-	1(N01)	PERSON	0.386	PERSON	0.341	0
P009476	2	BARE	-	1(N01)	PERSON	0.405	PERSON	0.348	0
P009476	3	BARE	-	1(N01)	COUNTED	0.389	MEASURED	0.309	0
P009478	0	NAME	M348	1(N01)	COUNTED	0.316	ALLOT	0.485	0
P009480	0	NAME	M367	1(N01)	PERSON	0.834	PERSON	0.721	1
P009480	1	NAME	M367 M001 M372	1(N01)	PERSON	0.874	PERSON	0.724	1
P009481	0	BARE	-	1(N45) 4(N14)	ALLOT	0.694	MEASURED	0.314	0
P009481	1	BARE	-	4(N34) 3(N14)	ALLOT	0.381	MEASURED	0.365	0
P009481	2	BARE	-	6(N14)	ALLOT	0.490	MEASURED	0.338	0
P009482	0	NAME	M383	1(N01)	PERSON	0.372	ALLOT	0.278	0
P009482	1	BARE	-	2(N01) 2(N39B)	ALLOT	0.476	MEASURED	0.355	0
P009484	0	BARE	-	1(N45) 3(N14)	ALLOT	0.679	ALLOT	0.339	0
P009484	1	BARE	-	5(N01)	COUNTED	0.357	PERSON	0.280	0
P009484	2	NAME	M417	1(N01)	PERSON	0.479	PERSON	0.381	0
P009484	3	NAME	M152	2(N01)	PERSON	0.361	MEASURED	0.311	0
P009486	0	NAME	M393 M051 M512 M374	1(N01)	MEASURED	0.319	MEASURED	0.491	1
P009487	1	NAME	M260	1(N01)	MEASURED	0.488	MEASURED	0.851	1
P009488	0	BARE	-	1(N01)	PERSON	0.337	MEASURED	0.298	0
P009488	1	BARE	-	3(N01)	COUNTED	0.330	MEASURED	0.339	0
P009488	2	BARE	-	2(N14) 6(N01)	PERSON	0.370	MEASURED	0.319	0
P009488	3	BARE	-	3(N14)	ALLOT	0.330	MEASURED	0.348	0
P009489	0	BARE	-	1(N14) 2(N39B)	ALLOT	0.540	ALLOT	0.427	0
P009490	1	NAME	M001	2(N01) 4(N39B)	MEASURED	0.845	MEASURED	0.714	1
P009490	2	NAME	M286	1(N30C)	MEASURED	0.858	MEASURED	0.687	1
P009490	3	BARE	-	1(N30C)	MEASURED	0.905	MEASURED	0.784	1
P009490	4	BARE	-	1(N30C)	MEASURED	0.925	MEASURED	0.780	1
P009490	5	NAME	M099	1(N30C)	MEASURED	0.870	MEASURED	0.641	1
P009490	6	NAME	M367	3(N39B)	MEASURED	0.860	MEASURED	0.747	1
P009491	0	BARE	-	2(N01)	ALLOT	0.617	ALLOT	0.838	1
P009491	1	BARE	-	1(N14)	ALLOT	0.687	ALLOT	0.787	1
P009491	2	BARE	-	1(N14)	ALLOT	0.764	ALLOT	0.763	1
P009492	0	BARE	-	8(N01)	MEASURED	0.336	MEASURED	0.321	0
P009492	1	BARE	-	8(N01)	COUNTED	0.301	MEASURED	0.346	0
P009492	2	BARE	-	1(N01)	COUNTED	0.365	MEASURED	0.346	0
P009492	3	BARE	-	1(N30C)	MEASURED	0.840	MEASURED	0.366	0
P009492	4	BARE	-	1(N30C)	MEASURED	0.840	MEASURED	0.366	0
P009492	5	BARE	-	2(N39B)	MEASURED	0.690	MEASURED	0.345	0
P009492	6	BARE	-	1(N30C)	MEASURED	0.824	MEASURED	0.345	0
P009492	7	BARE	-	1(N30C)	MEASURED	0.826	MEASURED	0.358	0
P009492	8	NAME	M367	1(N30C)	MEASURED	0.751	MEASURED	0.399	0
P009493	0	BARE	-	1(N01) 1(N24) 2(N30C)	MEASURED	0.523	ALLOT	0.422	0
P009494	0	NAME	M309	1(N01) 1(N39B) 1(N14)	ALLOT	0.507	ALLOT	0.313	0
P009494	1	NAME	M286	1(N24) 1(N30D)	MEASURED	0.620	MEASURED	0.321	0
P009494	2	BARE	-	1(N24) 1(N30D)	MEASURED	0.658	MEASURED	0.342	0
P009495	0	BARE	-	2(N14) 4(N01)	ALLOT	0.426	ALLOT	0.380	0
P009496	0	BARE	-	6(N14) 1(N01)	ALLOT	0.460	ALLOT	0.380	0
P009497	0	BARE	-	3(N01)	PERSON	0.289	MEASURED	0.291	0
P009497	1	BARE	-	3(N01)	ALLOT	0.310	MEASURED	0.317	0
P009499	0	BARE	-	2(N14) 3(N01)	ALLOT	0.314	MEASURED	0.288	0
P009499	1	BARE	-	5(N01)	COUNTED	0.350	MEASURED	0.319	0
P009499	2	BARE	-	5(N14)	ALLOT	0.412	MEASURED	0.315	0
P009502	0	BARE	-	5(N01)	ALLOT	0.260	ALLOT	0.416	0
P009503	0	BARE	-	6(N14) 3(N01)	ALLOT	0.491	ALLOT	0.405	0
P009509	0	BARE	-	4(N01)	PERSON	0.294	ALLOT	0.405	0
P009510	0	NAME	M006	2(N39B) 2(N01)	ALLOT	0.452	ALLOT	0.387	0
P009513	0	NAME	|M351+1(N14)|	1(N01) 2(N39B)	ALLOT	0.620	ALLOT	0.471	0
P009514	0	NAME	M219 M387	4(N14)	PERSON	0.714	PERSON	0.853	1
P009514	1	NAME	M387	4(N14)	PERSON	0.806	PERSON	0.857	1
P009514	3	BARE	-	2(N14)	PERSON	0.744	PERSON	0.778	1
P009514	4	BARE	-	1(N14)	PERSON	0.581	PERSON	0.615	1
P009519	0	BARE	-	3(N34) 2(N45) 2(N14) 5(N01)	ALLOT	0.544	ALLOT	0.262	0
P009519	1	BARE	-	3(N14) 1(N01)	PERSON	0.349	PERSON	0.302	0
P009519	2	BARE	-	1(N14)	ALLOT	0.325	ALLOT	0.323	0
P009524	0	IN	M346 M367	5(N14)	COUNTED	0.735	COUNTED	0.825	1
P009524	1	NAME	M367	1(N14) 2(N01)	COUNTED	0.857	COUNTED	0.813	1
P009524	2	BARE	-	8(N01)	COUNTED	0.895	COUNTED	0.872	1
P009524	4	IN	M346 M367	9(N01)	COUNTED	0.806	COUNTED	0.832	1
P009524	5	NAME	M367 M006@g	4(N01)	COUNTED	0.830	COUNTED	0.838	1
P009524	6	NAME	M006	3(N01)	COUNTED	0.895	COUNTED	0.863	1
P009524	9	IN	M346 M367	3(N01)	COUNTED	0.879	COUNTED	0.829	1
P009524	10	NAME	M367 M006@g	1(N01)	COUNTED	0.862	COUNTED	0.837	1
P009524	12	IN	M124 M346 M367	1(N14) 2(N01)	COUNTED	0.866	COUNTED	0.829	1
P009524	13	NAME	M367 M006@g	3(N01)	COUNTED	0.875	COUNTED	0.839	1
P009524	14	NAME	M006	2(N01)	COUNTED	0.915	COUNTED	0.854	1
P009525	0	NAME	M056	2(N01)	ALLOT	0.323	ALLOT	0.734	0
P009525	1	NAME	M044	4(N01@b) 3(N39B@b) 1(N24@b) 1(N30C)	MEASURED	0.482	PERSON	0.322	0
P009525	2	NAME	M044 M368	3(N39B) 2(N30C)	MEASURED	0.603	PERSON	0.336	0
P009525	3	NAME	M219	1(N14) 1(N01) 4(N39B)	ALLOT	0.449	PERSON	0.454	0
P009525	4	NAME	M044 M076	1(N01) 4(N39B) 1(N24) 1(N30C) 1(N30D)	MEASURED	0.394	PERSON	0.346	0
P009525	5	BARE	-	2(N39B)	MEASURED	0.528	ALLOT	0.334	0
P009526	0	NAME	M489 M219 M056	4(N39B) 2(N30C)	MEASURED	0.492	ALLOT	0.651	0
P009526	1	BARE	-	1(N01) 3(N39B) 2(N30C)	MEASURED	0.519	MEASURED	0.279	0
P009526	2	BARE	-	3(N39B)	MEASURED	0.616	MEASURED	0.279	0
P009526	3	NAME	M001	2(N39B) 1(N24) 1(N30C)	MEASURED	0.588	PERSON	0.446	0
P009526	4	BARE	-	4(N39B) 1(N24) 1(N30C)	MEASURED	0.722	MEASURED	0.296	0
P009526	5	BARE	-	3(N39B)	MEASURED	0.620	MEASURED	0.296	0
P009526	6	BARE	-	2(N39B) 1(N24) 1(N30C) 1(N30D)	MEASURED	0.700	PERSON	0.278	0
P009526	7	BARE	-	2(N01)	COUNTED	0.411	PERSON	0.278	0
P009526	8	NAME	M044	1(N39B) 2(N30C)	MEASURED	0.567	PERSON	0.346	0
P009526	9	NAME	M489 M219	1(N14) 1(N01) 3(N39B) 1(N24) 1(N30C) 1(N30D)	ALLOT	0.357	PERSON	0.413	0
P009526	10	NAME	M044	2(N01) 1(N39B) 2(N30C)	MEASURED	0.508	MEASURED	0.293	0
P009527	0	NAME	M056	5(N1B)	ALLOT	0.454	ALLOT	0.734	0
P009527	1	NAME	M012	3(N01)	COUNTED	0.396	PERSON	0.342	0
P009527	2	NAME	M219	5(N01) 3(N39B)	ALLOT	0.460	PERSON	0.357	0
P009528	0	NAME	M056	1(N24) 2(N30C) 1(N30D)	ALLOT	0.479	ALLOT	0.866	0
P009529	0	NAME	M056	4(N39B)	ALLOT	0.446	ALLOT	0.745	0
P009529	1	BARE	-	2(N39B) 1(N24)	MEASURED	0.490	COUNTED	0.305	0
P009529	2	BARE	-	1(N01) 1(N39B)	ALLOT	0.596	ALLOT	0.417	0
P009530	0	NAME	M387	1(N30C)	PERSON	0.650	PERSON	0.722	1
P009530	1	NAME	M387	1(N30C) 1(N30D)	PERSON	0.671	PERSON	0.786	1
P009530	2	BARE	-	1(N30D)	PERSON	0.650	PERSON	0.746	1
P009531	0	BARE	-	9(N14@b) 2(N01@b) 3(N39B@b)	MEASURED	0.378	ALLOT	0.275	0
P009531	1	NAME	M219	2(N14) 5(N01) 2(N39B)	ALLOT	0.472	PERSON	0.433	0
P009531	2	BARE	-	8(N14) 4(N01)	ALLOT	0.502	ALLOT	0.414	0
P009532	0	BARE	-	4(N01)	PERSON	0.239	ALLOT	0.296	0
P009532	1	NAME	M367	8(N01)	PERSON	0.317	MEASURED	0.314	0
P009534	0	BARE	-	2(N45)	ALLOT	0.633	ALLOT	0.444	0
P009537	0	BARE	-	2(N01)	PERSON	0.605	PERSON	0.695	1
P009537	3	NAME	M285	1(N01)	PERSON	0.860	PERSON	0.819	1
P009537	4	IN	M218 M219	1(N01)	PERSON	0.922	PERSON	0.890	1
P009537	6	BARE	-	2(N01)	PERSON	0.735	PERSON	0.773	1
P009537	7	NAME	M304 M096	1(N01)	PERSON	0.780	PERSON	0.711	1
P009537	8	IN	M388 M109	1(N01)	PERSON	0.871	PERSON	0.874	1
P009537	9	NAME	M097	1(N01)	PERSON	0.925	PERSON	0.918	1
P009537	11	BARE	-	1(N01)	PERSON	0.785	PERSON	0.698	1
P009538	0	IN	M059 M297 M387	1(N24)	MEASURED	0.526	COUNTED	0.455	1
P009538	1	BARE	-	1(N24@b)	MEASURED	0.480	COUNTED	0.324	1
P009538	3	NAME	M387 M001	1(N01)	COUNTED	0.523	COUNTED	0.373	1
P009538	5	NAME	M305	2(N30C) 1(N30D)	MEASURED	0.616	COUNTED	0.377	1
P009538	6	NAME	M387	1(N30D)	MEASURED	0.470	COUNTED	0.493	1
P009538	8	NAME	M207	2(N30C)	MEASURED	0.566	COUNTED	0.297	1
P009538	9	NAME	M207	1(N30C)	MEASURED	0.623	COUNTED	0.269	1
P009538	10	NAME	M381	1(N30C)	MEASURED	0.663	COUNTED	0.463	1
P009538	12	NAME	M001	2(N30C@b)	MEASURED	0.517	PERSON	0.375	1
P009538	15	NAME	M207	1(N39C)	MEASURED	0.411	ALLOT	0.326	1
P009540	0	BARE	-	6(N14)	ALLOT	0.573	ALLOT	0.467	0
P009541	1	NAME	M041	1(N30D)	MEASURED	0.751	MEASURED	0.775	1
P009541	2	BARE	-	0(n)	MEASURED	0.613	MEASURED	0.744	1
P009541	3	NAME	M492	0(n)	MEASURED	0.561	MEASURED	0.740	1
P009542	0	BARE	-	3(N39B) 1(N24)	MEASURED	0.668	COUNTED	0.765	1
P009542	1	NAME	M205	2(N39B)	MEASURED	0.534	COUNTED	0.784	1
P009542	2	NAME	M009	2(N39B)	MEASURED	0.417	COUNTED	0.763	1
P009542	3	BARE	-	1(N24)	MEASURED	0.585	COUNTED	0.758	1
P009542	5	NAME	M044	1(N01) 2(N39B)	MEASURED	0.443	COUNTED	0.785	1
P009542	6	BARE	-	1(N39B)	MEASURED	0.717	COUNTED	0.705	1
P009543	0	NAME	M056	1(N14) 4(N01)	ALLOT	0.647	ALLOT	0.762	0
P009543	1	NAME	M044 M056	1(N14) 3(N01)	ALLOT	0.664	ALLOT	0.731	0
P009544	0	NAME	M044	1(N01) 1(N24) 2(N30C) 1(N39C)	MEASURED	0.412	ALLOT	0.265	0
P009544	1	BARE	-	2(N30C@b)	MEASURED	0.497	ALLOT	0.371	0
P009545	0	IN	M288 M219	2(N14) 5(N01) 1(N39B)	ALLOT	0.598	PERSON	0.361	0
P009545	1	BARE	-	1(N14B) 2(N1B)	MEASURED	0.312	MEASURED	0.296	0
P009545	2	BARE	-	5(N01) 2(N39B) 1(N24)	ALLOT	0.494	ALLOT	0.340	0
P009546	0	NAME	M051	1(N30C) 1(N30D)	MEASURED	0.878	MEASURED	0.743	1
P009547	1	BARE	-	1(N14B)	ALLOT	0.646	ALLOT	0.843	1
P009549	1	NAME	M001	2(N01)	ALLOT	0.668	ALLOT	0.851	1
P009550	0	BARE	-	4(N01)	ALLOT	0.311	ALLOT	0.444	0
P009551	0	NAME	M056	2(N01)	ALLOT	0.616	ALLOT	0.834	0
P009552	0	NAME	M250 M315	3(N01)	PERSON	0.624	PERSON	0.677	1
P009552	2	NAME	M347 M223	1(N14)	PERSON	0.797	PERSON	0.818	1
P009552	7	NAME	M096	3(N01)	PERSON	0.585	PERSON	0.591	1
P009552	8	NAME	M390 M262 M096	3(N01)	PERSON	0.762	PERSON	0.773	1
P212398	0	NAME	M358	5(N01)	COUNTED	0.306	COUNTED	0.315	0
P212398	1	BARE	-	3(N01) 3(N39B)	ALLOT	0.523	ALLOT	0.314	0
P234794	0	BARE	-	4(N14) 3(N01)	PERSON	0.600	PERSON	0.589	1
P234794	1	NAME	M254 M281 M096	2(N01)	PERSON	0.643	PERSON	0.660	1
P234794	2	BARE	-	1(N39B) 1(N39C)	PERSON	0.451	PERSON	0.664	1
P234794	3	NAME	M387 M387 M262 M096	2(N01)	PERSON	0.701	PERSON	0.678	1
P234794	4	IN	M387 M387 M388 M390 M242 M096	1(N01)	PERSON	0.836	PERSON	0.712	1
P234794	5	BARE	-	1(N01)	PERSON	0.849	PERSON	0.745	1
P234794	7	NAME	M387 M386 M338	1(N01)	PERSON	0.838	PERSON	0.727	1
P234794	8	IN	M387 M388 M004	2(N01)	PERSON	0.835	PERSON	0.848	1
P234794	9	IN	M263 M217	1(N01)	PERSON	0.834	PERSON	0.713	1
P234794	10	BARE	-	3(N01)	PERSON	0.677	PERSON	0.658	1
P234794	11	IN	M387 M388 M049	2(N01)	PERSON	0.788	PERSON	0.783	1
P234794	12	BARE	-	2(N01)	PERSON	0.673	PERSON	0.658	1
P234794	13	BARE	-	3(N01)	PERSON	0.735	PERSON	0.741	1
P234794	15	BARE	-	3(N01)	PERSON	0.785	PERSON	0.762	1
P234794	17	IN	M388 M131	3(N01)	PERSON	0.878	PERSON	0.875	1
P234794	19	NAME	M285 M386 M340	3(N01)	PERSON	0.874	PERSON	0.896	1
P234794	20	BARE	-	2(N01)	PERSON	0.707	PERSON	0.742	1
P234794	22	IN	M387 M388 M338	3(N01)	PERSON	0.856	PERSON	0.824	1
P234794	24	BARE	-	3(N01)	PERSON	0.751	PERSON	0.763	1
P234794	25	NAME	M348	2(N14) 2(N01)	PERSON	0.795	PERSON	0.746	1
P234794	26	BARE	-	2(N14)	PERSON	0.651	PERSON	0.689	1
P234794	27	NAME	|X+M131|	1(N14)	PERSON	0.793	PERSON	0.789	1
P234794	28	NAME	M206	3(N01)	PERSON	0.652	PERSON	0.608	1
P235646	0	BARE	-	8(N14)	ALLOT	0.678	ALLOT	0.513	0
P235686	0	BARE	-	1(N01)	COUNTED	0.884	COUNTED	0.828	1
P235686	1	NAME	M362+M600	2(N14)	COUNTED	0.711	COUNTED	0.823	1
P235686	2	NAME	M367	1(N14)	COUNTED	0.744	COUNTED	0.773	1
P235686	3	BARE	-	1(N01)	COUNTED	0.895	COUNTED	0.825	1
P235686	4	NAME	M362+X M384	2(N14)	COUNTED	0.699	COUNTED	0.809	1
P235686	7	NAME	M362+x	2(N14)	COUNTED	0.717	COUNTED	0.867	1
P272825	0	BARE	-	3(N01)	PERSON	0.441	PERSON	0.455	1
P272825	2	IN	M371 M144	3(N01)	PERSON	0.545	PERSON	0.607	1
P272825	3	NAME	M206	1(N01) 4(N39B) 1(N24)	ALLOT	0.452	PERSON	0.448	1
P272825	5	BARE	-	3(N39B)	PERSON	0.402	PERSON	0.461	1
P272825	6	NAME	M342 M374	3(N14) 2(N01) 4(N39B) 1(N24) 2(N30C) 1(N30D)	PERSON	0.468	PERSON	0.595	1
P272825	7	BARE	-	3(N01)	PERSON	0.419	PERSON	0.464	1
P272825	8	NAME	M281	2(N01)	PERSON	0.467	PERSON	0.468	1
P272825	9	BARE	-	2(N01)	PERSON	0.398	PERSON	0.464	1
P272825	10	BARE	-	2(N01)	PERSON	0.398	PERSON	0.464	1
P272825	11	BARE	-	2(N01)	PERSON	0.398	PERSON	0.464	1
P272825	12	BARE	-	2(N01)	PERSON	0.398	PERSON	0.464	1
P272825	13	NAME	M383 M001	2(N14) 1(N39B) 1(N24) 2(N30C)	PERSON	0.402	PERSON	0.596	1
P272825	14	NAME	|M305+M387| M305	1(N14) 1(N01)	PERSON	0.607	PERSON	0.616	1
P272825	18	NAME	M285	1(N01) 3(N39B) 1(N24) 2(N30C) 1(N30D)	PERSON	0.408	PERSON	0.502	1
P272825	19	BARE	-	4(N39B) 1(N24) 2(N30C)	PERSON	0.459	PERSON	0.509	1
P272825	26	IN	M219 M305 M388 M254	1(N01) 4(N39B) 1(N24)	PERSON	0.385	PERSON	0.527	1
P272825	27	NAME	M038 M367 M305	3(N39B) 1(N24) 1(N30D)	PERSON	0.471	PERSON	0.425	1
P272825	29	IN	|M136+X| M305 M388 M352 M097	1(N24) 2(N30C)	PERSON	0.697	PERSON	0.652	1
P272825	30	NAME	M105	2(N39B) 1(N24)	PERSON	0.575	PERSON	0.577	1
P272825	32	NAME	M105 M026	1(N01) 1(N24) 2(N30C)	PERSON	0.541	PERSON	0.607	1
P272825	34	NAME	M377 M377 M035	2(N39B) 1(N24)	PERSON	0.501	PERSON	0.547	1
P272825	35	BARE	-	3(N14) 2(N01) 2(N39B) 2(N30C)	ALLOT	0.455	PERSON	0.503	1
P272825	37	NAME	M038	1(N24) 2(N30C)	PERSON	0.510	PERSON	0.396	1
P272825	38	BARE	-	1(N39B) 1(N24) 1(N30C)	PERSON	0.445	PERSON	0.457	1
P272825	39	IN	M305 M057 M240	1(N39B) 2(N30C)	PERSON	0.779	PERSON	0.815	1
P272825	42	IN	M387 M388 M291 M358	1(N14) 2(N01) 1(N24)	ALLOT	0.444	PERSON	0.469	1
P272825	43	NAME	M009	1(N45) 5(N01) 1(N30C)	PERSON	0.542	PERSON	0.653	1
P272825	44	NAME	M305 M254	2(N01) 3(N39B) 1(N24) 2(N30C) 1(N30D)	PERSON	0.496	PERSON	0.678	1
P272825	47	BARE	-	2(N39B) 1(N24) 2(N30C) 1(N30D)	MEASURED	0.362	PERSON	0.481	1
P272825	48	NAME	M001 M038 M387 M387	3(N39B) 1(N24)	PERSON	0.472	PERSON	0.580	1
P272825	49	IN	M001 M320 M305	1(N24) 2(N30C) 1(N30D)	PERSON	0.648	PERSON	0.646	1
P272825	50	NAME	M033	2(N39B) 1(N24) 1(N30D)	PERSON	0.527	PERSON	0.464	1
P272825	51	NAME	M175 M048	1(N14) 5(N01) 4(N39B)	ALLOT	0.494	PERSON	0.408	1
P272825	52	NAME	M051 M048	3(N01) 1(N24) 1(N30C) 1(N30D)	PERSON	0.358	PERSON	0.385	1
P272825	53	BARE	-	3(N01) 2(N39B)	ALLOT	0.463	PERSON	0.505	1
P272825	56	IN	M328 M388 M387	2(N01) 2(N39B)	PERSON	0.440	PERSON	0.550	1
P272825	57	BARE	-	3(N01) 4(N39B) 1(N30D) 1(N39C)	ALLOT	0.369	PERSON	0.462	1
P272825	58	NAME	M122	5(N14) 1(N24) 1(N30C) 1(N30D) 1(N39C)	PERSON	0.471	PERSON	0.604	1
P272825	59	NAME	M387 M387	4(N14) 5(N01) 1(N39B) 1(N24) 1(N39C)	PERSON	0.449	PERSON	0.515	1
P272825	60	NAME	M387 M387	4(N01) 2(N39B) 1(N24) 1(N30D)	PERSON	0.479	PERSON	0.515	1
P272825	61	NAME	M351	1(N39B) 2(N30C)	PERSON	0.597	PERSON	0.482	1
P272825	62	NAME	M175	3(N01) 4(N39B)	PERSON	0.460	PERSON	0.418	1
P272825	63	BARE	-	3(N39B) 1(N24)	PERSON	0.360	PERSON	0.462	1
P272825	64	NAME	|M351+1(N14)|	1(N29B) 1(N24) 2(N30C)	PERSON	0.562	PERSON	0.479	1
P272825	65	BARE	-	2(N39B) 1(N24) 1(N30C)	MEASURED	0.395	PERSON	0.462	1
P272825	66	NAME	M387 |M175+X| M209	1(N24)	PERSON	0.523	PERSON	0.482	1
P272825	68	BARE	-	3(N39B) 1(N30C)	PERSON	0.451	PERSON	0.455	1
P272825	69	NAME	M305	4(N01) 2(N30C)	PERSON	0.571	PERSON	0.642	1
P272825	70	BARE	-	4(N14) 3(N39B) 2(N30C) 1(N30D)	PERSON	0.323	PERSON	0.462	1
P272825	71	NAME	M377 M123	1(N01)	PERSON	0.743	PERSON	0.678	1
P272825	73	BARE	-	4(N01) 1(N24) 1(N30D)	ALLOT	0.434	PERSON	0.469	1
P272825	74	BARE	-	3(N39B)	PERSON	0.394	PERSON	0.462	1
P272825	75	BARE	-	1(N24)	PERSON	0.414	PERSON	0.505	1
P272825	77	IN	M346 M305 M131	1(N39B) 1(N24)	PERSON	0.620	PERSON	0.646	1
P272825	78	BARE	-	1(N01) 2(N39B)	ALLOT	0.406	PERSON	0.462	1
P272825	79	BARE	-	3(N01)	PERSON	0.441	PERSON	0.496	1
P272825	80	IN	|M305+M009| M038 M346 M136	2(N14) 3(N01) 2(N39B) 1(N24)	ALLOT	0.547	PERSON	0.427	1
P272825	81	NAME	|M305+M342| M136	3(N39B) 2(N30C)	PERSON	0.549	PERSON	0.636	1
P272825	83	BARE	-	5(N01)	PERSON	0.403	PERSON	0.458	1
P272825	84	BARE	-	2(N14) 2(N01)	PERSON	0.449	PERSON	0.496	1
P272825	85	IN	M324 M318 M371 M149 M217	1(N01)	PERSON	0.573	PERSON	0.465	1
P272825	86	NAME	M383 M209	3(N39B)	PERSON	0.550	PERSON	0.603	1
P272825	87	NAME	M209 M254 M096	3(N01)	PERSON	0.479	PERSON	0.508	1
P272825	89	NAME	M105 M144	1(N01) 4(N39B) 1(N24) 1(N30D)	PERSON	0.509	PERSON	0.630	1
P272825	90	BARE	-	1(N01) 1(N24) 1(N30C)	PERSON	0.354	PERSON	0.496	1
P272825	91	NAME	M377 M377	4(N01) 3(N39B) 1(N30C)	PERSON	0.582	PERSON	0.615	1
P272825	92	NAME	M136	2(N01) 1(N39B) 1(N30C)	PERSON	0.485	PERSON	0.523	1
P272825	93	BARE	-	4(N39B)	PERSON	0.459	PERSON	0.547	1
P272825	97	NAME	M247	1(N39B) 2(N30C) 1(N30D)	PERSON	0.538	PERSON	0.509	1
P272825	98	NAME	M252	3(N01) 1(N39B)	PERSON	0.492	PERSON	0.517	1
P272825	99	BARE	-	3(N39B) 1(N24) 1(N30C)	MEASURED	0.408	PERSON	0.496	1
P272825	100	BARE	-	1(N14) 4(N01)	PERSON	0.394	PERSON	0.441	1
P272825	102	BARE	-	3(N01)	PERSON	0.491	PERSON	0.537	1
P272826	0	BARE	-	2(N39B) 1(N24)	ALLOT	0.569	ALLOT	0.611	1
P272826	1	BARE	-	1(N39B)	MEASURED	0.599	ALLOT	0.499	1
P272826	5	NAME	M387 M006	4(N14)	ALLOT	0.731	ALLOT	0.664	1
P272827	1	NAME	M038	1(N01) 1(N39B)	MEASURED	0.708	MEASURED	0.569	1
P272827	2	NAME	M305	1(N24) 1(N30C)	MEASURED	0.733	MEASURED	0.476	1
P272827	5	NAME	M006	1(N14)	PERSON	0.438	PERSON	0.362	1
P272827	6	NAME	M136	2(N01)	COUNTED	0.351	MEASURED	0.387	1
P272827	7	NAME	|M317+X|	1(N14)	MEASURED	0.418	MEASURED	0.594	1
P368478	4	BARE	-	3(N39B) 1(N24) 2(N30C)	ALLOT	0.441	ALLOT	0.500	1
P368478	5	IN	M305 M111 M001 M388 M218 M295	1(N01) 3(N39B) 1(N24) 1(N30C)	PERSON	0.461	PERSON	0.735	1
P368478	8	NAME	M103	2(N39B)	PERSON	0.567	PERSON	0.615	1
P368478	9	NAME	M252	1(N39B) 1(N24) 2(N30C)	PERSON	0.503	PERSON	0.501	1
P368478	10	BARE	-	2(N30C)	PERSON	0.358	PERSON	0.437	1
P368478	12	BARE	-	1(N39B) 1(N30C)	ALLOT	0.395	ALLOT	0.633	1
P368479	0	NAME	M203	2(N01)	COUNTED	0.462	PERSON	0.510	1
P368479	1	BARE	-	1(N39B)	MEASURED	0.471	PERSON	0.486	1
P368479	4	NAME	M009	3(N01)	PERSON	0.533	PERSON	0.642	1
P368479	5	BARE	-	1(N01)	PERSON	0.543	PERSON	0.486	1
P368479	7	BARE	-	2(N01)	COUNTED	0.526	PERSON	0.462	1
P368479	8	BARE	-	1(N01)	PERSON	0.573	PERSON	0.468	1
P368479	10	NAME	|M370+M388+M370|	1(N01)	PERSON	0.675	PERSON	0.571	1
P368479	11	NAME	|M370+M072|	1(N01)	PERSON	0.652	PERSON	0.533	1
P368479	12	BARE	-	1(N01)	PERSON	0.561	PERSON	0.439	1
P368479	13	BARE	-	2(N01)	COUNTED	0.532	PERSON	0.444	1
P368479	14	BARE	-	1(N01)	PERSON	0.569	PERSON	0.471	1
P368479	17	NAME	|M370+M072+M370|	1(N01)	PERSON	0.601	PERSON	0.529	1
P368479	18	NAME	|M370+X+M370|	2(N01)	PERSON	0.480	PERSON	0.598	1
P368479	23	BARE	-	1(N01)	PERSON	0.605	PERSON	0.498	1
P368479	24	NAME	M203	1(N01)	PERSON	0.647	PERSON	0.587	1
P368480	1	BARE	-	1(N24) 2(N30C)	PERSON	0.597	PERSON	0.735	1
P368480	5	BARE	-	1(N30C)	PERSON	0.649	PERSON	0.699	1
P368482	0	BARE	-	7(N14)	PERSON	0.438	PERSON	0.592	1
P368482	1	NAME	M316	4(N14)	PERSON	0.795	PERSON	0.852	1
P368482	2	NAME	M136	5(N14)	PERSON	0.753	PERSON	0.790	1
P368482	3	BARE	-	1(N34)	PERSON	0.575	PERSON	0.742	1
P368484	1	NAME	M269	3(N01)	ALLOT	0.626	ALLOT	0.760	1
P368484	2	NAME	M152	3(N01)	ALLOT	0.659	ALLOT	0.776	1
P368485	2	BARE	-	1(N30D)	PERSON	0.702	PERSON	0.813	1
P368485	5	IN	M305 M388 M254	1(N01)	PERSON	0.886	PERSON	0.831	1
P368486	0	NAME	M248	1(N39B)	PERSON	0.606	PERSON	0.571	1
P368486	1	NAME	M097 M338	1(N39B)	PERSON	0.795	PERSON	0.861	1
P368486	2	BARE	-	1(N39B)	MEASURED	0.475	PERSON	0.633	1
P368486	3	NAME	M024 M242 M096	1(N39B)	PERSON	0.772	PERSON	0.772	1
P368486	6	NAME	M242 M096	1(N39B)	PERSON	0.741	PERSON	0.743	1
P368488	0	NAME	M286	1(N14)	ALLOT	0.505	ALLOT	0.384	0
P368489	0	NAME	M096 M206	1(N01)	PERSON	0.779	PERSON	0.633	1
P368489	1	BARE	-	1(N01)	PERSON	0.834	PERSON	0.719	1
P368489	4	NAME	M096	1(N01)	PERSON	0.840	PERSON	0.642	1
P368490	0	NAME	M348	1(N45)	COUNTED	0.277	COUNTED	0.449	1
P368490	1	NAME	M006	3(N14)	PERSON	0.423	PERSON	0.382	1
P368490	2	NAME	M001	2(N14)	PERSON	0.480	PERSON	0.473	1
P368490	3	BARE	-	2(N14)	PERSON	0.354	MEASURED	0.342	1
P368490	4	NAME	|M377+M377|	6(N14)	PERSON	0.332	PERSON	0.401	1
P368490	6	NAME	M240 M390 M386 M240	3(N01)	PERSON	0.506	PERSON	0.580	1
P368490	7	BARE	-	2(N01)	COUNTED	0.506	COUNTED	0.350	1
P368490	10	NAME	M325	2(N01)	COUNTED	0.460	PERSON	0.459	1
P368490	11	NAME	M348	1(N34) 2(N14) 5(N01)	COUNTED	0.388	COUNTED	0.361	1
P368491	0	NAME	M278	4(N39B)	MEASURED	0.594	ALLOT	0.421	0
P368492	0	NAME	M514	1(N01) 1(N39B)	MEASURED	0.848	MEASURED	0.746	1
P368493	0	BARE	-	2(N01)	PERSON	0.552	PERSON	0.647	1
P368493	1	BARE	-	2(N01)	PERSON	0.559	PERSON	0.663	1
P368493	2	BARE	-	2(N01)	PERSON	0.548	PERSON	0.616	1
P368493	3	BARE	-	1(N01)	PERSON	0.851	PERSON	0.702	1
P368493	5	NAME	M096	2(N01)	PERSON	0.667	PERSON	0.673	1
P368494	0	NAME	|M351+1(N14)|	9(N14)	ALLOT	0.569	ALLOT	0.317	0
P368494	1	BARE	-	1(N23) 3(N14) 2(N01)	PERSON	0.307	ALLOT	0.377	0
P368497	0	BARE	-	1(N01)	ALLOT	0.661	ALLOT	0.850	1
P368497	1	BARE	-	1(N01)	ALLOT	0.684	ALLOT	0.807	1
P368497	3	BARE	-	2(N45) 3(N14)	ALLOT	0.945	ALLOT	0.820	1
P368497	4	BARE	-	4(N01)	ALLOT	0.700	ALLOT	0.808	1
P368497	6	NAME	M175	1(N34) 2(N45)	ALLOT	0.964	ALLOT	0.813	1
P368502	0	NAME	M292	2(N01)	ALLOT	0.410	ALLOT	0.617	0
P368503	0	BARE	-	3(N01)	ALLOT	0.433	ALLOT	0.412	0
P368504	3	BARE	-	1(N01)	PERSON	0.817	PERSON	0.657	1
P368505	0	NAME	|M305+M157|	2(N01)	PERSON	0.325	PERSON	0.262	0
P368505	1	BARE	-	1(N14)	ALLOT	0.413	ALLOT	0.385	0
P368506	0	BARE	-	1(N34) 3(N14) 4(N01)	ALLOT	0.878	ALLOT	0.800	1
P368506	1	BARE	-	1(N24)	ALLOT	0.683	ALLOT	0.746	1
P368506	3	BARE	-	2(N14) 3(N01)	ALLOT	0.832	ALLOT	0.759	1
P368506	4	BARE	-	5(N14)	ALLOT	0.878	ALLOT	0.740	1
P368506	6	NAME	M391	2(N01)	ALLOT	0.758	ALLOT	0.787	1
P368507	0	NAME	|M377+M320+M377| M391	1(N02)	ALLOT	0.530	ALLOT	0.901	1
P368507	7	BARE	-	1(N14) 1(N01)	ALLOT	0.763	ALLOT	0.797	1
P368507	8	BARE	-	2(N14)	ALLOT	0.850	ALLOT	0.825	1
P368508	0	BARE	-	6(N01)	MEASURED	0.301	ALLOT	0.418	0
P368509	0	BARE	-	6(N14) 3(N01)	ALLOT	0.359	MEASURED	0.312	0
P368509	1	BARE	-	3(N39B) 1(N30C) 1(N30D)	MEASURED	0.797	MEASURED	0.339	0
P368510	0	BARE	-	3(N01)	ALLOT	0.450	ALLOT	0.413	0
P368512	0	IN	M057 |M036+1(N14)|	3(N01@b)	PERSON	0.336	PERSON	0.299	0
P368512	1	BARE	-	1(N01)	COUNTED	0.421	MEASURED	0.331	0
P368512	2	NAME	M387 |M036+1(N14)|	4(N01@b)	PERSON	0.511	PERSON	0.383	0
P368512	3	BARE	-	2(N30C)	MEASURED	0.803	MEASURED	0.330	0
P368512	4	NAME	M157 |M036+1(N14)|	1(N01@b)	PERSON	0.483	PERSON	0.382	0
P368512	5	NAME	M387	2(N14)	PERSON	0.358	PERSON	0.327	0
P368513	0	BARE	-	1(N14)	PERSON	0.598	PERSON	0.701	1
P368514	0	BARE	-	1(N01)	PERSON	0.307	MEASURED	0.308	0
P368514	1	BARE	-	1(N01)	COUNTED	0.371	MEASURED	0.333	0
P368514	2	NAME	M295 M223	1(N01)	PERSON	0.520	PERSON	0.478	0
P368514	3	NAME	M059 M329	1(N01)	PERSON	0.408	PERSON	0.315	0
P368514	4	BARE	-	2(N01)	COUNTED	0.346	MEASURED	0.353	0
P368514	5	BARE	-	2(N01)	PERSON	0.351	MEASURED	0.332	0
P368514	6	BARE	-	1(N01)	PERSON	0.369	MEASURED	0.332	0
P368514	7	NAME	M387 M387	2(N01)	PERSON	0.421	PERSON	0.361	0
P368514	8	IN	M263 M377 M099 M262	1(N01)	PERSON	0.445	COUNTED	0.340	0
P368514	9	NAME	M369	2(N01)	PERSON	0.350	PERSON	0.290	0
P368515	0	BARE	-	1(N01)	PERSON	0.320	MEASURED	0.313	0
P368515	1	BARE	-	1(N01)	COUNTED	0.335	ALLOT	0.338	0
P368516	0	BARE	-	1(N30C)	MEASURED	0.468	PERSON	0.643	1
P368516	1	BARE	-	1(N39B)	PERSON	0.478	PERSON	0.658	1
P368516	2	BARE	-	1(N30C)	MEASURED	0.457	PERSON	0.651	1
P368516	3	BARE	-	1(N39B) 1(N24)	PERSON	0.490	PERSON	0.734	1
P368517	10	BARE	-	2(N30C) 1(N30C@b)	MEASURED	0.881	MEASURED	0.684	1
P368518	0	BARE	-	2(N01)	PERSON	0.277	MEASURED	0.307	0
P368518	1	NAME	M038	1(N45) 4(N14)	ALLOT	0.719	ALLOT	0.374	0
P368519	1	BARE	-	2(N01)	ALLOT	0.699	ALLOT	0.769	1
P368520	0	BARE	-	3(N01)	ALLOT	0.644	ALLOT	0.820	1
P368520	1	BARE	-	2(N01)	ALLOT	0.591	ALLOT	0.728	1
P368521	0	BARE	-	1(N14)	ALLOT	0.319	MEASURED	0.295	0
P368521	1	BARE	-	2(N01) 1(N39B)	ALLOT	0.594	ALLOT	0.381	0
P368522	0	BARE	-	3(N34)	ALLOT	0.639	MEASURED	0.320	0
P368522	1	BARE	-	2(N01)	ALLOT	0.292	ALLOT	0.341	0
P368524	1	NAME	M006	1(N01)	COUNTED	0.843	COUNTED	0.742	1
P368524	2	BARE	-	5(N01)	COUNTED	0.847	COUNTED	0.676	1
P368524	3	NAME	M206	1(N01)	COUNTED	0.818	COUNTED	0.722	1
P368524	4	NAME	M153 M001	1(N01)	COUNTED	0.734	COUNTED	0.570	1
P368525	0	BARE	-	2(N30C)	MEASURED	0.783	MEASURED	0.301	0
P368525	1	NAME	|M305+M288| M111	5(N01) 3(N39B)	ALLOT	0.518	ALLOT	0.411	0
P368526	0	BARE	-	2(N34) 4(N14)	ALLOT	0.664	ALLOT	0.407	0
P368527	0	NAME	M343	2(N39B) 2(N30C)	MEASURED	0.665	ALLOT	0.259	0
P368527	1	NAME	M286	1(N30C)	MEASURED	0.701	MEASURED	0.320	0
P368528	2	NAME	M343	1(N30C)	MEASURED	0.905	MEASURED	0.809	1
P368529	0	BARE	-	1(N30C)	MEASURED	0.788	MEASURED	0.297	0
P368529	1	NAME	M387	1(N24)	MEASURED	0.501	PERSON	0.358	0
P368529	2	BARE	-	1(N01)	COUNTED	0.439	MEASURED	0.350	0
P368529	3	BARE	-	2(N39B) 2(N30C)	MEASURED	0.731	MEASURED	0.330	0
P368529	4	BARE	-	1(N30C)	MEASURED	0.780	MEASURED	0.330	0
P368529	5	BARE	-	2(N30C)	MEASURED	0.779	MEASURED	0.364	0
P368530	0	BARE	-	2(N30C) 1(N30D)	MEASURED	0.907	MEASURED	0.807	1
P368530	1	BARE	-	1(N30C)	MEASURED	0.926	MEASURED	0.843	1
P368531	0	BARE	-	1(N24)	MEASURED	0.910	MEASURED	0.834	1
P368531	2	NAME	M286	1(N30C)	MEASURED	0.876	MEASURED	0.774	1
P368531	3	NAME	M387	1(N30C)	MEASURED	0.854	MEASURED	0.729	1
P368532	0	BARE	-	4(N01)	ALLOT	0.336	ALLOT	0.418	0
P368533	0	BARE	-	3(N39B) 1(N24)	MEASURED	0.623	ALLOT	0.418	0
P368534	0	BARE	-	2(N30C)	MEASURED	0.794	MEASURED	0.296	0
P368534	1	NAME	M343	2(N39B)	MEASURED	0.519	PERSON	0.355	0
P368534	2	BARE	-	1(N30C)	MEASURED	0.781	MEASURED	0.330	0
P368534	3	BARE	-	1(N24) 1(N30C)	MEASURED	0.720	MEASURED	0.363	0
P368535	0	BARE	-	1(N45) 1(N14) 4(N01)	ALLOT	0.819	ALLOT	0.791	1
P368535	1	BARE	-	1(N08A)	FRACLINE	0.370	ALLOT	0.747	1
P368538	0	BARE	-	1(N30D)	MEASURED	0.903	MEASURED	0.838	1
P368541	1	NAME	M354	3(N39B)	MEASURED	0.897	MEASURED	0.840	1
P368542	0	BARE	-	2(N45) 5(N14)	ALLOT	0.632	MEASURED	0.320	0
P368542	1	BARE	-	1(N14) 2(N01)	ALLOT	0.395	ALLOT	0.341	0
P368543	0	BARE	-	1(N01)	COUNTED	0.341	MEASURED	0.297	0
P368543	1	NAME	M136	6(N01)	COUNTED	0.404	PERSON	0.368	0
P368543	2	BARE	-	2(N01)	COUNTED	0.289	MEASURED	0.338	0
P368544	0	BARE	-	1(N34) 2(N45)	ALLOT	0.640	MEASURED	0.298	0
P368544	1	BARE	-	1(N01)	PERSON	0.393	MEASURED	0.340	0
P368544	2	NAME	M391	3(N01)	COUNTED	0.355	COUNTED	0.336	0
P368544	3	BARE	-	1(N45) 4(N14)	ALLOT	0.614	MEASURED	0.368	0
P368545	0	BARE	-	8(N01)	PERSON	0.268	MEASURED	0.296	0
P368545	1	BARE	-	6(N01)	COUNTED	0.345	MEASURED	0.343	0
P368545	2	BARE	-	4(N01)	PERSON	0.323	MEASURED	0.323	0
P368545	3	NAME	M343	1(N14) 5(N01)	PERSON	0.339	PERSON	0.310	0
P368546	0	NAME	M348	1(N14)	COUNTED	0.611	COUNTED	0.814	1
P368546	2	NAME	M348	2(N01)	COUNTED	0.850	COUNTED	0.787	1
P368547	0	BARE	-	1(N14)	ALLOT	0.870	ALLOT	0.827	1
P368548	0	BARE	-	2(N01)	PERSON	0.450	PERSON	0.459	1
P368549	0	BARE	-	5(N01)	MEASURED	0.270	MEASURED	0.307	0
P368549	1	NAME	M136	4(N01)	PERSON	0.336	ALLOT	0.292	0
P368550	0	BARE	-	2(N01) 2(N39B)	ALLOT	0.503	MEASURED	0.320	0
P368550	1	BARE	-	2(N39B)	MEASURED	0.633	MEASURED	0.350	0
P368551	0	BARE	-	2(N14)	ALLOT	0.348	MEASURED	0.318	0
P368551	1	BARE	-	5(N14) 1(N01)	ALLOT	0.438	MEASURED	0.356	0
P368552	1	BARE	-	2(N39B)	MEASURED	0.857	MEASURED	0.814	1
P368552	2	NAME	M001	2(N39B)	MEASURED	0.822	MEASURED	0.684	1
P368553	0	NAME	M096	4(N14) 1(N01)	ALLOT	0.407	ALLOT	0.436	0
P368553	1	NAME	M390	4(N01) 2(N39B)	MEASURED	0.353	PERSON	0.617	0
P368553	2	NAME	M347	1(N14) 2(N01)	ALLOT	0.355	PERSON	0.482	0
P368557	0	BARE	-	6(N01) 1(N08A)	FRACLINE	0.496	ALLOT	0.418	0
P368558	0	NAME	|M175+M203|	1(N14)	ALLOT	0.391	PERSON	0.275	0
P368558	1	NAME	|M153+M342|	1(N14)	PERSON	0.385	PERSON	0.373	0
P368558	2	NAME	M153	3(N14)	PERSON	0.538	PERSON	0.485	0
P368558	3	IN	M128 M096 M328	1(N14)	PERSON	0.364	PERSON	0.340	0
P368558	4	BARE	-	1(N14)	PERSON	0.333	MEASURED	0.326	0
P368558	5	NAME	|M175+M203|	1(N14)	PERSON	0.368	PERSON	0.327	0
P368560	0	BARE	-	1(N39B) 1(N24)	MEASURED	0.608	ALLOT	0.409	0
P368564	0	NAME	M269	1(N01)	PERSON	0.324	ALLOT	0.410	0
P368565	0	BARE	-	5(N14)	ALLOT	0.383	MEASURED	0.312	0
P368565	1	BARE	-	2(N01)	MEASURED	0.301	MEASURED	0.359	0
P368566	0	BARE	-	1(N30D) 1(N39C)	ALLOT	0.684	ALLOT	0.809	1
P368566	2	BARE	-	4(N14) 3(N01) 1(N39B) 1(N24) 1(N30C) 1(N30D) 1(N39C)	ALLOT	0.848	ALLOT	0.775	1
P368566	3	BARE	-	1(N14)	ALLOT	0.689	ALLOT	0.755	1
P368566	4	BARE	-	1(N30D)	ALLOT	0.490	ALLOT	0.777	1
P368568	0	BARE	-	6(N14)	ALLOT	0.433	MEASURED	0.284	0
P368568	1	NAME	|M218+M288|	1(N01)	PERSON	0.525	PERSON	0.512	0
P368568	2	BARE	-	1(N14)	PERSON	0.319	PERSON	0.327	0
P368568	3	NAME	M343	1(N34)	ALLOT	0.473	PERSON	0.328	0
P368570	0	BARE	-	1(N14) 3(N01)	ALLOT	0.432	ALLOT	0.413	0
P368572	0	BARE	-	1(N14)	ALLOT	0.315	MEASURED	0.299	0
P368572	1	NAME	M387	1(N01)	COUNTED	0.408	PERSON	0.349	0
P368572	2	BARE	-	1(N24)	MEASURED	0.559	ALLOT	0.329	0
P368574	3	BARE	-	1(N01)	MEASURED	0.427	MEASURED	0.717	1
P368575	0	BARE	-	2(N01)	MEASURED	0.341	ALLOT	0.402	0
P368576	0	BARE	-	1(N01)	MEASURED	0.292	ALLOT	0.419	0
P368577	0	BARE	-	3(N39B)	ALLOT	0.455	ALLOT	0.490	1
P368577	1	NAME	M219	1(N39B)	PERSON	0.585	PERSON	0.725	1
P368578	0	NAME	M061	2(N34)	ALLOT	0.692	ALLOT	0.307	0
P368579	0	BARE	-	3(N01@b)	MEASURED	0.403	ALLOT	0.474	0
P368580	0	BARE	-	1(N30C)	MEASURED	0.809	MEASURED	0.351	0
P368580	1	BARE	-	1(N24) 1(N30D)	MEASURED	0.661	ALLOT	0.431	0
P368581	1	BARE	-	2(N01)	FRACLINE	0.589	FRACLINE	0.802	1
P368582	0	BARE	-	2(N01)	MEASURED	0.276	MEASURED	0.318	0
P368582	1	BARE	-	3(N01)	ALLOT	0.304	MEASURED	0.356	0
P368584	0	BARE	-	2(N01)	MEASURED	0.328	ALLOT	0.419	0
P368585	0	BARE	-	2(N14)	ALLOT	0.461	ALLOT	0.415	0
P368587	0	BARE	-	1(N34) 2(N14)	ALLOT	0.507	MEASURED	0.313	0
P368587	1	BARE	-	2(N14)	ALLOT	0.452	MEASURED	0.339	0
P368588	0	BARE	-	5(N01)	COUNTED	0.842	COUNTED	0.703	1
P368588	1	BARE	-	1(N14)	COUNTED	0.632	COUNTED	0.705	1
P368589	0	BARE	-	1(N14)	ALLOT	0.298	MEASURED	0.301	0
P368589	1	BARE	-	1(N14)	PERSON	0.325	MEASURED	0.349	0
P368589	2	BARE	-	1(N14)	PERSON	0.316	MEASURED	0.329	0
P368589	3	BARE	-	1(N14)	ALLOT	0.287	MEASURED	0.348	0
P368590	0	BARE	-	2(N14)	MEASURED	0.602	MEASURED	0.825	1
P368590	2	BARE	-	7(N01)	MEASURED	0.525	MEASURED	0.816	1
P368590	3	NAME	M099	1(N14) 1(N01)	MEASURED	0.367	MEASURED	0.634	1
P368590	4	BARE	-	3(N14) 2(N01)	MEASURED	0.452	MEASURED	0.772	1
P368590	5	BARE	-	3(N14) 5(N01)	MEASURED	0.434	MEASURED	0.772	1
P368590	6	BARE	-	3(N14) 1(N01)	MEASURED	0.425	MEASURED	0.773	1
P368590	7	BARE	-	4(N01)	MEASURED	0.564	MEASURED	0.778	1
P368591	0	BARE	-	5(N01)	MEASURED	0.270	MEASURED	0.313	0
P368591	1	BARE	-	2(N14) 1(N01)	ALLOT	0.432	ALLOT	0.346	0
P368593	1	BARE	-	1(N14)	ALLOT	0.827	ALLOT	0.851	1
P368594	0	NAME	M262	4(N01)	PERSON	0.378	PERSON	0.307	0
P368594	1	BARE	-	1(N14)	PERSON	0.343	MEASURED	0.349	0
P368594	2	BARE	-	1(N01)	COUNTED	0.377	MEASURED	0.342	0
P368597	1	BARE	-	2(N14)	MEASURED	0.607	MEASURED	0.859	1
P368598	1	BARE	-	1(N14)	PERSON	0.625	PERSON	0.643	1
P368599	0	BARE	-	1(N01)	PERSON	0.369	MEASURED	0.296	0
P368599	1	BARE	-	3(N01)	PERSON	0.321	MEASURED	0.341	0
P368599	2	BARE	-	3(N01)	ALLOT	0.271	ALLOT	0.325	0
P368601	1	BARE	-	2(N30C)	PERSON	0.568	PERSON	0.810	1
P368601	3	BARE	-	1(N30C)	PERSON	0.534	PERSON	0.707	1
P368601	4	BARE	-	2(N30C) 1(N30D)	MEASURED	0.497	PERSON	0.639	1
P368601	5	BARE	-	1(N30C) 1(N30D)	PERSON	0.474	PERSON	0.727	1
P368602	0	BARE	-	5(N01)	PERSON	0.671	PERSON	0.690	1
P368602	2	BARE	-	1(N14)	PERSON	0.649	PERSON	0.650	1
P368604	1	NAME	M136 |M157+X|	3(N14) 1(N01) 1(N39B)	PERSON	0.590	PERSON	0.853	1
P368604	2	BARE	-	1(N01)	PERSON	0.664	PERSON	0.656	1
P368604	3	NAME	M009	2(N14) 2(N01) 1(N39B)	PERSON	0.636	PERSON	0.847	1
P368604	4	BARE	-	2(N30C)	MEASURED	0.525	PERSON	0.587	1
P368605	0	BARE	-	2(N51)	MEASURED	0.346	ALLOT	0.413	0
P368606	0	BARE	-	1(N01)	MEASURED	0.279	ALLOT	0.418	0
P393081	0	BARE	-	1(N01)	COUNTED	0.325	COUNTED	0.256	0
P393081	1	NAME	M383	1(N01)	PERSON	0.478	PERSON	0.430	0
P393081	2	BARE	-	1(N01)	COUNTED	0.452	ALLOT	0.304	0
P393084	0	BARE	-	1(N01)	COUNTED	0.867	COUNTED	0.798	1
P393084	1	NAME	M157 M317+MXXX	1(N01)	COUNTED	0.849	COUNTED	0.783	1
P393084	2	NAME	MXXX	1(N01)	COUNTED	0.844	COUNTED	0.752	1
P393085	0	BARE	-	2(N34)	ALLOT	0.589	COUNTED	0.257	0
P393085	1	BARE	-	1(N14)	ALLOT	0.362	ALLOT	0.309	0
P393086	0	BARE	-	3(N14)	ALLOT	0.535	ALLOT	0.406	0
P393087	0	BARE	-	5(N01)	COUNTED	0.257	COUNTED	0.257	0
P393087	1	BARE	-	3(N01)	ALLOT	0.299	ALLOT	0.309	0
P393089	0	BARE	-	3(N14)	ALLOT	0.513	ALLOT	0.383	0
P498539	3	NAME	|M218+M320|	1(N01) 3(N39B)	PERSON	0.421	PERSON	0.575	1
P498539	4	NAME	|M218+M288|	1(N39B)	PERSON	0.547	PERSON	0.681	1
P498539	6	BARE	-	2(N39B)	MEASURED	0.509	PERSON	0.388	1
P498539	7	NAME	M242 |M218+X|	2(N39B)	PERSON	0.494	PERSON	0.516	1
P498539	8	BARE	-	2(N39B)	MEASURED	0.629	MEASURED	0.393	1
P498539	9	NAME	M206	2(N39B)	MEASURED	0.447	PERSON	0.407	1
P498539	10	BARE	-	1(N01)	PERSON	0.497	MEASURED	0.447	1
P498539	12	BARE	-	1(N14) 2(N01) 1(N39B)	MEASURED	0.539	MEASURED	0.476	1
P498539	13	BARE	-	1(N39B)	MEASURED	0.673	MEASURED	0.444	1
