row_id,text_no,site_code,site,source,object_code,object_type,side,line,direction_code,direction,fs80,fs_category,fs_description,level,locus,n_signs,signs_reading_order,signs_clean,doubtful_positions
0,1001,MD,Mohenjodaro,MIC vol III,1,seal,0,1,1,right-to-left,351,Animals,Uncertain animal (mostly bovine) to R.,-3,17,5,0 67 72 8 342,0 67 72 8 342,
1,1001,MD,Mohenjodaro,MIC vol III,1,seal,0,2,3,single sign,351,Animals,Uncertain animal (mostly bovine) to R.,-3,17,1,393,393,
2,1002,MD,Mohenjodaro,MIC vol III,1,seal,0,0,1,right-to-left,13,Animals,Unicorn to R. facing cult object.,-4,28,3,*373 244 0,373 244 0,1
3,1003,MD,Mohenjodaro,MIC vol III,1,seal,0,0,1,right-to-left,13,Animals,Unicorn to R. facing cult object.,-2,20,9,*086 55 267 99 121 72 336 89 211,86 55 267 99 121 72 336 89 211,1
4,1004,MD,Mohenjodaro,MIC vol III,1,seal,0,0,1,right-to-left,13,Animals,Unicorn to R. facing cult object.,-3,16,7,59 127 245 343 75 245 245,59 127 245 343 75 245 245,
5,1005,MD,Mohenjodaro,MIC vol III,1,seal,0,0,1,right-to-left,13,Animals,Unicorn to R. facing cult object.,-7,17,2,296 342,296 342,
6,1006,MD,Mohenjodaro,MIC vol III,1,seal,0,0,1,right-to-left,11,Animals,Unicorn to R. No cult object in front.,-2,16,11,233 81 99 389 65 336 89 87 155 124 169,233 81 99 389 65 336 89 87 155 124 169,
7,1007,MD,Mohenjodaro,MIC vol III,1,seal,0,0,1,right-to-left,13,Animals,Unicorn to R. facing cult object.,-3,17,2,*109 162,109 162,1
8,1008,MD,Mohenjodaro,MIC vol III,1,seal,0,0,1,right-to-left,13,Animals,Unicorn to R. facing cult object.,-3,16,8,76 402 87 59 67 336 89 211,76 402 87 59 67 336 89 211,
9,1010,MD,Mohenjodaro,MIC vol III,1,seal,0,0,1,right-to-left,13,Animals,Unicorn to R. facing cult object.,-3,17,6,391 99 48 171 8 342,391 99 48 171 8 342,
10,1011,MD,Mohenjodaro,MIC vol III,1,seal,0,0,1,right-to-left,13,Animals,Unicorn to R. facing cult object.,-5,25,9,267 99 67 296 9 342 17 407 169,267 99 67 296 9 342 17 407 169,
11,1012,MD,Mohenjodaro,MIC vol III,1,seal,0,1,1,right-to-left,13,Animals,Unicorn to R. facing cult object.,-2,25,10,150 123 51 130 149 342 150 123 387 342,150 123 51 130 149 342 150 123 387 342,
12,1012,MD,Mohenjodaro,MIC vol III,1,seal,0,2,1,right-to-left,13,Animals,Unicorn to R. facing cult object.,-2,25,3,28 400 404,28 400 404,
13,1013,MD,Mohenjodaro,MIC vol III,1,seal,0,0,1,right-to-left,13,Animals,Unicorn to R. facing cult object.,-3,16,4,51 130 149 342,51 130 149 342,
14,1014,MD,Mohenjodaro,MIC vol III,1,seal,0,0,1,right-to-left,11,Animals,Unicorn to R. No cult object in front.,-3,25,7,267 99 87 59 67 194 342,267 99 87 59 67 194 342,
15,1015,MD,Mohenjodaro,MIC vol III,1,seal,0,0,1,right-to-left,13,Animals,Unicorn to R. facing cult object.,-2,20,3,197 28 54,197 28 54,
16,1016,MD,Mohenjodaro,MIC vol III,1,seal,0,1,1,right-to-left,13,Animals,Unicorn to R. facing cult object.,-3,20,6,245 245 345 65 158 *169,245 245 345 65 158 169,6
17,1016,MD,Mohenjodaro,MIC vol III,1,seal,0,2,3,single sign,13,Animals,Unicorn to R. facing cult object.,-3,20,1,393,393,
18,1017,MD,Mohenjodaro,MIC vol III,1,seal,0,0,1,right-to-left,13,Animals,Unicorn to R. facing cult object.,-3,17,8,221 127 345 53 171 59 *397 0,221 127 345 53 171 59 397 0,7
19,1018,MD,Mohenjodaro,MIC vol III,1,seal,1,0,3,single sign,0,No field symbol,No Field Symbol,-2,17,1,336,336,
20,1018,MD,Mohenjodaro,MIC vol III,1,seal,2,0,1,right-to-left,13,Animals,Unicorn to R. facing cult object.,-2,17,4,17 336 189 252,17 336 189 252,
21,1019,MD,Mohenjodaro,MIC vol III,1,seal,0,0,1,right-to-left,13,Animals,Unicorn to R. facing cult object.,-5,20,5,267 99 104 59 211,267 99 104 59 211,
22,1020,MD,Mohenjodaro,MIC vol III,1,seal,0,0,1,right-to-left,11,Animals,Unicorn to R. No cult object in front.,-5,5,8,175 230 343 336 0 194 48 342,175 230 343 336 0 194 48 342,
23,1021,MD,Mohenjodaro,MIC vol III,1,seal,0,0,1,right-to-left,13,Animals,Unicorn to R. facing cult object.,-4,22,9,293 123 345 65 67 51 130 149 342,293 123 345 65 67 51 130 149 342,
24,1022,MD,Mohenjodaro,MIC vol III,1,seal,0,0,1,right-to-left,13,Animals,Unicorn to R. facing cult object.,0,15,5,267 99 204 367 342,267 99 204 367 342,
25,1023,MD,Mohenjodaro,MIC vol III,1,seal,0,0,1,right-to-left,13,Animals,Unicorn to R. facing cult object.,-9,17,8,*267 *099 53 87 59 48 294 342,267 99 53 87 59 48 294 342,1 2
26,1024,MD,Mohenjodaro,MIC vol III,1,seal,0,0,1,right-to-left,13,Animals,Unicorn to R. facing cult object.,-6,20,7,293 123 343 72 65 8 342,293 123 343 72 65 8 342,
27,1025,MD,Mohenjodaro,MIC vol III,1,seal,0,0,1,right-to-left,13,Animals,Unicorn to R. facing cult object.,-2,25,2,112 169,112 169,
28,1026,MD,Mohenjodaro,MIC vol III,1,seal,0,0,1,right-to-left,11,Animals,Unicorn to R. No cult object in front.,-9,4,7,87 197 87 99 336 347 342,87 197 87 99 336 347 342,
29,1027,MD,Mohenjodaro,MIC vol III,1,seal,0,0,1,right-to-left,11,Animals,Unicorn to R. No cult object in front.,-5,20,8,0 *216 *123 51 130 342 48 342,0 216 123 51 130 342 48 342,2 3
30,1028,MD,Mohenjodaro,MIC vol III,1,seal,0,0,1,right-to-left,11,Animals,Unicorn to R. No cult object in front.,-4,24,6,86 381 99 48 8 342,86 381 99 48 8 342,
31,1029,MD,Mohenjodaro,MIC vol III,1,seal,0,0,1,right-to-left,13,Animals,Unicorn to R. facing cult object.,-5,17,5,293 123 344 102 402,293 123 344 102 402,
32,1030,MD,Mohenjodaro,MIC vol III,1,seal,0,0,1,right-to-left,13,Animals,Unicorn to R. facing cult object.,0,16,6,336 89 211 97 86 15,336 89 211 97 86 15,
33,1031,MD,Mohenjodaro,MIC vol III,1,seal,0,0,1,right-to-left,11,Animals,Unicorn to R. No cult object in front.,-5,17,5,*238 267 99 104 169,238 267 99 104 169,1
34,1032,MD,Mohenjodaro,MIC vol III,1,seal,0,0,1,right-to-left,13,Animals,Unicorn to R. facing cult object.,-5,17,7,267 99 153 153 171 59 211,267 99 153 153 171 59 211,
35,1033,MD,Mohenjodaro,MIC vol III,1,seal,0,0,1,right-to-left,13,Animals,Unicorn to R. facing cult object.,-7,16,7,223 149 180 99 72 219 342,223 149 180 99 72 219 342,
36,1034,MD,Mohenjodaro,MIC vol III,1,seal,0,0,1,right-to-left,11,Animals,Unicorn to R. No cult object in front.,-3,25,3,0 244 342,0 244 342,
37,1035,MD,Mohenjodaro,MIC vol III,1,seal,0,0,1,right-to-left,13,Animals,Unicorn to R. facing cult object.,-5,18,5,219 381 99 109 162,219 381 99 109 162,
38,1036,MD,Mohenjodaro,MIC vol III,1,seal,0,0,1,right-to-left,13,Animals,Unicorn to R. facing cult object.,-6,29,5,76 402 68 287 267,76 402 68 287 267,
39,1037,MD,Mohenjodaro,MIC vol III,1,seal,0,0,1,right-to-left,13,Animals,Unicorn to R. facing cult object.,-1,25,4,409 96 19 391,409 96 19 391,
40,1038,MD,Mohenjodaro,MIC vol III,1,seal,0,0,1,right-to-left,13,Animals,Unicorn to R. facing cult object.,-3,20,3,244 17 336,244 17 336,
41,1039,MD,Mohenjodaro,MIC vol III,1,seal,0,0,1,right-to-left,13,Animals,Unicorn to R. facing cult object.,-2,20,6,267 99 100 155 *102 0,267 99 100 155 102 0,5
42,1040,MD,Mohenjodaro,MIC vol III,1,seal,0,0,1,right-to-left,13,Animals,Unicorn to R. facing cult object.,-4,26,4,65 249 169 342,65 249 169 342,
43,1041,MD,Mohenjodaro,MIC vol III,1,seal,0,0,1,right-to-left,13,Animals,Unicorn to R. facing cult object.,-4,20,6,293 123 343 102 59 211,293 123 343 102 59 211,
44,1042,MD,Mohenjodaro,MIC vol III,1,seal,0,0,1,right-to-left,13,Animals,Unicorn to R. facing cult object.,-2,17,7,34 99 72 325 296 87 342,34 99 72 325 296 87 342,
45,1043,MD,Mohenjodaro,MIC vol III,1,seal,0,0,1,right-to-left,13,Animals,Unicorn to R. facing cult object.,-5,25,3,27 297 12,27 297 12,
46,1044,MD,Mohenjodaro,MIC vol III,1,seal,0,0,1,right-to-left,13,Animals,Unicorn to R. facing cult object.,-2,24,3,65 53 342,65 53 342,
47,1045,MD,Mohenjodaro,MIC vol III,1,seal,0,0,1,right-to-left,13,Animals,Unicorn to R. facing cult object.,-3,25,2,387 14,387 14,
48,1046,MD,Mohenjodaro,MIC vol III,1,seal,0,0,1,right-to-left,13,Animals,Unicorn to R. facing cult object.,-4,24,3,311 211 176,311 211 176,
49,1047,MD,Mohenjodaro,MIC vol III,1,seal,0,0,1,right-to-left,13,Animals,Unicorn to R. facing cult object.,-6,22,10,54 237 175 180 99 87 59 67 216 0,54 237 175 180 99 87 59 67 216 0,
50,1048,MD,Mohenjodaro,MIC vol III,1,seal,0,0,1,right-to-left,13,Animals,Unicorn to R. facing cult object.,-3,18,5,150 162 100 87 60,150 162 100 87 60,
51,1049,MD,Mohenjodaro,MIC vol III,1,seal,0,0,1,right-to-left,13,Animals,Unicorn to R. facing cult object.,-2,25,10,387 206 252 99 67 375 51 155 347 342,387 206 252 99 67 375 51 155 347 342,
52,1050,MD,Mohenjodaro,MIC vol III,1,seal,0,0,1,right-to-left,13,Animals,Unicorn to R. facing cult object.,-6,17,7,409 96 19 99 171 8 342,409 96 19 99 171 8 342,
53,1051,MD,Mohenjodaro,MIC vol III,1,seal,0,0,1,right-to-left,13,Animals,Unicorn to R. facing cult object.,-6,17,5,106 178 254 99 163,106 178 254 99 163,
54,1052,MD,Mohenjodaro,MIC vol III,1,seal,0,1,1,right-to-left,13,Animals,Unicorn to R. facing cult object.,-3,17,7,175 *181 400 99 65 249 162,175 181 400 99 65 249 162,2
55,1052,MD,Mohenjodaro,MIC vol III,1,seal,0,2,3,single sign,13,Animals,Unicorn to R. facing cult object.,-3,17,1,342,342,
56,1053,MD,Mohenjodaro,MIC vol III,1,seal,0,0,1,right-to-left,13,Animals,Unicorn to R. facing cult object.,-3,16,4,67 72 342 139,67 72 342 139,
57,1054,MD,Mohenjodaro,MIC vol III,1,seal,0,0,1,right-to-left,13,Animals,Unicorn to R. facing cult object.,-5,20,8,253 230 89 89 267 99 106 169,253 230 89 89 267 99 106 169,
58,1055,MD,Mohenjodaro,MIC vol III,1,seal,0,0,1,right-to-left,13,Animals,Unicorn to R. facing cult object.,-5,24,3,86 397 169,86 397 169,
59,1056,MD,Mohenjodaro,MIC vol III,1,seal,0,0,1,right-to-left,13,Animals,Unicorn to R. facing cult object.,0,1,5,249 336 75 245 245,249 336 75 245 245,
60,1057,MD,Mohenjodaro,MIC vol III,1,seal,0,0,1,right-to-left,13,Animals,Unicorn to R. facing cult object.,-9,2,5,267 99 65 342 *139,267 99 65 342 139,5
61,1058,MD,Mohenjodaro,MIC vol III,1,seal,0,0,1,right-to-left,13,Animals,Unicorn to R. facing cult object.,-8,18,7,400 396 169 99 48 193 342,400 396 169 99 48 193 342,
62,1059,MD,Mohenjodaro,MIC vol III,1,seal,0,0,1,right-to-left,13,Animals,Unicorn to R. facing cult object.,-7,27,4,284 99 *009 0,284 99 9 0,3
63,1060,MD,Mohenjodaro,MIC vol III,1,seal,0,0,1,right-to-left,13,Animals,Unicorn to R. facing cult object.,-3,25,7,54 28 162 100 65 347 342,54 28 162 100 65 347 342,
64,1061,MD,Mohenjodaro,MIC vol III,1,seal,0,0,1,right-to-left,13,Animals,Unicorn to R. facing cult object.,-11,16,4,391 98 336 162,391 98 336 162,
65,1065,MD,Mohenjodaro,MIC vol III,1,seal,0,0,1,right-to-left,13,Animals,Unicorn to R. facing cult object.,-4,18,9,87 28 257 99 67 70 336 89 211,87 28 257 99 67 70 336 89 211,
66,1066,MD,Mohenjodaro,MIC vol III,1,seal,0,0,1,right-to-left,13,Animals,Unicorn to R. facing cult object.,-4,20,9,210 86 99 389 60 204 108 358 342,210 86 99 389 60 204 108 358 342,
67,1067,MD,Mohenjodaro,MIC vol III,1,seal,0,0,1,right-to-left,13,Animals,Unicorn to R. facing cult object.,-10,16,5,397 51 267 402 98,397 51 267 402 98,
68,1068,MD,Mohenjodaro,MIC vol III,1,seal,0,0,1,right-to-left,13,Animals,Unicorn to R. facing cult object.,-1,26,5,171 59 336 89 211,171 59 336 89 211,
69,1069,MD,Mohenjodaro,MIC vol III,1,seal,0,0,1,right-to-left,13,Animals,Unicorn to R. facing cult object.,-3,16,3,28 180 402,28 180 402,
70,1070,MD,Mohenjodaro,MIC vol III,1,seal,0,0,1,right-to-left,13,Animals,Unicorn to R. facing cult object.,-5,22,3,345 28 176,345 28 176,
71,1071,MD,Mohenjodaro,MIC vol III,1,seal,0,0,1,right-to-left,13,Animals,Unicorn to R. facing cult object.,0,1,6,261 371 59 97 114 169,261 371 59 97 114 169,
72,1072,MD,Mohenjodaro,MIC vol III,1,seal,0,0,1,right-to-left,13,Animals,Unicorn to R. facing cult object.,-2,25,5,215 298 9 342 1,215 298 9 342 1,
73,1073,MD,Mohenjodaro,MIC vol III,1,seal,0,0,9,no text,13,Animals,Unicorn to R. facing cult object.,-3,25,2,*104 0,104 0,1
74,1074,MD,Mohenjodaro,MIC vol III,1,seal,0,0,1,right-to-left,13,Animals,Unicorn to R. facing cult object.,-5,24,4,391 99 289 342,391 99 289 342,
75,1075,MD,Mohenjodaro,MIC vol III,1,seal,0,0,1,right-to-left,13,Animals,Unicorn to R. facing cult object.,-7,24,3,72 327 254,72 327 254,
76,1076,MD,Mohenjodaro,MIC vol III,1,seal,0,0,1,right-to-left,13,Animals,Unicorn to R. facing cult object.,-4,24,4,391 99 104 162,391 99 104 162,
77,1077,MD,Mohenjodaro,MIC vol III,1,seal,0,0,1,right-to-left,13,Animals,Unicorn to R. facing cult object.,-7,25,9,89 381 307 81 99 *067 403 87 342,89 381 307 81 99 67 403 87 342,6
78,1078,MD,Mohenjodaro,MIC vol III,1,seal,0,0,1,right-to-left,13,Animals,Unicorn to R. facing cult object.,-6,28,5,267 99 124 25 342,267 99 124 25 342,
79,1079,MD,Mohenjodaro,MIC vol III,1,seal,0,0,1,right-to-left,13,Animals,Unicorn to R. facing cult object.,-3,27,7,391 99 87 59 67 121 14,391 99 87 59 67 121 14,
80,1080,MD,Mohenjodaro,MIC vol III,1,seal,0,0,1,right-to-left,13,Animals,Unicorn to R. facing cult object.,-1,17,6,267 99 387 67 406 162,267 99 387 67 406 162,
81,1081,MD,Mohenjodaro,MIC vol III,1,seal,0,0,1,right-to-left,11,Animals,Unicorn to R. No cult object in front.,-3,24,8,*087 249 162 343 87 59 127 342,87 249 162 343 87 59 127 342,1
82,1082,MD,Mohenjodaro,MIC vol III,1,seal,0,0,1,right-to-left,11,Animals,Unicorn to R. No cult object in front.,-3,18,7,267 99 87 59 296 342 *087,267 99 87 59 296 342 87,7
83,1083,MD,Mohenjodaro,MIC vol III,1,seal,0,0,1,right-to-left,13,Animals,Unicorn to R. facing cult object.,-1,25,3,54 54 342,54 54 342,
84,1084,MD,Mohenjodaro,MIC vol III,1,seal,0,0,1,right-to-left,13,Animals,Unicorn to R. facing cult object.,-12,4,4,1 1 379 194,1 1 379 194,
85,1085,MD,Mohenjodaro,MIC vol III,1,seal,0,0,1,right-to-left,13,Animals,Unicorn to R. facing cult object.,-1,20,3,267 99 0,267 99 0,
86,1086,MD,Mohenjodaro,MIC vol III,1,seal,0,0,1,right-to-left,13,Animals,Unicorn to R. facing cult object.,-2,18,4,267 99 124 342,267 99 124 342,
87,1087,MD,Mohenjodaro,MIC vol III,1,seal,0,0,1,right-to-left,13,Animals,Unicorn to R. facing cult object.,-6,24,13,87 244 28 162 99 65 67 87 59 51 130 149 342,87 244 28 162 99 65 67 87 59 51 130 149 342,
88,1088,MD,Mohenjodaro,MIC vol III,1,seal,0,0,1,right-to-left,13,Animals,Unicorn to R. facing cult object.,-1,22,6,391 99 387 67 59 211,391 99 387 67 59 211,
89,1089,MD,Mohenjodaro,MIC vol III,1,seal,0,0,1,right-to-left,13,Animals,Unicorn to R. facing cult object.,-4,22,5,0 *059 192 347 342,0 59 192 347 342,2
90,1090,MD,Mohenjodaro,MIC vol III,1,seal,0,0,1,right-to-left,13,Animals,Unicorn to R. facing cult object.,-2,20,5,197 336 342 205 *060,197 336 342 205 60,5
91,1091,MD,Mohenjodaro,MIC vol III,1,seal,0,0,1,right-to-left,17,Animals,Unicorn (with solar symbol on neck) to R. facing cult object.,-6,24,4,267 99 102 162,267 99 102 162,
92,1092,MD,Mohenjodaro,MIC vol III,1,seal,0,0,1,right-to-left,13,Animals,Unicorn to R. facing cult object.,-3,17,6,28 162 343 106 287 342,28 162 343 106 287 342,
93,1093,MD,Mohenjodaro,MIC vol III,1,seal,0,1,3,single sign,11,Animals,Unicorn to R. No cult object in front.,0,1,1,67,67,
94,1093,MD,Mohenjodaro,MIC vol III,1,seal,0,2,5,doubtful,11,Animals,Unicorn to R. No cult object in front.,0,1,3,342 82 342,342 82 342,
95,1093,MD,Mohenjodaro,MIC vol III,1,seal,0,3,1,right-to-left,11,Animals,Unicorn to R. No cult object in front.,0,1,2,347 342,347 342,
96,1094,MD,Mohenjodaro,MIC vol III,1,seal,0,0,1,right-to-left,13,Animals,Unicorn to R. facing cult object.,-8,24,7,267 99 171 59 336 89 211,267 99 171 59 336 89 211,
97,1095,MD,Mohenjodaro,MIC vol III,1,seal,0,0,1,right-to-left,13,Animals,Unicorn to R. facing cult object.,-1,25,5,150 123 70 389 342,150 123 70 389 342,
98,1096,MD,Mohenjodaro,MIC vol III,1,seal,0,0,1,right-to-left,13,Animals,Unicorn to R. facing cult object.,0,18,5,267 99 67 216 254,267 99 67 216 254,
99,1097,MD,Mohenjodaro,MIC vol III,1,seal,0,0,1,right-to-left,13,Animals,Unicorn to R. facing cult object.,-2,17,6,*086 267 99 67 348 342,86 267 99 67 348 342,1
100,1098,MD,Mohenjodaro,MIC vol III,1,seal,0,0,1,right-to-left,13,Animals,Unicorn to R. facing cult object.,-3,28,5,267 99 65 347 342,267 99 65 347 342,
101,1099,MD,Mohenjodaro,MIC vol III,1,seal,0,1,1,right-to-left,13,Animals,Unicorn to R. facing cult object.,-2,20,6,*050 403 343 194 8 342,50 403 343 194 8 342,1
102,1099,MD,Mohenjodaro,MIC vol III,1,seal,0,2,3,single sign,13,Animals,Unicorn to R. facing cult object.,-2,20,1,266,266,
103,1100,MD,Mohenjodaro,MIC vol III,1,seal,0,0,1,right-to-left,13,Animals,Unicorn to R. facing cult object.,-10,3,5,150 123 293 51 342,150 123 293 51 342,
104,1101,MD,Mohenjodaro,MIC vol III,1,seal,0,1,1,right-to-left,13,Animals,Unicorn to R. facing cult object.,-3,24,4,17 51 245 245,17 51 245 245,
105,1101,MD,Mohenjodaro,MIC vol III,1,seal,0,2,2,left-to-right,13,Animals,Unicorn to R. facing cult object.,-3,24,2,186 149,186 149,
106,1102,MD,Mohenjodaro,MIC vol III,1,seal,0,0,1,right-to-left,13,Animals,Unicorn to R. facing cult object.,0,17,2,133 150,133 150,
107,1103,MD,Mohenjodaro,MIC vol III,1,seal,0,0,1,right-to-left,13,Animals,Unicorn to R. facing cult object.,0,16,4,267 402 59 211,267 402 59 211,
108,1104,MD,Mohenjodaro,MIC vol III,1,seal,0,0,1,right-to-left,13,Animals,Unicorn to R. facing cult object.,-5,20,8,267 99 387 72 336 89 348 342,267 99 387 72 336 89 348 342,
109,1105,MD,Mohenjodaro,MIC vol III,1,seal,0,0,1,right-to-left,13,Animals,Unicorn to R. facing cult object.,-6,3,8,391 99 121 389 59 336 89 211,391 99 121 389 59 336 89 211,
110,1106,MD,Mohenjodaro,MIC vol III,1,seal,0,0,1,right-to-left,13,Animals,Unicorn to R. facing cult object.,-3,17,5,150 123 86 343 319,150 123 86 343 319,
111,1107,MD,Mohenjodaro,MIC vol III,1,seal,0,0,1,right-to-left,13,Animals,Unicorn to R. facing cult object.,-7,27,5,47 343 72 53 342,47 343 72 53 342,
112,1108,MD,Mohenjodaro,MIC vol III,1,seal,0,0,1,right-to-left,13,Animals,Unicorn to R. facing cult object.,-6,25,6,293 402 97 67 349 342,293 402 97 67 349 342,
113,1109,MD,Mohenjodaro,MIC vol III,1,seal,0,0,1,right-to-left,13,Animals,Unicorn to R. facing cult object.,-1,28,6,391 97 65 67 342 1,391 97 65 67 342 1,
114,1110,MD,Mohenjodaro,MIC vol III,1,seal,0,0,1,right-to-left,13,Animals,Unicorn to R. facing cult object.,-3,17,8,391 216 53 125 59 391 176 176,391 216 53 125 59 391 176 176,
115,1111,MD,Mohenjodaro,MIC vol III,1,seal,0,0,1,right-to-left,11,Animals,Unicorn to R. No cult object in front.,-6,4,5,0 387 17 261 139,0 387 17 261 139,
116,1112,MD,Mohenjodaro,MIC vol III,1,seal,0,1,1,right-to-left,14,Animals,Unicorn to L. facing cult object.,0,27,4,0 *059 342 1,0 59 342 1,2
117,1112,MD,Mohenjodaro,MIC vol III,1,seal,0,2,1,right-to-left,14,Animals,Unicorn to L. facing cult object.,0,27,3,0 336 *275,0 336 275,3
118,1113,MD,Mohenjodaro,MIC vol III,1,seal,0,0,1,right-to-left,13,Animals,Unicorn to R. facing cult object.,-3,25,6,94 123 124 112 197 342,94 123 124 112 197 342,
119,1114,MD,Mohenjodaro,MIC vol III,1,seal,0,0,1,right-to-left,13,Animals,Unicorn to R. facing cult object.,-6,17,6,391 99 87 59 296 342,391 99 87 59 296 342,
120,1115,MD,Mohenjodaro,MIC vol III,1,seal,0,0,1,right-to-left,13,Animals,Unicorn to R. facing cult object.,-3,28,6,267 99 336 51 342 1,267 99 336 51 342 1,
121,1116,MD,Mohenjodaro,MIC vol III,1,seal,0,0,1,right-to-left,13,Animals,Unicorn to R. facing cult object.,-6,2,5,102 17 8 342 176,102 17 8 342 176,
122,1117,MD,Mohenjodaro,MIC vol III,1,seal,0,0,1,right-to-left,11,Animals,Unicorn to R. No cult object in front.,-7,20,4,173 59 2 12,173 59 2 12,
123,1118,MD,Mohenjodaro,MIC vol III,1,seal,0,0,1,right-to-left,13,Animals,Unicorn to R. facing cult object.,-8,3,4,286 25 176 342,286 25 176 342,
124,1119,MD,Mohenjodaro,MIC vol III,1,seal,0,0,1,right-to-left,13,Animals,Unicorn to R. facing cult object.,-6,20,5,48 342 65 342 224,48 342 65 342 224,
125,1120,MD,Mohenjodaro,MIC vol III,1,seal,0,0,1,right-to-left,13,Animals,Unicorn to R. facing cult object.,0,18,4,87 59 296 342,87 59 296 342,
126,1121,MD,Mohenjodaro,MIC vol III,1,seal,0,0,1,right-to-left,13,Animals,Unicorn to R. facing cult object.,-6,20,5,245 53 99 175 12,245 53 99 175 12,
127,1122,MD,Mohenjodaro,MIC vol III,1,seal,0,0,1,right-to-left,13,Animals,Unicorn to R. facing cult object.,-5,26,5,242 342 98 292 342,242 342 98 292 342,
128,1123,MD,Mohenjodaro,MIC vol III,1,seal,0,0,1,right-to-left,13,Animals,Unicorn to R. facing cult object.,-2,18,3,204 110 342,204 110 342,
129,1125,MD,Mohenjodaro,MIC vol III,1,seal,0,0,1,right-to-left,13,Animals,Unicorn to R. facing cult object.,-5,27,4,48 342 375 60,48 342 375 60,
130,1126,MD,Mohenjodaro,MIC vol III,1,seal,0,0,1,right-to-left,13,Animals,Unicorn to R. facing cult object.,-7,17,6,391 99 387 87 326 342,391 99 387 87 326 342,
131,1127,MD,Mohenjodaro,MIC vol III,1,seal,0,0,1,right-to-left,13,Animals,Unicorn to R. facing cult object.,-2,17,4,267 99 124 12,267 99 124 12,
132,1128,MD,Mohenjodaro,MIC vol III,1,seal,0,0,1,right-to-left,13,Animals,Unicorn to R. facing cult object.,-11,22,3,331 162 402,331 162 402,
133,1129,MD,Mohenjodaro,MIC vol III,1,seal,0,0,1,right-to-left,13,Animals,Unicorn to R. facing cult object.,-1,28,4,215 287 102 15,215 287 102 15,
134,1130,MD,Mohenjodaro,MIC vol III,1,seal,0,0,1,right-to-left,13,Animals,Unicorn to R. facing cult object.,-3,20,6,164 125 59 253 230 342,164 125 59 253 230 342,
135,1131,MD,Mohenjodaro,MIC vol III,1,seal,0,0,1,right-to-left,13,Animals,Unicorn to R. facing cult object.,-5,20,4,267 99 106 162,267 99 106 162,
136,1132,MD,Mohenjodaro,MIC vol III,1,seal,0,0,1,right-to-left,13,Animals,Unicorn to R. facing cult object.,-4,26,3,252 387 15,252 387 15,
137,1133,MD,Mohenjodaro,MIC vol III,1,seal,0,0,1,right-to-left,13,Animals,Unicorn to R. facing cult object.,-4,24,2,104 *162,104 162,2
138,1134,MD,Mohenjodaro,MIC vol III,1,seal,0,0,1,right-to-left,13,Animals,Unicorn to R. facing cult object.,0,28,5,391 123 59 53 342,391 123 59 53 342,
139,1135,MD,Mohenjodaro,MIC vol III,1,seal,0,1,1,right-to-left,13,Animals,Unicorn to R. facing cult object.,0,18,3,75 53 176,75 53 176,
140,1135,MD,Mohenjodaro,MIC vol III,1,seal,0,2,3,single sign,13,Animals,Unicorn to R. facing cult object.,0,18,1,374,374,
141,1136,MD,Mohenjodaro,MIC vol III,1,seal,0,0,1,right-to-left,13,Animals,Unicorn to R. facing cult object.,-4,25,3,216 123 139,216 123 139,
142,1137,MD,Mohenjodaro,MIC vol III,1,seal,0,0,1,right-to-left,351,Animals,Uncertain animal (mostly bovine) to R.,-18,20,4,0 67 8 342,0 67 8 342,
143,1138,MD,Mohenjodaro,MIC vol III,1,seal,0,0,1,right-to-left,11,Animals,Unicorn to R. No cult object in front.,-3,17,3,0 *081 176,0 81 176,2
144,1139,MD,Mohenjodaro,MIC vol III,1,seal,0,1,1,right-to-left,13,Animals,Unicorn to R. facing cult object.,-6,17,7,197 400 99 175 230 53 343,197 400 99 175 230 53 343,
145,1139,MD,Mohenjodaro,MIC vol III,1,seal,0,2,1,right-to-left,13,Animals,Unicorn to R. facing cult object.,-6,17,3,244 342 282,244 342 282,
146,1140,MD,Mohenjodaro,MIC vol III,1,seal,0,0,1,right-to-left,11,Animals,Unicorn to R. No cult object in front.,-7,24,6,293 123 343 136 193 342,293 123 343 136 193 342,
147,1141,MD,Mohenjodaro,MIC vol III,1,seal,0,0,9,no text,13,Animals,Unicorn to R. facing cult object.,-6,16,2,86 0,86 0,
148,1142,MD,Mohenjodaro,MIC vol III,1,seal,0,0,1,right-to-left,13,Animals,Unicorn to R. facing cult object.,-2,24,8,28 336 182 99 387 72 348 342,28 336 182 99 387 72 348 342,
149,1143,MD,Mohenjodaro,MIC vol III,1,seal,0,0,1,right-to-left,11,Animals,Unicorn to R. No cult object in front.,0,18,4,267 99 104 162,267 99 104 162,
150,1144,MD,Mohenjodaro,MIC vol III,1,seal,0,0,1,right-to-left,13,Animals,Unicorn to R. facing cult object.,-6,18,4,0 97 78 267,0 97 78 267,
151,1145,MD,Mohenjodaro,MIC vol III,1,seal,0,0,1,right-to-left,351,Animals,Uncertain animal (mostly bovine) to R.,-3,24,6,293 123 344 336 347 342,293 123 344 336 347 342,
152,1146,MD,Mohenjodaro,MIC vol III,1,seal,0,0,1,right-to-left,13,Animals,Unicorn to R. facing cult object.,-3,28,7,267 99 112 194 403 87 342,267 99 112 194 403 87 342,
153,1147,MD,Mohenjodaro,MIC vol III,1,seal,0,0,1,right-to-left,11,Animals,Unicorn to R. No cult object in front.,-3,25,5,387 66 336 89 211,387 66 336 89 211,
154,1148,MD,Mohenjodaro,MIC vol III,1,seal,0,0,1,right-to-left,13,Animals,Unicorn to R. facing cult object.,-6,20,4,391 99 62 342,391 99 62 342,
155,1149,MD,Mohenjodaro,MIC vol III,1,seal,0,0,1,right-to-left,13,Animals,Unicorn to R. facing cult object.,-2,18,8,150 123 389 72 296 342 124 169,150 123 389 72 296 342 124 169,
156,1150,MD,Mohenjodaro,MIC vol III,1,seal,0,0,1,right-to-left,13,Animals,Unicorn to R. facing cult object.,-1,25,5,50 162 99 326 342,50 162 99 326 342,
157,1151,MD,Mohenjodaro,MIC vol III,1,seal,0,0,1,right-to-left,13,Animals,Unicorn to R. facing cult object.,-5,17,7,17 395 99 171 59 247 342,17 395 99 171 59 247 342,
158,1154,MD,Mohenjodaro,MIC vol III,1,seal,0,0,1,right-to-left,13,Animals,Unicorn to R. facing cult object.,-3,22,3,*059 53 342,59 53 342,1
159,1155,MD,Mohenjodaro,MIC vol III,1,seal,0,0,1,right-to-left,13,Animals,Unicorn to R. facing cult object.,-3,24,5,127 343 67 59 211,127 343 67 59 211,
160,1156,MD,Mohenjodaro,MIC vol III,1,seal,0,0,1,right-to-left,13,Animals,Unicorn to R. facing cult object.,-13,16,4,72 71 121 342,72 71 121 342,
161,1157,MD,Mohenjodaro,MIC vol III,1,seal,0,0,1,right-to-left,13,Animals,Unicorn to R. facing cult object.,-4,20,4,267 99 107 162,267 99 107 162,
162,1158,MD,Mohenjodaro,MIC vol III,1,seal,0,0,1,right-to-left,13,Animals,Unicorn to R. facing cult object.,-5,2,5,267 99 65 222 254,267 99 65 222 254,
163,1159,MD,Mohenjodaro,MIC vol III,1,seal,0,0,1,right-to-left,13,Animals,Unicorn to R. facing cult object.,-5,28,5,245 245 343 104 162,245 245 343 104 162,
164,1160,MD,Mohenjodaro,MIC vol III,1,seal,0,0,1,right-to-left,13,Animals,Unicorn to R. facing cult object.,-9,27,5,293 123 343 230 342,293 123 343 230 342,
165,1161,MD,Mohenjodaro,MIC vol III,1,seal,0,0,1,right-to-left,13,Animals,Unicorn to R. facing cult object.,-4,17,5,389 182 293 327 342,389 182 293 327 342,
166,1162,MD,Mohenjodaro,MIC vol III,1,seal,0,0,1,right-to-left,13,Animals,Unicorn to R. facing cult object.,-3,17,5,267 99 289 347 342,267 99 289 347 342,
167,1163,MD,Mohenjodaro,MIC vol III,1,seal,0,0,1,right-to-left,13,Animals,Unicorn to R. facing cult object.,-4,20,4,204 *230 *015 176,204 230 15 176,2 3
168,1164,MD,Mohenjodaro,MIC vol III,1,seal,0,0,1,right-to-left,13,Animals,Unicorn to R. facing cult object.,-5,16,3,*379 162 402,379 162 402,1
169,1165,MD,Mohenjodaro,MIC vol III,1,seal,0,0,1,right-to-left,11,Animals,Unicorn to R. No cult object in front.,-6,25,5,328 32 99 72 0,328 32 99 72 0,
170,1166,MD,Mohenjodaro,MIC vol III,1,seal,0,0,9,no text,13,Animals,Unicorn to R. facing cult object.,-3,18,2,387 0,387 0,
171,1167,MD,Mohenjodaro,MIC vol III,1,seal,0,1,3,single sign,12,Animals,Unicorn to L. No cult object in front.,-4,17,1,*175,175,1
172,1167,MD,Mohenjodaro,MIC vol III,1,seal,0,2,2,left-to-right,12,Animals,Unicorn to L. No cult object in front.,-4,17,2,336 342,336 342,
173,1168,MD,Mohenjodaro,MIC vol III,1,seal,0,0,1,right-to-left,13,Animals,Unicorn to R. facing cult object.,-6,17,4,86 336 89 211,86 336 89 211,
174,1169,MD,Mohenjodaro,MIC vol III,1,seal,0,0,3,single sign,13,Animals,Unicorn to R. facing cult object.,-7,25,1,31,31,
175,1170,MD,Mohenjodaro,MIC vol III,1,seal,0,0,1,right-to-left,13,Animals,Unicorn to R. facing cult object.,-6,27,6,216 123 70 336 89 211,216 123 70 336 89 211,
176,1171,MD,Mohenjodaro,MIC vol III,1,seal,0,0,1,right-to-left,13,Animals,Unicorn to R. facing cult object.,-3,18,2,86 15,86 15,
177,1172,MD,Mohenjodaro,MIC vol III,1,seal,0,0,1,right-to-left,13,Animals,Unicorn to R. facing cult object.,-3,20,5,79 343 387 59 211,79 343 387 59 211,
178,1173,MD,Mohenjodaro,MIC vol III,1,seal,0,0,1,right-to-left,13,Animals,Unicorn to R. facing cult object.,-4,18,4,387 72 211 176,387 72 211 176,
179,1174,MD,Mohenjodaro,MIC vol III,1,seal,0,0,1,right-to-left,13,Animals,Unicorn to R. facing cult object.,-4,18,6,412 123 87 249 162 342,412 123 87 249 162 342,
180,1175,MD,Mohenjodaro,MIC vol III,1,seal,0,0,1,right-to-left,11,Animals,Unicorn to R. No cult object in front.,-3,20,5,343 245 245 175 180,343 245 245 175 180,
181,1176,MD,Mohenjodaro,MIC vol III,1,seal,0,0,1,right-to-left,11,Animals,Unicorn to R. No cult object in front.,-2,28,6,0 *171 59 182 293 211,0 171 59 182 293 211,2
182,1177,MD,Mohenjodaro,MIC vol III,1,seal,0,0,1,right-to-left,13,Animals,Unicorn to R. facing cult object.,-5,20,2,171 60,171 60,
183,1178,MD,Mohenjodaro,MIC vol III,1,seal,0,0,1,right-to-left,13,Animals,Unicorn to R. facing cult object.,-4,28,5,*391 99 15 348 342,391 99 15 348 342,1
184,1179,MD,Mohenjodaro,MIC vol III,1,seal,0,0,1,right-to-left,13,Animals,Unicorn to R. facing cult object.,-6,4,6,51 155 343 102 137 342,51 155 343 102 137 342,
185,1180,MD,Mohenjodaro,MIC vol III,1,seal,0,0,1,right-to-left,13,Animals,Unicorn to R. facing cult object.,-6,25,7,155 245 245 99 67 222 254,155 245 245 99 67 222 254,
186,1181,MD,Mohenjodaro,MIC vol III,1,seal,0,0,1,right-to-left,13,Animals,Unicorn to R. facing cult object.,-10,4,5,267 99 336 51 342,267 99 336 51 342,
187,1182,MD,Mohenjodaro,MIC vol III,1,seal,0,0,1,right-to-left,13,Animals,Unicorn to R. facing cult object.,-7,25,4,57 209 343 5,57 209 343 5,
188,1183,MD,Mohenjodaro,MIC vol III,1,seal,0,0,1,right-to-left,13,Animals,Unicorn to R. facing cult object.,0,18,4,265 343 326 342,265 343 326 342,
189,1185,MD,Mohenjodaro,MIC vol III,1,seal,0,0,1,right-to-left,11,Animals,Unicorn to R. No cult object in front.,-3,27,4,*086 178 287 402,86 178 287 402,1
190,1186,MD,Mohenjodaro,MIC vol III,1,seal,0,0,1,right-to-left,13,Animals,Unicorn to R. facing cult object.,-3,28,6,293 402 123 230 391 162,293 402 123 230 391 162,
191,1187,MD,Mohenjodaro,MIC vol III,1,seal,0,0,1,right-to-left,13,Animals,Unicorn to R. facing cult object.,-6,27,3,86 48 342,86 48 342,
192,1188,MD,Mohenjodaro,MIC vol III,1,seal,0,0,1,right-to-left,13,Animals,Unicorn to R. facing cult object.,-3,17,5,53 72 373 287 342,53 72 373 287 342,
193,1189,MD,Mohenjodaro,MIC vol III,1,seal,0,0,1,right-to-left,13,Animals,Unicorn to R. facing cult object.,-5,25,4,391 123 86 4,391 123 86 4,
194,1190,MD,Mohenjodaro,MIC vol III,1,seal,0,0,1,right-to-left,13,Animals,Unicorn to R. facing cult object.,-3,25,4,86 28 233 59,86 28 233 59,
195,1191,MD,Mohenjodaro,MIC vol III,1,seal,0,0,1,right-to-left,11,Animals,Unicorn to R. No cult object in front.,-3,20,6,215 17 293 186 89 0,215 17 293 186 89 0,
196,1192,MD,Mohenjodaro,MIC vol III,1,seal,0,0,1,right-to-left,13,Animals,Unicorn to R. facing cult object.,-3,22,4,391 123 124 342,391 123 124 342,
197,1193,MD,Mohenjodaro,MIC vol III,1,seal,0,0,1,right-to-left,13,Animals,Unicorn to R. facing cult object.,-5,25,2,149 *342,149 342,2
198,1194,MD,Mohenjodaro,MIC vol III,1,seal,0,0,1,right-to-left,13,Animals,Unicorn to R. facing cult object.,-9,25,3,51 49 83,51 49 83,
199,1195,MD,Mohenjodaro,MIC vol III,1,seal,0,0,1,right-to-left,13,Animals,Unicorn to R. facing cult object.,0,18,3,48 342 130,48 342 130,
200,1196,MD,Mohenjodaro,MIC vol III,1,seal,0,0,9,no text,351,Animals,Uncertain animal (mostly bovine) to R.,-2,25,2,0 211,0 211,
201,1197,MD,Mohenjodaro,MIC vol III,1,seal,0,0,1,right-to-left,13,Animals,Unicorn to R. facing cult object.,-3,25,2,230 *211,230 211,2
202,1198,MD,Mohenjodaro,MIC vol III,1,seal,0,0,1,right-to-left,13,Animals,Unicorn to R. facing cult object.,-6,27,4,67 171 59 211,67 171 59 211,
203,1199,MD,Mohenjodaro,MIC vol III,1,seal,0,0,1,right-to-left,13,Animals,Unicorn to R. facing cult object.,-3,25,3,65 53 342,65 53 342,
204,1200,MD,Mohenjodaro,MIC vol III,1,seal,0,0,1,right-to-left,13,Animals,Unicorn to R. facing cult object.,-7,16,4,391 99 327 342,391 99 327 342,
205,1201,MD,Mohenjodaro,MIC vol III,1,seal,0,0,1,right-to-left,13,Animals,Unicorn to R. facing cult object.,-2,17,3,253 230 342,253 230 342,
206,1202,MD,Mohenjodaro,MIC vol III,1,seal,0,0,1,right-to-left,13,Animals,Unicorn to R. facing cult object.,-4,18,3,86 336 75,86 336 75,
207,1203,MD,Mohenjodaro,MIC vol III,1,seal,0,0,1,right-to-left,11,Animals,Unicorn to R. No cult object in front.,-4,17,5,267 402 97 137 395,267 402 97 137 395,
208,1204,MD,Mohenjodaro,MIC vol III,1,seal,0,0,1,right-to-left,13,Animals,Unicorn to R. facing cult object.,-5,25,3,389 389 176,389 389 176,
209,1205,MD,Mohenjodaro,MIC vol III,1,seal,0,0,1,right-to-left,13,Animals,Unicorn to R. facing cult object.,-4,26,4,87 403 87 15,87 403 87 15,
210,1206,MD,Mohenjodaro,MIC vol III,1,seal,0,0,1,right-to-left,13,Animals,Unicorn to R. facing cult object.,-4,17,3,329 212 328,329 212 328,
211,1207,MD,Mohenjodaro,MIC vol III,1,seal,0,0,1,right-to-left,13,Animals,Unicorn to R. facing cult object.,-3,18,3,76 104 169,76 104 169,
212,1208,MD,Mohenjodaro,MIC vol III,1,seal,0,0,1,right-to-left,11,Animals,Unicorn to R. No cult object in front.,-4,18,3,72 296 342,72 296 342,
213,1209,MD,Mohenjodaro,MIC vol III,1,seal,0,1,1,right-to-left,13,Animals,Unicorn to R. facing cult object.,-5,20,5,329 89 171 8 342,329 89 171 8 342,
214,1209,MD,Mohenjodaro,MIC vol III,1,seal,0,2,1,right-to-left,13,Animals,Unicorn to R. facing cult object.,-5,20,2,154 303,154 303,
215,1211,MD,Mohenjodaro,MIC vol III,1,seal,0,0,1,right-to-left,11,Animals,Unicorn to R. No cult object in front.,-2,17,7,400 125 59 123 112 197 342,400 125 59 123 112 197 342,
216,1212,MD,Mohenjodaro,MIC vol III,1,seal,0,0,1,right-to-left,13,Animals,Unicorn to R. facing cult object.,-2,25,5,293 123 343 128 342,293 123 343 128 342,
217,1213,MD,Mohenjodaro,MIC vol III,1,seal,0,0,1,right-to-left,13,Animals,Unicorn to R. facing cult object.,-4,18,3,65 387 342,65 387 342,
218,1214,MD,Mohenjodaro,MIC vol III,1,seal,0,0,1,right-to-left,13,Animals,Unicorn to R. facing cult object.,-6,18,7,319 86 99 59 8 342 1,319 86 99 59 8 342 1,
219,1215,MD,Mohenjodaro,MIC vol III,1,seal,0,0,1,right-to-left,13,Animals,Unicorn to R. facing cult object.,-2,28,6,267 233 342 403 87 342,267 233 342 403 87 342,
220,1217,MD,Mohenjodaro,MIC vol III,1,seal,0,0,1,right-to-left,13,Animals,Unicorn to R. facing cult object.,-6,20,2,387 342,387 342,
221,1218,MD,Mohenjodaro,MIC vol III,1,seal,0,0,1,right-to-left,13,Animals,Unicorn to R. facing cult object.,0,18,3,86 2 12,86 2 12,
222,1219,MD,Mohenjodaro,MIC vol III,1,seal,0,0,1,right-to-left,13,Animals,Unicorn to R. facing cult object.,-5,25,3,197 177 81,197 177 81,
223,1220,MD,Mohenjodaro,MIC vol III,1,seal,0,0,1,right-to-left,13,Animals,Unicorn to R. facing cult object.,-3,28,2,102 162,102 162,
224,1221,MD,Mohenjodaro,MIC vol III,1,seal,0,0,1,right-to-left,13,Animals,Unicorn to R. facing cult object.,-4,18,4,391 97 294 375,391 97 294 375,
225,1222,MD,Mohenjodaro,MIC vol III,1,seal,0,0,1,right-to-left,13,Animals,Unicorn to R. facing cult object.,-5,17,6,254 343 87 249 162 342,254 343 87 249 162 342,
226,1224,MD,Mohenjodaro,MIC vol III,1,seal,0,0,1,right-to-left,13,Animals,Unicorn to R. facing cult object.,-4,16,3,387 296 342,387 296 342,
227,1225,MD,Mohenjodaro,MIC vol III,1,seal,0,0,1,right-to-left,13,Animals,Unicorn to R. facing cult object.,-3,20,3,301 155 211,301 155 211,
228,1226,MD,Mohenjodaro,MIC vol III,1,seal,0,0,1,right-to-left,13,Animals,Unicorn to R. facing cult object.,-4,17,2,341 342,341 342,
229,1227,MD,Mohenjodaro,MIC vol III,1,seal,1,0,1,right-to-left,13,Animals,Unicorn to R. facing cult object.,-2,12,5,264 109 162 176 176,264 109 162 176 176,
230,1227,MD,Mohenjodaro,MIC vol III,1,seal,2,0,1,right-to-left,13,Animals,Unicorn to R. facing cult object.,-2,12,5,403 87 342 1 176,403 87 342 1 176,
231,1227,MD,Mohenjodaro,MIC vol III,1,seal,3,9,0,unrecorded,513,Anthropomorphic forms,,-2,12,0,,,
232,1227,MD,Mohenjodaro,MIC vol III,1,seal,4,9,0,unrecorded,513,Anthropomorphic forms,,-2,12,0,,,
233,1228,MD,Mohenjodaro,MIC vol III,1,seal,0,0,1,right-to-left,13,Animals,Unicorn to R. facing cult object.,-10,24,4,267 99 76 15,267 99 76 15,
234,1229,MD,Mohenjodaro,MIC vol III,1,seal,0,0,1,right-to-left,13,Animals,Unicorn to R. facing cult object.,-5,28,4,267 99 104 162,267 99 104 162,
235,1231,MD,Mohenjodaro,MIC vol III,1,seal,0,0,1,right-to-left,13,Animals,Unicorn to R. facing cult object.,-1,17,2,111 342,111 342,
236,1232,MD,Mohenjodaro,MIC vol III,1,seal,0,0,1,right-to-left,13,Animals,Unicorn to R. facing cult object.,-3,30,4,267 99 48 342,267 99 48 342,
237,1233,MD,Mohenjodaro,MIC vol III,1,seal,0,0,1,right-to-left,13,Animals,Unicorn to R. facing cult object.,-3,26,5,216 123 127 347 342,216 123 127 347 342,
238,1234,MD,Mohenjodaro,MIC vol III,1,seal,0,0,1,right-to-left,13,Animals,Unicorn to R. facing cult object.,-5,13,5,293 123 343 173 342,293 123 343 173 342,
239,1235,MD,Mohenjodaro,MIC vol III,1,seal,0,0,1,right-to-left,13,Animals,Unicorn to R. facing cult object.,-7,28,5,150 123 65 67 73,150 123 65 67 73,
240,1236,MD,Mohenjodaro,MIC vol III,1,seal,0,0,1,right-to-left,13,Animals,Unicorn to R. facing cult object.,-5,16,2,375 342,375 342,
241,1237,MD,Mohenjodaro,MIC vol III,1,seal,0,1,1,right-to-left,13,Animals,Unicorn to R. facing cult object.,-2,17,5,186 125 59 51 59,186 125 59 51 59,
242,1237,MD,Mohenjodaro,MIC vol III,1,seal,0,2,1,right-to-left,13,Animals,Unicorn to R. facing cult object.,-2,17,3,78 347 342,78 347 342,
243,1238,MD,Mohenjodaro,MIC vol III,1,seal,0,0,1,right-to-left,13,Animals,Unicorn to R. facing cult object.,-6,20,2,222 254,222 254,
244,1239,MD,Mohenjodaro,MIC vol III,1,seal,0,0,1,right-to-left,13,Animals,Unicorn to R. facing cult object.,-6,17,3,267 99 0,267 99 0,
245,1240,MD,Mohenjodaro,MIC vol III,1,seal,0,0,1,right-to-left,13,Animals,Unicorn to R. facing cult object.,-2,18,3,244 336 0,244 336 0,
246,1242,MD,Mohenjodaro,MIC vol III,1,seal,0,0,1,right-to-left,13,Animals,Unicorn to R. facing cult object.,-5,15,5,129 245 125 *059 0,129 245 125 59 0,4
247,1243,MD,Mohenjodaro,MIC vol III,1,seal,0,0,1,right-to-left,13,Animals,Unicorn to R. facing cult object.,-2,20,2,109 162,109 162,
248,1244,MD,Mohenjodaro,MIC vol III,1,seal,0,0,1,right-to-left,13,Animals,Unicorn to R. facing cult object.,0,1,2,327 254,327 254,
249,1245,MD,Mohenjodaro,MIC vol III,1,seal,0,0,1,right-to-left,13,Animals,Unicorn to R. facing cult object.,-6,17,3,221 267 342,221 267 342,
250,1246,MD,Mohenjodaro,MIC vol III,1,seal,0,0,1,right-to-left,13,Animals,Unicorn to R. facing cult object.,-3,18,4,267 99 104 169,267 99 104 169,
251,1247,MD,Mohenjodaro,MIC vol III,1,seal,0,1,1,right-to-left,11,Animals,Unicorn to R. No cult object in front.,-3,16,5,*087 336 344 175 230,87 336 344 175 230,1
252,1247,MD,Mohenjodaro,MIC vol III,1,seal,0,2,2,left-to-right,11,Animals,Unicorn to R. No cult object in front.,-3,16,2,53 342,53 342,
253,1248,MD,Mohenjodaro,MIC vol III,1,seal,0,0,1,right-to-left,13,Animals,Unicorn to R. facing cult object.,0,1,4,245 245 330 176,245 245 330 176,
254,1249,MD,Mohenjodaro,MIC vol III,1,seal,0,0,1,right-to-left,13,Animals,Unicorn to R. facing cult object.,-2,25,2,109 162,109 162,
255,1251,MD,Mohenjodaro,MIC vol III,1,seal,0,0,1,right-to-left,13,Animals,Unicorn to R. facing cult object.,-2,17,5,72 336 89 211 176,72 336 89 211 176,
256,1252,MD,Mohenjodaro,MIC vol III,1,seal,1,0,1,right-to-left,13,Animals,Unicorn to R. facing cult object.,-3,16,2,415 342,415 342,
257,1252,MD,Mohenjodaro,MIC vol III,1,seal,2,0,1,right-to-left,251,Animals,"Fabulous animal to R. with body of ram, horns of bull, trunk of elephant, hind legs of tiger and upraised serpent-like tail.",-3,16,2,415 342,415 342,
258,1253,MD,Mohenjodaro,MIC vol III,1,seal,0,1,1,right-to-left,13,Animals,Unicorn to R. facing cult object.,-3,18,7,373 373 302 343 253 230 342,373 373 302 343 253 230 342,
259,1253,MD,Mohenjodaro,MIC vol III,1,seal,0,2,1,right-to-left,13,Animals,Unicorn to R. facing cult object.,-3,18,4,89 245 245 132,89 245 245 132,
260,1254,MD,Mohenjodaro,MIC vol III,1,seal,0,0,1,right-to-left,13,Animals,Unicorn to R. facing cult object.,-5,25,2,72 211,72 211,
261,1255,MD,Mohenjodaro,MIC vol III,1,seal,0,0,9,no text,13,Animals,Unicorn to R. facing cult object.,-1,18,2,*391 0,391 0,1
262,1257,MD,Mohenjodaro,MIC vol III,1,seal,0,0,1,right-to-left,13,Animals,Unicorn to R. facing cult object.,-7,17,3,103 403 342,103 403 342,
263,1260,MD,Mohenjodaro,MIC vol III,1,seal,0,0,9,no text,11,Animals,Unicorn to R. No cult object in front.,-1,25,2,35 0,35 0,
264,1261,MD,Mohenjodaro,MIC vol III,1,seal,0,0,1,right-to-left,13,Animals,Unicorn to R. facing cult object.,-6,28,2,72 211,72 211,
265,1262,MD,Mohenjodaro,MIC vol III,1,seal,0,0,1,right-to-left,13,Animals,Unicorn to R. facing cult object.,-4,25,4,202 51 342 316,202 51 342 316,
266,1263,MD,Mohenjodaro,MIC vol III,1,seal,0,0,1,right-to-left,13,Animals,Unicorn to R. facing cult object.,-2,18,4,86 67 294 342,86 67 294 342,
267,1265,MD,Mohenjodaro,MIC vol III,1,seal,0,0,1,right-to-left,351,Animals,Uncertain animal (mostly bovine) to R.,-5,27,5,0 86 249 400 402,0 86 249 400 402,
268,1266,MD,Mohenjodaro,MIC vol III,1,seal,0,0,1,right-to-left,13,Animals,Unicorn to R. facing cult object.,-5,17,4,106 17 391 87,106 17 391 87,
269,1267,MD,Mohenjodaro,MIC vol III,1,seal,0,0,1,right-to-left,13,Animals,Unicorn to R. facing cult object.,-2,27,3,86 98 130,86 98 130,
270,1268,MD,Mohenjodaro,MIC vol III,1,seal,0,0,1,right-to-left,13,Animals,Unicorn to R. facing cult object.,-4,25,2,173 12,173 12,
271,1269,MD,Mohenjodaro,MIC vol III,1,seal,0,0,1,right-to-left,13,Animals,Unicorn to R. facing cult object.,-16,24,3,65 216 254,65 216 254,
272,1270,MD,Mohenjodaro,MIC vol III,1,seal,0,0,1,right-to-left,11,Animals,Unicorn to R. No cult object in front.,-4,25,2,102 162,102 162,
273,1271,MD,Mohenjodaro,MIC vol III,1,seal,0,0,1,right-to-left,13,Animals,Unicorn to R. facing cult object.,-5,24,3,327 *017 0,327 17 0,2
274,1272,MD,Mohenjodaro,MIC vol III,1,seal,0,0,1,right-to-left,12,Animals,Unicorn to L. No cult object in front.,0,12,2,293 342,293 342,
275,1273,MD,Mohenjodaro,MIC vol III,1,seal,0,0,1,right-to-left,13,Animals,Unicorn to R. facing cult object.,-10,24,2,120 87,120 87,
276,1274,MD,Mohenjodaro,MIC vol III,1,seal,0,0,1,right-to-left,11,Animals,Unicorn to R. No cult object in front.,-5,25,3,267 99 207,267 99 207,
277,1275,MD,Mohenjodaro,MIC vol III,1,seal,0,0,1,right-to-left,351,Animals,Uncertain animal (mostly bovine) to R.,-3,13,4,0 102 287 342,0 102 287 342,
278,1276,MD,Mohenjodaro,MIC vol III,1,seal,0,0,1,right-to-left,11,Animals,Unicorn to R. No cult object in front.,0,18,3,56 95 0,56 95 0,
279,1277,MD,Mohenjodaro,MIC vol III,1,seal,0,0,1,right-to-left,13,Animals,Unicorn to R. facing cult object.,-1,28,4,65 171 59 211,65 171 59 211,
280,1278,MD,Mohenjodaro,MIC vol III,1,seal,0,1,1,right-to-left,13,Animals,Unicorn to R. facing cult object.,-9,22,5,267 99 343 100 *081,267 99 343 100 81,5
281,1278,MD,Mohenjodaro,MIC vol III,1,seal,0,2,1,right-to-left,13,Animals,Unicorn to R. facing cult object.,-9,22,3,87 162 375,87 162 375,
282,1279,MD,Mohenjodaro,MIC vol III,1,seal,0,0,1,right-to-left,13,Animals,Unicorn to R. facing cult object.,-2,30,2,48 342,48 342,
283,1281,MD,Mohenjodaro,MIC vol III,1,seal,0,0,1,right-to-left,351,Animals,Uncertain animal (mostly bovine) to R.,-3,27,3,0 *100 169,0 100 169,2
284,1282,MD,Mohenjodaro,MIC vol III,1,seal,0,0,1,right-to-left,13,Animals,Unicorn to R. facing cult object.,-5,25,4,102 216 245 0,102 216 245 0,
285,1283,MD,Mohenjodaro,MIC vol III,1,seal,0,0,1,right-to-left,13,Animals,Unicorn to R. facing cult object.,-2,17,3,65 135 342,65 135 342,
286,1285,MD,Mohenjodaro,MIC vol III,1,seal,0,0,1,right-to-left,13,Animals,Unicorn to R. facing cult object.,-4,16,3,284 124 342,284 124 342,
287,1286,MD,Mohenjodaro,MIC vol III,1,seal,0,0,1,right-to-left,13,Animals,Unicorn to R. facing cult object.,-2,18,6,355 343 86 175 176 211,355 343 86 175 176 211,
288,1287,MD,Mohenjodaro,MIC vol III,1,seal,0,0,1,right-to-left,13,Animals,Unicorn to R. facing cult object.,-4,25,2,86 15,86 15,
289,1288,MD,Mohenjodaro,MIC vol III,1,seal,0,0,1,right-to-left,13,Animals,Unicorn to R. facing cult object.,-4,25,2,28 1,28 1,
290,1289,MD,Mohenjodaro,MIC vol III,1,seal,0,0,1,right-to-left,11,Animals,Unicorn to R. No cult object in front.,-6,26,5,84 343 204 230 0,84 343 204 230 0,
291,1290,MD,Mohenjodaro,MIC vol III,1,seal,0,0,9,no text,13,Animals,Unicorn to R. facing cult object.,-7,27,3,0 72 0,0 72 0,
292,1291,MD,Mohenjodaro,MIC vol III,1,seal,0,0,1,right-to-left,13,Animals,Unicorn to R. facing cult object.,-3,22,3,267 99 0,267 99 0,
293,1292,MD,Mohenjodaro,MIC vol III,1,seal,0,0,3,single sign,13,Animals,Unicorn to R. facing cult object.,-3,28,1,250,250,
294,1293,MD,Mohenjodaro,MIC vol III,1,seal,0,0,1,right-to-left,13,Animals,Unicorn to R. facing cult object.,-4,17,3,216 123 0,216 123 0,
295,1294,MD,Mohenjodaro,MIC vol III,1,seal,0,0,1,right-to-left,11,Animals,Unicorn to R. No cult object in front.,-2,25,4,284 99 348 342,284 99 348 342,
296,1295,MD,Mohenjodaro,MIC vol III,1,seal,0,0,1,right-to-left,13,Animals,Unicorn to R. facing cult object.,0,22,4,72 48 342 1,72 48 342 1,
297,1296,MD,Mohenjodaro,MIC vol III,1,seal,0,0,1,right-to-left,13,Animals,Unicorn to R. facing cult object.,-7,28,2,289 342,289 342,
298,1297,MD,Mohenjodaro,MIC vol III,1,seal,0,0,1,right-to-left,13,Animals,Unicorn to R. facing cult object.,0,1,4,267 402 0 *015,267 402 0 15,4
299,1298,MD,Mohenjodaro,MIC vol III,1,seal,0,0,1,right-to-left,351,Animals,Uncertain animal (mostly bovine) to R.,-6,17,4,0 *135 347 342,0 135 347 342,2
300,1299,MD,Mohenjodaro,MIC vol III,1,seal,0,0,1,right-to-left,351,Animals,Uncertain animal (mostly bovine) to R.,-4,17,4,0 *065 387 342,0 65 387 342,2
301,1300,MD,Mohenjodaro,MIC vol III,1,seal,0,0,1,right-to-left,351,Animals,Uncertain animal (mostly bovine) to R.,-6,28,4,0 249 162 342,0 249 162 342,
302,1301,MD,Mohenjodaro,MIC vol III,1,seal,0,0,1,right-to-left,351,Animals,Uncertain animal (mostly bovine) to R.,-5,25,3,17 106 162,17 106 162,
303,1302,MD,Mohenjodaro,MIC vol III,1,seal,0,1,1,right-to-left,138,Animals,"Goat-antelope to L. with short tail, twirled side horns.",-2,24,4,293 *233 342 175,293 233 342 175,2
304,1302,MD,Mohenjodaro,MIC vol III,1,seal,0,2,1,right-to-left,138,Animals,"Goat-antelope to L. with short tail, twirled side horns.",-2,24,2,214 342,214 342,
305,1303,MD,Mohenjodaro,MIC vol III,1,seal,0,1,3,single sign,137,Animals,"Goat-antelope to R. with short tail, and twirled side-horns.",-5,25,1,167,167,
306,1303,MD,Mohenjodaro,MIC vol III,1,seal,0,2,1,right-to-left,137,Animals,"Goat-antelope to R. with short tail, and twirled side-horns.",-5,25,3,15 409 96,15 409 96,
307,1305,MD,Mohenjodaro,MIC vol III,1,seal,0,0,1,right-to-left,65,Animals,Buffalo to R. facing feeding trough.,-3,17,3,28 267 342,28 267 342,
308,1306,MD,Mohenjodaro,MIC vol III,1,seal,0,0,1,right-to-left,65,Animals,Buffalo to R. facing feeding trough.,-5,17,9,244 81 99 98 72 65 53 342 224,244 81 99 98 72 65 53 342 224,
309,1307,MD,Mohenjodaro,MIC vol III,1,seal,0,0,9,no text,352,Animals,Uncertain animal (mostly bovine ) to L.,-4,12,2,0 *012,0 12,2
310,1308,MD,Mohenjodaro,MIC vol III,1,seal,0,0,1,right-to-left,45,Animals,Short-horned bull to R. facing feeding trough.,0,25,3,70 72 388,70 72 388,
311,1309,MD,Mohenjodaro,MIC vol III,1,seal,0,0,1,right-to-left,41,Animals,Short-horned bull to R.,-4,17,5,109 169 97 51 182,109 169 97 51 182,
312,1310,MD,Mohenjodaro,MIC vol III,1,seal,0,0,1,right-to-left,45,Animals,Short-horned bull to R. facing feeding trough.,-8,25,6,249 336 99 171 8 342,249 336 99 171 8 342,
313,1311,MD,Mohenjodaro,MIC vol III,1,seal,1,0,1,right-to-left,45,Animals,Short-horned bull to R. facing feeding trough.,0,18,4,284 106 287 342,284 106 287 342,
314,1311,MD,Mohenjodaro,MIC vol III,1,seal,2,9,0,unrecorded,821,"Symbols, motifs, geometric patterns",Svastika generally within square or rectangular border.,0,18,0,,,
315,1312,MD,Mohenjodaro,MIC vol III,1,seal,0,0,9,no text,45,Animals,Short-horned bull to R. facing feeding trough.,-6,22,2,0 10,0 10,
316,1313,MD,Mohenjodaro,MIC vol III,1,seal,0,0,1,right-to-left,45,Animals,Short-horned bull to R. facing feeding trough.,-2,20,3,67 72 0,67 72 0,
317,1314,MD,Mohenjodaro,MIC vol III,1,seal,0,0,1,right-to-left,45,Animals,Short-horned bull to R. facing feeding trough.,-3,20,6,216 173 99 109 59 211,216 173 99 109 59 211,
318,1315,MD,Mohenjodaro,MIC vol III,1,seal,0,0,1,right-to-left,45,Animals,Short-horned bull to R. facing feeding trough.,-2,20,6,403 400 99 249 162 12,403 400 99 249 162 12,
319,1316,MD,Mohenjodaro,MIC vol III,1,seal,0,0,3,single sign,45,Animals,Short-horned bull to R. facing feeding trough.,-4,14,1,66,66,
320,1317,MD,Mohenjodaro,MIC vol III,1,seal,0,0,1,right-to-left,45,Animals,Short-horned bull to R. facing feeding trough.,-3,16,6,267 99 72 65 204 *342,267 99 72 65 204 342,6
321,1318,MD,Mohenjodaro,MIC vol III,1,seal,0,0,1,right-to-left,45,Animals,Short-horned bull to R. facing feeding trough.,-4,17,5,391 0 *171 *008 342,391 0 171 8 342,3 4
322,1319,MD,Mohenjodaro,MIC vol III,1,seal,0,0,1,right-to-left,45,Animals,Short-horned bull to R. facing feeding trough.,-10,17,5,54 180 97 226 254,54 180 97 226 254,
323,1320,MD,Mohenjodaro,MIC vol III,1,seal,0,0,1,right-to-left,45,Animals,Short-horned bull to R. facing feeding trough.,-5,16,4,67 65 159 342,67 65 159 342,
324,1321,MD,Mohenjodaro,MIC vol III,1,seal,0,1,1,right-to-left,45,Animals,Short-horned bull to R. facing feeding trough.,-4,25,9,293 98 65 59 211 150 123 135 342,293 98 65 59 211 150 123 135 342,
325,1321,MD,Mohenjodaro,MIC vol III,1,seal,0,2,1,right-to-left,45,Animals,Short-horned bull to R. facing feeding trough.,-4,25,4,104 39 229 404,104 39 229 404,
326,1322,MD,Mohenjodaro,MIC vol III,1,seal,0,0,1,right-to-left,45,Animals,Short-horned bull to R. facing feeding trough.,-2,17,8,267 99 175 230 53 171 8 342,267 99 175 230 53 171 8 342,
327,1323,MD,Mohenjodaro,MIC vol III,1,seal,0,0,1,right-to-left,45,Animals,Short-horned bull to R. facing feeding trough.,-2,17,5,0 65 59 294 342,0 65 59 294 342,
328,1324,MD,Mohenjodaro,MIC vol III,1,seal,0,0,1,right-to-left,45,Animals,Short-horned bull to R. facing feeding trough.,-6,18,7,238 267 99 87 59 67 211,238 267 99 87 59 67 211,
329,1325,MD,Mohenjodaro,MIC vol III,1,seal,1,1,1,right-to-left,45,Animals,Short-horned bull to R. facing feeding trough.,-2,24,6,403 187 342 171 8 342,403 187 342 171 8 342,
330,1325,MD,Mohenjodaro,MIC vol III,1,seal,1,2,3,single sign,45,Animals,Short-horned bull to R. facing feeding trough.,-2,24,1,374,374,
331,1325,MD,Mohenjodaro,MIC vol III,1,seal,2,0,1,right-to-left,0,No field symbol,No Field Symbol,-2,24,3,25 409 96,25 409 96,
332,1326,MD,Mohenjodaro,MIC vol III,1,seal,0,0,1,right-to-left,45,Animals,Short-horned bull to R. facing feeding trough.,-2,25,7,267 99 72 65 336 89 211,267 99 72 65 336 89 211,
333,1327,MD,Mohenjodaro,MIC vol III,1,seal,0,0,1,right-to-left,31,Animals,Humped bull to R.,-4,25,4,391 99 70 211,391 99 70 211,
334,1328,MD,Mohenjodaro,MIC vol III,1,seal,0,0,1,right-to-left,31,Animals,Humped bull to R.,-2,25,5,267 99 72 192 342,267 99 72 192 342,
335,1329,MD,Mohenjodaro,MIC vol III,1,seal,0,1,1,right-to-left,31,Animals,Humped bull to R.,-3,17,5,182 58 343 98 211,182 58 343 98 211,
336,1329,MD,Mohenjodaro,MIC vol III,1,seal,0,2,1,right-to-left,31,Animals,Humped bull to R.,-3,17,3,175 214 282,175 214 282,
337,1330,MD,Mohenjodaro,MIC vol III,1,seal,0,0,1,right-to-left,31,Animals,Humped bull to R.,-4,25,5,395 99 59 296 342,395 99 59 296 342,
338,1331,MD,Mohenjodaro,MIC vol III,1,seal,0,0,1,right-to-left,31,Animals,Humped bull to R.,-5,20,6,293 123 343 100 17 342,293 123 343 100 17 342,
339,1332,MD,Mohenjodaro,MIC vol III,1,seal,0,1,1,right-to-left,31,Animals,Humped bull to R.,0,1,4,216 123 72 388,216 123 72 388,
340,1332,MD,Mohenjodaro,MIC vol III,1,seal,0,2,3,single sign,31,Animals,Humped bull to R.,0,1,1,393,393,
341,1333,MD,Mohenjodaro,MIC vol III,1,seal,0,0,1,right-to-left,31,Animals,Humped bull to R.,-7,20,5,150 297 345 53 342,150 297 345 53 342,
342,1334,MD,Mohenjodaro,MIC vol III,1,seal,0,0,1,right-to-left,31,Animals,Humped bull to R.,-6,28,5,267 99 41 245 342,267 99 41 245 342,
343,1335,MD,Mohenjodaro,MIC vol III,1,seal,0,0,1,right-to-left,31,Animals,Humped bull to R.,0,18,4,391 123 223 342,391 123 223 342,
344,1336,MD,Mohenjodaro,MIC vol III,1,seal,0,0,1,right-to-left,31,Animals,Humped bull to R.,0,27,6,215 86 175 176 342 1,215 86 175 176 342 1,
345,1337,MD,Mohenjodaro,MIC vol III,1,seal,0,0,1,right-to-left,31,Animals,Humped bull to R.,-9,24,6,244 336 347 252 391 98,244 336 347 252 391 98,
346,1338,MD,Mohenjodaro,MIC vol III,1,seal,0,0,1,right-to-left,31,Animals,Humped bull to R.,-5,17,3,76 76 284,76 76 284,
347,1339,MD,Mohenjodaro,MIC vol III,1,seal,0,0,1,right-to-left,31,Animals,Humped bull to R.,-3,24,4,102 17 8 342,102 17 8 342,
348,1340,MD,Mohenjodaro,MIC vol III,1,seal,0,1,1,right-to-left,31,Animals,Humped bull to R.,-3,17,5,267 99 341 336 307,267 99 341 336 307,
349,1340,MD,Mohenjodaro,MIC vol III,1,seal,0,2,1,right-to-left,31,Animals,Humped bull to R.,-3,17,2,197 326,197 326,
350,1341,MD,Mohenjodaro,MIC vol III,1,seal,0,1,1,right-to-left,112,Animals,Rhinoceros to L.,0,11,4,391 99 173 342,391 99 173 342,
351,1341,MD,Mohenjodaro,MIC vol III,1,seal,0,2,3,single sign,112,Animals,Rhinoceros to L.,0,11,1,242,242,
352,1342,MD,Mohenjodaro,MIC vol III,1,seal,0,0,1,right-to-left,113,Animals,Rhinoceros to R. facing feeding trough.,-4,17,7,87 186 344 70 78 347 342,87 186 344 70 78 347 342,
353,1343,MD,Mohenjodaro,MIC vol III,1,seal,0,0,1,right-to-left,113,Animals,Rhinoceros to R. facing feeding trough.,-2,17,6,0 25 176 342 253 230,0 25 176 342 253 230,
354,1344,MD,Mohenjodaro,MIC vol III,1,seal,0,0,1,right-to-left,113,Animals,Rhinoceros to R. facing feeding trough.,-4,25,5,391 99 112 194 342,391 99 112 194 342,
355,1345,MD,Mohenjodaro,MIC vol III,1,seal,0,0,1,right-to-left,113,Animals,Rhinoceros to R. facing feeding trough.,-4,17,7,391 123 65 72 336 89 211,391 123 65 72 336 89 211,
356,1346,MD,Mohenjodaro,MIC vol III,1,seal,0,0,1,right-to-left,113,Animals,Rhinoceros to R. facing feeding trough.,-8,17,5,253 230 99 106 162,253 230 99 106 162,
357,1347,MD,Mohenjodaro,MIC vol III,1,seal,0,0,1,right-to-left,113,Animals,Rhinoceros to R. facing feeding trough.,-4,28,6,37 342 98 86 67 211,37 342 98 86 67 211,
358,1348,MD,Mohenjodaro,MIC vol III,1,seal,0,0,1,right-to-left,351,Animals,Uncertain animal (mostly bovine) to R.,-4,22,4,17 293 197 60,17 293 197 60,
359,1349,MD,Mohenjodaro,MIC vol III,1,seal,0,0,1,right-to-left,351,Animals,Uncertain animal (mostly bovine) to R.,-3,25,6,376 *402 99 65 *375 0,376 402 99 65 375 0,2 5
360,1350,MD,Mohenjodaro,MIC vol III,1,seal,0,0,1,right-to-left,95,Animals,Tiger to R. facing feeding trough.,-3,25,5,65 72 222 254 176,65 72 222 254 176,
361,1351,MD,Mohenjodaro,MIC vol III,1,seal,0,0,1,right-to-left,95,Animals,Tiger to R. facing feeding trough.,-5,25,5,267 99 67 296 342,267 99 67 296 342,
362,1355,MD,Mohenjodaro,MIC vol III,1,seal,0,1,1,right-to-left,730,Scenes,Person seated on machan on Kino tree ; A tiger below to R. looking at him.,-3,24,4,216 97 135 342,216 97 135 342,
363,1355,MD,Mohenjodaro,MIC vol III,1,seal,0,2,3,single sign,730,Scenes,Person seated on machan on Kino tree ; A tiger below to R. looking at him.,-3,24,1,242,242,
364,1357,MD,Mohenjodaro,MIC vol III,1,seal,0,0,1,right-to-left,670,Scenes,Horned female personage with tail and bovine legs standing near kino tree and attacking horned tiger rearing on its hind legs.,-5,20,5,0 180 227 *087 0,0 180 227 87 0,4
365,1358,MD,Mohenjodaro,MIC vol III,1,seal,0,0,1,right-to-left,0,No field symbol,No Field Symbol,-1,25,4,0 1 *245 0,0 1 245 0,3
366,1360,MD,Mohenjodaro,MIC vol III,1,seal,0,0,1,right-to-left,361,"Reptiles, fish, birds",Gharial to R.,-3,26,4,263 343 173 12,263 343 173 12,
367,1361,MD,Mohenjodaro,MIC vol III,1,seal,0,0,1,right-to-left,361,"Reptiles, fish, birds",Gharial to R.,-5,24,4,293 123 102 162,293 123 102 162,
368,1362,MD,Mohenjodaro,MIC vol III,1,seal,0,0,1,right-to-left,71,Animals,Elephant to R.,0,28,5,0 387 70 211 262,0 387 70 211 262,
369,1365,MD,Mohenjodaro,MIC vol III,1,seal,0,0,1,right-to-left,71,Animals,Elephant to R.,-3,17,3,102 59 211,102 59 211,
370,1366,MD,Mohenjodaro,MIC vol III,1,seal,0,0,1,right-to-left,71,Animals,Elephant to R.,-3,18,3,103 403 342,103 403 342,
371,1367,MD,Mohenjodaro,MIC vol III,1,seal,0,0,1,right-to-left,71,Animals,Elephant to R.,-4,22,5,267 99 67 175 206,267 99 67 175 206,
372,1368,MD,Mohenjodaro,MIC vol III,1,seal,0,0,1,right-to-left,71,Animals,Elephant to R.,-4,25,3,*059 *342 139,59 342 139,1 2
373,1369,MD,Mohenjodaro,MIC vol III,1,seal,0,0,1,right-to-left,75,Animals,Elephant to R. facing feeding trough.,-5,25,6,267 99 65 403 87 342,267 99 65 403 87 342,
374,1370,MD,Mohenjodaro,MIC vol III,1,seal,0,0,1,right-to-left,71,Animals,Elephant to R.,-3,17,5,72 51 130 149 342,72 51 130 149 342,
375,1372,MD,Mohenjodaro,MIC vol III,1,seal,0,0,1,right-to-left,71,Animals,Elephant to R.,-3,17,4,267 99 *171 0,267 99 171 0,3
376,1373,MD,Mohenjodaro,MIC vol III,1,seal,0,0,1,right-to-left,71,Animals,Elephant to R.,-8,17,7,17 293 61 100 67 135 342,17 293 61 100 67 135 342,
377,1374,MD,Mohenjodaro,MIC vol III,1,seal,0,0,1,right-to-left,71,Animals,Elephant to R.,-2,17,3,65 348 342,65 348 342,
378,1376,MD,Mohenjodaro,MIC vol III,1,seal,0,0,1,right-to-left,202,Animals,"Uncertain bovine animal above, elephant below, both to L.",-6,17,3,102 59 342,102 59 342,
379,1379,MD,Mohenjodaro,MIC vol III,1,seal,0,0,1,right-to-left,0,No field symbol,No Field Symbol,-4,17,4,65 67 51 0,65 67 51 0,
380,1380,MD,Mohenjodaro,MIC vol III,1,seal,0,0,1,right-to-left,251,Animals,"Fabulous animal to R. with body of ram, horns of bull, trunk of elephant, hind legs of tiger and upraised serpent-like tail.",-6,17,3,65 70 211,65 70 211,
381,1381,MD,Mohenjodaro,MIC vol III,1,seal,0,0,1,right-to-left,251,Animals,"Fabulous animal to R. with body of ram, horns of bull, trunk of elephant, hind legs of tiger and upraised serpent-like tail.",-5,20,3,17 403 0,17 403 0,
382,1382,MD,Mohenjodaro,MIC vol III,1,seal,0,0,3,single sign,302,Animals,Fabulous animal to L. with body of ox and three heads: two of Antelopes (one looking forward and the other backward) and one of short-horned bull (looking down).,0,11,1,165,165,
383,1383,MD,Mohenjodaro,MIC vol III,1,seal,0,0,9,no text,340,Animals,"Composite motif consisting of six heads of animals viz., those of unicorn, short-horned bull, antelope, tiger and two other uncertain animals, radiating from a ring.",-3,27,2,17 0,17 0,
384,1385,MD,Mohenjodaro,MIC vol III,1,seal,0,0,1,right-to-left,231,Animals,Fabulous animal to R. with dotted circles on its body.,-2,3,4,86 98 347 342,86 98 347 342,
385,1386,MD,Mohenjodaro,MIC vol III,1,seal,0,0,1,right-to-left,330,Animals,Composite motif made up of three tigers joined together.,-4,25,6,267 99 0 342 1 242,267 99 0 342 1 242,
386,1387,MD,Mohenjodaro,MIC vol III,1,seal,0,0,1,right-to-left,280,Animals,"Two heads of unicorns, joined end to end, under a stylized pipal tree.",-5,24,5,286 123 59 211 242,286 123 59 211 242,
387,1388,MD,Mohenjodaro,MIC vol III,1,seal,0,0,1,right-to-left,11,Animals,Unicorn to R. No cult object in front.,-9,20,5,197 249 343 67 211,197 249 343 67 211,
388,1389,MD,Mohenjodaro,MIC vol III,1,seal,0,1,1,right-to-left,0,No field symbol,No Field Symbol,0,26,4,233 336 375 252,233 336 375 252,
389,1389,MD,Mohenjodaro,MIC vol III,1,seal,0,2,1,right-to-left,0,No field symbol,No Field Symbol,0,26,3,0 187 *233,0 187 233,3
390,1390,MD,Mohenjodaro,MIC vol III,1,seal,0,0,1,right-to-left,0,No field symbol,No Field Symbol,-9,2,4,0 *130 149 342,0 130 149 342,2
391,1391,MD,Mohenjodaro,MIC vol III,1,seal,0,0,1,right-to-left,0,No field symbol,No Field Symbol,-2,25,7,199 99 *153 153 *347 342 0,199 99 153 153 347 342 0,3 5
392,1392,MD,Mohenjodaro,MIC vol III,1,seal,0,0,1,right-to-left,0,No field symbol,No Field Symbol,-2,20,3,0 338 162,0 338 162,
393,1393,MD,Mohenjodaro,MIC vol III,1,seal,0,0,1,right-to-left,0,No field symbol,No Field Symbol,-3,17,5,112 194 8 140 342,112 194 8 140 342,
394,1394,MD,Mohenjodaro,MIC vol III,1,seal,0,0,1,right-to-left,0,No field symbol,No Field Symbol,-7,25,3,394 402 98,394 402 98,
395,1395,MD,Mohenjodaro,MIC vol III,1,seal,0,0,1,right-to-left,0,No field symbol,No Field Symbol,-6,20,6,343 74 400 99 104 162,343 74 400 99 104 162,
396,1396,MD,Mohenjodaro,MIC vol III,1,seal,0,1,1,right-to-left,999,Damaged/illegible,An uncertain/illegible field symbol.,-4,17,4,284 99 65 0,284 99 65 0,
397,1396,MD,Mohenjodaro,MIC vol III,1,seal,0,2,1,right-to-left,999,Damaged/illegible,An uncertain/illegible field symbol.,-4,17,3,150 307 267,150 307 267,
398,1397,MD,Mohenjodaro,MIC vol III,1,seal,0,0,1,right-to-left,0,No field symbol,No Field Symbol,-12,22,6,0 *341 336 180 163 404,0 341 336 180 163 404,2
399,1398,MD,Mohenjodaro,MIC vol III,1,seal,0,0,1,right-to-left,0,No field symbol,No Field Symbol,-9,25,3,53 70 0,53 70 0,
400,1399,MD,Mohenjodaro,MIC vol III,1,seal,0,0,1,right-to-left,0,No field symbol,No Field Symbol,0,1,4,*053 171 59 0,53 171 59 0,1
401,1400,MD,Mohenjodaro,MIC vol III,1,seal,0,1,1,right-to-left,0,No field symbol,No Field Symbol,-3,17,6,391 99 65 67 70 211,391 99 65 67 70 211,
402,1400,MD,Mohenjodaro,MIC vol III,1,seal,0,2,1,right-to-left,0,No field symbol,No Field Symbol,-3,17,4,179 336 347 342,179 336 347 342,
403,1400,MD,Mohenjodaro,MIC vol III,1,seal,0,3,1,right-to-left,0,No field symbol,No Field Symbol,-3,17,7,89 375 180 28 162 267 *051,89 375 180 28 162 267 51,7
404,1401,MD,Mohenjodaro,MIC vol III,1,seal,0,0,1,right-to-left,0,No field symbol,No Field Symbol,-8,16,8,391 97 389 67 178 389 8 342,391 97 389 67 178 389 8 342,
405,1402,MD,Mohenjodaro,MIC vol III,1,seal,0,0,1,right-to-left,0,No field symbol,No Field Symbol,-8,18,6,249 342 345 97 106 169,249 342 345 97 106 169,
406,1403,MD,Mohenjodaro,MIC vol III,1,seal,0,0,1,right-to-left,0,No field symbol,No Field Symbol,0,26,8,28 303 100 66 407 169 334 342,28 303 100 66 407 169 334 342,
407,1404,MD,Mohenjodaro,MIC vol III,1,seal,0,0,1,right-to-left,0,No field symbol,No Field Symbol,-7,20,8,249 342 345 65 67 121 135 342,249 342 345 65 67 121 135 342,
408,1405,MD,Mohenjodaro,MIC vol III,1,seal,0,0,1,right-to-left,0,No field symbol,No Field Symbol,-3,16,5,391 97 234 8 342,391 97 234 8 342,
409,1406,MD,Mohenjodaro,MIC vol III,1,seal,0,0,1,right-to-left,0,No field symbol,No Field Symbol,-8,2,8,17 293 391 87 28 189 252 176,17 293 391 87 28 189 252 176,
410,1407,MD,Mohenjodaro,MIC vol III,1,seal,0,0,1,right-to-left,0,No field symbol,No Field Symbol,-3,24,5,391 99 *171 8 342,391 99 171 8 342,3
411,1408,MD,Mohenjodaro,MIC vol III,1,seal,0,0,1,right-to-left,0,No field symbol,No Field Symbol,-2,28,4,0 192 358 0,0 192 358 0,
412,1409,MD,Mohenjodaro,MIC vol III,1,seal,0,0,1,right-to-left,0,No field symbol,No Field Symbol,-3,24,4,0 59 407 169,0 59 407 169,
413,1410,MD,Mohenjodaro,MIC vol III,1,seal,0,0,1,right-to-left,0,No field symbol,No Field Symbol,-4,22,4,18 211 126 169,18 211 126 169,
414,1411,MD,Mohenjodaro,MIC vol III,1,seal,0,0,1,right-to-left,0,No field symbol,No Field Symbol,-5,26,2,102 169,102 169,
415,1412,MD,Mohenjodaro,MIC vol III,1,seal,1,0,1,right-to-left,0,No field symbol,No Field Symbol,-2,27,2,182 149,182 149,
416,1412,MD,Mohenjodaro,MIC vol III,1,seal,2,0,1,right-to-left,0,No field symbol,No Field Symbol,-2,27,4,216 123 149 342,216 123 149 342,
417,1414,MD,Mohenjodaro,MIC vol III,1,seal,0,0,1,right-to-left,0,No field symbol,No Field Symbol,-4,4,5,65 336 89 121 342,65 336 89 121 342,
418,1415,MD,Mohenjodaro,MIC vol III,1,seal,0,0,1,right-to-left,0,No field symbol,No Field Symbol,-5,26,4,72 121 358 342,72 121 358 342,
419,1416,MD,Mohenjodaro,MIC vol III,1,seal,0,0,1,right-to-left,0,No field symbol,No Field Symbol,-2,26,5,286 99 204 230 342,286 99 204 230 342,
420,1417,MD,Mohenjodaro,MIC vol III,1,seal,0,0,1,right-to-left,0,No field symbol,No Field Symbol,-4,18,4,28 233 343 0,28 233 343 0,
421,1418,MD,Mohenjodaro,MIC vol III,1,seal,0,0,1,right-to-left,0,No field symbol,No Field Symbol,-3,25,7,65 249 169 342 97 104 169,65 249 169 342 97 104 169,
422,1419,MD,Mohenjodaro,MIC vol III,1,seal,0,0,1,right-to-left,0,No field symbol,No Field Symbol,-3,17,8,344 389 171 59 341 294 8 0,344 389 171 59 341 294 8 0,
423,1420,MD,Mohenjodaro,MIC vol III,1,seal,0,0,1,right-to-left,0,No field symbol,No Field Symbol,-8,18,7,175 230 344 53 65 233 342,175 230 344 53 65 233 342,
424,1421,MD,Mohenjodaro,MIC vol III,1,seal,0,0,1,right-to-left,0,No field symbol,No Field Symbol,-3,20,10,216 123 65 244 58 294 375 72 244 56,216 123 65 244 58 294 375 72 244 56,
425,1422,MD,Mohenjodaro,MIC vol III,1,seal,0,0,1,right-to-left,0,No field symbol,No Field Symbol,-6,17,2,106 169,106 169,
426,1423,MD,Mohenjodaro,MIC vol III,1,seal,0,0,1,right-to-left,0,No field symbol,No Field Symbol,-2,25,4,345 *249 169 342,345 249 169 342,2
427,1424,MD,Mohenjodaro,MIC vol III,1,seal,0,0,1,right-to-left,0,No field symbol,No Field Symbol,-5,26,6,267 99 98 25 245 245,267 99 98 25 245 245,
428,1425,MD,Mohenjodaro,MIC vol III,1,seal,0,0,1,right-to-left,0,No field symbol,No Field Symbol,-6,18,5,66 336 89 124 169,66 336 89 124 169,
429,1426,MD,Mohenjodaro,MIC vol III,1,seal,0,0,1,right-to-left,0,No field symbol,No Field Symbol,-3,16,7,341 309 267 99 48 8 342,341 309 267 99 48 8 342,
430,1427,MD,Mohenjodaro,MIC vol III,1,seal,0,0,2,left-to-right,0,No field symbol,No Field Symbol,-4,24,3,41 104 *162,41 104 162,3
431,1429,MD,Mohenjodaro,MIC vol III,1,seal,0,0,1,right-to-left,0,No field symbol,No Field Symbol,-9,27,11,267 99 53 171 59 336 89 360 249 169 342,267 99 53 171 59 336 89 360 249 169 342,
432,1430,MD,Mohenjodaro,MIC vol III,1,seal,0,0,1,right-to-left,0,No field symbol,No Field Symbol,-6,16,6,391 99 389 249 169 342,391 99 389 249 169 342,
433,1431,MD,Mohenjodaro,MIC vol III,1,seal,0,0,1,right-to-left,0,No field symbol,No Field Symbol,-1,16,7,80 89 344 67 72 403 162,80 89 344 67 72 403 162,
434,1432,MD,Mohenjodaro,MIC vol III,1,seal,0,0,1,right-to-left,0,No field symbol,No Field Symbol,-4,18,6,0 99 98 87 284 342,0 99 98 87 284 342,
435,1433,MD,Mohenjodaro,MIC vol III,1,seal,0,0,1,right-to-left,0,No field symbol,No Field Symbol,-4,17,6,267 99 65 249 162 342,267 99 65 249 162 342,
436,1434,MD,Mohenjodaro,MIC vol III,1,seal,0,0,1,right-to-left,0,No field symbol,No Field Symbol,-3,20,4,297 345 53 0,297 345 53 0,
437,1435,MD,Mohenjodaro,MIC vol III,1,seal,1,0,1,right-to-left,0,No field symbol,No Field Symbol,-5,23,5,53 112 197 342 139,53 112 197 342 139,
438,1435,MD,Mohenjodaro,MIC vol III,1,seal,2,0,2,left-to-right,0,No field symbol,No Field Symbol,-5,23,3,197 342 139,197 342 139,
439,1436,MD,Mohenjodaro,MIC vol III,1,seal,0,0,1,right-to-left,0,No field symbol,No Field Symbol,-4,18,6,391 99 98 178 389 15,391 99 98 178 389 15,
440,1437,MD,Mohenjodaro,MIC vol III,1,seal,0,0,1,right-to-left,0,No field symbol,No Field Symbol,-3,25,3,25 245 245,25 245 245,
441,1438,MD,Mohenjodaro,MIC vol III,1,seal,0,0,1,right-to-left,0,No field symbol,No Field Symbol,-1,28,6,391 97 48 258 193 342,391 97 48 258 193 342,
442,1439,MD,Mohenjodaro,MIC vol III,1,seal,0,0,1,right-to-left,0,No field symbol,No Field Symbol,-8,25,5,296 342 98 109 169,296 342 98 109 169,
443,1441,MD,Mohenjodaro,MIC vol III,1,seal,0,0,1,right-to-left,0,No field symbol,No Field Symbol,-5,18,2,106 169,106 169,
444,1442,MD,Mohenjodaro,MIC vol III,1,seal,0,0,1,right-to-left,0,No field symbol,No Field Symbol,-3,18,6,293 123 343 112 *197 0,293 123 343 112 197 0,5
445,1443,MD,Mohenjodaro,MIC vol III,1,seal,0,0,1,right-to-left,0,No field symbol,No Field Symbol,-2,18,3,0 *169 342,0 169 342,2
446,1444,MD,Mohenjodaro,MIC vol III,1,seal,0,0,1,right-to-left,0,No field symbol,No Field Symbol,-2,20,5,391 123 247 258 302,391 123 247 258 302,
447,1445,MD,Mohenjodaro,MIC vol III,1,seal,0,0,1,right-to-left,0,No field symbol,No Field Symbol,-5,15,4,284 99 389 0,284 99 389 0,
448,1446,MD,Mohenjodaro,MIC vol III,1,seal,0,0,1,right-to-left,0,No field symbol,No Field Symbol,-3,16,3,0 *327 342,0 327 342,2
449,1447,MD,Mohenjodaro,MIC vol III,1,seal,0,0,1,right-to-left,0,No field symbol,No Field Symbol,-6,20,5,53 67 70 222 254,53 67 70 222 254,
450,1448,MD,Mohenjodaro,MIC vol III,1,seal,0,0,1,right-to-left,0,No field symbol,No Field Symbol,-10,18,5,0 197 342 124 169,0 197 342 124 169,
451,1449,MD,Mohenjodaro,MIC vol III,1,seal,0,0,1,right-to-left,0,No field symbol,No Field Symbol,-6,25,4,40 97 104 169,40 97 104 169,
452,1450,MD,Mohenjodaro,MIC vol III,1,seal,0,0,1,right-to-left,0,No field symbol,No Field Symbol,-4,25,5,171 59 17 261 86,171 59 17 261 86,
453,1451,MD,Mohenjodaro,MIC vol III,1,seal,0,0,1,right-to-left,0,No field symbol,No Field Symbol,-3,22,4,267 99 155 169,267 99 155 169,
454,1452,MD,Mohenjodaro,MIC vol III,1,seal,0,0,1,right-to-left,0,No field symbol,No Field Symbol,-3,24,6,239 293 338 97 *001 0,239 293 338 97 1 0,5
455,1453,MD,Mohenjodaro,MIC vol III,1,seal,0,0,1,right-to-left,0,No field symbol,No Field Symbol,-3,18,2,104 *169,104 169,2
456,1454,MD,Mohenjodaro,MIC vol III,1,seal,0,0,1,right-to-left,0,No field symbol,No Field Symbol,0,15,6,0 70 389 102 287 0,0 70 389 102 287 0,
457,1455,MD,Mohenjodaro,MIC vol III,1,seal,0,0,1,right-to-left,0,No field symbol,No Field Symbol,-4,18,5,391 97 70 72 0,391 97 70 72 0,
458,1456,MD,Mohenjodaro,MIC vol III,1,seal,0,0,1,right-to-left,0,No field symbol,No Field Symbol,-6,25,7,267 99 72 336 89 216 254,267 99 72 336 89 216 254,
459,1457,MD,Mohenjodaro,MIC vol III,1,seal,0,0,1,right-to-left,0,No field symbol,No Field Symbol,-10,20,6,293 245 344 301 155 211,293 245 344 301 155 211,
460,1458,MD,Mohenjodaro,MIC vol III,1,seal,0,0,1,right-to-left,0,No field symbol,No Field Symbol,-8,5,6,0 53 171 59 407 169,0 53 171 59 407 169,
461,1459,MD,Mohenjodaro,MIC vol III,1,seal,0,0,1,right-to-left,0,No field symbol,No Field Symbol,-3,22,5,0 345 204 230 342,0 345 204 230 342,
462,1460,MD,Mohenjodaro,MIC vol III,1,seal,0,0,1,right-to-left,0,No field symbol,No Field Symbol,-10,20,3,106 287 342,106 287 342,
463,1461,MD,Mohenjodaro,MIC vol III,1,seal,0,0,1,right-to-left,0,No field symbol,No Field Symbol,-2,18,5,*202 240 345 294 0,202 240 345 294 0,1
464,1462,MD,Mohenjodaro,MIC vol III,1,seal,0,0,1,right-to-left,0,No field symbol,No Field Symbol,-6,17,5,293 123 344 387 0,293 123 344 387 0,
465,1463,MD,Mohenjodaro,MIC vol III,1,seal,0,0,1,right-to-left,0,No field symbol,No Field Symbol,-4,22,4,336 391 252 0,336 391 252 0,
466,1464,MD,Mohenjodaro,MIC vol III,1,seal,0,0,1,right-to-left,0,No field symbol,No Field Symbol,-2,18,4,336 341 327 15,336 341 327 15,
467,1465,MD,Mohenjodaro,MIC vol III,1,seal,0,0,1,right-to-left,0,No field symbol,No Field Symbol,-1,20,4,267 99 174 342,267 99 174 342,
468,1466,MD,Mohenjodaro,MIC vol III,1,seal,0,0,1,right-to-left,0,No field symbol,No Field Symbol,-1,25,5,267 99 204 110 342,267 99 204 110 342,
469,1467,MD,Mohenjodaro,MIC vol III,1,seal,0,0,1,right-to-left,0,No field symbol,No Field Symbol,-4,25,4,389 72 407 169,389 72 407 169,
470,1468,MD,Mohenjodaro,MIC vol III,1,seal,0,0,1,right-to-left,0,No field symbol,No Field Symbol,-4,18,7,391 99 87 59 72 8 342,391 99 87 59 72 8 342,
471,1469,MD,Mohenjodaro,MIC vol III,1,seal,0,0,1,right-to-left,0,No field symbol,No Field Symbol,-10,18,6,293 123 345 171 8 342,293 123 345 171 8 342,
472,1470,MD,Mohenjodaro,MIC vol III,1,seal,0,0,1,right-to-left,0,No field symbol,No Field Symbol,-2,18,5,121 65 72 259 342,121 65 72 259 342,
473,1471,MD,Mohenjodaro,MIC vol III,9,miscellaneous,1,1,1,right-to-left,0,No field symbol,No Field Symbol,-9,16,3,240 302 156,240 302 156,
474,1471,MD,Mohenjodaro,MIC vol III,9,miscellaneous,1,2,1,right-to-left,0,No field symbol,No Field Symbol,-9,16,3,104 205 107,104 205 107,
475,1471,MD,Mohenjodaro,MIC vol III,9,miscellaneous,2,0,1,right-to-left,0,No field symbol,No Field Symbol,-9,16,2,98 287,98 287,
476,1471,MD,Mohenjodaro,MIC vol III,9,miscellaneous,3,0,1,right-to-left,0,No field symbol,No Field Symbol,-9,16,4,287 136 323 287,287 136 323 287,
477,1471,MD,Mohenjodaro,MIC vol III,9,miscellaneous,4,0,3,single sign,0,No field symbol,No Field Symbol,-9,16,1,102,102,
478,1474,MD,Mohenjodaro,MIC vol III,1,seal,0,0,1,right-to-left,0,No field symbol,No Field Symbol,-4,26,3,59 341 342,59 341 342,
479,1475,MD,Mohenjodaro,MIC vol III,1,seal,1,0,1,right-to-left,0,No field symbol,No Field Symbol,-3,28,4,328 328 267 99,328 328 267 99,
480,1475,MD,Mohenjodaro,MIC vol III,1,seal,2,0,1,right-to-left,0,No field symbol,No Field Symbol,-3,28,2,48 15,48 15,
481,1477,MD,Mohenjodaro,MIC vol III,1,seal,0,0,1,right-to-left,0,No field symbol,No Field Symbol,0,25,4,328 328 267 99,328 328 267 99,
482,1478,MD,Mohenjodaro,MIC vol III,1,seal,0,0,1,right-to-left,0,No field symbol,No Field Symbol,-5,20,8,391 123 100 375 17 250 121 0,391 123 100 375 17 250 121 0,
483,1479,MD,Mohenjodaro,MIC vol III,1,seal,0,0,1,right-to-left,0,No field symbol,No Field Symbol,-5,4,4,0 216 211 176,0 216 211 176,
484,1480,MD,Mohenjodaro,MIC vol III,1,seal,0,0,9,no text,0,No field symbol,No Field Symbol,0,28,2,0 60,0 60,
485,1482,MD,Mohenjodaro,MIC vol III,1,seal,0,0,3,single sign,0,No field symbol,No Field Symbol,-9,16,1,7,7,
486,1483,MD,Mohenjodaro,MIC vol III,1,seal,0,0,5,doubtful,0,No field symbol,No Field Symbol,0,24,2,1 1,1 1,
487,1484,MD,Mohenjodaro,MIC vol III,1,seal,0,0,9,no text,0,No field symbol,No Field Symbol,-4,29,3,0 59 0,0 59 0,
488,1486,MD,Mohenjodaro,MIC vol III,1,seal,0,0,9,no text,0,No field symbol,No Field Symbol,-2,25,2,267 0,267 0,
489,1487,MD,Mohenjodaro,MIC vol III,1,seal,0,0,1,right-to-left,11,Animals,Unicorn to R. No cult object in front.,0,18,2,48 342,48 342,
490,1488,MD,Mohenjodaro,MIC vol III,1,seal,0,0,1,right-to-left,0,No field symbol,No Field Symbol,-8,24,3,0 347 342,0 347 342,
491,1489,MD,Mohenjodaro,MIC vol III,1,seal,0,0,1,right-to-left,0,No field symbol,No Field Symbol,0,39,3,0 89 *342,0 89 342,3
492,1490,MD,Mohenjodaro,MIC vol III,1,seal,0,0,1,right-to-left,11,Animals,Unicorn to R. No cult object in front.,-5,18,3,391 391 342,391 391 342,
493,1491,MD,Mohenjodaro,MIC vol III,1,seal,0,0,1,right-to-left,0,No field symbol,No Field Symbol,-2,28,6,0 99 87 59 296 0,0 99 87 59 296 0,
494,1492,MD,Mohenjodaro,MIC vol III,1,seal,0,0,1,right-to-left,0,No field symbol,No Field Symbol,-6,25,4,0 99 65 0,0 99 65 0,
495,1494,MD,Mohenjodaro,MIC vol III,1,seal,0,0,1,right-to-left,0,No field symbol,No Field Symbol,-2,25,7,267 99 47 340 342 97 173,267 99 47 340 342 97 173,
496,1495,MD,Mohenjodaro,MIC vol III,1,seal,0,0,9,no text,0,No field symbol,No Field Symbol,-2,25,2,230 0,230 0,
497,1496,MD,Mohenjodaro,MIC vol III,1,seal,0,0,1,right-to-left,0,No field symbol,No Field Symbol,0,30,3,0 336 17,0 336 17,
498,1497,MD,Mohenjodaro,MIC vol III,1,seal,0,0,1,right-to-left,0,No field symbol,No Field Symbol,-4,20,5,*059 182 293 216 0,59 182 293 216 0,1
499,1498,MD,Mohenjodaro,MIC vol III,1,seal,0,0,1,right-to-left,0,No field symbol,No Field Symbol,-7,27,4,391 99 *059 0,391 99 59 0,3
500,1499,MD,Mohenjodaro,MIC vol III,1,seal,0,0,1,right-to-left,351,Animals,Uncertain animal (mostly bovine) to R.,-5,25,3,0 294 342,0 294 342,
501,1527,MD,Mohenjodaro,MIC vol III,1,seal,1,1,2,left-to-right,0,No field symbol,No Field Symbol,-5,27,3,17 250 *176,17 250 176,3
502,1527,MD,Mohenjodaro,MIC vol III,1,seal,1,2,2,left-to-right,0,No field symbol,No Field Symbol,-5,27,5,102 *097 149 89 328,102 97 149 89 328,2
503,1527,MD,Mohenjodaro,MIC vol III,1,seal,2,9,0,unrecorded,441,Trees and leaves,Kino Tree.,-5,27,0,,,
504,1529,MD,Mohenjodaro,MIC vol III,7,ivory/bone rod,0,0,1,right-to-left,981,"Symbols, motifs, geometric patterns",Ornamental borders at either end of the field consisting of vertical lines.,-4,17,5,67 103 403 342 176,67 103 403 342 176,
505,1530,MD,Mohenjodaro,MIC vol III,7,ivory/bone rod,0,0,1,right-to-left,0,No field symbol,No Field Symbol,-3,18,5,67 103 403 342 176,67 103 403 342 176,
506,1531,MD,Mohenjodaro,MIC vol III,7,ivory/bone rod,0,0,1,right-to-left,981,"Symbols, motifs, geometric patterns",Ornamental borders at either end of the field consisting of vertical lines.,-4,24,4,171 59 342 176,171 59 342 176,
507,1532,MD,Mohenjodaro,MIC vol III,7,ivory/bone rod,0,0,1,right-to-left,0,No field symbol,No Field Symbol,-12,20,4,95 328 2 12,95 328 2 12,
508,1533,MD,Mohenjodaro,MIC vol III,7,ivory/bone rod,0,0,1,right-to-left,984,"Symbols, motifs, geometric patterns",Ornamental borders of hatched lines at one or both ends of the field.,-10,20,2,221 254,221 254,
509,1534,MD,Mohenjodaro,MIC vol III,1,seal,0,0,1,right-to-left,71,Animals,Elephant to R.,-8,25,6,234 99 67 70 211 242,234 99 67 70 211 242,
510,1535,MD,Mohenjodaro,MIC vol III,1,seal,0,0,1,right-to-left,71,Animals,Elephant to R.,-3,20,4,86 124 344 68,86 124 344 68,
511,1536,MD,Mohenjodaro,MIC vol III,1,seal,0,0,1,right-to-left,45,Animals,Short-horned bull to R. facing feeding trough.,-6,18,7,146 195 343 403 87 342 1,146 195 343 403 87 342 1,
512,1537,MD,Mohenjodaro,MIC vol III,1,seal,0,0,1,right-to-left,13,Animals,Unicorn to R. facing cult object.,-3,20,6,267 99 322 342 204 162,267 99 322 342 204 162,
513,1538,MD,Mohenjodaro,MIC vol III,1,seal,0,0,1,right-to-left,351,Animals,Uncertain animal (mostly bovine) to R.,-4,25,3,284 124 342,284 124 342,
514,1539,MD,Mohenjodaro,MIC vol III,1,seal,0,0,1,right-to-left,13,Animals,Unicorn to R. facing cult object.,-2,25,5,249 162 402 89 89,249 162 402 89 89,
515,1540,MD,Mohenjodaro,MIC vol III,1,seal,0,0,1,right-to-left,13,Animals,Unicorn to R. facing cult object.,-5,26,10,341 206 99 387 65 171 59 87 294 342,341 206 99 387 65 171 59 87 294 342,
516,1541,MD,Mohenjodaro,MIC vol III,1,seal,0,0,1,right-to-left,13,Animals,Unicorn to R. facing cult object.,-2,16,6,53 336 89 403 87 342,53 336 89 403 87 342,
517,1542,MD,Mohenjodaro,MIC vol III,1,seal,0,0,1,right-to-left,45,Animals,Short-horned bull to R. facing feeding trough.,-6,13,4,102 216 245 245,102 216 245 245,
518,1543,MD,Mohenjodaro,MIC vol III,1,seal,0,0,1,right-to-left,13,Animals,Unicorn to R. facing cult object.,-1,17,5,391 123 171 59 211,391 123 171 59 211,
519,1544,MD,Mohenjodaro,MIC vol III,1,seal,0,0,1,right-to-left,13,Animals,Unicorn to R. facing cult object.,-4,24,8,50 56 99 98 65 67 336 0,50 56 99 98 65 67 336 0,
520,1545,MD,Mohenjodaro,MIC vol III,1,seal,0,0,1,right-to-left,0,No field symbol,No Field Symbol,0,18,4,0 125 176 176,0 125 176 176,
521,1547,MD,Mohenjodaro,MIC vol III,1,seal,0,0,3,single sign,0,No field symbol,No Field Symbol,0,18,1,391,391,
522,1548,MD,Mohenjodaro,MIC vol III,1,seal,0,0,1,right-to-left,13,Animals,Unicorn to R. facing cult object.,-9,16,3,121 342 318,121 342 318,
523,1549,MD,Mohenjodaro,MIC vol III,1,seal,0,0,1,right-to-left,13,Animals,Unicorn to R. facing cult object.,0,39,9,391 341 99 87 59 51 130 149 *342,391 341 99 87 59 51 130 149 342,9
524,1550,MD,Mohenjodaro,MIC vol III,1,seal,0,1,1,right-to-left,11,Animals,Unicorn to R. No cult object in front.,-2,17,3,67 244 342,67 244 342,
525,1550,MD,Mohenjodaro,MIC vol III,1,seal,0,2,3,single sign,11,Animals,Unicorn to R. No cult object in front.,-2,17,1,242,242,
526,1551,MD,Mohenjodaro,MIC vol III,1,seal,0,0,1,right-to-left,351,Animals,Uncertain animal (mostly bovine) to R.,-3,17,5,267 99 87 59 211,267 99 87 59 211,
527,1552,MD,Mohenjodaro,MIC vol III,1,seal,0,0,1,right-to-left,13,Animals,Unicorn to R. facing cult object.,-8,24,8,87 403 180 99 98 379 245 245,87 403 180 99 98 379 245 245,
528,1553,MD,Mohenjodaro,MIC vol III,1,seal,0,0,1,right-to-left,13,Animals,Unicorn to R. facing cult object.,-4,5,9,397 1 267 99 67 342 112 194 342,397 1 267 99 67 342 112 194 342,
529,1554,MD,Mohenjodaro,MIC vol III,1,seal,0,0,1,right-to-left,13,Animals,Unicorn to R. facing cult object.,-2,24,5,267 99 59 211 242,267 99 59 211 242,
530,1555,MD,Mohenjodaro,MIC vol III,1,seal,0,0,1,right-to-left,13,Animals,Unicorn to R. facing cult object.,-18,2,8,17 162 343 65 175 230 53 342,17 162 343 65 175 230 53 342,
531,1556,MD,Mohenjodaro,MIC vol III,1,seal,0,0,1,right-to-left,13,Animals,Unicorn to R. facing cult object.,-6,25,6,59 160 343 249 162 342,59 160 343 249 162 342,
532,1557,MD,Mohenjodaro,MIC vol III,1,seal,0,0,1,right-to-left,13,Animals,Unicorn to R. facing cult object.,-6,20,9,0 99 53 67 336 89 112 194 342,0 99 53 67 336 89 112 194 342,
533,1558,MD,Mohenjodaro,MIC vol III,2,sealing,0,0,1,right-to-left,0,No field symbol,No Field Symbol,0,16,2,104 *169,104 169,2
534,1559,MD,Mohenjodaro,MIC vol III,2,sealing,0,0,1,right-to-left,0,No field symbol,No Field Symbol,0,15,4,397 99 216 254,397 99 216 254,
535,1560,MD,Mohenjodaro,MIC vol III,2,sealing,0,0,1,right-to-left,0,No field symbol,No Field Symbol,-3,20,4,336 89 87 373,336 89 87 373,
536,1561,MD,Mohenjodaro,MIC vol III,1,seal,0,0,1,right-to-left,0,No field symbol,No Field Symbol,-4,13,3,204 230 342,204 230 342,
537,1563,MD,Mohenjodaro,MIC vol III,1,seal,0,0,1,right-to-left,45,Animals,Short-horned bull to R. facing feeding trough.,-8,24,4,267 99 48 12,267 99 48 12,
538,1602,MD,Mohenjodaro,MIC vol III,2,sealing,0,0,1,right-to-left,0,No field symbol,No Field Symbol,-2,25,7,134 86 99 65 192 347 *342,134 86 99 65 192 347 342,7
539,1603,MD,Mohenjodaro,MIC vol III,2,sealing,1,0,1,right-to-left,251,Animals,"Fabulous animal to R. with body of ram, horns of bull, trunk of elephant, hind legs of tiger and upraised serpent-like tail.",-6,5,2,336 321,336 321,
540,1603,MD,Mohenjodaro,MIC vol III,2,sealing,2,0,1,right-to-left,251,Animals,"Fabulous animal to R. with body of ram, horns of bull, trunk of elephant, hind legs of tiger and upraised serpent-like tail.",-6,5,2,336 321,336 321,
541,1604,MD,Mohenjodaro,MIC vol III,2,sealing,1,0,3,single sign,0,No field symbol,No Field Symbol,-6,20,1,63,63,
542,1604,MD,Mohenjodaro,MIC vol III,2,sealing,2,9,0,unrecorded,111,Animals,Rhinoceros to R.,-6,20,0,,,
543,1605,MD,Mohenjodaro,MIC vol III,2,sealing,1,0,1,right-to-left,0,No field symbol,No Field Symbol,-10,16,6,87 403 99 387 17 261,87 403 99 387 17 261,
544,1605,MD,Mohenjodaro,MIC vol III,2,sealing,2,9,0,unrecorded,580,Anthropomorphic forms,"Four persons in a procession, each carrying a standard, one of which has the figure of unicorn at top andanother has the lower bowl and staff of the cult object.",-10,16,0,,,
545,1606,MD,Mohenjodaro,MIC vol III,2,sealing,0,0,1,right-to-left,11,Animals,Unicorn to R. No cult object in front.,-5,28,5,264 387 336 89 211,264 387 336 89 211,
546,1607,MD,Mohenjodaro,MIC vol III,2,sealing,1,0,1,right-to-left,13,Animals,Unicorn to R. facing cult object.,-8,25,5,*018 342 48 342 1,18 342 48 342 1,1
547,1607,MD,Mohenjodaro,MIC vol III,2,sealing,2,9,0,unrecorded,940,"Symbols, motifs, geometric patterns",Radiating solar symbol.,-8,25,0,,,
548,1608,MD,Mohenjodaro,MIC vol III,2,sealing,1,0,1,right-to-left,0,No field symbol,No Field Symbol,-8,16,6,87 403 99 387 17 261,87 403 99 387 17 261,
549,1608,MD,Mohenjodaro,MIC vol III,2,sealing,2,9,0,unrecorded,580,Anthropomorphic forms,"Four persons in a procession, each carrying a standard, one of which has the figure of unicorn at top andanother has the lower bowl and staff of the cult object.",-8,16,0,,,
550,1609,MD,Mohenjodaro,MIC vol III,2,sealing,1,0,1,right-to-left,0,No field symbol,No Field Symbol,-10,28,6,0 336 89 249 162 342,0 336 89 249 162 342,
551,1609,MD,Mohenjodaro,MIC vol III,2,sealing,2,9,0,unrecorded,111,Animals,Rhinoceros to R.,-10,28,0,,,
552,1610,MD,Mohenjodaro,MIC vol III,2,sealing,1,0,3,single sign,111,Animals,Rhinoceros to R.,-2,16,1,63,63,
553,1610,MD,Mohenjodaro,MIC vol III,2,sealing,2,0,3,single sign,111,Animals,Rhinoceros to R.,-2,16,1,63,63,
554,1611,MD,Mohenjodaro,MIC vol III,2,sealing,1,0,3,single sign,111,Animals,Rhinoceros to R.,-9,20,1,63,63,
555,1611,MD,Mohenjodaro,MIC vol III,2,sealing,2,0,3,single sign,111,Animals,Rhinoceros to R.,-9,20,1,63,63,
556,1613,MD,Mohenjodaro,MIC vol III,2,sealing,1,0,3,single sign,111,Animals,Rhinoceros to R.,-2,17,1,63,63,
557,1613,MD,Mohenjodaro,MIC vol III,2,sealing,2,0,3,single sign,111,Animals,Rhinoceros to R.,-2,17,1,63,63,
558,1615,MD,Mohenjodaro,MIC vol III,2,sealing,0,0,1,right-to-left,0,No field symbol,No Field Symbol,-3,17,6,389 65 249 169 342 176,389 65 249 169 342 176,
559,1616,MD,Mohenjodaro,MIC vol III,2,sealing,1,0,1,right-to-left,981,"Symbols, motifs, geometric patterns",Ornamental borders at either end of the field consisting of vertical lines.,-8,17,2,9 48,9 48,
560,1616,MD,Mohenjodaro,MIC vol III,2,sealing,2,0,1,right-to-left,981,"Symbols, motifs, geometric patterns",Ornamental borders at either end of the field consisting of vertical lines.,-8,17,4,67 171 8 342,67 171 8 342,
561,1619,MD,Mohenjodaro,MIC vol III,2,sealing,1,0,1,right-to-left,0,No field symbol,No Field Symbol,-10,28,4,51 130 149 342,51 130 149 342,
562,1619,MD,Mohenjodaro,MIC vol III,2,sealing,2,9,0,unrecorded,999,Damaged/illegible,An uncertain/illegible field symbol.,-10,28,0,,,
563,1620,MD,Mohenjodaro,MIC vol III,2,sealing,1,0,1,right-to-left,443,Trees and leaves,Kino Tree and Svastika.,-2,28,3,387 342 176,387 342 176,
564,1620,MD,Mohenjodaro,MIC vol III,2,sealing,2,9,0,unrecorded,365,"Reptiles, fish, birds",Gharial to R. with fish in jaw.,-2,28,0,,,
565,1621,MD,Mohenjodaro,MIC vol III,2,sealing,0,0,1,right-to-left,0,No field symbol,No Field Symbol,0,28,9,267 99 53 171 59 89 89 *347 *342,267 99 53 171 59 89 89 347 342,8 9
566,1622,MD,Mohenjodaro,MIC vol III,2,sealing,0,0,1,right-to-left,0,No field symbol,No Field Symbol,-2,16,4,387 192 347 342,387 192 347 342,
567,1623,MD,Mohenjodaro,MIC vol III,2,sealing,1,0,1,right-to-left,0,No field symbol,No Field Symbol,-10,28,9,386 53 48 342 12 328 328 328 162,386 53 48 342 12 328 328 328 162,
568,1623,MD,Mohenjodaro,MIC vol III,2,sealing,2,0,1,right-to-left,0,No field symbol,No Field Symbol,-10,28,7,137 155 343 10 81 403 87,137 155 343 10 81 403 87,
569,1623,MD,Mohenjodaro,MIC vol III,2,sealing,3,0,1,right-to-left,0,No field symbol,No Field Symbol,-10,28,10,343 294 328 391 87 112 294 171 8 342,343 294 328 391 87 112 294 171 8 342,
570,1624,MD,Mohenjodaro,MIC vol III,2,sealing,1,0,1,right-to-left,0,No field symbol,No Field Symbol,-10,28,6,0 336 89 249 162 342,0 336 89 249 162 342,
571,1624,MD,Mohenjodaro,MIC vol III,2,sealing,2,9,0,unrecorded,111,Animals,Rhinoceros to R.,-10,28,0,,,
572,1625,MD,Mohenjodaro,MIC vol III,2,sealing,1,0,1,right-to-left,45,Animals,Short-horned bull to R. facing feeding trough.,-10,17,2,65 211,65 211,
573,1625,MD,Mohenjodaro,MIC vol III,2,sealing,2,0,1,right-to-left,11,Animals,Unicorn to R. No cult object in front.,-10,17,4,98 319 51 130,98 319 51 130,
574,1625,MD,Mohenjodaro,MIC vol III,2,sealing,3,0,1,right-to-left,95,Animals,Tiger to R. facing feeding trough.,-10,17,3,245 342 1,245 342 1,
575,1626,MD,Mohenjodaro,MIC vol III,2,sealing,1,0,1,right-to-left,0,No field symbol,No Field Symbol,-13,17,8,245 245 307 342 176 86 326 0,245 245 307 342 176 86 326 0,
576,1626,MD,Mohenjodaro,MIC vol III,2,sealing,2,9,0,unrecorded,211,Animals,Row of uncertain animals to R. in file.,-13,17,0,,,
577,1628,MD,Mohenjodaro,MIC vol III,2,sealing,1,0,1,right-to-left,45,Animals,Short-horned bull to R. facing feeding trough.,-6,16,4,59 403 87 342,59 403 87 342,
578,1628,MD,Mohenjodaro,MIC vol III,2,sealing,2,0,1,right-to-left,113,Animals,Rhinoceros to R. facing feeding trough.,-6,16,4,59 53 216 254,59 53 216 254,
579,1629,MD,Mohenjodaro,MIC vol III,2,sealing,1,0,1,right-to-left,0,No field symbol,No Field Symbol,-2,20,6,267 99 67 403 87 342,267 99 67 403 87 342,
580,1629,MD,Mohenjodaro,MIC vol III,2,sealing,2,9,0,unrecorded,490,Anthropomorphic forms,Personage seated on a pedestal flanked on either side by a kneeling adorant and a hooded serpent rearing up.,-2,20,0,,,
581,1630,MD,Mohenjodaro,MIC vol III,2,sealing,0,0,1,right-to-left,13,Animals,Unicorn to R. facing cult object.,-3,28,6,293 123 343 171 8 342,293 123 343 171 8 342,
582,1701,MD,Mohenjodaro,MIC vol III,5,copper tablet,1,0,1,right-to-left,0,No field symbol,No Field Symbol,0,22,4,389 72 48 342,389 72 48 342,
583,1701,MD,Mohenjodaro,MIC vol III,5,copper tablet,2,9,0,unrecorded,135,Animals,"Goat-antelope to R. with short tail, horns arching back, regardant.",0,22,0,,,
584,1702,MD,Mohenjodaro,MIC vol III,5,copper tablet,1,0,1,right-to-left,0,No field symbol,No Field Symbol,0,5,4,*389 72 *326 342,389 72 326 342,1 3
585,1702,MD,Mohenjodaro,MIC vol III,5,copper tablet,2,9,0,unrecorded,135,Animals,"Goat-antelope to R. with short tail, horns arching back, regardant.",0,5,0,,,
586,1703,MD,Mohenjodaro,MIC vol III,5,copper tablet,1,0,1,right-to-left,0,No field symbol,No Field Symbol,0,22,4,112 194 327 342,112 194 327 342,
587,1703,MD,Mohenjodaro,MIC vol III,5,copper tablet,2,9,0,unrecorded,290,Animals,"Fabulous animal of uncertain description with two heads, one at either end of the body.",0,22,0,,,
588,1704,MD,Mohenjodaro,MIC vol III,5,copper tablet,1,0,1,right-to-left,0,No field symbol,No Field Symbol,0,13,2,102 190,102 190,
589,1704,MD,Mohenjodaro,MIC vol III,5,copper tablet,2,0,1,right-to-left,101,Animals,Horned Tiger to R.,0,13,5,336 89 296 342 98,336 89 296 342 98,
590,1705,MD,Mohenjodaro,MIC vol III,5,copper tablet,1,0,1,right-to-left,0,No field symbol,No Field Symbol,-8,25,7,65 336 89 407 169 183 169,65 336 89 407 169 183 169,
591,1705,MD,Mohenjodaro,MIC vol III,5,copper tablet,2,9,0,unrecorded,163,Animals,Hare to R. facing bush.,-8,25,0,,,
592,1706,MD,Mohenjodaro,MIC vol III,5,copper tablet,1,0,1,right-to-left,0,No field symbol,No Field Symbol,0,22,7,65 336 89 407 169 183 169,65 336 89 407 169 183 169,
593,1706,MD,Mohenjodaro,MIC vol III,5,copper tablet,2,9,0,unrecorded,163,Animals,Hare to R. facing bush.,0,22,0,,,
594,1707,MD,Mohenjodaro,MIC vol III,5,copper tablet,1,0,1,right-to-left,0,No field symbol,No Field Symbol,0,22,3,204 245 342,204 245 342,
595,1707,MD,Mohenjodaro,MIC vol III,5,copper tablet,2,9,0,unrecorded,113,Animals,Rhinoceros to R. facing feeding trough.,0,22,0,,,
596,1708,MD,Mohenjodaro,MIC vol III,5,copper tablet,1,0,1,right-to-left,0,No field symbol,No Field Symbol,0,20,4,204 245 358 342,204 245 358 342,
597,1708,MD,Mohenjodaro,MIC vol III,5,copper tablet,2,9,0,unrecorded,147,Animals,"Ox-antelope to R. with long tail and long curly horns, facing feeding trough.",0,20,0,,,
598,1709,MD,Mohenjodaro,MIC vol III,5,copper tablet,1,0,1,right-to-left,0,No field symbol,No Field Symbol,0,18,5,53 67 407 124 169,53 67 407 124 169,
599,1709,MD,Mohenjodaro,MIC vol III,5,copper tablet,2,9,0,unrecorded,91,Animals,Tiger to R.,0,18,0,,,
600,1710,MD,Mohenjodaro,MIC vol III,5,copper tablet,1,0,1,right-to-left,0,No field symbol,No Field Symbol,0,18,8,345 341 18 252 97 25 245 245,345 341 18 252 97 25 245 245,
601,1710,MD,Mohenjodaro,MIC vol III,5,copper tablet,2,9,0,unrecorded,15,Animals,Unicorn to R. facing feeding trough.,0,18,0,,,
602,1711,MD,Mohenjodaro,MIC vol III,5,copper tablet,1,0,1,right-to-left,0,No field symbol,No Field Symbol,-1,20,4,336 89 296 342,336 89 296 342,
603,1711,MD,Mohenjodaro,MIC vol III,5,copper tablet,2,9,0,unrecorded,75,Animals,Elephant to R. facing feeding trough.,-1,20,0,,,
604,1712,MD,Mohenjodaro,MIC vol III,5,copper tablet,1,0,1,right-to-left,0,No field symbol,No Field Symbol,0,17,4,204 245 358 342,204 245 358 342,
605,1712,MD,Mohenjodaro,MIC vol III,5,copper tablet,2,9,0,unrecorded,147,Animals,"Ox-antelope to R. with long tail and long curly horns, facing feeding trough.",0,17,0,,,
606,1713,MD,Mohenjodaro,MIC vol III,5,copper tablet,1,0,1,right-to-left,0,No field symbol,No Field Symbol,0,13,7,51 130 149 342 123 102 190,51 130 149 342 123 102 190,
607,1713,MD,Mohenjodaro,MIC vol III,5,copper tablet,2,9,0,unrecorded,65,Animals,Buffalo to R. facing feeding trough.,0,13,0,,,
608,1714,MD,Mohenjodaro,MIC vol III,5,copper tablet,1,0,1,right-to-left,0,No field symbol,No Field Symbol,-3,17,3,87 155 169,87 155 169,
609,1714,MD,Mohenjodaro,MIC vol III,5,copper tablet,2,9,0,unrecorded,45,Animals,Short-horned bull to R. facing feeding trough.,-3,17,0,,,
610,1715,MD,Mohenjodaro,MIC vol III,5,copper tablet,0,0,1,right-to-left,0,No field symbol,No Field Symbol,0,22,4,0 245 358 342,0 245 358 342,
611,1801,MD,Mohenjodaro,MIC vol III,5,copper tablet,1,0,1,right-to-left,0,No field symbol,No Field Symbol,0,18,4,389 72 48 342,389 72 48 342,
612,1801,MD,Mohenjodaro,MIC vol III,5,copper tablet,2,9,0,unrecorded,135,Animals,"Goat-antelope to R. with short tail, horns arching back, regardant.",0,18,0,,,
613,1802,MD,Mohenjodaro,MIC vol III,5,copper tablet,1,0,1,right-to-left,0,No field symbol,No Field Symbol,0,22,7,389 65 72 336 89 194 169,389 65 72 336 89 194 169,
614,1802,MD,Mohenjodaro,MIC vol III,5,copper tablet,2,9,0,unrecorded,113,Animals,Rhinoceros to R. facing feeding trough.,0,22,0,,,
615,1803,MD,Mohenjodaro,MIC vol III,5,copper tablet,1,0,1,right-to-left,0,No field symbol,No Field Symbol,0,18,7,70 112 194 18 211 87 169,70 112 194 18 211 87 169,
616,1803,MD,Mohenjodaro,MIC vol III,5,copper tablet,2,9,0,unrecorded,139,Animals,"Goat-antelope to R. with short tail and twirled side horns, with heart symbol on body, facing feeding trough.",0,18,0,,,
617,1804,MD,Mohenjodaro,MIC vol III,5,copper tablet,1,0,1,right-to-left,0,No field symbol,No Field Symbol,0,22,4,204 245 358 342,204 245 358 342,
618,1804,MD,Mohenjodaro,MIC vol III,5,copper tablet,2,9,0,unrecorded,147,Animals,"Ox-antelope to R. with long tail and long curly horns, facing feeding trough.",0,22,0,,,
619,1805,MD,Mohenjodaro,MIC vol III,5,copper tablet,1,0,1,right-to-left,0,No field symbol,No Field Symbol,-9,20,4,171 59 407 169,171 59 407 169,
620,1805,MD,Mohenjodaro,MIC vol III,5,copper tablet,2,9,0,unrecorded,860,"Symbols, motifs, geometric patterns",The Endless Knot motif.,-9,20,0,,,
621,1806,MD,Mohenjodaro,MIC vol III,5,copper tablet,1,0,1,right-to-left,0,No field symbol,No Field Symbol,0,13,4,204 245 358 342,204 245 358 342,
622,1806,MD,Mohenjodaro,MIC vol III,5,copper tablet,2,9,0,unrecorded,147,Animals,"Ox-antelope to R. with long tail and long curly horns, facing feeding trough.",0,13,0,,,
623,1813,MD,Mohenjodaro,MIC vol III,1,seal,0,0,1,right-to-left,0,No field symbol,No Field Symbol,0,39,5,0 *387 67 216 0,0 387 67 216 0,2
624,1902,MD,Mohenjodaro,MIC vol III,2,sealing,0,0,1,right-to-left,0,No field symbol,No Field Symbol,0,2,4,336 89 87 373,336 89 87 373,
625,1903,MD,Mohenjodaro,MIC vol III,4,pottery graffito,0,0,1,right-to-left,0,No field symbol,No Field Symbol,0,39,2,101 319,101 319,
626,1904,MD,Mohenjodaro,MIC vol III,4,pottery graffito,0,0,2,left-to-right,0,No field symbol,No Field Symbol,0,22,2,106 342,106 342,
627,1905,MD,Mohenjodaro,MIC vol III,9,miscellaneous,0,0,1,right-to-left,0,No field symbol,No Field Symbol,-1,11,3,17 293 0,17 293 0,
628,2002,MD,Mohenjodaro,FEM vol II,1,seal,0,0,1,right-to-left,13,Animals,Unicorn to R. facing cult object.,2,32,6,403 302 99 87 57 342,403 302 99 87 57 342,
629,2004,MD,Mohenjodaro,FEM vol II,1,seal,0,0,1,right-to-left,0,No field symbol,No Field Symbol,-2,31,3,51 371 59,51 371 59,
630,2005,MD,Mohenjodaro,FEM vol II,1,seal,0,0,1,right-to-left,13,Animals,Unicorn to R. facing cult object.,-2,31,2,249 391,249 391,
631,2006,MD,Mohenjodaro,FEM vol II,1,seal,0,0,1,right-to-left,0,No field symbol,No Field Symbol,-3,31,5,389 336 89 249 0,389 336 89 249 0,
632,2007,MD,Mohenjodaro,FEM vol II,1,seal,0,0,1,right-to-left,13,Animals,Unicorn to R. facing cult object.,-2,31,6,267 402 204 112 347 *342,267 402 204 112 347 342,6
633,2008,MD,Mohenjodaro,FEM vol II,1,seal,0,0,2,left-to-right,14,Animals,Unicorn to L. facing cult object.,-2,33,2,104 169,104 169,
634,2010,MD,Mohenjodaro,FEM vol II,1,seal,0,0,1,right-to-left,13,Animals,Unicorn to R. facing cult object.,-3,31,5,293 123 343 216 254,293 123 343 216 254,
635,2011,MD,Mohenjodaro,FEM vol II,1,seal,0,0,1,right-to-left,13,Animals,Unicorn to R. facing cult object.,-3,31,5,267 99 111 347 *342,267 99 111 347 342,5
636,2012,MD,Mohenjodaro,FEM vol II,1,seal,0,0,1,right-to-left,13,Animals,Unicorn to R. facing cult object.,-3,31,4,287 112 194 342,287 112 194 342,
637,2013,MD,Mohenjodaro,FEM vol II,1,seal,0,0,1,right-to-left,13,Animals,Unicorn to R. facing cult object.,-4,32,6,267 99 112 *197 342 139,267 99 112 197 342 139,4
638,2014,MD,Mohenjodaro,FEM vol II,1,seal,0,0,1,right-to-left,13,Animals,Unicorn to R. facing cult object.,-4,32,2,242 342,242 342,
639,2015,MD,Mohenjodaro,FEM vol II,1,seal,0,0,1,right-to-left,13,Animals,Unicorn to R. facing cult object.,-4,32,3,336 89 211,336 89 211,
640,2016,MD,Mohenjodaro,FEM vol II,1,seal,0,0,1,right-to-left,13,Animals,Unicorn to R. facing cult object.,-4,31,6,293 176 176 150 123 51,293 176 176 150 123 51,
641,2018,MD,Mohenjodaro,FEM vol II,1,seal,0,0,1,right-to-left,13,Animals,Unicorn to R. facing cult object.,-3,31,10,214 287 87 244 28 162 99 136 193 12,214 287 87 244 28 162 99 136 193 12,
642,2019,MD,Mohenjodaro,FEM vol II,1,seal,0,0,1,right-to-left,13,Animals,Unicorn to R. facing cult object.,-4,31,8,*417 *267 99 87 59 65 222 254,417 267 99 87 59 65 222 254,1 2
643,2020,MD,Mohenjodaro,FEM vol II,1,seal,0,0,1,right-to-left,0,No field symbol,No Field Symbol,-4,31,4,0 341 327 15,0 341 327 15,
644,2021,MD,Mohenjodaro,FEM vol II,1,seal,0,0,1,right-to-left,13,Animals,Unicorn to R. facing cult object.,-4,32,3,99 380 342,99 380 342,
645,2022,MD,Mohenjodaro,FEM vol II,1,seal,0,0,1,right-to-left,13,Animals,Unicorn to R. facing cult object.,-4,31,7,391 97 53 72 373 287 342,391 97 53 72 373 287 342,
646,2023,MD,Mohenjodaro,FEM vol II,1,seal,0,0,1,right-to-left,13,Animals,Unicorn to R. facing cult object.,-4,32,5,150 98 178 389 15,150 98 178 389 15,
647,2024,MD,Mohenjodaro,FEM vol II,1,seal,0,1,1,right-to-left,311,Animals,"Fabulous animal to R. with body of ox and three heads: one of Unicorn (looking forward), one of antelope (looking backward) and one of short-horned bull (looking down).",-4,32,6,87 244 81 99 155 70,87 244 81 99 155 70,
648,2024,MD,Mohenjodaro,FEM vol II,1,seal,0,2,1,right-to-left,311,Animals,"Fabulous animal to R. with body of ox and three heads: one of Unicorn (looking forward), one of antelope (looking backward) and one of short-horned bull (looking down).",-4,32,5,87 59 336 89 0,87 59 336 89 0,
649,2025,MD,Mohenjodaro,FEM vol II,1,seal,0,0,1,right-to-left,0,No field symbol,No Field Symbol,-4,31,4,245 98 112 169,245 98 112 169,
650,2026,MD,Mohenjodaro,FEM vol II,1,seal,0,0,1,right-to-left,13,Animals,Unicorn to R. facing cult object.,-4,31,2,67 211,67 211,
651,2027,MD,Mohenjodaro,FEM vol II,1,seal,0,0,1,right-to-left,13,Animals,Unicorn to R. facing cult object.,-4,32,9,87 244 28 54 99 245 245 87 162,87 244 28 54 99 245 245 87 162,
652,2028,MD,Mohenjodaro,FEM vol II,1,seal,0,0,1,right-to-left,0,No field symbol,No Field Symbol,-4,31,3,0 81 176,0 81 176,
653,2029,MD,Mohenjodaro,FEM vol II,1,seal,0,0,1,right-to-left,13,Animals,Unicorn to R. facing cult object.,-4,32,7,391 391 97 72 182 293 *342,391 391 97 72 182 293 342,7
654,2031,MD,Mohenjodaro,FEM vol II,1,seal,0,0,1,right-to-left,13,Animals,Unicorn to R. facing cult object.,-4,32,4,267 99 *292 *342,267 99 292 342,3 4
655,2032,MD,Mohenjodaro,FEM vol II,1,seal,0,0,1,right-to-left,11,Animals,Unicorn to R. No cult object in front.,-4,31,8,*051 155 345 112 194 336 89 0,51 155 345 112 194 336 89 0,1
656,2033,MD,Mohenjodaro,FEM vol II,1,seal,0,0,1,right-to-left,13,Animals,Unicorn to R. facing cult object.,-4,31,9,204 233 59 99 389 65 67 121 342,204 233 59 99 389 65 67 121 342,
657,2034,MD,Mohenjodaro,FEM vol II,1,seal,0,0,1,right-to-left,11,Animals,Unicorn to R. No cult object in front.,-4,31,7,0 123 87 59 65 155 211,0 123 87 59 65 155 211,
658,2035,MD,Mohenjodaro,FEM vol II,1,seal,0,0,1,right-to-left,13,Animals,Unicorn to R. facing cult object.,-4,31,4,328 328 176 176,328 328 176 176,
659,2038,MD,Mohenjodaro,FEM vol II,1,seal,0,0,1,right-to-left,0,No field symbol,No Field Symbol,-5,31,6,391 99 212 176 86 161,391 99 212 176 86 161,
660,2039,MD,Mohenjodaro,FEM vol II,1,seal,0,0,1,right-to-left,0,No field symbol,No Field Symbol,-5,31,3,178 389 15,178 389 15,
661,2040,MD,Mohenjodaro,FEM vol II,1,seal,0,0,1,right-to-left,0,No field symbol,No Field Symbol,-5,31,3,*230 347 342,230 347 342,1
662,2041,MD,Mohenjodaro,FEM vol II,1,seal,0,0,1,right-to-left,0,No field symbol,No Field Symbol,-5,32,6,293 123 344 53 87 60,293 123 344 53 87 60,
663,2042,MD,Mohenjodaro,FEM vol II,1,seal,0,0,1,right-to-left,13,Animals,Unicorn to R. facing cult object.,-5,31,4,267 99 70 0,267 99 70 0,
664,2043,MD,Mohenjodaro,FEM vol II,1,seal,0,0,1,right-to-left,0,No field symbol,No Field Symbol,-5,32,6,293 323 323 384 176 176,293 323 323 384 176 176,
665,2044,MD,Mohenjodaro,FEM vol II,1,seal,0,0,1,right-to-left,0,No field symbol,No Field Symbol,-5,32,6,131 99 87 60 98 0,131 99 87 60 98 0,
666,2045,MD,Mohenjodaro,FEM vol II,1,seal,1,0,1,right-to-left,95,Animals,Tiger to R. facing feeding trough.,-5,31,5,250 264 127 347 342,250 264 127 347 342,
667,2045,MD,Mohenjodaro,FEM vol II,1,seal,2,0,3,single sign,0,No field symbol,No Field Symbol,-5,31,1,88,88,
668,2045,MD,Mohenjodaro,FEM vol II,1,seal,3,9,0,unrecorded,366,"Reptiles, fish, birds",Gharial to L. with fish in jaw,-5,31,0,,,
669,2045,MD,Mohenjodaro,FEM vol II,1,seal,4,9,0,unrecorded,401,"Reptiles, fish, birds",Frog to R.,-5,31,0,,,
670,2046,MD,Mohenjodaro,FEM vol II,1,seal,0,0,1,right-to-left,0,No field symbol,No Field Symbol,-5,31,6,389 87 59 249 169 342,389 87 59 249 169 342,
671,2047,MD,Mohenjodaro,FEM vol II,1,seal,0,0,1,right-to-left,13,Animals,Unicorn to R. facing cult object.,-5,31,2,67 211,67 211,
672,2048,MD,Mohenjodaro,FEM vol II,1,seal,0,0,1,right-to-left,13,Animals,Unicorn to R. facing cult object.,0,33,6,267 99 67 171 8 342,267 99 67 171 8 342,
673,2049,MD,Mohenjodaro,FEM vol II,1,seal,0,0,1,right-to-left,0,No field symbol,No Field Symbol,-5,31,8,102 288 87 249 180 323 323 29,102 288 87 249 180 323 323 29,
674,2050,MD,Mohenjodaro,FEM vol II,1,seal,0,0,1,right-to-left,45,Animals,Short-horned bull to R. facing feeding trough.,-5,32,6,245 245 343 48 8 342,245 245 343 48 8 342,
675,2051,MD,Mohenjodaro,FEM vol II,1,seal,0,0,1,right-to-left,13,Animals,Unicorn to R. facing cult object.,-5,32,5,267 99 258 347 342,267 99 258 347 342,
676,2052,MD,Mohenjodaro,FEM vol II,1,seal,0,0,1,right-to-left,13,Animals,Unicorn to R. facing cult object.,-5,31,8,327 186 381 51 59 67 216 254,327 186 381 51 59 67 216 254,
677,2053,MD,Mohenjodaro,FEM vol II,1,seal,0,0,1,right-to-left,351,Animals,Uncertain animal (mostly bovine) to R.,-5,32,5,0 343 86 171 60,0 343 86 171 60,
678,2054,MD,Mohenjodaro,FEM vol II,1,seal,0,0,1,right-to-left,11,Animals,Unicorn to R. No cult object in front.,-5,32,8,267 99 87 59 65 253 230 342,267 99 87 59 65 253 230 342,
679,2055,MD,Mohenjodaro,FEM vol II,1,seal,0,0,1,right-to-left,0,No field symbol,No Field Symbol,-5,31,4,0 342 125 169,0 342 125 169,
680,2056,MD,Mohenjodaro,FEM vol II,1,seal,0,0,1,right-to-left,13,Animals,Unicorn to R. facing cult object.,-5,32,7,391 99 186 301 155 347 342,391 99 186 301 155 347 342,
681,2057,MD,Mohenjodaro,FEM vol II,1,seal,0,0,1,right-to-left,71,Animals,Elephant to R.,-5,31,5,267 99 86 38 *342,267 99 86 38 342,5
682,2058,MD,Mohenjodaro,FEM vol II,1,seal,0,0,3,single sign,71,Animals,Elephant to R.,-5,32,1,38,38,
683,2060,MD,Mohenjodaro,FEM vol II,1,seal,0,0,1,right-to-left,13,Animals,Unicorn to R. facing cult object.,-5,32,4,267 99 222 254,267 99 222 254,
684,2061,MD,Mohenjodaro,FEM vol II,1,seal,0,0,1,right-to-left,0,No field symbol,No Field Symbol,-5,32,3,345 19 176,345 19 176,
685,2063,MD,Mohenjodaro,FEM vol II,1,seal,0,0,1,right-to-left,11,Animals,Unicorn to R. No cult object in front.,-5,32,4,204 112 347 342,204 112 347 342,
686,2064,MD,Mohenjodaro,FEM vol II,1,seal,0,0,1,right-to-left,95,Animals,Tiger to R. facing feeding trough.,-5,31,6,150 123 17 293 342 1,150 123 17 293 342 1,
687,2065,MD,Mohenjodaro,FEM vol II,1,seal,0,0,1,right-to-left,13,Animals,Unicorn to R. facing cult object.,-5,31,4,391 123 348 342,391 123 348 342,
688,2066,MD,Mohenjodaro,FEM vol II,1,seal,0,0,1,right-to-left,13,Animals,Unicorn to R. facing cult object.,-5,32,7,245 287 99 86 204 230 342,245 287 99 86 204 230 342,
689,2067,MD,Mohenjodaro,FEM vol II,1,seal,0,0,1,right-to-left,13,Animals,Unicorn to R. facing cult object.,-5,32,4,267 99 70 388,267 99 70 388,
690,2068,MD,Mohenjodaro,FEM vol II,1,seal,0,0,1,right-to-left,13,Animals,Unicorn to R. facing cult object.,-5,32,7,146 267 99 70 62 342 1,146 267 99 70 62 342 1,
691,2069,MD,Mohenjodaro,FEM vol II,1,seal,0,0,1,right-to-left,13,Animals,Unicorn to R. facing cult object.,-5,31,10,391 17 391 381 391 98 171 59 342 139,391 17 391 381 391 98 171 59 342 139,
692,2070,MD,Mohenjodaro,FEM vol II,1,seal,0,0,1,right-to-left,13,Animals,Unicorn to R. facing cult object.,-5,32,5,293 123 343 289 342,293 123 343 289 342,
693,2071,MD,Mohenjodaro,FEM vol II,1,seal,0,0,1,right-to-left,13,Animals,Unicorn to R. facing cult object.,0,33,7,293 123 344 127 98 8 342,293 123 344 127 98 8 342,
694,2072,MD,Mohenjodaro,FEM vol II,1,seal,0,0,1,right-to-left,0,No field symbol,No Field Symbol,-5,32,4,0 *025 245 245,0 25 245 245,2
695,2073,MD,Mohenjodaro,FEM vol II,1,seal,0,0,1,right-to-left,0,No field symbol,No Field Symbol,-6,31,3,25 245 245,25 245 245,
696,2074,MD,Mohenjodaro,FEM vol II,1,seal,0,0,1,right-to-left,13,Animals,Unicorn to R. facing cult object.,-6,32,5,150 123 228 342 1,150 123 228 342 1,
697,2075,MD,Mohenjodaro,FEM vol II,1,seal,0,0,1,right-to-left,690,Scenes,Person grappling with two tigers standing on either side of him and rearing on its hind legs.(Generally compared with the Gilgamesh legend of West Asia; identified by Mahadevan with the Sarvadamana (queller of beasts)Bharata legend).,-6,32,5,186 333 99 59 211,186 333 99 59 211,
698,2076,MD,Mohenjodaro,FEM vol II,1,seal,0,0,1,right-to-left,13,Animals,Unicorn to R. facing cult object.,-6,32,2,2 12,2 12,
699,2077,MD,Mohenjodaro,FEM vol II,1,seal,0,0,1,right-to-left,0,No field symbol,No Field Symbol,-6,31,6,0 345 41 76 102 190,0 345 41 76 102 190,
700,2079,MD,Mohenjodaro,FEM vol II,1,seal,0,0,1,right-to-left,13,Animals,Unicorn to R. facing cult object.,-6,31,6,267 99 67 205 245 342,267 99 67 205 245 342,
701,2080,MD,Mohenjodaro,FEM vol II,1,seal,0,0,1,right-to-left,13,Animals,Unicorn to R. facing cult object.,-6,31,4,267 99 102 162,267 99 102 162,
702,2081,MD,Mohenjodaro,FEM vol II,1,seal,0,0,1,right-to-left,13,Animals,Unicorn to R. facing cult object.,-6,32,6,267 99 387 67 72 211,267 99 387 67 72 211,
703,2082,MD,Mohenjodaro,FEM vol II,1,seal,0,0,1,right-to-left,13,Animals,Unicorn to R. facing cult object.,-6,32,3,215 102 15,215 102 15,
704,2083,MD,Mohenjodaro,FEM vol II,1,seal,0,1,1,right-to-left,13,Animals,Unicorn to R. facing cult object.,-6,32,6,267 99 72 67 8 342,267 99 72 67 8 342,
705,2083,MD,Mohenjodaro,FEM vol II,1,seal,0,2,3,single sign,13,Animals,Unicorn to R. facing cult object.,-6,32,1,144,144,
706,2084,MD,Mohenjodaro,FEM vol II,1,seal,0,0,1,right-to-left,13,Animals,Unicorn to R. facing cult object.,-6,32,7,102 287 329 343 387 65 224,102 287 329 343 387 65 224,
707,2085,MD,Mohenjodaro,FEM vol II,1,seal,0,0,1,right-to-left,11,Animals,Unicorn to R. No cult object in front.,-6,32,7,267 99 102 17 336 51 342,267 99 102 17 336 51 342,
708,2086,MD,Mohenjodaro,FEM vol II,1,seal,0,0,1,right-to-left,690,Scenes,Person grappling with two tigers standing on either side of him and rearing on its hind legs.(Generally compared with the Gilgamesh legend of West Asia; identified by Mahadevan with the Sarvadamana (queller of beasts)Bharata legend).,-6,32,7,261 213 343 389 53 342 242,261 213 343 389 53 342 242,
709,2087,MD,Mohenjodaro,FEM vol II,1,seal,0,0,1,right-to-left,13,Animals,Unicorn to R. facing cult object.,-6,32,4,72 87 284 342,72 87 284 342,
710,2088,MD,Mohenjodaro,FEM vol II,1,seal,0,0,1,right-to-left,13,Animals,Unicorn to R. facing cult object.,-6,32,4,102 36 245 245,102 36 245 245,
711,2089,MD,Mohenjodaro,FEM vol II,1,seal,0,0,1,right-to-left,0,No field symbol,No Field Symbol,-6,32,4,0 99 48 342,0 99 48 342,
712,2090,MD,Mohenjodaro,FEM vol II,1,seal,0,0,1,right-to-left,45,Animals,Short-horned bull to R. facing feeding trough.,-6,32,4,106 162 51 130,106 162 51 130,
713,2091,MD,Mohenjodaro,FEM vol II,1,seal,0,0,1,right-to-left,11,Animals,Unicorn to R. No cult object in front.,-6,32,4,51 130 149 342,51 130 149 342,
714,2092,MD,Mohenjodaro,FEM vol II,1,seal,0,0,1,right-to-left,0,No field symbol,No Field Symbol,-6,31,6,244 184 252 99 109 0,244 184 252 99 109 0,
715,2093,MD,Mohenjodaro,FEM vol II,1,seal,0,0,3,single sign,0,No field symbol,No Field Symbol,-5,32,1,377,377,
716,2094,MD,Mohenjodaro,FEM vol II,1,seal,0,0,1,right-to-left,0,No field symbol,No Field Symbol,-6,31,5,124 247 387 259 342,124 247 387 259 342,
717,2095,MD,Mohenjodaro,FEM vol II,1,seal,0,0,1,right-to-left,13,Animals,Unicorn to R. facing cult object.,-6,32,4,0 51 186 81,0 51 186 81,
718,2097,MD,Mohenjodaro,FEM vol II,1,seal,0,0,1,right-to-left,0,No field symbol,No Field Symbol,-6,32,5,204 245 102 287 342,204 245 102 287 342,
719,2098,MD,Mohenjodaro,FEM vol II,1,seal,0,0,1,right-to-left,13,Animals,Unicorn to R. facing cult object.,-6,32,7,143 286 59 99 72 341 342,143 286 59 99 72 341 342,
720,2099,MD,Mohenjodaro,FEM vol II,1,seal,0,0,1,right-to-left,13,Animals,Unicorn to R. facing cult object.,-6,32,8,147 195 343 325 109 59 347 342,147 195 343 325 109 59 347 342,
721,2100,MD,Mohenjodaro,FEM vol II,1,seal,0,0,1,right-to-left,0,No field symbol,No Field Symbol,-6,31,4,267 99 124 169,267 99 124 169,
722,2101,MD,Mohenjodaro,FEM vol II,1,seal,0,0,1,right-to-left,0,No field symbol,No Field Symbol,-6,32,3,41 161 391,41 161 391,
723,2102,MD,Mohenjodaro,FEM vol II,1,seal,0,0,1,right-to-left,13,Animals,Unicorn to R. facing cult object.,-6,31,4,267 99 348 342,267 99 348 342,
724,2103,MD,Mohenjodaro,FEM vol II,1,seal,0,0,1,right-to-left,13,Animals,Unicorn to R. facing cult object.,-6,31,8,267 99 87 150 201 342 98 175,267 99 87 150 201 342 98 175,
725,2104,MD,Mohenjodaro,FEM vol II,1,seal,0,0,1,right-to-left,13,Animals,Unicorn to R. facing cult object.,-6,31,4,0 67 48 342,0 67 48 342,
726,2105,MD,Mohenjodaro,FEM vol II,1,seal,0,0,1,right-to-left,13,Animals,Unicorn to R. facing cult object.,-6,31,3,336 17 402,336 17 402,
727,2106,MD,Mohenjodaro,FEM vol II,1,seal,0,0,1,right-to-left,0,No field symbol,No Field Symbol,-6,31,3,295 87 19,295 87 19,
728,2107,MD,Mohenjodaro,FEM vol II,1,seal,0,0,1,right-to-left,13,Animals,Unicorn to R. facing cult object.,-6,31,9,336 51 130 53 99 124 25 176 342,336 51 130 53 99 124 25 176 342,
729,2108,MD,Mohenjodaro,FEM vol II,1,seal,0,0,1,right-to-left,31,Animals,Humped bull to R.,-6,32,2,25 15,25 15,
730,2109,MD,Mohenjodaro,FEM vol II,1,seal,0,0,1,right-to-left,13,Animals,Unicorn to R. facing cult object.,-6,32,11,249 89 233 123 86 59 395 99 51 130 28,249 89 233 123 86 59 395 99 51 130 28,
731,2110,MD,Mohenjodaro,FEM vol II,1,seal,0,0,1,right-to-left,71,Animals,Elephant to R.,-6,32,4,72 *336 *089 211,72 336 89 211,2 3
732,2111,MD,Mohenjodaro,FEM vol II,1,seal,0,0,1,right-to-left,13,Animals,Unicorn to R. facing cult object.,-6,32,9,89 3 99 336 244 17 134 86 415,89 3 99 336 244 17 134 86 415,
733,2112,MD,Mohenjodaro,FEM vol II,1,seal,0,0,1,right-to-left,11,Animals,Unicorn to R. No cult object in front.,-6,31,3,175 180 0,175 180 0,
734,2113,MD,Mohenjodaro,FEM vol II,1,seal,0,0,1,right-to-left,13,Animals,Unicorn to R. facing cult object.,-6,32,2,106 15,106 15,
735,2114,MD,Mohenjodaro,FEM vol II,1,seal,0,0,1,right-to-left,13,Animals,Unicorn to R. facing cult object.,-6,32,4,403 87 319 249,403 87 319 249,
736,2115,MD,Mohenjodaro,FEM vol II,1,seal,0,0,1,right-to-left,13,Animals,Unicorn to R. facing cult object.,-6,32,6,293 123 343 403 87 342,293 123 343 403 87 342,
737,2116,MD,Mohenjodaro,FEM vol II,1,seal,0,0,1,right-to-left,13,Animals,Unicorn to R. facing cult object.,-7,32,3,67 *008 0,67 8 0,2
738,2117,MD,Mohenjodaro,FEM vol II,1,seal,0,0,1,right-to-left,13,Animals,Unicorn to R. facing cult object.,-7,32,5,57 343 87 294 342,57 343 87 294 342,
739,2118,MD,Mohenjodaro,FEM vol II,1,seal,0,0,1,right-to-left,0,No field symbol,No Field Symbol,-7,31,5,70 327 128 124 169,70 327 128 124 169,
740,2119,MD,Mohenjodaro,FEM vol II,1,seal,0,1,1,right-to-left,31,Animals,Humped bull to R.,-7,32,7,163 252 261 134 98 391 391,163 252 261 134 98 391 391,
741,2119,MD,Mohenjodaro,FEM vol II,1,seal,0,2,1,right-to-left,31,Animals,Humped bull to R.,-7,32,3,336 210 402,336 210 402,
742,2120,MD,Mohenjodaro,FEM vol II,1,seal,0,0,1,right-to-left,0,No field symbol,No Field Symbol,-7,31,8,214 99 389 67 112 197 342 139,214 99 389 67 112 197 342 139,
743,2121,MD,Mohenjodaro,FEM vol II,1,seal,0,0,1,right-to-left,13,Animals,Unicorn to R. facing cult object.,-7,33,4,124 25 176 342,124 25 176 342,
744,2122,MD,Mohenjodaro,FEM vol II,1,seal,0,0,1,right-to-left,690,Scenes,Person grappling with two tigers standing on either side of him and rearing on its hind legs.(Generally compared with the Gilgamesh legend of West Asia; identified by Mahadevan with the Sarvadamana (queller of beasts)Bharata legend).,-7,32,5,216 123 87 294 342,216 123 87 294 342,
745,2123,MD,Mohenjodaro,FEM vol II,1,seal,0,0,1,right-to-left,45,Animals,Short-horned bull to R. facing feeding trough.,-7,32,6,387 72 67 336 89 211,387 72 67 336 89 211,
746,2124,MD,Mohenjodaro,FEM vol II,1,seal,0,0,1,right-to-left,13,Animals,Unicorn to R. facing cult object.,-7,32,2,86 *012,86 12,2
747,2125,MD,Mohenjodaro,FEM vol II,1,seal,0,0,1,right-to-left,0,No field symbol,No Field Symbol,-7,32,6,293 56 252 97 358 342,293 56 252 97 358 342,
748,2126,MD,Mohenjodaro,FEM vol II,1,seal,0,0,1,right-to-left,13,Animals,Unicorn to R. facing cult object.,-7,31,3,337 97 0,337 97 0,
749,2127,MD,Mohenjodaro,FEM vol II,1,seal,0,0,1,right-to-left,71,Animals,Elephant to R.,-7,32,2,114 162,114 162,
750,2128,MD,Mohenjodaro,FEM vol II,1,seal,0,0,1,right-to-left,13,Animals,Unicorn to R. facing cult object.,-7,31,9,17 293 54 180 99 109 59 342 1,17 293 54 180 99 109 59 342 1,
751,2129,MD,Mohenjodaro,FEM vol II,1,seal,0,0,1,right-to-left,45,Animals,Short-horned bull to R. facing feeding trough.,-7,32,8,398 379 343 65 72 121 222 254,398 379 343 65 72 121 222 254,
752,2130,MD,Mohenjodaro,FEM vol II,1,seal,0,0,1,right-to-left,11,Animals,Unicorn to R. No cult object in front.,-7,32,7,127 97 391 99 87 325 211,127 97 391 99 87 325 211,
753,2131,MD,Mohenjodaro,FEM vol II,1,seal,0,0,1,right-to-left,113,Animals,Rhinoceros to R. facing feeding trough.,-7,31,5,264 341 347 342 1,264 341 347 342 1,
754,2132,MD,Mohenjodaro,FEM vol II,1,seal,0,0,1,right-to-left,31,Animals,Humped bull to R.,-7,32,4,267 99 70 211,267 99 70 211,
755,2133,MD,Mohenjodaro,FEM vol II,1,seal,0,0,3,single sign,362,"Reptiles, fish, birds",Gharial to L.,-7,31,1,59,59,
756,2134,MD,Mohenjodaro,FEM vol II,1,seal,0,0,1,right-to-left,11,Animals,Unicorn to R. No cult object in front.,-7,31,5,208 97 86 2 12,208 97 86 2 12,
757,2136,MD,Mohenjodaro,FEM vol II,1,seal,0,0,1,right-to-left,13,Animals,Unicorn to R. facing cult object.,-7,32,4,267 99 65 0,267 99 65 0,
758,2137,MD,Mohenjodaro,FEM vol II,1,seal,0,0,1,right-to-left,13,Animals,Unicorn to R. facing cult object.,-7,31,5,87 244 162 342 0,87 244 162 342 0,
759,2138,MD,Mohenjodaro,FEM vol II,1,seal,0,0,1,right-to-left,0,No field symbol,No Field Symbol,-7,31,8,389 53 72 327 128 342 294 375,389 53 72 327 128 342 294 375,
760,2139,MD,Mohenjodaro,FEM vol II,1,seal,0,0,1,right-to-left,13,Animals,Unicorn to R. facing cult object.,-7,32,3,406 162 176,406 162 176,
761,2140,MD,Mohenjodaro,FEM vol II,1,seal,0,0,1,right-to-left,243,Animals,Fabulous animal to R. with features of ox and rhinoceros facing cult object.,-7,31,5,330 176 99 124 342,330 176 99 124 342,
762,2141,MD,Mohenjodaro,FEM vol II,1,seal,0,0,1,right-to-left,13,Animals,Unicorn to R. facing cult object.,-7,31,6,202 403 99 78 347 342,202 403 99 78 347 342,
763,2142,MD,Mohenjodaro,FEM vol II,1,seal,0,0,1,right-to-left,0,No field symbol,No Field Symbol,-7,32,3,65 222 254,65 222 254,
764,2143,MD,Mohenjodaro,FEM vol II,1,seal,0,0,1,right-to-left,13,Animals,Unicorn to R. facing cult object.,-7,32,5,171 59 182 293 211,171 59 182 293 211,
765,2144,MD,Mohenjodaro,FEM vol II,1,seal,0,0,1,right-to-left,13,Animals,Unicorn to R. facing cult object.,-7,32,3,182 293 342,182 293 342,
766,2145,MD,Mohenjodaro,FEM vol II,1,seal,0,0,1,right-to-left,13,Animals,Unicorn to R. facing cult object.,-7,32,5,48 342 17 406 162,48 342 17 406 162,
767,2146,MD,Mohenjodaro,FEM vol II,1,seal,0,0,1,right-to-left,13,Animals,Unicorn to R. facing cult object.,-7,31,6,391 123 65 67 233 342,391 123 65 67 233 342,
768,2147,MD,Mohenjodaro,FEM vol II,1,seal,0,0,1,right-to-left,13,Animals,Unicorn to R. facing cult object.,-7,32,5,391 99 406 162 242,391 99 406 162 242,
769,2148,MD,Mohenjodaro,FEM vol II,1,seal,0,0,1,right-to-left,13,Animals,Unicorn to R. facing cult object.,-7,31,3,41 304 176,41 304 176,
770,2151,MD,Mohenjodaro,FEM vol II,1,seal,0,0,9,no text,0,No field symbol,No Field Symbol,-7,32,3,0 220 0,0 220 0,
771,2152,MD,Mohenjodaro,FEM vol II,1,seal,0,0,1,right-to-left,13,Animals,Unicorn to R. facing cult object.,-7,31,4,124 84 402 342,124 84 402 342,
772,2153,MD,Mohenjodaro,FEM vol II,1,seal,0,0,3,single sign,31,Animals,Humped bull to R.,0,33,1,69,69,
773,2154,MD,Mohenjodaro,FEM vol II,1,seal,0,0,1,right-to-left,13,Animals,Unicorn to R. facing cult object.,-7,31,2,173 342,173 342,
774,2155,MD,Mohenjodaro,FEM vol II,1,seal,0,0,1,right-to-left,31,Animals,Humped bull to R.,-7,31,5,124 409 96 342 1,124 409 96 342 1,
775,2157,MD,Mohenjodaro,FEM vol II,1,seal,0,0,1,right-to-left,13,Animals,Unicorn to R. facing cult object.,-7,31,6,305 123 86 136 193 342,305 123 86 136 193 342,
776,2158,MD,Mohenjodaro,FEM vol II,1,seal,0,0,1,right-to-left,13,Animals,Unicorn to R. facing cult object.,-7,32,2,173 342,173 342,
777,2159,MD,Mohenjodaro,FEM vol II,1,seal,0,0,1,right-to-left,0,No field symbol,No Field Symbol,-7,31,4,175 230 53 15,175 230 53 15,
778,2160,MD,Mohenjodaro,FEM vol II,1,seal,0,0,1,right-to-left,13,Animals,Unicorn to R. facing cult object.,-8,32,6,391 391 343 249 162 342,391 391 343 249 162 342,
779,2161,MD,Mohenjodaro,FEM vol II,1,seal,0,0,1,right-to-left,13,Animals,Unicorn to R. facing cult object.,-7,31,2,67 211,67 211,
780,2162,MD,Mohenjodaro,FEM vol II,1,seal,0,0,1,right-to-left,0,No field symbol,No Field Symbol,-7,31,7,391 99 53 87 59 121 342,391 99 53 87 59 121 342,
781,2163,MD,Mohenjodaro,FEM vol II,1,seal,0,0,1,right-to-left,0,No field symbol,No Field Symbol,-8,31,5,0 222 254 121 342,0 222 254 121 342,
782,2164,MD,Mohenjodaro,FEM vol II,1,seal,0,0,1,right-to-left,0,No field symbol,No Field Symbol,-8,31,5,391 99 59 8 342,391 99 59 8 342,
783,2165,MD,Mohenjodaro,FEM vol II,1,seal,0,0,1,right-to-left,13,Animals,Unicorn to R. facing cult object.,-8,32,4,0 149 294 342,0 149 294 342,
784,2166,MD,Mohenjodaro,FEM vol II,1,seal,0,0,1,right-to-left,13,Animals,Unicorn to R. facing cult object.,-8,32,6,173 180 99 127 347 342,173 180 99 127 347 342,
785,2167,MD,Mohenjodaro,FEM vol II,1,seal,0,0,1,right-to-left,11,Animals,Unicorn to R. No cult object in front.,-8,32,2,90 242,90 242,
786,2168,MD,Mohenjodaro,FEM vol II,1,seal,0,0,1,right-to-left,13,Animals,Unicorn to R. facing cult object.,-8,32,5,391 99 171 8 342,391 99 171 8 342,
787,2169,MD,Mohenjodaro,FEM vol II,1,seal,0,0,1,right-to-left,71,Animals,Elephant to R.,-8,32,7,328 307 402 301 155 211 242,328 307 402 301 155 211 242,
788,2170,MD,Mohenjodaro,FEM vol II,1,seal,0,0,1,right-to-left,0,No field symbol,No Field Symbol,-8,31,6,0 *244 98 178 389 15,0 244 98 178 389 15,2
789,2171,MD,Mohenjodaro,FEM vol II,1,seal,0,0,1,right-to-left,71,Animals,Elephant to R.,-8,32,6,87 322 99 87 59 71,87 322 99 87 59 71,
790,2173,MD,Mohenjodaro,FEM vol II,1,seal,0,0,1,right-to-left,13,Animals,Unicorn to R. facing cult object.,-8,32,3,379 245 245,379 245 245,
791,2174,MD,Mohenjodaro,FEM vol II,1,seal,0,0,1,right-to-left,11,Animals,Unicorn to R. No cult object in front.,-8,32,7,87 230 180 99 70 53 342,87 230 180 99 70 53 342,
792,2175,MD,Mohenjodaro,FEM vol II,1,seal,0,0,1,right-to-left,13,Animals,Unicorn to R. facing cult object.,-8,32,3,190 59 176,190 59 176,
793,2176,MD,Mohenjodaro,FEM vol II,1,seal,0,0,1,right-to-left,13,Animals,Unicorn to R. facing cult object.,-8,31,3,249 162 391,249 162 391,
794,2177,MD,Mohenjodaro,FEM vol II,1,seal,0,0,1,right-to-left,13,Animals,Unicorn to R. facing cult object.,-8,31,5,267 99 48 342 1,267 99 48 342 1,
795,2178,MD,Mohenjodaro,FEM vol II,1,seal,0,0,1,right-to-left,13,Animals,Unicorn to R. facing cult object.,-8,31,8,267 99 173 403 347 342 400 307,267 99 173 403 347 342 400 307,
796,2179,MD,Mohenjodaro,FEM vol II,1,seal,0,0,1,right-to-left,13,Animals,Unicorn to R. facing cult object.,-8,32,6,267 99 *409 96 342 *001,267 99 409 96 342 1,3 6
797,2180,MD,Mohenjodaro,FEM vol II,1,seal,0,0,1,right-to-left,13,Animals,Unicorn to R. facing cult object.,-8,31,4,267 99 102 162,267 99 102 162,
798,2181,MD,Mohenjodaro,FEM vol II,1,seal,0,0,1,right-to-left,0,No field symbol,No Field Symbol,-8,31,2,48 342,48 342,
799,2182,MD,Mohenjodaro,FEM vol II,1,seal,0,0,1,right-to-left,11,Animals,Unicorn to R. No cult object in front.,-8,32,3,249 169 0,249 169 0,
800,2183,MD,Mohenjodaro,FEM vol II,1,seal,0,0,1,right-to-left,0,No field symbol,No Field Symbol,-8,32,4,53 171 59 211,53 171 59 211,
801,2184,MD,Mohenjodaro,FEM vol II,1,seal,0,0,1,right-to-left,13,Animals,Unicorn to R. facing cult object.,-8,31,7,371 225 344 67 98 347 342,371 225 344 67 98 347 342,
802,2185,MD,Mohenjodaro,FEM vol II,1,seal,0,0,1,right-to-left,13,Animals,Unicorn to R. facing cult object.,-8,31,5,203 344 66 375 89,203 344 66 375 89,
803,2186,MD,Mohenjodaro,FEM vol II,1,seal,0,0,1,right-to-left,45,Animals,Short-horned bull to R. facing feeding trough.,-8,31,4,65 67 121 12,65 67 121 12,
804,2187,MD,Mohenjodaro,FEM vol II,1,seal,0,0,1,right-to-left,13,Animals,Unicorn to R. facing cult object.,-8,32,3,150 87 277,150 87 277,
805,2188,MD,Mohenjodaro,FEM vol II,1,seal,0,0,1,right-to-left,113,Animals,Rhinoceros to R. facing feeding trough.,-8,32,4,0 123 328 *012,0 123 328 12,4
806,2189,MD,Mohenjodaro,FEM vol II,1,seal,0,0,1,right-to-left,11,Animals,Unicorn to R. No cult object in front.,-8,32,3,67 244 0,67 244 0,
807,2190,MD,Mohenjodaro,FEM vol II,1,seal,0,0,1,right-to-left,13,Animals,Unicorn to R. facing cult object.,-8,32,6,302 123 398 160 307 176,302 123 398 160 307 176,
808,2191,MD,Mohenjodaro,FEM vol II,1,seal,0,0,1,right-to-left,13,Animals,Unicorn to R. facing cult object.,-8,31,5,181 319 97 102 190,181 319 97 102 190,
809,2192,MD,Mohenjodaro,FEM vol II,1,seal,0,0,1,right-to-left,11,Animals,Unicorn to R. No cult object in front.,-8,32,4,0 17 406 162,0 17 406 162,
810,2193,MD,Mohenjodaro,FEM vol II,1,seal,0,0,1,right-to-left,13,Animals,Unicorn to R. facing cult object.,-8,31,6,202 343 65 67 72 211,202 343 65 67 72 211,
811,2195,MD,Mohenjodaro,FEM vol II,1,seal,0,0,1,right-to-left,71,Animals,Elephant to R.,-8,32,4,0 192 347 342,0 192 347 342,
812,2196,MD,Mohenjodaro,FEM vol II,1,seal,0,0,1,right-to-left,13,Animals,Unicorn to R. facing cult object.,-8,32,3,72 388 176,72 388 176,
813,2197,MD,Mohenjodaro,FEM vol II,1,seal,0,0,1,right-to-left,13,Animals,Unicorn to R. facing cult object.,-8,31,10,87 322 99 65 72 336 89 390 327 *342,87 322 99 65 72 336 89 390 327 342,10
814,2198,MD,Mohenjodaro,FEM vol II,1,seal,0,0,1,right-to-left,13,Animals,Unicorn to R. facing cult object.,-8,31,4,216 123 109 162,216 123 109 162,
815,2199,MD,Mohenjodaro,FEM vol II,1,seal,0,0,1,right-to-left,13,Animals,Unicorn to R. facing cult object.,-8,31,3,286 99 68,286 99 68,
816,2200,MD,Mohenjodaro,FEM vol II,1,seal,0,0,1,right-to-left,0,No field symbol,No Field Symbol,-8,31,3,153 153 342,153 153 342,
817,2201,MD,Mohenjodaro,FEM vol II,1,seal,0,0,1,right-to-left,351,Animals,Uncertain animal (mostly bovine) to R.,-8,32,3,186 347 342,186 347 342,
818,2202,MD,Mohenjodaro,FEM vol II,1,seal,0,0,1,right-to-left,13,Animals,Unicorn to R. facing cult object.,-8,31,5,244 230 99 124 *342,244 230 99 124 342,5
819,2203,MD,Mohenjodaro,FEM vol II,1,seal,0,0,1,right-to-left,13,Animals,Unicorn to R. facing cult object.,-8,32,3,23 86 15,23 86 15,
820,2204,MD,Mohenjodaro,FEM vol II,1,seal,0,0,1,right-to-left,0,No field symbol,No Field Symbol,-8,31,5,403 17 56 *249 0,403 17 56 249 0,4
821,2205,MD,Mohenjodaro,FEM vol II,1,seal,0,0,1,right-to-left,0,No field symbol,No Field Symbol,-9,32,7,389 53 171 59 373 287 342,389 53 171 59 373 287 342,
822,2206,MD,Mohenjodaro,FEM vol II,1,seal,0,0,1,right-to-left,13,Animals,Unicorn to R. facing cult object.,-8,32,3,395 402 0,395 402 0,
823,2207,MD,Mohenjodaro,FEM vol II,1,seal,0,0,1,right-to-left,13,Animals,Unicorn to R. facing cult object.,-8,32,6,155 343 171 59 53 342,155 343 171 59 53 342,
824,2208,MD,Mohenjodaro,FEM vol II,1,seal,0,0,1,right-to-left,13,Animals,Unicorn to R. facing cult object.,-8,31,7,328 391 99 70 336 89 211,328 391 99 70 336 89 211,
825,2209,MD,Mohenjodaro,FEM vol II,1,seal,0,0,9,no text,13,Animals,Unicorn to R. facing cult object.,-8,31,2,*059 0,59 0,1
826,2211,MD,Mohenjodaro,FEM vol II,1,seal,0,0,1,right-to-left,13,Animals,Unicorn to R. facing cult object.,-8,31,3,387 87 60,387 87 60,
827,2213,MD,Mohenjodaro,FEM vol II,1,seal,0,0,1,right-to-left,0,No field symbol,No Field Symbol,-8,31,5,336 89 98 358 342,336 89 98 358 342,
828,2214,MD,Mohenjodaro,FEM vol II,1,seal,0,0,1,right-to-left,13,Animals,Unicorn to R. facing cult object.,-8,31,3,112 194 342,112 194 342,
829,2215,MD,Mohenjodaro,FEM vol II,1,seal,0,0,1,right-to-left,13,Animals,Unicorn to R. facing cult object.,-8,31,2,106 169,106 169,
830,2216,MD,Mohenjodaro,FEM vol II,1,seal,0,0,1,right-to-left,45,Animals,Short-horned bull to R. facing feeding trough.,-8,31,5,175 180 99 338 342,175 180 99 338 342,
831,2217,MD,Mohenjodaro,FEM vol II,1,seal,0,0,9,no text,351,Animals,Uncertain animal (mostly bovine) to R.,-8,31,3,0 1 1,0 1 1,
832,2219,MD,Mohenjodaro,FEM vol II,1,seal,0,0,1,right-to-left,13,Animals,Unicorn to R. facing cult object.,-8,31,6,50 343 375 375 81 342,50 343 375 375 81 342,
833,2220,MD,Mohenjodaro,FEM vol II,1,seal,1,0,2,left-to-right,0,No field symbol,No Field Symbol,-8,31,2,182 149,182 149,
834,2220,MD,Mohenjodaro,FEM vol II,1,seal,2,0,1,right-to-left,0,No field symbol,No Field Symbol,-8,31,4,216 123 149 342,216 123 149 342,
835,2221,MD,Mohenjodaro,FEM vol II,1,seal,0,0,1,right-to-left,0,No field symbol,No Field Symbol,-9,31,5,389 65 67 296 342,389 65 67 296 342,
836,2222,MD,Mohenjodaro,FEM vol II,1,seal,0,0,1,right-to-left,470,Anthropomorphic forms,Horned personage seated on a pedestal.,-8,32,5,150 123 70 294 342,150 123 70 294 342,
837,2224,MD,Mohenjodaro,FEM vol II,1,seal,0,0,1,right-to-left,13,Animals,Unicorn to R. facing cult object.,-8,31,7,267 99 67 153 153 347 342,267 99 67 153 153 347 342,
838,2225,MD,Mohenjodaro,FEM vol II,1,seal,0,0,1,right-to-left,13,Animals,Unicorn to R. facing cult object.,-9,32,3,212 87 341,212 87 341,
839,2226,MD,Mohenjodaro,FEM vol II,1,seal,0,0,3,single sign,13,Animals,Unicorn to R. facing cult object.,-8,31,1,73,73,
840,2227,MD,Mohenjodaro,FEM vol II,1,seal,0,0,1,right-to-left,0,No field symbol,No Field Symbol,-9,31,6,389 87 59 67 121 342,389 87 59 67 121 342,
841,2228,MD,Mohenjodaro,FEM vol II,1,seal,0,1,1,right-to-left,0,No field symbol,No Field Symbol,-9,31,5,244 83 99 67 0,244 83 99 67 0,
842,2228,MD,Mohenjodaro,FEM vol II,1,seal,0,2,1,right-to-left,0,No field symbol,No Field Symbol,-9,31,5,87 244 28 *162 0,87 244 28 162 0,4
843,2228,MD,Mohenjodaro,FEM vol II,1,seal,0,3,9,no text,0,No field symbol,No Field Symbol,-9,31,1,0,0,
844,2229,MD,Mohenjodaro,FEM vol II,1,seal,1,0,1,right-to-left,41,Animals,Short-horned bull to R.,-8,31,3,104 59 211,104 59 211,
845,2229,MD,Mohenjodaro,FEM vol II,1,seal,2,0,1,right-to-left,0,No field symbol,No Field Symbol,-8,31,6,267 99 51 130 149 342,267 99 51 130 149 342,
846,2230,MD,Mohenjodaro,FEM vol II,1,seal,0,0,2,left-to-right,0,No field symbol,No Field Symbol,-8,31,5,0 87 59 155 162,0 87 59 155 162,
847,2231,MD,Mohenjodaro,FEM vol II,1,seal,0,0,1,right-to-left,13,Animals,Unicorn to R. facing cult object.,-9,31,7,387 53 171 59 98 347 342,387 53 171 59 98 347 342,
848,2232,MD,Mohenjodaro,FEM vol II,1,seal,0,0,1,right-to-left,13,Animals,Unicorn to R. facing cult object.,-9,31,5,386 65 59 327 342,386 65 59 327 342,
849,2233,MD,Mohenjodaro,FEM vol II,1,seal,0,0,1,right-to-left,13,Animals,Unicorn to R. facing cult object.,-9,32,7,215 298 86 109 59 342 1,215 298 86 109 59 342 1,
850,2234,MD,Mohenjodaro,FEM vol II,1,seal,0,0,1,right-to-left,23,Animals,Bull with two long horns to R.facing cult object.,-9,31,4,336 162 100 66,336 162 100 66,
851,2235,MD,Mohenjodaro,FEM vol II,1,seal,0,1,1,right-to-left,470,Anthropomorphic forms,Horned personage seated on a pedestal.,-9,31,3,0 99 68,0 99 68,
852,2235,MD,Mohenjodaro,FEM vol II,1,seal,0,2,1,right-to-left,470,Anthropomorphic forms,Horned personage seated on a pedestal.,-9,31,2,59 *267,59 267,2
853,2236,MD,Mohenjodaro,FEM vol II,1,seal,0,0,1,right-to-left,0,No field symbol,No Field Symbol,-9,31,4,*249 169 53 342,249 169 53 342,1
854,2237,MD,Mohenjodaro,FEM vol II,1,seal,0,0,1,right-to-left,13,Animals,Unicorn to R. facing cult object.,-9,31,8,267 343 87 155 124 169 296 342,267 343 87 155 124 169 296 342,
855,2238,MD,Mohenjodaro,FEM vol II,1,seal,0,0,1,right-to-left,45,Animals,Short-horned bull to R. facing feeding trough.,-9,32,6,34 99 65 301 347 342,34 99 65 301 347 342,
856,2239,MD,Mohenjodaro,FEM vol II,1,seal,0,0,1,right-to-left,13,Animals,Unicorn to R. facing cult object.,-9,31,2,75 12,75 12,
857,2240,MD,Mohenjodaro,FEM vol II,1,seal,0,0,1,right-to-left,0,No field symbol,No Field Symbol,-9,31,4,102 25 245 245,102 25 245 245,
858,2241,MD,Mohenjodaro,FEM vol II,1,seal,0,0,1,right-to-left,13,Animals,Unicorn to R. facing cult object.,-9,31,3,48 28 169,48 28 169,
859,2242,MD,Mohenjodaro,FEM vol II,1,seal,0,0,1,right-to-left,13,Animals,Unicorn to R. facing cult object.,-9,31,3,255 11 15,255 11 15,
860,2243,MD,Mohenjodaro,FEM vol II,1,seal,0,0,1,right-to-left,13,Animals,Unicorn to R. facing cult object.,-9,31,5,150 123 70 127 *342,150 123 70 127 342,5
861,2244,MD,Mohenjodaro,FEM vol II,1,seal,0,0,1,right-to-left,13,Animals,Unicorn to R. facing cult object.,-9,31,2,216 254,216 254,
862,2246,MD,Mohenjodaro,FEM vol II,1,seal,0,0,1,right-to-left,13,Animals,Unicorn to R. facing cult object.,-9,31,5,372 99 403 87 342,372 99 403 87 342,
863,2247,MD,Mohenjodaro,FEM vol II,1,seal,0,0,1,right-to-left,13,Animals,Unicorn to R. facing cult object.,-9,32,6,150 123 65 67 348 *342,150 123 65 67 348 342,6
864,2249,MD,Mohenjodaro,FEM vol II,1,seal,0,0,1,right-to-left,31,Animals,Humped bull to R.,-9,32,2,102 25,102 25,
865,2250,MD,Mohenjodaro,FEM vol II,1,seal,0,0,1,right-to-left,13,Animals,Unicorn to R. facing cult object.,-9,31,5,86 327 99 102 190,86 327 99 102 190,
866,2251,MD,Mohenjodaro,FEM vol II,1,seal,0,0,1,right-to-left,13,Animals,Unicorn to R. facing cult object.,-9,32,5,267 99 336 89 211,267 99 336 89 211,
867,2252,MD,Mohenjodaro,FEM vol II,1,seal,0,0,1,right-to-left,13,Animals,Unicorn to R. facing cult object.,-9,32,5,0 67 403 87 342,0 67 403 87 342,
868,2253,MD,Mohenjodaro,FEM vol II,1,seal,0,0,1,right-to-left,13,Animals,Unicorn to R. facing cult object.,-9,31,3,344 347 342,344 347 342,
869,2254,MD,Mohenjodaro,FEM vol II,1,seal,0,0,1,right-to-left,13,Animals,Unicorn to R. facing cult object.,-9,31,4,106 287 342 1,106 287 342 1,
870,2255,MD,Mohenjodaro,FEM vol II,1,seal,0,0,1,right-to-left,13,Animals,Unicorn to R. facing cult object.,-9,32,6,267 99 375 375 342 1,267 99 375 375 342 1,
871,2256,MD,Mohenjodaro,FEM vol II,1,seal,0,0,1,right-to-left,13,Animals,Unicorn to R. facing cult object.,-9,32,6,267 99 86 67 244 0,267 99 86 67 244 0,
872,2257,MD,Mohenjodaro,FEM vol II,1,seal,0,0,1,right-to-left,65,Animals,Buffalo to R. facing feeding trough.,-9,31,5,139 99 15 244 342,139 99 15 244 342,
873,2258,MD,Mohenjodaro,FEM vol II,1,seal,0,0,1,right-to-left,251,Animals,"Fabulous animal to R. with body of ram, horns of bull, trunk of elephant, hind legs of tiger and upraised serpent-like tail.",-9,32,2,48 342,48 342,
874,2260,MD,Mohenjodaro,FEM vol II,1,seal,0,0,1,right-to-left,95,Animals,Tiger to R. facing feeding trough.,-9,31,6,87 59 67 89 381 342,87 59 67 89 381 342,
875,2261,MD,Mohenjodaro,FEM vol II,1,seal,0,0,3,single sign,13,Animals,Unicorn to R. facing cult object.,-9,31,1,392,392,
876,2262,MD,Mohenjodaro,FEM vol II,1,seal,0,0,1,right-to-left,11,Animals,Unicorn to R. No cult object in front.,-10,31,4,267 99 113 342,267 99 113 342,
877,2263,MD,Mohenjodaro,FEM vol II,1,seal,0,0,1,right-to-left,13,Animals,Unicorn to R. facing cult object.,-9,31,6,373 162 343 249 162 342,373 162 343 249 162 342,
878,2264,MD,Mohenjodaro,FEM vol II,1,seal,0,1,1,right-to-left,13,Animals,Unicorn to R. facing cult object.,-10,32,6,197 32 123 287 319 342,197 32 123 287 319 342,
879,2264,MD,Mohenjodaro,FEM vol II,1,seal,0,2,3,single sign,13,Animals,Unicorn to R. facing cult object.,-10,32,1,235,235,
880,2265,MD,Mohenjodaro,FEM vol II,1,seal,0,0,1,right-to-left,13,Animals,Unicorn to R. facing cult object.,-10,31,3,243 267 0,243 267 0,
881,2266,MD,Mohenjodaro,FEM vol II,1,seal,0,0,1,right-to-left,0,No field symbol,No Field Symbol,-10,32,5,354 319 123 40 0,354 319 123 40 0,
882,2267,MD,Mohenjodaro,FEM vol II,1,seal,0,0,1,right-to-left,13,Animals,Unicorn to R. facing cult object.,-10,31,3,306 114 162,306 114 162,
883,2268,MD,Mohenjodaro,FEM vol II,1,seal,0,0,1,right-to-left,45,Animals,Short-horned bull to R. facing feeding trough.,-9,31,4,391 99 214 342,391 99 214 342,
884,2269,MD,Mohenjodaro,FEM vol II,1,seal,0,0,2,left-to-right,13,Animals,Unicorn to R. facing cult object.,-9,31,2,162 342,162 342,
885,2270,MD,Mohenjodaro,FEM vol II,1,seal,0,0,1,right-to-left,13,Animals,Unicorn to R. facing cult object.,-10,32,2,406 162,406 162,
886,2271,MD,Mohenjodaro,FEM vol II,1,seal,0,0,1,right-to-left,13,Animals,Unicorn to R. facing cult object.,-10,31,9,391 28 169 99 65 72 67 244 342,391 28 169 99 65 72 67 244 342,
887,2272,MD,Mohenjodaro,FEM vol II,1,seal,0,0,1,right-to-left,13,Animals,Unicorn to R. facing cult object.,-9,31,4,387 67 348 342,387 67 348 342,
888,2273,MD,Mohenjodaro,FEM vol II,1,seal,0,0,1,right-to-left,0,No field symbol,No Field Symbol,-10,31,8,216 123 171 59 336 89 216 254,216 123 171 59 336 89 216 254,
889,2274,MD,Mohenjodaro,FEM vol II,1,seal,0,0,1,right-to-left,13,Animals,Unicorn to R. facing cult object.,-10,31,2,2 176,2 176,
890,2275,MD,Mohenjodaro,FEM vol II,1,seal,0,0,1,right-to-left,45,Animals,Short-horned bull to R. facing feeding trough.,-10,32,6,0 65 67 336 89 211,0 65 67 336 89 211,
891,2276,MD,Mohenjodaro,FEM vol II,1,seal,0,0,1,right-to-left,11,Animals,Unicorn to R. No cult object in front.,-9,31,4,267 99 28 1,267 99 28 1,
892,2277,MD,Mohenjodaro,FEM vol II,1,seal,0,0,1,right-to-left,13,Animals,Unicorn to R. facing cult object.,-10,31,4,0 *249 169 342,0 249 169 342,2
893,2278,MD,Mohenjodaro,FEM vol II,1,seal,0,0,1,right-to-left,71,Animals,Elephant to R.,-10,31,6,0 387 87 284 294 342,0 387 87 284 294 342,
894,2279,MD,Mohenjodaro,FEM vol II,1,seal,0,1,2,left-to-right,640,Scenes,Person throwing a spear at buffalo and placing one foot on its head.,-10,31,3,162 1 0,162 1 0,
895,2279,MD,Mohenjodaro,FEM vol II,1,seal,0,2,3,single sign,640,Scenes,Person throwing a spear at buffalo and placing one foot on its head.,-10,31,1,242,242,
896,2280,MD,Mohenjodaro,FEM vol II,1,seal,0,0,1,right-to-left,31,Animals,Humped bull to R.,-10,31,5,197 249 343 67 211,197 249 343 67 211,
897,2281,MD,Mohenjodaro,FEM vol II,1,seal,0,0,1,right-to-left,13,Animals,Unicorn to R. facing cult object.,-10,31,6,375 99 67 342 216 254,375 99 67 342 216 254,
898,2282,MD,Mohenjodaro,FEM vol II,1,seal,0,0,1,right-to-left,13,Animals,Unicorn to R. facing cult object.,-10,31,5,53 171 59 48 342,53 171 59 48 342,
899,2283,MD,Mohenjodaro,FEM vol II,1,seal,0,0,1,right-to-left,95,Animals,Tiger to R. facing feeding trough.,-10,32,5,398 99 25 176 342,398 99 25 176 342,
900,2284,MD,Mohenjodaro,FEM vol II,1,seal,0,0,1,right-to-left,13,Animals,Unicorn to R. facing cult object.,-10,31,6,336 209 343 389 296 342,336 209 343 389 296 342,
901,2285,MD,Mohenjodaro,FEM vol II,1,seal,0,0,1,right-to-left,13,Animals,Unicorn to R. facing cult object.,-10,31,6,26 100 87 59 38 342,26 100 87 59 38 342,
902,2286,MD,Mohenjodaro,FEM vol II,1,seal,0,0,1,right-to-left,13,Animals,Unicorn to R. facing cult object.,-10,31,6,343 391 99 86 75 12,343 391 99 86 75 12,
903,2288,MD,Mohenjodaro,FEM vol II,1,seal,0,0,1,right-to-left,0,No field symbol,No Field Symbol,-10,31,5,267 99 48 233 342,267 99 48 233 342,
904,2289,MD,Mohenjodaro,FEM vol II,1,seal,0,0,1,right-to-left,0,No field symbol,No Field Symbol,-10,31,3,284 14 176,284 14 176,
905,2290,MD,Mohenjodaro,FEM vol II,1,seal,0,0,1,right-to-left,45,Animals,Short-horned bull to R. facing feeding trough.,-10,31,8,267 99 204 230 301 155 347 342,267 99 204 230 301 155 347 342,
906,2291,MD,Mohenjodaro,FEM vol II,1,seal,0,0,1,right-to-left,0,No field symbol,No Field Symbol,-10,31,3,59 48 342,59 48 342,
907,2292,MD,Mohenjodaro,FEM vol II,1,seal,0,0,1,right-to-left,0,No field symbol,No Field Symbol,-10,31,5,17 345 25 245 245,17 345 25 245 245,
908,2293,MD,Mohenjodaro,FEM vol II,1,seal,0,0,1,right-to-left,13,Animals,Unicorn to R. facing cult object.,-10,31,2,124 12,124 12,
909,2294,MD,Mohenjodaro,FEM vol II,1,seal,0,0,1,right-to-left,13,Animals,Unicorn to R. facing cult object.,-10,31,3,204 245 342,204 245 342,
910,2295,MD,Mohenjodaro,FEM vol II,1,seal,0,0,1,right-to-left,13,Animals,Unicorn to R. facing cult object.,-10,31,4,292 343 180 140,292 343 180 140,
911,2296,MD,Mohenjodaro,FEM vol II,1,seal,0,0,1,right-to-left,13,Animals,Unicorn to R. facing cult object.,-10,31,3,182 293 162,182 293 162,
912,2297,MD,Mohenjodaro,FEM vol II,1,seal,0,0,1,right-to-left,0,No field symbol,No Field Symbol,-10,31,8,86 210 99 389 67 211 97 102,86 210 99 389 67 211 97 102,
913,2298,MD,Mohenjodaro,FEM vol II,1,seal,0,0,1,right-to-left,45,Animals,Short-horned bull to R. facing feeding trough.,-10,31,5,293 123 343 112 162,293 123 343 112 162,
914,2299,MD,Mohenjodaro,FEM vol II,1,seal,0,0,9,no text,13,Animals,Unicorn to R. facing cult object.,-10,31,2,0 403,0 403,
915,2300,MD,Mohenjodaro,FEM vol II,1,seal,0,0,1,right-to-left,13,Animals,Unicorn to R. facing cult object.,-10,32,5,249 162 343 296 342,249 162 343 296 342,
916,2301,MD,Mohenjodaro,FEM vol II,1,seal,0,0,1,right-to-left,0,No field symbol,No Field Symbol,-10,31,7,194 194 219 345 97 104 169,194 194 219 345 97 104 169,
917,2302,MD,Mohenjodaro,FEM vol II,1,seal,0,0,1,right-to-left,0,No field symbol,No Field Symbol,-10,31,6,391 99 387 102 287 342,391 99 387 102 287 342,
918,2303,MD,Mohenjodaro,FEM vol II,1,seal,0,0,1,right-to-left,0,No field symbol,No Field Symbol,-10,31,4,72 249 *169 0,72 249 169 0,3
919,2304,MD,Mohenjodaro,FEM vol II,1,seal,0,0,1,right-to-left,71,Animals,Elephant to R.,-10,31,4,267 402 25 15,267 402 25 15,
920,2305,MD,Mohenjodaro,FEM vol II,1,seal,0,0,1,right-to-left,13,Animals,Unicorn to R. facing cult object.,-10,31,5,50 343 67 102 15,50 343 67 102 15,
921,2306,MD,Mohenjodaro,FEM vol II,1,seal,0,0,1,right-to-left,31,Animals,Humped bull to R.,-10,32,6,*284 99 9 67 342 224,284 99 9 67 342 224,1
922,2307,MD,Mohenjodaro,FEM vol II,1,seal,0,0,1,right-to-left,13,Animals,Unicorn to R. facing cult object.,-10,31,7,391 99 53 336 89 67 66,391 99 53 336 89 67 66,
923,2308,MD,Mohenjodaro,FEM vol II,1,seal,0,0,1,right-to-left,0,No field symbol,No Field Symbol,-10,31,3,182 293 342,182 293 342,
924,2309,MD,Mohenjodaro,FEM vol II,1,seal,0,0,1,right-to-left,113,Animals,Rhinoceros to R. facing feeding trough.,-10,31,5,0 402 59 387 342,0 402 59 387 342,
925,2310,MD,Mohenjodaro,FEM vol II,1,seal,0,0,1,right-to-left,31,Animals,Humped bull to R.,-10,31,2,86 250,86 250,
926,2311,MD,Mohenjodaro,FEM vol II,1,seal,0,0,1,right-to-left,13,Animals,Unicorn to R. facing cult object.,-11,31,4,150 123 217 0,150 123 217 0,
927,2312,MD,Mohenjodaro,FEM vol II,1,seal,0,1,1,right-to-left,13,Animals,Unicorn to R. facing cult object.,-11,31,6,0 53 342 249 162 342,0 53 342 249 162 342,
928,2312,MD,Mohenjodaro,FEM vol II,1,seal,0,2,3,single sign,13,Animals,Unicorn to R. facing cult object.,-11,31,1,242,242,
929,2313,MD,Mohenjodaro,FEM vol II,1,seal,0,0,1,right-to-left,45,Animals,Short-horned bull to R. facing feeding trough.,-10,31,3,124 50 375,124 50 375,
930,2314,MD,Mohenjodaro,FEM vol II,1,seal,0,0,1,right-to-left,31,Animals,Humped bull to R.,-11,31,4,293 123 342 87,293 123 342 87,
931,2315,MD,Mohenjodaro,FEM vol II,1,seal,0,0,1,right-to-left,0,No field symbol,No Field Symbol,-10,32,3,72 169 342,72 169 342,
932,2316,MD,Mohenjodaro,FEM vol II,1,seal,0,0,1,right-to-left,19,Animals,Unicorn to R. facing animal standing on hind legs.,-11,31,4,305 123 87 60,305 123 87 60,
933,2317,MD,Mohenjodaro,FEM vol II,1,seal,0,0,1,right-to-left,11,Animals,Unicorn to R. No cult object in front.,-11,31,10,171 8 342 3 130 124 216 245 245 342,171 8 342 3 130 124 216 245 245 342,
934,2318,MD,Mohenjodaro,FEM vol II,1,seal,0,0,1,right-to-left,0,No field symbol,No Field Symbol,-11,32,3,59 394 176,59 394 176,
935,2319,MD,Mohenjodaro,FEM vol II,1,seal,0,0,1,right-to-left,0,No field symbol,No Field Symbol,-11,31,6,104 174 99 53 171 0,104 174 99 53 171 0,
936,2321,MD,Mohenjodaro,FEM vol II,1,seal,0,0,2,left-to-right,0,No field symbol,No Field Symbol,-10,31,3,67 *284 342,67 284 342,2
937,2322,MD,Mohenjodaro,FEM vol II,1,seal,0,0,1,right-to-left,31,Animals,Humped bull to R.,-11,31,5,162 162 162 162 15,162 162 162 162 15,
938,2323,MD,Mohenjodaro,FEM vol II,1,seal,0,0,1,right-to-left,13,Animals,Unicorn to R. facing cult object.,-11,31,3,271 125 59,271 125 59,
939,2324,MD,Mohenjodaro,FEM vol II,1,seal,0,0,1,right-to-left,0,No field symbol,No Field Symbol,-11,31,3,389 65 211,389 65 211,
940,2325,MD,Mohenjodaro,FEM vol II,1,seal,0,0,1,right-to-left,0,No field symbol,No Field Symbol,-11,31,11,244 336 326 327 99 387 65 59 249 169 342,244 336 326 327 99 387 65 59 249 169 342,
941,2326,MD,Mohenjodaro,FEM vol II,1,seal,0,0,1,right-to-left,13,Animals,Unicorn to R. facing cult object.,-11,31,6,391 123 65 67 296 342,391 123 65 67 296 342,
942,2327,MD,Mohenjodaro,FEM vol II,1,seal,1,0,2,left-to-right,0,No field symbol,No Field Symbol,-11,31,7,267 99 65 67 127 347 342,267 99 65 67 127 347 342,
943,2327,MD,Mohenjodaro,FEM vol II,1,seal,2,0,2,left-to-right,0,No field symbol,No Field Symbol,-11,31,7,*267 *099 65 67 127 347 342,267 99 65 67 127 347 342,1 2
944,2328,MD,Mohenjodaro,FEM vol II,1,seal,0,0,2,left-to-right,0,No field symbol,No Field Symbol,-11,32,3,0 2 *012,0 2 12,3
945,2331,MD,Mohenjodaro,FEM vol II,1,seal,0,0,1,right-to-left,31,Animals,Humped bull to R.,-11,31,4,336 251 341 0,336 251 341 0,
946,2332,MD,Mohenjodaro,FEM vol II,1,seal,0,1,1,right-to-left,65,Animals,Buffalo to R. facing feeding trough.,-11,32,4,267 99 *086 0,267 99 86 0,3
947,2332,MD,Mohenjodaro,FEM vol II,1,seal,0,2,3,single sign,65,Animals,Buffalo to R. facing feeding trough.,-11,32,1,*374,374,1
948,2333,MD,Mohenjodaro,FEM vol II,1,seal,0,0,1,right-to-left,13,Animals,Unicorn to R. facing cult object.,-11,31,7,4 99 70 72 249 169 342,4 99 70 72 249 169 342,
949,2334,MD,Mohenjodaro,FEM vol II,1,seal,0,0,1,right-to-left,45,Animals,Short-horned bull to R. facing feeding trough.,-11,31,5,219 178 67 244 342,219 178 67 244 342,
950,2335,MD,Mohenjodaro,FEM vol II,1,seal,0,0,1,right-to-left,11,Animals,Unicorn to R. No cult object in front.,-11,31,10,391 99 386 53 171 59 72 249 162 342,391 99 386 53 171 59 72 249 162 342,
951,2336,MD,Mohenjodaro,FEM vol II,1,seal,0,0,1,right-to-left,0,No field symbol,No Field Symbol,-11,31,5,121 406 169 222 254,121 406 169 222 254,
952,2337,MD,Mohenjodaro,FEM vol II,1,seal,0,0,1,right-to-left,13,Animals,Unicorn to R. facing cult object.,-11,31,7,293 123 344 70 387 *347 *342,293 123 344 70 387 347 342,6 7
953,2338,MD,Mohenjodaro,FEM vol II,1,seal,0,0,1,right-to-left,13,Animals,Unicorn to R. facing cult object.,-11,31,7,267 99 67 171 8 342 1,267 99 67 171 8 342 1,
954,2339,MD,Mohenjodaro,FEM vol II,1,seal,1,0,1,right-to-left,0,No field symbol,No Field Symbol,-11,31,2,182 149,182 149,
955,2339,MD,Mohenjodaro,FEM vol II,1,seal,2,0,1,right-to-left,0,No field symbol,No Field Symbol,-11,31,4,216 123 149 342,216 123 149 342,
956,2340,MD,Mohenjodaro,FEM vol II,1,seal,0,0,1,right-to-left,13,Animals,Unicorn to R. facing cult object.,-11,31,6,152 99 53 59 87 60,152 99 53 59 87 60,
957,2341,MD,Mohenjodaro,FEM vol II,1,seal,0,0,1,right-to-left,11,Animals,Unicorn to R. No cult object in front.,-11,31,3,258 347 342,258 347 342,
958,2342,MD,Mohenjodaro,FEM vol II,1,seal,0,0,1,right-to-left,13,Animals,Unicorn to R. facing cult object.,-11,31,2,25 15,25 15,
959,2343,MD,Mohenjodaro,FEM vol II,1,seal,0,0,1,right-to-left,13,Animals,Unicorn to R. facing cult object.,-11,31,2,102 *015,102 15,2
960,2344,MD,Mohenjodaro,FEM vol II,1,seal,0,0,1,right-to-left,13,Animals,Unicorn to R. facing cult object.,-11,31,5,307 343 65 67 12,307 343 65 67 12,
961,2345,MD,Mohenjodaro,FEM vol II,1,seal,0,0,1,right-to-left,0,No field symbol,No Field Symbol,-11,31,4,67 25 245 245,67 25 245 245,
962,2346,MD,Mohenjodaro,FEM vol II,1,seal,0,0,1,right-to-left,0,No field symbol,No Field Symbol,-11,31,4,102 216 245 245,102 216 245 245,
963,2347,MD,Mohenjodaro,FEM vol II,1,seal,0,0,1,right-to-left,261,Animals,"Fabulous animal to R. with body of tiger, human head and horns of antelope.",-11,31,5,319 402 99 176 176,319 402 99 176 176,
964,2348,MD,Mohenjodaro,FEM vol II,1,seal,0,0,1,right-to-left,13,Animals,Unicorn to R. facing cult object.,-11,31,7,249 102 287 99 67 348 342,249 102 287 99 67 348 342,
965,2349,MD,Mohenjodaro,FEM vol II,1,seal,0,0,1,right-to-left,13,Animals,Unicorn to R. facing cult object.,-11,31,4,391 97 268 137,391 97 268 137,
966,2350,MD,Mohenjodaro,FEM vol II,1,seal,0,0,1,right-to-left,0,No field symbol,No Field Symbol,-11,31,5,345 98 25 245 245,345 98 25 245 245,
967,2351,MD,Mohenjodaro,FEM vol II,1,seal,0,0,1,right-to-left,13,Animals,Unicorn to R. facing cult object.,-11,31,2,20 176,20 176,
968,2352,MD,Mohenjodaro,FEM vol II,1,seal,1,1,1,right-to-left,0,No field symbol,No Field Symbol,-11,31,3,197 343 *252,197 343 252,3
969,2352,MD,Mohenjodaro,FEM vol II,1,seal,1,2,1,right-to-left,0,No field symbol,No Field Symbol,-11,31,3,*186 233 137,186 233 137,1
970,2352,MD,Mohenjodaro,FEM vol II,1,seal,2,1,9,no text,0,No field symbol,No Field Symbol,-11,31,2,345 0,345 0,
971,2352,MD,Mohenjodaro,FEM vol II,1,seal,2,2,9,no text,0,No field symbol,No Field Symbol,-11,31,1,0,0,
972,2353,MD,Mohenjodaro,FEM vol II,1,seal,0,0,1,right-to-left,13,Animals,Unicorn to R. facing cult object.,-11,31,4,17 336 197 *252,17 336 197 252,4
973,2354,MD,Mohenjodaro,FEM vol II,1,seal,0,0,1,right-to-left,13,Animals,Unicorn to R. facing cult object.,-12,31,4,267 99 102 162,267 99 102 162,
974,2355,MD,Mohenjodaro,FEM vol II,1,seal,0,0,1,right-to-left,13,Animals,Unicorn to R. facing cult object.,-12,31,5,198 302 343 113 342,198 302 343 113 342,
975,2356,MD,Mohenjodaro,FEM vol II,1,seal,0,0,1,right-to-left,999,Damaged/illegible,An uncertain/illegible field symbol.,-11,31,4,216 267 402 0,216 267 402 0,
976,2357,MD,Mohenjodaro,FEM vol II,1,seal,0,0,1,right-to-left,999,Damaged/illegible,An uncertain/illegible field symbol.,-11,31,4,267 99 104 169,267 99 104 169,
977,2358,MD,Mohenjodaro,FEM vol II,1,seal,0,0,1,right-to-left,13,Animals,Unicorn to R. facing cult object.,-11,31,2,292 342,292 342,
978,2359,MD,Mohenjodaro,FEM vol II,1,seal,0,0,1,right-to-left,23,Animals,Bull with two long horns to R.facing cult object.,-11,31,5,264 17 171 8 342,264 17 171 8 342,
979,2360,MD,Mohenjodaro,FEM vol II,1,seal,0,0,1,right-to-left,101,Animals,Horned Tiger to R.,-12,31,2,135 342,135 342,
980,2361,MD,Mohenjodaro,FEM vol II,1,seal,0,0,1,right-to-left,13,Animals,Unicorn to R. facing cult object.,-12,31,3,54 19 81,54 19 81,
981,2362,MD,Mohenjodaro,FEM vol II,1,seal,0,0,1,right-to-left,31,Animals,Humped bull to R.,-12,31,3,398 217 342,398 217 342,
982,2363,MD,Mohenjodaro,FEM vol II,1,seal,0,0,1,right-to-left,13,Animals,Unicorn to R. facing cult object.,-12,31,6,267 99 217 403 347 342,267 99 217 403 347 342,
983,2364,MD,Mohenjodaro,FEM vol II,1,seal,0,0,1,right-to-left,13,Animals,Unicorn to R. facing cult object.,-12,31,2,334 342,334 342,
984,2365,MD,Mohenjodaro,FEM vol II,1,seal,0,0,1,right-to-left,13,Animals,Unicorn to R. facing cult object.,-12,31,5,80 160 343 72 211,80 160 343 72 211,
985,2366,MD,Mohenjodaro,FEM vol II,1,seal,0,1,1,right-to-left,31,Animals,Humped bull to R.,-11,31,4,409 96 19 99,409 96 19 99,
986,2366,MD,Mohenjodaro,FEM vol II,1,seal,0,2,1,right-to-left,31,Animals,Humped bull to R.,-11,31,3,59 194 342,59 194 342,
987,2367,MD,Mohenjodaro,FEM vol II,1,seal,0,0,1,right-to-left,13,Animals,Unicorn to R. facing cult object.,-12,31,8,391 98 87 59 72 336 89 0,391 98 87 59 72 336 89 0,
988,2368,MD,Mohenjodaro,FEM vol II,1,seal,0,0,1,right-to-left,13,Animals,Unicorn to R. facing cult object.,-12,31,2,102 15,102 15,
989,2369,MD,Mohenjodaro,FEM vol II,1,seal,0,0,1,right-to-left,0,No field symbol,No Field Symbol,-12,31,6,51 130 149 342 98 174,51 130 149 342 98 174,
990,2370,MD,Mohenjodaro,FEM vol II,1,seal,0,0,1,right-to-left,45,Animals,Short-horned bull to R. facing feeding trough.,-12,31,5,175 28 99 102 162,175 28 99 102 162,
991,2371,MD,Mohenjodaro,FEM vol II,1,seal,0,0,1,right-to-left,13,Animals,Unicorn to R. facing cult object.,-12,32,2,2 14,2 14,
992,2372,MD,Mohenjodaro,FEM vol II,1,seal,0,0,1,right-to-left,0,No field symbol,No Field Symbol,-12,31,3,204 245 *015,204 245 15,3
993,2373,MD,Mohenjodaro,FEM vol II,1,seal,0,1,1,right-to-left,13,Animals,Unicorn to R. facing cult object.,-13,31,6,307 402 99 171 59 211,307 402 99 171 59 211,
994,2373,MD,Mohenjodaro,FEM vol II,1,seal,0,2,3,single sign,13,Animals,Unicorn to R. facing cult object.,-13,31,1,242,242,
995,2374,MD,Mohenjodaro,FEM vol II,2,sealing,0,0,2,left-to-right,0,No field symbol,No Field Symbol,-10,31,3,102 59 342,102 59 342,
996,2375,MD,Mohenjodaro,FEM vol II,1,seal,0,0,1,right-to-left,13,Animals,Unicorn to R. facing cult object.,-12,31,3,70 342 12,70 342 12,
997,2377,MD,Mohenjodaro,FEM vol II,1,seal,1,0,3,single sign,13,Animals,Unicorn to R. facing cult object.,-12,31,1,216,216,
998,2377,MD,Mohenjodaro,FEM vol II,1,seal,2,0,3,single sign,0,No field symbol,No Field Symbol,-12,31,1,169,169,
999,2378,MD,Mohenjodaro,FEM vol II,1,seal,0,0,1,right-to-left,45,Animals,Short-horned bull to R. facing feeding trough.,-12,31,6,387 72 48 342 319 17,387 72 48 342 319 17,
1000,2379,MD,Mohenjodaro,FEM vol II,1,seal,0,0,1,right-to-left,13,Animals,Unicorn to R. facing cult object.,-12,31,2,47 211,47 211,
1001,2380,MD,Mohenjodaro,FEM vol II,1,seal,0,0,1,right-to-left,45,Animals,Short-horned bull to R. facing feeding trough.,-12,31,3,171 8 342,171 8 342,
1002,2381,MD,Mohenjodaro,FEM vol II,1,seal,0,0,1,right-to-left,13,Animals,Unicorn to R. facing cult object.,-12,31,3,106 287 342,106 287 342,
1003,2382,MD,Mohenjodaro,FEM vol II,1,seal,0,0,1,right-to-left,13,Animals,Unicorn to R. facing cult object.,-12,31,2,106 15,106 15,
1004,2384,MD,Mohenjodaro,FEM vol II,1,seal,0,0,1,right-to-left,999,Damaged/illegible,An uncertain/illegible field symbol.,-12,31,3,389 67 211,389 67 211,
1005,2385,MD,Mohenjodaro,FEM vol II,1,seal,0,0,1,right-to-left,45,Animals,Short-horned bull to R. facing feeding trough.,-12,31,4,264 72 171 0,264 72 171 0,
1006,2387,MD,Mohenjodaro,FEM vol II,1,seal,0,0,1,right-to-left,0,No field symbol,No Field Symbol,-12,31,4,391 99 104 169,391 99 104 169,
1007,2388,MD,Mohenjodaro,FEM vol II,1,seal,0,0,1,right-to-left,0,No field symbol,No Field Symbol,-12,31,5,222 254 407 *169 0,222 254 407 169 0,4
1008,2389,MD,Mohenjodaro,FEM vol II,1,seal,0,0,1,right-to-left,13,Animals,Unicorn to R. facing cult object.,-12,31,2,2 12,2 12,
1009,2390,MD,Mohenjodaro,FEM vol II,1,seal,0,0,1,right-to-left,45,Animals,Short-horned bull to R. facing feeding trough.,-12,31,5,215 17 310 249 307,215 17 310 249 307,
1010,2391,MD,Mohenjodaro,FEM vol II,1,seal,0,0,1,right-to-left,0,No field symbol,No Field Symbol,-12,31,5,194 99 336 89 211,194 99 336 89 211,
1011,2392,MD,Mohenjodaro,FEM vol II,1,seal,0,0,1,right-to-left,0,No field symbol,No Field Symbol,-12,31,7,0 *153 336 89 390 327 342,0 153 336 89 390 327 342,2
1012,2393,MD,Mohenjodaro,FEM vol II,1,seal,0,0,1,right-to-left,13,Animals,Unicorn to R. facing cult object.,-12,31,8,267 402 70 211 205 249 155 0,267 402 70 211 205 249 155 0,
1013,2394,MD,Mohenjodaro,FEM vol II,1,seal,1,0,1,right-to-left,0,No field symbol,No Field Symbol,-12,31,2,86 15,86 15,
1014,2394,MD,Mohenjodaro,FEM vol II,1,seal,2,0,2,left-to-right,0,No field symbol,No Field Symbol,-12,31,2,86 15,86 15,
1015,2395,MD,Mohenjodaro,FEM vol II,1,seal,0,0,2,left-to-right,0,No field symbol,No Field Symbol,-12,31,7,205 245 48 8 97 89 190,205 245 48 8 97 89 190,
1016,2396,MD,Mohenjodaro,FEM vol II,1,seal,0,0,1,right-to-left,13,Animals,Unicorn to R. facing cult object.,-12,31,7,389 65 67 204 112 358 342,389 65 67 204 112 358 342,
1017,2397,MD,Mohenjodaro,FEM vol II,1,seal,0,0,1,right-to-left,0,No field symbol,No Field Symbol,-12,31,4,86 136 267 342,86 136 267 342,
1018,2398,MD,Mohenjodaro,FEM vol II,1,seal,0,1,1,right-to-left,13,Animals,Unicorn to R. facing cult object.,-12,31,9,293 98 65 59 211 150 123 135 342,293 98 65 59 211 150 123 135 342,
1019,2398,MD,Mohenjodaro,FEM vol II,1,seal,0,2,1,right-to-left,13,Animals,Unicorn to R. facing cult object.,-12,31,4,402 55 279 404,402 55 279 404,
1020,2399,MD,Mohenjodaro,FEM vol II,1,seal,0,0,1,right-to-left,45,Animals,Short-horned bull to R. facing feeding trough.,-12,31,4,0 *059 216 254,0 59 216 254,2
1021,2401,MD,Mohenjodaro,FEM vol II,1,seal,0,0,1,right-to-left,0,No field symbol,No Field Symbol,-12,31,3,*086 6 12,86 6 12,1
1022,2402,MD,Mohenjodaro,FEM vol II,1,seal,0,0,1,right-to-left,13,Animals,Unicorn to R. facing cult object.,-12,31,6,293 123 343 67 175 206,293 123 343 67 175 206,
1023,2403,MD,Mohenjodaro,FEM vol II,1,seal,0,0,1,right-to-left,13,Animals,Unicorn to R. facing cult object.,-12,31,5,267 99 124 25 342,267 99 124 25 342,
1024,2404,MD,Mohenjodaro,FEM vol II,1,seal,0,0,1,right-to-left,13,Animals,Unicorn to R. facing cult object.,-12,31,6,124 409 96 342 1 176,124 409 96 342 1 176,
1025,2405,MD,Mohenjodaro,FEM vol II,1,seal,1,0,1,right-to-left,13,Animals,Unicorn to R. facing cult object.,-12,31,6,293 123 343 65 294 342,293 123 343 65 294 342,
1026,2405,MD,Mohenjodaro,FEM vol II,1,seal,2,1,2,left-to-right,0,No field symbol,No Field Symbol,-12,31,4,391 102 137 253,391 102 137 253,
1027,2405,MD,Mohenjodaro,FEM vol II,1,seal,2,2,1,right-to-left,0,No field symbol,No Field Symbol,-12,31,4,409 94 409 0,409 94 409 0,
1028,2405,MD,Mohenjodaro,FEM vol II,1,seal,3,0,1,right-to-left,0,No field symbol,No Field Symbol,-12,31,3,319 32 162,319 32 162,
1029,2405,MD,Mohenjodaro,FEM vol II,1,seal,4,0,1,right-to-left,0,No field symbol,No Field Symbol,-12,31,2,403 231,403 231,
1030,2405,MD,Mohenjodaro,FEM vol II,1,seal,5,0,3,single sign,0,No field symbol,No Field Symbol,-12,31,1,408,408,
1031,2405,MD,Mohenjodaro,FEM vol II,1,seal,6,0,9,no text,0,No field symbol,No Field Symbol,-12,31,1,0,0,
1032,2406,MD,Mohenjodaro,FEM vol II,1,seal,0,0,1,right-to-left,13,Animals,Unicorn to R. facing cult object.,-13,31,8,403 256 216 123 65 87 284 342,403 256 216 123 65 87 284 342,
1033,2407,MD,Mohenjodaro,FEM vol II,1,seal,0,0,1,right-to-left,13,Animals,Unicorn to R. facing cult object.,-13,31,7,159 381 99 175 230 53 342,159 381 99 175 230 53 342,
1034,2408,MD,Mohenjodaro,FEM vol II,1,seal,0,0,2,left-to-right,0,No field symbol,No Field Symbol,-12,31,5,267 99 331 162 402,267 99 331 162 402,
1035,2409,MD,Mohenjodaro,FEM vol II,1,seal,0,0,1,right-to-left,45,Animals,Short-horned bull to R. facing feeding trough.,-13,31,3,72 247 342,72 247 342,
1036,2410,MD,Mohenjodaro,FEM vol II,1,seal,0,0,1,right-to-left,45,Animals,Short-horned bull to R. facing feeding trough.,-13,31,4,65 67 233 342,65 67 233 342,
1037,2411,MD,Mohenjodaro,FEM vol II,1,seal,0,0,1,right-to-left,251,Animals,"Fabulous animal to R. with body of ram, horns of bull, trunk of elephant, hind legs of tiger and upraised serpent-like tail.",-13,31,5,391 123 336 89 211,391 123 336 89 211,
1038,2413,MD,Mohenjodaro,FEM vol II,1,seal,0,0,1,right-to-left,13,Animals,Unicorn to R. facing cult object.,-13,31,6,264 89 332 58 249 307,264 89 332 58 249 307,
1039,2414,MD,Mohenjodaro,FEM vol II,1,seal,0,0,1,right-to-left,0,No field symbol,No Field Symbol,-13,31,3,67 348 342,67 348 342,
1040,2415,MD,Mohenjodaro,FEM vol II,1,seal,0,0,1,right-to-left,13,Animals,Unicorn to R. facing cult object.,-13,31,6,264 287 87 249 175 180,264 287 87 249 175 180,
1041,2417,MD,Mohenjodaro,FEM vol II,1,seal,0,0,1,right-to-left,13,Animals,Unicorn to R. facing cult object.,-13,31,5,234 287 162 343 68,234 287 162 343 68,
1042,2418,MD,Mohenjodaro,FEM vol II,1,seal,0,0,1,right-to-left,13,Animals,Unicorn to R. facing cult object.,-13,31,6,17 *293 162 343 386 342,17 293 162 343 386 342,2
1043,2419,MD,Mohenjodaro,FEM vol II,1,seal,0,0,1,right-to-left,13,Animals,Unicorn to R. facing cult object.,-13,31,6,267 402 123 72 342 1,267 402 123 72 342 1,
1044,2420,MD,Mohenjodaro,FEM vol II,1,seal,0,1,1,right-to-left,480,Anthropomorphic forms,"Horned personage (with three visible faces) seated on a pedestal And surrounded by five animals (rhinoceros, buffalo, antelope, tiger, and elephant (from R.).",-13,31,6,3 216 229 344 59 342,3 216 229 344 59 342,
1045,2420,MD,Mohenjodaro,FEM vol II,1,seal,0,2,3,single sign,480,Anthropomorphic forms,"Horned personage (with three visible faces) seated on a pedestal And surrounded by five animals (rhinoceros, buffalo, antelope, tiger, and elephant (from R.).",-13,31,1,1,1,
1046,2421,MD,Mohenjodaro,FEM vol II,1,seal,0,0,1,right-to-left,13,Animals,Unicorn to R. facing cult object.,-13,31,2,173 12,173 12,
1047,2422,MD,Mohenjodaro,FEM vol II,1,seal,0,0,1,right-to-left,13,Animals,Unicorn to R. facing cult object.,-13,31,4,83 125 286 391,83 125 286 391,
1048,2423,MD,Mohenjodaro,FEM vol II,1,seal,0,0,1,right-to-left,45,Animals,Short-horned bull to R. facing feeding trough.,-13,31,8,75 10 97 121 245 245 10 176,75 10 97 121 245 245 10 176,
1049,2424,MD,Mohenjodaro,FEM vol II,1,seal,0,0,1,right-to-left,13,Animals,Unicorn to R. facing cult object.,-13,31,6,267 99 51 130 149 342,267 99 51 130 149 342,
1050,2425,MD,Mohenjodaro,FEM vol II,1,seal,0,0,9,no text,13,Animals,Unicorn to R. facing cult object.,-13,31,2,307 0,307 0,
1051,2426,MD,Mohenjodaro,FEM vol II,1,seal,0,0,1,right-to-left,13,Animals,Unicorn to R. facing cult object.,-13,31,7,387 65 67 336 89 48 342,387 65 67 336 89 48 342,
1052,2427,MD,Mohenjodaro,FEM vol II,1,seal,0,0,1,right-to-left,13,Animals,Unicorn to R. facing cult object.,-13,31,8,307 86 99 86 121 391 391 *402,307 86 99 86 121 391 391 402,8
1053,2428,MD,Mohenjodaro,FEM vol II,1,seal,0,0,1,right-to-left,0,No field symbol,No Field Symbol,-13,31,5,182 342 98 75 14,182 342 98 75 14,
1054,2429,MD,Mohenjodaro,FEM vol II,1,seal,0,0,1,right-to-left,13,Animals,Unicorn to R. facing cult object.,-12,31,9,173 51 267 99 87 59 53 8 342,173 51 267 99 87 59 53 8 342,
1055,2430,MD,Mohenjodaro,FEM vol II,1,seal,0,1,1,right-to-left,780,Scenes,From R. - horned personage standing between two branches of a pipal tree ; low pedestal in front with some offerings ; horned personage kneeling in adoration; ram behind him ; row of seven robed persons in the lower register.,-15,31,3,229 219 0,229 219 0,
1056,2430,MD,Mohenjodaro,FEM vol II,1,seal,0,2,1,right-to-left,780,Scenes,From R. - horned personage standing between two branches of a pipal tree ; low pedestal in front with some offerings ; horned personage kneeling in adoration; ram behind him ; row of seven robed persons in the lower register.,-15,31,3,70 *342 1,70 342 1,2
1057,2430,MD,Mohenjodaro,FEM vol II,1,seal,0,3,3,single sign,780,Scenes,From R. - horned personage standing between two branches of a pipal tree ; low pedestal in front with some offerings ; horned personage kneeling in adoration; ram behind him ; row of seven robed persons in the lower register.,-15,31,1,242,242,
1058,2431,MD,Mohenjodaro,FEM vol II,1,seal,0,1,1,right-to-left,31,Animals,Humped bull to R.,-13,31,3,172 245 *334,172 245 334,3
1059,2431,MD,Mohenjodaro,FEM vol II,1,seal,0,2,3,single sign,31,Animals,Humped bull to R.,-13,31,1,393,393,
1060,2432,MD,Mohenjodaro,FEM vol II,1,seal,0,0,1,right-to-left,13,Animals,Unicorn to R. facing cult object.,-13,31,5,350 99 341 387 60,350 99 341 387 60,
1061,2433,MD,Mohenjodaro,FEM vol II,1,seal,0,0,1,right-to-left,13,Animals,Unicorn to R. facing cult object.,-13,31,2,234 254,234 254,
1062,2434,MD,Mohenjodaro,FEM vol II,7,ivory/bone rod,0,0,1,right-to-left,0,No field symbol,No Field Symbol,-13,31,6,59 99 102 36 384 384,59 99 102 36 384 384,
1063,2435,MD,Mohenjodaro,FEM vol II,1,seal,0,0,1,right-to-left,13,Animals,Unicorn to R. facing cult object.,-13,31,3,285 325 211,285 325 211,
1064,2436,MD,Mohenjodaro,FEM vol II,1,seal,0,0,1,right-to-left,13,Animals,Unicorn to R. facing cult object.,-13,31,11,17 293 293 211 186 267 99 59 59 155 211,17 293 293 211 186 267 99 59 59 155 211,
1065,2437,MD,Mohenjodaro,FEM vol II,7,ivory/bone rod,0,0,1,right-to-left,0,No field symbol,No Field Symbol,-13,31,3,6 267 99,6 267 99,
1066,2438,MD,Mohenjodaro,FEM vol II,1,seal,0,0,1,right-to-left,13,Animals,Unicorn to R. facing cult object.,-13,31,5,267 99 65 72 0,267 99 65 72 0,
1067,2439,MD,Mohenjodaro,FEM vol II,1,seal,0,0,1,right-to-left,0,No field symbol,No Field Symbol,-13,31,7,391 233 59 98 25 245 0,391 233 59 98 25 245 0,
1068,2440,MD,Mohenjodaro,FEM vol II,1,seal,0,0,1,right-to-left,13,Animals,Unicorn to R. facing cult object.,-13,31,6,197 336 97 86 59 211,197 336 97 86 59 211,
1069,2441,MD,Mohenjodaro,FEM vol II,1,seal,0,0,1,right-to-left,31,Animals,Humped bull to R.,-13,31,4,65 72 216 0,65 72 216 0,
1070,2442,MD,Mohenjodaro,FEM vol II,1,seal,0,0,1,right-to-left,13,Animals,Unicorn to R. facing cult object.,-13,31,6,293 123 343 336 49 86,293 123 343 336 49 86,
1071,2443,MD,Mohenjodaro,FEM vol II,1,seal,0,0,1,right-to-left,45,Animals,Short-horned bull to R. facing feeding trough.,-13,31,5,397 86 343 406 162,397 86 343 406 162,
1072,2444,MD,Mohenjodaro,FEM vol II,1,seal,0,0,1,right-to-left,13,Animals,Unicorn to R. facing cult object.,-13,31,4,171 8 342 176,171 8 342 176,
1073,2445,MD,Mohenjodaro,FEM vol II,1,seal,0,0,1,right-to-left,65,Animals,Buffalo to R. facing feeding trough.,-13,33,5,391 1 134 86 415,391 1 134 86 415,
1074,2446,MD,Mohenjodaro,FEM vol II,1,seal,0,0,1,right-to-left,13,Animals,Unicorn to R. facing cult object.,-13,31,11,238 267 99 387 53 72 336 89 112 194 342,238 267 99 387 53 72 336 89 112 194 342,
1075,2447,MD,Mohenjodaro,FEM vol II,1,seal,0,0,1,right-to-left,351,Animals,Uncertain animal (mostly bovine) to R.,-13,31,8,*343 391 99 87 155 171 8 342,343 391 99 87 155 171 8 342,1
1076,2448,MD,Mohenjodaro,FEM vol II,1,seal,0,0,1,right-to-left,0,No field symbol,No Field Symbol,-13,31,4,0 *086 123 7,0 86 123 7,2
1077,2449,MD,Mohenjodaro,FEM vol II,1,seal,0,0,1,right-to-left,13,Animals,Unicorn to R. facing cult object.,-13,31,5,28 162 343 48 342,28 162 343 48 342,
1078,2450,MD,Mohenjodaro,FEM vol II,1,seal,0,0,1,right-to-left,251,Animals,"Fabulous animal to R. with body of ram, horns of bull, trunk of elephant, hind legs of tiger and upraised serpent-like tail.",-13,31,5,267 99 98 347 342,267 99 98 347 342,
1079,2451,MD,Mohenjodaro,FEM vol II,1,seal,0,0,1,right-to-left,13,Animals,Unicorn to R. facing cult object.,-13,31,6,162 216 57 99 62 342,162 216 57 99 62 342,
1080,2452,MD,Mohenjodaro,FEM vol II,1,seal,0,0,1,right-to-left,13,Animals,Unicorn to R. facing cult object.,-13,31,3,87 59 71,87 59 71,
1081,2453,MD,Mohenjodaro,FEM vol II,1,seal,0,0,1,right-to-left,351,Animals,Uncertain animal (mostly bovine) to R.,-13,31,5,0 325 171 8 342,0 325 171 8 342,
1082,2455,MD,Mohenjodaro,FEM vol II,1,seal,0,0,1,right-to-left,13,Animals,Unicorn to R. facing cult object.,-14,31,9,191 303 402 99 87 59 244 58 342,191 303 402 99 87 59 244 58 342,
1083,2456,MD,Mohenjodaro,FEM vol II,1,seal,0,1,1,right-to-left,13,Animals,Unicorn to R. facing cult object.,-14,31,4,258 342 87 60,258 342 87 60,
1084,2456,MD,Mohenjodaro,FEM vol II,1,seal,0,2,1,right-to-left,13,Animals,Unicorn to R. facing cult object.,-14,31,2,87 272,87 272,
1085,2457,MD,Mohenjodaro,FEM vol II,1,seal,0,0,1,right-to-left,45,Animals,Short-horned bull to R. facing feeding trough.,-14,31,5,67 204 112 342 176,67 204 112 342 176,
1086,2458,MD,Mohenjodaro,FEM vol II,1,seal,0,0,1,right-to-left,13,Animals,Unicorn to R. facing cult object.,-14,31,2,379 307,379 307,
1087,2459,MD,Mohenjodaro,FEM vol II,1,seal,0,0,1,right-to-left,13,Animals,Unicorn to R. facing cult object.,-14,31,4,175 0 347 342,175 0 347 342,
1088,2460,MD,Mohenjodaro,FEM vol II,1,seal,0,0,1,right-to-left,13,Animals,Unicorn to R. facing cult object.,-14,31,5,59 127 267 176 176,59 127 267 176 176,
1089,2461,MD,Mohenjodaro,FEM vol II,1,seal,0,0,1,right-to-left,0,No field symbol,No Field Symbol,-14,31,8,178 389 15 87 326 25 245 245,178 389 15 87 326 25 245 245,
1090,2463,MD,Mohenjodaro,FEM vol II,1,seal,0,0,1,right-to-left,31,Animals,Humped bull to R.,-14,31,5,343 391 99 387 342,343 391 99 387 342,
1091,2464,MD,Mohenjodaro,FEM vol II,1,seal,0,0,1,right-to-left,13,Animals,Unicorn to R. facing cult object.,-14,31,3,86 387 402,86 387 402,
1092,2465,MD,Mohenjodaro,FEM vol II,1,seal,0,0,1,right-to-left,13,Animals,Unicorn to R. facing cult object.,-14,31,6,195 123 87 357 175 180,195 123 87 357 175 180,
1093,2466,MD,Mohenjodaro,FEM vol II,1,seal,0,1,1,right-to-left,13,Animals,Unicorn to R. facing cult object.,-14,31,6,87 244 307 175 180 176,87 244 307 175 180 176,
1094,2466,MD,Mohenjodaro,FEM vol II,1,seal,0,2,3,single sign,13,Animals,Unicorn to R. facing cult object.,-14,31,1,374,374,
1095,2467,MD,Mohenjodaro,FEM vol II,1,seal,0,0,1,right-to-left,351,Animals,Uncertain animal (mostly bovine) to R.,-14,31,3,0 8 342,0 8 342,
1096,2468,MD,Mohenjodaro,FEM vol II,1,seal,0,0,1,right-to-left,13,Animals,Unicorn to R. facing cult object.,-14,31,3,267 180 391,267 180 391,
1097,2469,MD,Mohenjodaro,FEM vol II,1,seal,0,0,1,right-to-left,13,Animals,Unicorn to R. facing cult object.,-14,31,3,65 342 224,65 342 224,
1098,2470,MD,Mohenjodaro,FEM vol II,1,seal,0,0,1,right-to-left,0,No field symbol,No Field Symbol,-14,31,6,182 293 342 97 102 40,182 293 342 97 102 40,
1099,2471,MD,Mohenjodaro,FEM vol II,1,seal,0,1,1,right-to-left,11,Animals,Unicorn to R. No cult object in front.,-14,31,3,295 336 53,295 336 53,
1100,2471,MD,Mohenjodaro,FEM vol II,1,seal,0,2,3,single sign,11,Animals,Unicorn to R. No cult object in front.,-14,31,1,242,242,
1101,2472,MD,Mohenjodaro,FEM vol II,1,seal,0,0,1,right-to-left,13,Animals,Unicorn to R. facing cult object.,-14,31,3,326 342 14,326 342 14,
1102,2473,MD,Mohenjodaro,FEM vol II,1,seal,0,0,1,right-to-left,13,Animals,Unicorn to R. facing cult object.,-14,31,9,214 150 267 99 249 162 375 76 267,214 150 267 99 249 162 375 76 267,
1103,2474,MD,Mohenjodaro,FEM vol II,1,seal,0,0,1,right-to-left,13,Animals,Unicorn to R. facing cult object.,-14,31,5,343 267 402 205 267,343 267 402 205 267,
1104,2475,MD,Mohenjodaro,FEM vol II,1,seal,0,0,1,right-to-left,13,Animals,Unicorn to R. facing cult object.,-14,31,5,30 402 99 415 342,30 402 99 415 342,
1105,2476,MD,Mohenjodaro,FEM vol II,1,seal,0,0,1,right-to-left,13,Animals,Unicorn to R. facing cult object.,-14,31,5,267 99 171 8 342,267 99 171 8 342,
1106,2477,MD,Mohenjodaro,FEM vol II,1,seal,0,0,1,right-to-left,0,No field symbol,No Field Symbol,-14,31,8,86 210 99 389 69 211 97 173,86 210 99 389 69 211 97 173,
1107,2478,MD,Mohenjodaro,FEM vol II,1,seal,0,0,1,right-to-left,13,Animals,Unicorn to R. facing cult object.,-14,31,5,267 99 112 194 342,267 99 112 194 342,
1108,2480,MD,Mohenjodaro,FEM vol II,1,seal,0,0,1,right-to-left,13,Animals,Unicorn to R. facing cult object.,-14,31,7,391 99 70 87 59 387 342,391 99 70 87 59 387 342,
1109,2481,MD,Mohenjodaro,FEM vol II,1,seal,0,0,1,right-to-left,13,Animals,Unicorn to R. facing cult object.,-14,31,7,267 99 103 403 48 8 342,267 99 103 403 48 8 342,
1110,2482,MD,Mohenjodaro,FEM vol II,7,ivory/bone rod,0,0,1,right-to-left,0,No field symbol,No Field Symbol,-14,31,4,17 48 342 176,17 48 342 176,
1111,2483,MD,Mohenjodaro,FEM vol II,1,seal,0,0,1,right-to-left,351,Animals,Uncertain animal (mostly bovine) to R.,-14,31,4,0 130 149 342,0 130 149 342,
1112,2484,MD,Mohenjodaro,FEM vol II,1,seal,0,0,1,right-to-left,91,Animals,Tiger to R.,-15,31,4,0 *018 226 254,0 18 226 254,2
1113,2485,MD,Mohenjodaro,FEM vol II,1,seal,0,0,1,right-to-left,0,No field symbol,No Field Symbol,-15,31,5,267 99 174 176 211,267 99 174 176 211,
1114,2486,MD,Mohenjodaro,FEM vol II,1,seal,0,0,1,right-to-left,13,Animals,Unicorn to R. facing cult object.,-15,31,5,102 217 403 347 342,102 217 403 347 342,
1115,2489,MD,Mohenjodaro,FEM vol II,1,seal,0,0,1,right-to-left,13,Animals,Unicorn to R. facing cult object.,-15,31,6,25 99 87 59 294 342,25 99 87 59 294 342,
1116,2490,MD,Mohenjodaro,FEM vol II,1,seal,0,0,1,right-to-left,13,Animals,Unicorn to R. facing cult object.,-15,31,5,210 180 99 47 211,210 180 99 47 211,
1117,2491,MD,Mohenjodaro,FEM vol II,1,seal,0,0,1,right-to-left,13,Animals,Unicorn to R. facing cult object.,-15,31,6,267 99 389 336 293 0,267 99 389 336 293 0,
1118,2492,MD,Mohenjodaro,FEM vol II,1,seal,0,0,1,right-to-left,13,Animals,Unicorn to R. facing cult object.,-15,31,6,150 123 336 89 296 342,150 123 336 89 296 342,
1119,2493,MD,Mohenjodaro,FEM vol II,1,seal,0,0,1,right-to-left,251,Animals,"Fabulous animal to R. with body of ram, horns of bull, trunk of elephant, hind legs of tiger and upraised serpent-like tail.",-15,31,2,149 13,149 13,
1120,2495,MD,Mohenjodaro,FEM vol II,1,seal,0,0,1,right-to-left,45,Animals,Short-horned bull to R. facing feeding trough.,-15,31,6,204 155 211 249 180 267,204 155 211 249 180 267,
1121,2496,MD,Mohenjodaro,FEM vol II,1,seal,0,0,1,right-to-left,999,Damaged/illegible,An uncertain/illegible field symbol.,-15,31,5,0 59 97 226 342,0 59 97 226 342,
1122,2497,MD,Mohenjodaro,FEM vol II,1,seal,0,0,2,left-to-right,0,No field symbol,No Field Symbol,-15,31,2,102 15,102 15,
1123,2498,MD,Mohenjodaro,FEM vol II,1,seal,0,0,1,right-to-left,13,Animals,Unicorn to R. facing cult object.,-15,31,5,391 123 70 53 342,391 123 70 53 342,
1124,2499,MD,Mohenjodaro,FEM vol II,1,seal,0,0,1,right-to-left,0,No field symbol,No Field Symbol,-15,31,3,204 230 342,204 230 342,
1125,2500,MD,Mohenjodaro,FEM vol II,1,seal,0,0,1,right-to-left,45,Animals,Short-horned bull to R. facing feeding trough.,-15,31,2,375 52,375 52,
1126,2501,MD,Mohenjodaro,FEM vol II,1,seal,0,0,1,right-to-left,11,Animals,Unicorn to R. No cult object in front.,-15,31,4,293 123 343 250,293 123 343 250,
1127,2502,MD,Mohenjodaro,FEM vol II,1,seal,0,0,1,right-to-left,13,Animals,Unicorn to R. facing cult object.,-15,31,3,67 244 342,67 244 342,
1128,2503,MD,Mohenjodaro,FEM vol II,1,seal,0,0,1,right-to-left,13,Animals,Unicorn to R. facing cult object.,-15,31,4,267 99 76 12,267 99 76 12,
1129,2504,MD,Mohenjodaro,FEM vol II,1,seal,0,0,1,right-to-left,71,Animals,Elephant to R.,-15,31,5,267 99 86 72 211,267 99 86 72 211,
1130,2505,MD,Mohenjodaro,FEM vol II,1,seal,1,0,1,right-to-left,0,No field symbol,No Field Symbol,-15,31,2,182 149,182 149,
1131,2505,MD,Mohenjodaro,FEM vol II,1,seal,2,0,1,right-to-left,0,No field symbol,No Field Symbol,-15,31,4,216 123 149 342,216 123 149 342,
1132,2506,MD,Mohenjodaro,FEM vol II,1,seal,0,0,1,right-to-left,13,Animals,Unicorn to R. facing cult object.,-15,31,3,389 296 342,389 296 342,
1133,2507,MD,Mohenjodaro,FEM vol II,1,seal,0,0,1,right-to-left,13,Animals,Unicorn to R. facing cult object.,-15,31,6,375 65 72 336 89 211,375 65 72 336 89 211,
1134,2508,MD,Mohenjodaro,FEM vol II,1,seal,1,0,1,right-to-left,0,No field symbol,No Field Symbol,-15,31,2,182 149,182 149,
1135,2508,MD,Mohenjodaro,FEM vol II,1,seal,2,0,1,right-to-left,0,No field symbol,No Field Symbol,-15,31,4,216 123 149 342,216 123 149 342,
1136,2509,MD,Mohenjodaro,FEM vol II,1,seal,0,0,5,doubtful,999,Damaged/illegible,An uncertain/illegible field symbol.,-15,31,2,1 1,1 1,
1137,2511,MD,Mohenjodaro,FEM vol II,1,seal,0,0,1,right-to-left,13,Animals,Unicorn to R. facing cult object.,-15,31,6,150 97 253 230 347 *342,150 97 253 230 347 342,6
1138,2512,MD,Mohenjodaro,FEM vol II,1,seal,0,0,1,right-to-left,71,Animals,Elephant to R.,-15,31,4,267 99 375 0,267 99 375 0,
1139,2513,MD,Mohenjodaro,FEM vol II,1,seal,0,0,1,right-to-left,13,Animals,Unicorn to R. facing cult object.,-15,31,5,*267 99 98 67 60,267 99 98 67 60,1
1140,2514,MD,Mohenjodaro,FEM vol II,1,seal,0,0,1,right-to-left,13,Animals,Unicorn to R. facing cult object.,-15,31,2,102 15,102 15,
1141,2515,MD,Mohenjodaro,FEM vol II,1,seal,0,0,1,right-to-left,0,No field symbol,No Field Symbol,-15,31,4,184 249 345 98,184 249 345 98,
1142,2516,MD,Mohenjodaro,FEM vol II,1,seal,0,1,3,single sign,131,Animals,"Goat-antelope to R. with short tail, horns arching back.",-15,31,1,86,86,
1143,2516,MD,Mohenjodaro,FEM vol II,1,seal,0,2,3,single sign,131,Animals,"Goat-antelope to R. with short tail, horns arching back.",-15,31,1,211,211,
1144,2517,MD,Mohenjodaro,FEM vol II,1,seal,0,0,1,right-to-left,71,Animals,Elephant to R.,-15,31,3,336 51 342,336 51 342,
1145,2518,MD,Mohenjodaro,FEM vol II,1,seal,0,1,1,right-to-left,91,Animals,Tiger to R.,-15,31,6,16 125 343 48 342 1,16 125 343 48 342 1,
1146,2518,MD,Mohenjodaro,FEM vol II,1,seal,0,2,3,single sign,91,Animals,Tiger to R.,-15,31,1,391,391,
1147,2518,MD,Mohenjodaro,FEM vol II,1,seal,0,3,3,single sign,91,Animals,Tiger to R.,-15,31,1,*197,197,1
1148,2519,MD,Mohenjodaro,FEM vol II,1,seal,0,1,1,right-to-left,13,Animals,Unicorn to R. facing cult object.,-15,31,4,87 261 249 307,87 261 249 307,
1149,2519,MD,Mohenjodaro,FEM vol II,1,seal,0,2,1,right-to-left,13,Animals,Unicorn to R. facing cult object.,-15,31,4,59 347 342 12,59 347 342 12,
1150,2520,MD,Mohenjodaro,FEM vol II,1,seal,0,0,1,right-to-left,13,Animals,Unicorn to R. facing cult object.,-15,31,3,65 113 342,65 113 342,
1151,2521,MD,Mohenjodaro,FEM vol II,1,seal,0,0,1,right-to-left,251,Animals,"Fabulous animal to R. with body of ram, horns of bull, trunk of elephant, hind legs of tiger and upraised serpent-like tail.",-16,31,6,391 123 98 249 162 342,391 123 98 249 162 342,
1152,2522,MD,Mohenjodaro,FEM vol II,1,seal,0,0,1,right-to-left,730,Scenes,Person seated on machan on Kino tree ; A tiger below to R. looking at him.,-16,31,7,284 99 124 342 402 59 86,284 99 124 342 402 59 86,
1153,2523,MD,Mohenjodaro,FEM vol II,1,seal,0,0,1,right-to-left,13,Animals,Unicorn to R. facing cult object.,-16,31,5,267 99 65 59 211,267 99 65 59 211,
1154,2524,MD,Mohenjodaro,FEM vol II,1,seal,0,0,1,right-to-left,13,Animals,Unicorn to R. facing cult object.,-16,31,6,104 59 123 336 89 211,104 59 123 336 89 211,
1155,2525,MD,Mohenjodaro,FEM vol II,1,seal,0,0,2,left-to-right,0,No field symbol,No Field Symbol,-16,31,2,106 169,106 169,
1156,2526,MD,Mohenjodaro,FEM vol II,1,seal,0,0,1,right-to-left,0,No field symbol,No Field Symbol,-16,31,4,86 67 8 342,86 67 8 342,
1157,2527,MD,Mohenjodaro,FEM vol II,1,seal,0,0,1,right-to-left,95,Animals,Tiger to R. facing feeding trough.,-16,31,3,84 50 176,84 50 176,
1158,2528,MD,Mohenjodaro,FEM vol II,1,seal,0,0,1,right-to-left,0,No field symbol,No Field Symbol,-16,31,6,391 99 389 182 293 169,391 99 389 182 293 169,
1159,2529,MD,Mohenjodaro,FEM vol II,1,seal,0,0,1,right-to-left,0,No field symbol,No Field Symbol,-16,31,6,0 97 327 17 261 86,0 97 327 17 261 86,
1160,2530,MD,Mohenjodaro,FEM vol II,1,seal,0,0,1,right-to-left,13,Animals,Unicorn to R. facing cult object.,-16,31,2,200 391,200 391,
1161,2531,MD,Mohenjodaro,FEM vol II,1,seal,0,0,1,right-to-left,999,Damaged/illegible,An uncertain/illegible field symbol.,-16,31,4,391 99 294 342,391 99 294 342,
1162,2532,MD,Mohenjodaro,FEM vol II,1,seal,0,0,1,right-to-left,13,Animals,Unicorn to R. facing cult object.,-16,31,6,109 129 123 65 59 *211,109 129 123 65 59 211,6
1163,2533,MD,Mohenjodaro,FEM vol II,1,seal,0,0,1,right-to-left,13,Animals,Unicorn to R. facing cult object.,-16,31,5,267 99 171 8 342,267 99 171 8 342,
1164,2534,MD,Mohenjodaro,FEM vol II,1,seal,0,0,1,right-to-left,45,Animals,Short-horned bull to R. facing feeding trough.,-16,31,3,72 387 342,72 387 342,
1165,2535,MD,Mohenjodaro,FEM vol II,1,seal,0,0,1,right-to-left,31,Animals,Humped bull to R.,-16,31,4,151 97 124 *342,151 97 124 342,4
1166,2536,MD,Mohenjodaro,FEM vol II,1,seal,0,0,1,right-to-left,13,Animals,Unicorn to R. facing cult object.,-16,31,7,216 123 65 211 373 127 373,216 123 65 211 373 127 373,
1167,2537,MD,Mohenjodaro,FEM vol II,1,seal,0,0,1,right-to-left,0,No field symbol,No Field Symbol,-24,31,11,293 123 344 389 171 59 67 51 130 149 342,293 123 344 389 171 59 67 51 130 149 342,
1168,2538,MD,Mohenjodaro,FEM vol II,1,seal,0,0,1,right-to-left,13,Animals,Unicorn to R. facing cult object.,-16,31,5,162 1 162 48 342,162 1 162 48 342,
1169,2539,MD,Mohenjodaro,FEM vol II,1,seal,0,0,1,right-to-left,13,Animals,Unicorn to R. facing cult object.,-16,31,8,375 267 99 53 342 72 155 211,375 267 99 53 342 72 155 211,
1170,2540,MD,Mohenjodaro,FEM vol II,1,seal,0,0,1,right-to-left,13,Animals,Unicorn to R. facing cult object.,-16,31,3,102 15 176,102 15 176,
1171,2541,MD,Mohenjodaro,FEM vol II,1,seal,0,0,1,right-to-left,0,No field symbol,No Field Symbol,-16,31,7,53 171 59 336 89 216 254,53 171 59 336 89 216 254,
1172,2542,MD,Mohenjodaro,FEM vol II,1,seal,1,0,1,right-to-left,0,No field symbol,No Field Symbol,-16,31,4,0 123 102 169,0 123 102 169,
1173,2542,MD,Mohenjodaro,FEM vol II,1,seal,2,0,1,right-to-left,0,No field symbol,No Field Symbol,-16,31,5,0 336 89 296 342,0 336 89 296 342,
1174,2543,MD,Mohenjodaro,FEM vol II,1,seal,0,1,1,right-to-left,13,Animals,Unicorn to R. facing cult object.,-16,31,6,*307 86 99 67 72 0,307 86 99 67 72 0,1
1175,2543,MD,Mohenjodaro,FEM vol II,1,seal,0,2,1,right-to-left,13,Animals,Unicorn to R. facing cult object.,-16,31,3,244 51 267,244 51 267,
1176,2545,MD,Mohenjodaro,FEM vol II,1,seal,0,0,1,right-to-left,11,Animals,Unicorn to R. No cult object in front.,-16,31,5,267 99 65 222 254,267 99 65 222 254,
1177,2546,MD,Mohenjodaro,FEM vol II,1,seal,0,0,1,right-to-left,13,Animals,Unicorn to R. facing cult object.,-16,31,2,38 375,38 375,
1178,2547,MD,Mohenjodaro,FEM vol II,1,seal,0,0,1,right-to-left,12,Animals,Unicorn to L. No cult object in front.,-16,31,4,102 216 *245 0,102 216 245 0,3
1179,2548,MD,Mohenjodaro,FEM vol II,1,seal,0,0,1,right-to-left,13,Animals,Unicorn to R. facing cult object.,-16,31,6,303 252 99 205 230 211,303 252 99 205 230 211,
1180,2549,MD,Mohenjodaro,FEM vol II,1,seal,0,0,1,right-to-left,13,Animals,Unicorn to R. facing cult object.,-16,31,3,51 130 15,51 130 15,
1181,2551,MD,Mohenjodaro,FEM vol II,1,seal,0,0,1,right-to-left,13,Animals,Unicorn to R. facing cult object.,-16,31,5,*267 99 86 226 254,267 99 86 226 254,1
1182,2552,MD,Mohenjodaro,FEM vol II,1,seal,0,0,1,right-to-left,13,Animals,Unicorn to R. facing cult object.,-17,31,8,267 99 87 59 342 224 97 173,267 99 87 59 342 224 97 173,
1183,2554,MD,Mohenjodaro,FEM vol II,1,seal,0,0,1,right-to-left,136,Animals,"Goat-antelope to L. with short tail,horns arching back, regardant.",-17,31,2,284 99,284 99,
1184,2555,MD,Mohenjodaro,FEM vol II,1,seal,0,0,1,right-to-left,13,Animals,Unicorn to R. facing cult object.,-17,31,6,267 99 53 72 155 211,267 99 53 72 155 211,
1185,2556,MD,Mohenjodaro,FEM vol II,1,seal,0,0,1,right-to-left,13,Animals,Unicorn to R. facing cult object.,-17,31,5,76 402 99 233 342,76 402 99 233 342,
1186,2557,MD,Mohenjodaro,FEM vol II,1,seal,0,0,1,right-to-left,13,Animals,Unicorn to R. facing cult object.,-17,31,3,124 25 342,124 25 342,
1187,2558,MD,Mohenjodaro,FEM vol II,1,seal,0,1,1,right-to-left,0,No field symbol,No Field Symbol,-17,31,6,293 123 343 65 70 0,293 123 343 65 70 0,
1188,2558,MD,Mohenjodaro,FEM vol II,1,seal,0,2,9,no text,0,No field symbol,No Field Symbol,-17,31,3,0 343 0,0 343 0,
1189,2559,MD,Mohenjodaro,FEM vol II,1,seal,0,0,1,right-to-left,999,Damaged/illegible,An uncertain/illegible field symbol.,-17,31,4,0 303 391 99,0 303 391 99,
1190,2560,MD,Mohenjodaro,FEM vol II,1,seal,0,0,1,right-to-left,13,Animals,Unicorn to R. facing cult object.,-17,31,3,330 245 *342,330 245 342,3
1191,2561,MD,Mohenjodaro,FEM vol II,1,seal,0,0,9,no text,13,Animals,Unicorn to R. facing cult object.,-17,31,2,*002 0,2 0,1
1192,2562,MD,Mohenjodaro,FEM vol II,1,seal,0,0,1,right-to-left,13,Animals,Unicorn to R. facing cult object.,-17,31,4,0 48 193 342,0 48 193 342,
1193,2563,MD,Mohenjodaro,FEM vol II,1,seal,0,0,1,right-to-left,13,Animals,Unicorn to R. facing cult object.,-17,31,7,233 127 125 59 99 193 342,233 127 125 59 99 193 342,
1194,2564,MD,Mohenjodaro,FEM vol II,1,seal,0,1,1,right-to-left,13,Animals,Unicorn to R. facing cult object.,-17,31,4,249 102 287 99,249 102 287 99,
1195,2564,MD,Mohenjodaro,FEM vol II,1,seal,0,2,1,right-to-left,13,Animals,Unicorn to R. facing cult object.,-17,31,3,67 348 342,67 348 342,
1196,2565,MD,Mohenjodaro,FEM vol II,1,seal,0,1,3,single sign,131,Animals,"Goat-antelope to R. with short tail, horns arching back.",-17,31,1,109,109,
1197,2565,MD,Mohenjodaro,FEM vol II,1,seal,0,2,3,single sign,131,Animals,"Goat-antelope to R. with short tail, horns arching back.",-17,31,1,162,162,
1198,2566,MD,Mohenjodaro,FEM vol II,1,seal,0,0,1,right-to-left,0,No field symbol,No Field Symbol,-17,31,8,0 336 59 127 97 175 1 175,0 336 59 127 97 175 1 175,
1199,2567,MD,Mohenjodaro,FEM vol II,1,seal,0,0,1,right-to-left,31,Animals,Humped bull to R.,-17,31,6,391 99 105 59 342 1,391 99 105 59 342 1,
1200,2568,MD,Mohenjodaro,FEM vol II,1,seal,0,0,1,right-to-left,0,No field symbol,No Field Symbol,-17,31,5,386 336 89 333 0,386 336 89 333 0,
1201,2569,MD,Mohenjodaro,FEM vol II,1,seal,0,0,1,right-to-left,13,Animals,Unicorn to R. facing cult object.,-17,31,6,267 99 287 249 162 12,267 99 287 249 162 12,
1202,2570,MD,Mohenjodaro,FEM vol II,1,seal,0,0,1,right-to-left,13,Animals,Unicorn to R. facing cult object.,-17,31,3,67 *348 0,67 348 0,2
1203,2571,MD,Mohenjodaro,FEM vol II,1,seal,0,0,1,right-to-left,13,Animals,Unicorn to R. facing cult object.,-17,31,3,391 81 176,391 81 176,
1204,2572,MD,Mohenjodaro,FEM vol II,1,seal,0,0,1,right-to-left,13,Animals,Unicorn to R. facing cult object.,-17,31,4,391 99 102 162,391 99 102 162,
1205,2573,MD,Mohenjodaro,FEM vol II,1,seal,0,0,1,right-to-left,71,Animals,Elephant to R.,-17,31,6,336 89 99 192 347 342,336 89 99 192 347 342,
1206,2574,MD,Mohenjodaro,FEM vol II,1,seal,0,0,1,right-to-left,13,Animals,Unicorn to R. facing cult object.,-17,31,5,264 65 59 342 1,264 65 59 342 1,
1207,2575,MD,Mohenjodaro,FEM vol II,1,seal,0,0,1,right-to-left,0,No field symbol,No Field Symbol,-17,31,3,336 89 211,336 89 211,
1208,2576,MD,Mohenjodaro,FEM vol II,1,seal,0,0,1,right-to-left,13,Animals,Unicorn to R. facing cult object.,-17,31,6,391 123 72 253 81 342,391 123 72 253 81 342,
1209,2577,MD,Mohenjodaro,FEM vol II,1,seal,0,1,1,right-to-left,13,Animals,Unicorn to R. facing cult object.,-17,31,2,327 342,327 342,
1210,2577,MD,Mohenjodaro,FEM vol II,1,seal,0,2,1,right-to-left,13,Animals,Unicorn to R. facing cult object.,-17,31,2,89 177,89 177,
1211,2578,MD,Mohenjodaro,FEM vol II,1,seal,0,0,1,right-to-left,13,Animals,Unicorn to R. facing cult object.,-17,31,6,391 99 67 59 341 *342,391 99 67 59 341 342,6
1212,2579,MD,Mohenjodaro,FEM vol II,1,seal,0,0,1,right-to-left,0,No field symbol,No Field Symbol,-17,31,3,284 391 87,284 391 87,
1213,2580,MD,Mohenjodaro,FEM vol II,1,seal,0,0,1,right-to-left,13,Animals,Unicorn to R. facing cult object.,-17,31,4,267 99 48 342,267 99 48 342,
1214,2581,MD,Mohenjodaro,FEM vol II,1,seal,0,0,1,right-to-left,45,Animals,Short-horned bull to R. facing feeding trough.,-17,31,9,*153 155 99 86 124 409 96 342 1,153 155 99 86 124 409 96 342 1,1
1215,2582,MD,Mohenjodaro,FEM vol II,1,seal,0,0,1,right-to-left,13,Animals,Unicorn to R. facing cult object.,-17,31,3,375 375 342,375 375 342,
1216,2583,MD,Mohenjodaro,FEM vol II,1,seal,0,0,1,right-to-left,13,Animals,Unicorn to R. facing cult object.,-17,31,7,267 99 65 336 89 222 254,267 99 65 336 89 222 254,
1217,2584,MD,Mohenjodaro,FEM vol II,1,seal,0,0,1,right-to-left,13,Animals,Unicorn to R. facing cult object.,-18,31,6,399 121 99 70 53 342,399 121 99 70 53 342,
1218,2585,MD,Mohenjodaro,FEM vol II,1,seal,0,0,1,right-to-left,13,Animals,Unicorn to R. facing cult object.,-18,31,2,60 242,60 242,
1219,2587,MD,Mohenjodaro,FEM vol II,1,seal,1,0,1,right-to-left,65,Animals,Buffalo to R. facing feeding trough.,-18,31,3,86 102 15,86 102 15,
1220,2587,MD,Mohenjodaro,FEM vol II,1,seal,2,1,1,right-to-left,0,No field symbol,No Field Symbol,-18,31,2,261 86,261 86,
1221,2587,MD,Mohenjodaro,FEM vol II,1,seal,2,2,2,left-to-right,0,No field symbol,No Field Symbol,-18,31,5,267 99 67 70 0,267 99 67 70 0,
1222,2588,MD,Mohenjodaro,FEM vol II,1,seal,0,0,1,right-to-left,13,Animals,Unicorn to R. facing cult object.,-18,31,6,98 72 17 173 86 224,98 72 17 173 86 224,
1223,2589,MD,Mohenjodaro,FEM vol II,1,seal,0,0,1,right-to-left,13,Animals,Unicorn to R. facing cult object.,-18,31,4,389 336 89 211,389 336 89 211,
1224,2590,MD,Mohenjodaro,FEM vol II,1,seal,0,0,1,right-to-left,71,Animals,Elephant to R.,-18,31,4,267 99 59 211,267 99 59 211,
1225,2591,MD,Mohenjodaro,FEM vol II,1,seal,0,0,1,right-to-left,13,Animals,Unicorn to R. facing cult object.,-18,31,4,267 99 348 342,267 99 348 342,
1226,2592,MD,Mohenjodaro,FEM vol II,1,seal,0,0,1,right-to-left,13,Animals,Unicorn to R. facing cult object.,-18,31,3,59 59 12,59 59 12,
1227,2593,MD,Mohenjodaro,FEM vol II,1,seal,0,0,1,right-to-left,13,Animals,Unicorn to R. facing cult object.,-18,31,6,76 64 99 72 224 342,76 64 99 72 224 342,
1228,2594,MD,Mohenjodaro,FEM vol II,1,seal,0,0,1,right-to-left,13,Animals,Unicorn to R. facing cult object.,-18,31,5,102 59 249 162 342,102 59 249 162 342,
1229,2595,MD,Mohenjodaro,FEM vol II,1,seal,0,0,1,right-to-left,13,Animals,Unicorn to R. facing cult object.,-18,31,4,196 123 87 30,196 123 87 30,
1230,2596,MD,Mohenjodaro,FEM vol II,1,seal,0,0,1,right-to-left,11,Animals,Unicorn to R. No cult object in front.,-18,31,7,*160 344 47 173 403 347 342,160 344 47 173 403 347 342,1
1231,2597,MD,Mohenjodaro,FEM vol II,1,seal,0,1,1,right-to-left,13,Animals,Unicorn to R. facing cult object.,-18,31,5,397 267 343 197 0,397 267 343 197 0,
1232,2597,MD,Mohenjodaro,FEM vol II,1,seal,0,2,9,no text,13,Animals,Unicorn to R. facing cult object.,-18,31,2,400 0,400 0,
1233,2598,MD,Mohenjodaro,FEM vol II,1,seal,0,1,1,right-to-left,13,Animals,Unicorn to R. facing cult object.,-18,31,5,293 123 48 62 342,293 123 48 62 342,
1234,2598,MD,Mohenjodaro,FEM vol II,1,seal,0,2,1,right-to-left,13,Animals,Unicorn to R. facing cult object.,-18,31,4,177 197 373 373,177 197 373 373,
1235,2599,MD,Mohenjodaro,FEM vol II,1,seal,0,0,1,right-to-left,0,No field symbol,No Field Symbol,-18,31,8,182 293 344 387 171 59 397 169,182 293 344 387 171 59 397 169,
1236,2600,MD,Mohenjodaro,FEM vol II,1,seal,0,0,1,right-to-left,0,No field symbol,No Field Symbol,-18,31,3,249 169 342,249 169 342,
1237,2601,MD,Mohenjodaro,FEM vol II,1,seal,0,1,1,right-to-left,13,Animals,Unicorn to R. facing cult object.,-18,31,5,415 277 99 102 190,415 277 99 102 190,
1238,2601,MD,Mohenjodaro,FEM vol II,1,seal,0,2,2,left-to-right,13,Animals,Unicorn to R. facing cult object.,-18,31,2,153 127,153 127,
1239,2602,MD,Mohenjodaro,FEM vol II,1,seal,0,0,1,right-to-left,13,Animals,Unicorn to R. facing cult object.,-18,31,2,2 12,2 12,
1240,2603,MD,Mohenjodaro,FEM vol II,1,seal,0,0,1,right-to-left,0,No field symbol,No Field Symbol,-18,31,7,17 293 136 193 204 234 176,17 293 136 193 204 234 176,
1241,2604,MD,Mohenjodaro,FEM vol II,1,seal,1,1,2,left-to-right,0,No field symbol,No Field Symbol,-18,31,3,17 250 176,17 250 176,
1242,2604,MD,Mohenjodaro,FEM vol II,1,seal,1,2,2,left-to-right,0,No field symbol,No Field Symbol,-18,31,5,102 *097 149 89 328,102 97 149 89 328,2
1243,2604,MD,Mohenjodaro,FEM vol II,1,seal,2,9,0,unrecorded,441,Trees and leaves,Kino Tree.,-18,31,0,,,
1244,2605,MD,Mohenjodaro,FEM vol II,1,seal,0,0,1,right-to-left,11,Animals,Unicorn to R. No cult object in front.,-18,31,4,171 59 341 342,171 59 341 342,
1245,2606,MD,Mohenjodaro,FEM vol II,1,seal,0,0,1,right-to-left,137,Animals,"Goat-antelope to R. with short tail, and twirled side-horns.",-18,31,2,294 342,294 342,
1246,2607,MD,Mohenjodaro,FEM vol II,1,seal,0,0,1,right-to-left,31,Animals,Humped bull to R.,-18,31,3,153 153 342,153 153 342,
1247,2608,MD,Mohenjodaro,FEM vol II,1,seal,0,0,1,right-to-left,13,Animals,Unicorn to R. facing cult object.,-18,31,3,65 327 342,65 327 342,
1248,2609,MD,Mohenjodaro,FEM vol II,1,seal,0,0,1,right-to-left,31,Animals,Humped bull to R.,-18,31,6,293 123 343 249 162 12,293 123 343 249 162 12,
1249,2610,MD,Mohenjodaro,FEM vol II,1,seal,0,0,1,right-to-left,31,Animals,Humped bull to R.,-18,31,3,171 8 0,171 8 0,
1250,2611,MD,Mohenjodaro,FEM vol II,1,seal,0,1,1,right-to-left,31,Animals,Humped bull to R.,-18,31,4,150 302 99 15,150 302 99 15,
1251,2611,MD,Mohenjodaro,FEM vol II,1,seal,0,2,1,right-to-left,31,Animals,Humped bull to R.,-18,31,2,124 12,124 12,
1252,2612,MD,Mohenjodaro,FEM vol II,1,seal,0,0,1,right-to-left,13,Animals,Unicorn to R. facing cult object.,-18,31,6,267 342 86 75 245 245,267 342 86 75 245 245,
1253,2613,MD,Mohenjodaro,FEM vol II,1,seal,0,0,1,right-to-left,13,Animals,Unicorn to R. facing cult object.,-18,31,4,293 123 343 250,293 123 343 250,
1254,2614,MD,Mohenjodaro,FEM vol II,1,seal,0,0,1,right-to-left,13,Animals,Unicorn to R. facing cult object.,-18,31,10,84 59 160 343 387 67 87 59 155 211,84 59 160 343 387 67 87 59 155 211,
1255,2615,MD,Mohenjodaro,FEM vol II,1,seal,0,0,1,right-to-left,31,Animals,Humped bull to R.,-18,31,5,307 180 87 261 87,307 180 87 261 87,
1256,2616,MD,Mohenjodaro,FEM vol II,1,seal,0,0,1,right-to-left,13,Animals,Unicorn to R. facing cult object.,-19,31,3,345 180 86,345 180 86,
1257,2617,MD,Mohenjodaro,FEM vol II,1,seal,0,0,1,right-to-left,13,Animals,Unicorn to R. facing cult object.,-19,31,8,400 293 97 72 336 89 86 91,400 293 97 72 336 89 86 91,
1258,2618,MD,Mohenjodaro,FEM vol II,1,seal,0,0,1,right-to-left,13,Animals,Unicorn to R. facing cult object.,-19,31,5,267 99 67 244 342,267 99 67 244 342,
1259,2620,MD,Mohenjodaro,FEM vol II,1,seal,0,0,1,right-to-left,13,Animals,Unicorn to R. facing cult object.,-19,31,3,345 409 94,345 409 94,
1260,2621,MD,Mohenjodaro,FEM vol II,1,seal,0,0,1,right-to-left,13,Animals,Unicorn to R. facing cult object.,-19,31,5,291 343 336 51 342,291 343 336 51 342,
1261,2622,MD,Mohenjodaro,FEM vol II,1,seal,0,0,1,right-to-left,13,Animals,Unicorn to R. facing cult object.,-19,31,3,301 155 211,301 155 211,
1262,2623,MD,Mohenjodaro,FEM vol II,1,seal,0,0,1,right-to-left,13,Animals,Unicorn to R. facing cult object.,-19,31,4,267 99 124 342,267 99 124 342,
1263,2625,MD,Mohenjodaro,FEM vol II,1,seal,0,0,1,right-to-left,13,Animals,Unicorn to R. facing cult object.,-19,31,5,391 123 86 68 176,391 123 86 68 176,
1264,2626,MD,Mohenjodaro,FEM vol II,1,seal,1,0,1,right-to-left,0,No field symbol,No Field Symbol,-19,31,2,197 86,197 86,
1265,2626,MD,Mohenjodaro,FEM vol II,1,seal,2,0,1,right-to-left,31,Animals,Humped bull to R.,-19,31,5,197 86 99 102 162,197 86 99 102 162,
1266,2627,MD,Mohenjodaro,FEM vol II,1,seal,0,0,1,right-to-left,0,No field symbol,No Field Symbol,-19,31,4,0 171 8 *342,0 171 8 342,4
1267,2628,MD,Mohenjodaro,FEM vol II,1,seal,0,0,1,right-to-left,13,Animals,Unicorn to R. facing cult object.,-19,31,5,336 209 391 124 12,336 209 391 124 12,
1268,2629,MD,Mohenjodaro,FEM vol II,1,seal,0,0,1,right-to-left,13,Animals,Unicorn to R. facing cult object.,-19,31,3,86 260 342,86 260 342,
1269,2630,MD,Mohenjodaro,FEM vol II,1,seal,0,0,1,right-to-left,13,Animals,Unicorn to R. facing cult object.,-19,31,4,267 99 17 38,267 99 17 38,
1270,2631,MD,Mohenjodaro,FEM vol II,1,seal,0,0,1,right-to-left,13,Animals,Unicorn to R. facing cult object.,-19,31,5,267 99 153 153 342,267 99 153 153 342,
1271,2632,MD,Mohenjodaro,FEM vol II,1,seal,0,0,1,right-to-left,13,Animals,Unicorn to R. facing cult object.,-20,31,7,293 15 99 102 17 8 342,293 15 99 102 17 8 342,
1272,2633,MD,Mohenjodaro,FEM vol II,1,seal,0,0,1,right-to-left,45,Animals,Short-horned bull to R. facing feeding trough.,-20,31,3,284 102 15,284 102 15,
1273,2634,MD,Mohenjodaro,FEM vol II,1,seal,0,0,1,right-to-left,13,Animals,Unicorn to R. facing cult object.,-20,31,4,264 9 342 1,264 9 342 1,
1274,2635,MD,Mohenjodaro,FEM vol II,1,seal,0,0,1,right-to-left,13,Animals,Unicorn to R. facing cult object.,-20,31,5,267 402 123 102 15,267 402 123 102 15,
1275,2636,MD,Mohenjodaro,FEM vol II,1,seal,1,0,1,right-to-left,31,Animals,Humped bull to R.,-20,31,4,267 99 106 162,267 99 106 162,
1276,2636,MD,Mohenjodaro,FEM vol II,1,seal,2,0,1,right-to-left,251,Animals,"Fabulous animal to R. with body of ram, horns of bull, trunk of elephant, hind legs of tiger and upraised serpent-like tail.",-20,31,4,267 99 *106 0,267 99 106 0,3
1277,2637,MD,Mohenjodaro,FEM vol II,1,seal,0,0,1,right-to-left,0,No field symbol,No Field Symbol,-20,31,2,70 12,70 12,
1278,2638,MD,Mohenjodaro,FEM vol II,1,seal,0,0,1,right-to-left,13,Animals,Unicorn to R. facing cult object.,-20,31,2,249 307,249 307,
1279,2639,MD,Mohenjodaro,FEM vol II,1,seal,0,0,1,right-to-left,13,Animals,Unicorn to R. facing cult object.,-20,31,2,86 15,86 15,
1280,2640,MD,Mohenjodaro,FEM vol II,1,seal,0,0,1,right-to-left,91,Animals,Tiger to R.,-20,31,3,0 347 342,0 347 342,
1281,2641,MD,Mohenjodaro,FEM vol II,1,seal,0,1,1,right-to-left,271,Animals,Head of unicorn to R. attached to an uncertain five- pointed symbol. (Is it the animal's flayed hide?),-20,31,2,330 123,330 123,
1282,2641,MD,Mohenjodaro,FEM vol II,1,seal,0,2,1,right-to-left,271,Animals,Head of unicorn to R. attached to an uncertain five- pointed symbol. (Is it the animal's flayed hide?),-20,31,4,197 67 342 1,197 67 342 1,
1283,2643,MD,Mohenjodaro,FEM vol II,1,seal,0,0,1,right-to-left,0,No field symbol,No Field Symbol,-20,31,5,323 344 65 296 342,323 344 65 296 342,
1284,2644,MD,Mohenjodaro,FEM vol II,1,seal,0,0,1,right-to-left,14,Animals,Unicorn to L. facing cult object.,-20,31,3,0 341 342,0 341 342,
1285,2645,MD,Mohenjodaro,FEM vol II,1,seal,0,0,1,right-to-left,11,Animals,Unicorn to R. No cult object in front.,-20,31,3,100 17 60,100 17 60,
1286,2646,MD,Mohenjodaro,FEM vol II,1,seal,0,0,1,right-to-left,13,Animals,Unicorn to R. facing cult object.,-20,31,5,0 99 59 135 342,0 99 59 135 342,
1287,2647,MD,Mohenjodaro,FEM vol II,1,seal,0,0,1,right-to-left,13,Animals,Unicorn to R. facing cult object.,-20,31,7,267 99 67 171 8 342 1,267 99 67 171 8 342 1,
1288,2648,MD,Mohenjodaro,FEM vol II,1,seal,0,0,1,right-to-left,71,Animals,Elephant to R.,-20,31,5,267 99 104 162 242,267 99 104 162 242,
1289,2650,MD,Mohenjodaro,FEM vol II,1,seal,0,0,1,right-to-left,13,Animals,Unicorn to R. facing cult object.,-21,31,5,293 123 343 294 342,293 123 343 294 342,
1290,2651,MD,Mohenjodaro,FEM vol II,1,seal,0,0,2,left-to-right,112,Animals,Rhinoceros to L.,-21,31,4,219 381 252 391,219 381 252 391,
1291,2652,MD,Mohenjodaro,FEM vol II,1,seal,0,0,1,right-to-left,13,Animals,Unicorn to R. facing cult object.,-21,31,2,216 254,216 254,
1292,2653,MD,Mohenjodaro,FEM vol II,1,seal,0,0,1,right-to-left,13,Animals,Unicorn to R. facing cult object.,-21,31,6,267 99 48 127 347 342,267 99 48 127 347 342,
1293,2654,MD,Mohenjodaro,FEM vol II,1,seal,0,0,1,right-to-left,0,No field symbol,No Field Symbol,-21,31,14,17 293 293 211 202 267 99 65 70 336 89 87 284 342,17 293 293 211 202 267 99 65 70 336 89 87 284 342,
1294,2655,MD,Mohenjodaro,FEM vol II,1,seal,0,0,1,right-to-left,41,Animals,Short-horned bull to R.,-21,31,6,387 72 336 89 347 342,387 72 336 89 347 342,
1295,2656,MD,Mohenjodaro,FEM vol II,1,seal,0,0,1,right-to-left,13,Animals,Unicorn to R. facing cult object.,-21,31,3,290 267 402,290 267 402,
1296,2657,MD,Mohenjodaro,FEM vol II,1,seal,0,0,1,right-to-left,13,Animals,Unicorn to R. facing cult object.,-21,31,5,319 32 99 102 162,319 32 99 102 162,
1297,2658,MD,Mohenjodaro,FEM vol II,1,seal,1,0,2,left-to-right,0,No field symbol,No Field Symbol,-21,31,2,109 162,109 162,
1298,2658,MD,Mohenjodaro,FEM vol II,1,seal,2,9,0,unrecorded,361,"Reptiles, fish, birds",Gharial to R.,-21,31,0,,,
1299,2659,MD,Mohenjodaro,FEM vol II,1,seal,0,0,1,right-to-left,351,Animals,Uncertain animal (mostly bovine) to R.,-21,31,3,*102 287 342,102 287 342,1
1300,2660,MD,Mohenjodaro,FEM vol II,1,seal,0,0,1,right-to-left,13,Animals,Unicorn to R. facing cult object.,-21,31,6,267 99 249 162 342 242,267 99 249 162 342 242,
1301,2661,MD,Mohenjodaro,FEM vol II,1,seal,0,0,1,right-to-left,50,Animals,Two short-horned bulls face to face.,-21,31,2,201 277,201 277,
1302,2662,MD,Mohenjodaro,FEM vol II,1,seal,0,0,1,right-to-left,0,No field symbol,No Field Symbol,-21,31,3,3 352 176,3 352 176,
1303,2663,MD,Mohenjodaro,FEM vol II,1,seal,0,0,1,right-to-left,62,Animals,Buffalo to L.,-21,31,3,204 245 342,204 245 342,
1304,2664,MD,Mohenjodaro,FEM vol II,1,seal,0,0,1,right-to-left,13,Animals,Unicorn to R. facing cult object.,-21,31,5,*237 330 97 124 342,237 330 97 124 342,1
1305,2665,MD,Mohenjodaro,FEM vol II,1,seal,0,0,1,right-to-left,351,Animals,Uncertain animal (mostly bovine) to R.,-21,31,5,*391 97 261 186 343,391 97 261 186 343,1
1306,2666,MD,Mohenjodaro,FEM vol II,1,seal,0,0,1,right-to-left,13,Animals,Unicorn to R. facing cult object.,-22,31,5,17 162 99 124 342,17 162 99 124 342,
1307,2667,MD,Mohenjodaro,FEM vol II,1,seal,0,1,1,right-to-left,13,Animals,Unicorn to R. facing cult object.,-22,31,5,86 59 *127 267 0,86 59 127 267 0,3
1308,2667,MD,Mohenjodaro,FEM vol II,1,seal,0,2,1,right-to-left,13,Animals,Unicorn to R. facing cult object.,-22,31,3,87 59 0,87 59 0,
1309,2669,MD,Mohenjodaro,FEM vol II,1,seal,0,0,1,right-to-left,13,Animals,Unicorn to R. facing cult object.,-22,31,4,0 *059 121 342,0 59 121 342,2
1310,2671,MD,Mohenjodaro,FEM vol II,1,seal,0,0,1,right-to-left,351,Animals,Uncertain animal (mostly bovine) to R.,-22,31,3,0 53 342,0 53 342,
1311,2672,MD,Mohenjodaro,FEM vol II,1,seal,0,0,1,right-to-left,0,No field symbol,No Field Symbol,-22,31,3,0 347 342,0 347 342,
1312,2673,MD,Mohenjodaro,FEM vol II,1,seal,0,0,3,single sign,132,Animals,"Goat-antelope to L. with short tail, and beard, horns arching back.",-23,31,1,326,326,
1313,2674,MD,Mohenjodaro,FEM vol II,1,seal,0,0,1,right-to-left,13,Animals,Unicorn to R. facing cult object.,-23,31,5,267 99 175 176 211,267 99 175 176 211,
1314,2675,MD,Mohenjodaro,FEM vol II,1,seal,0,0,1,right-to-left,45,Animals,Short-horned bull to R. facing feeding trough.,-23,31,7,87 19 54 99 65 59 211,87 19 54 99 65 59 211,
1315,2676,MD,Mohenjodaro,FEM vol II,1,seal,0,0,1,right-to-left,11,Animals,Unicorn to R. No cult object in front.,-23,31,4,0 72 149 342,0 72 149 342,
1316,2677,MD,Mohenjodaro,FEM vol II,1,seal,0,0,1,right-to-left,31,Animals,Humped bull to R.,-24,31,4,267 99 22 297,267 99 22 297,
1317,2678,MD,Mohenjodaro,FEM vol II,1,seal,0,0,1,right-to-left,13,Animals,Unicorn to R. facing cult object.,-24,31,2,124 12,124 12,
1318,2679,MD,Mohenjodaro,FEM vol II,1,seal,0,0,1,right-to-left,0,No field symbol,No Field Symbol,-24,31,5,238 267 99 121 342,238 267 99 121 342,
1319,2680,MD,Mohenjodaro,FEM vol II,1,seal,0,0,1,right-to-left,13,Animals,Unicorn to R. facing cult object.,-24,31,5,267 99 204 230 342,267 99 204 230 342,
1320,2681,MD,Mohenjodaro,FEM vol II,1,seal,0,0,1,right-to-left,13,Animals,Unicorn to R. facing cult object.,-24,31,6,0 *219 343 109 59 211,0 219 343 109 59 211,2
1321,2682,MD,Mohenjodaro,FEM vol II,1,seal,0,0,1,right-to-left,0,No field symbol,No Field Symbol,-24,31,2,389 15,389 15,
1322,2683,MD,Mohenjodaro,FEM vol II,1,seal,0,0,1,right-to-left,0,No field symbol,No Field Symbol,-25,31,5,0 72 59 342 0,0 72 59 342 0,
1323,2684,MD,Mohenjodaro,FEM vol II,1,seal,0,0,1,right-to-left,112,Animals,Rhinoceros to L.,-25,31,5,391 99 228 162 242,391 99 228 162 242,
1324,2685,MD,Mohenjodaro,FEM vol II,1,seal,0,0,1,right-to-left,13,Animals,Unicorn to R. facing cult object.,-27,31,7,303 343 67 51 130 149 342,303 343 67 51 130 149 342,
1325,2686,MD,Mohenjodaro,FEM vol II,1,seal,0,0,1,right-to-left,11,Animals,Unicorn to R. No cult object in front.,-31,31,4,0 402 43 0,0 402 43 0,
1326,2687,MD,Mohenjodaro,FEM vol II,1,seal,0,1,1,right-to-left,13,Animals,Unicorn to R. facing cult object.,-16,34,6,87 162 343 98 347 342,87 162 343 98 347 342,
1327,2687,MD,Mohenjodaro,FEM vol II,1,seal,0,2,1,right-to-left,13,Animals,Unicorn to R. facing cult object.,-16,34,3,55 342 267,55 342 267,
1328,2688,MD,Mohenjodaro,FEM vol II,1,seal,0,0,1,right-to-left,0,No field symbol,No Field Symbol,-18,34,3,0 62 342,0 62 342,
1329,2689,MD,Mohenjodaro,FEM vol II,1,seal,0,1,1,right-to-left,45,Animals,Short-horned bull to R. facing feeding trough.,-19,34,5,391 99 175 214 342,391 99 175 214 342,
1330,2689,MD,Mohenjodaro,FEM vol II,1,seal,0,2,1,right-to-left,45,Animals,Short-horned bull to R. facing feeding trough.,-19,34,3,216 97 402,216 97 402,
1331,2690,MD,Mohenjodaro,FEM vol II,1,seal,0,1,1,right-to-left,999,Damaged/illegible,An uncertain/illegible field symbol.,-19,34,10,150 123 51 130 149 342 150 123 387 342,150 123 51 130 149 342 150 123 387 342,
1332,2690,MD,Mohenjodaro,FEM vol II,1,seal,0,2,9,no text,999,Damaged/illegible,An uncertain/illegible field symbol.,-19,34,1,0,0,
1333,2691,MD,Mohenjodaro,FEM vol II,1,seal,0,0,1,right-to-left,13,Animals,Unicorn to R. facing cult object.,-19,34,5,391 99 112 197 342,391 99 112 197 342,
1334,2692,MD,Mohenjodaro,FEM vol II,1,seal,0,0,1,right-to-left,13,Animals,Unicorn to R. facing cult object.,-22,34,3,391 391 342,391 391 342,
1335,2693,MD,Mohenjodaro,FEM vol II,1,seal,0,0,1,right-to-left,13,Animals,Unicorn to R. facing cult object.,0,8,4,150 123 *301 0,150 123 301 0,3
1336,2694,MD,Mohenjodaro,FEM vol II,1,seal,0,0,1,right-to-left,13,Animals,Unicorn to R. facing cult object.,7,7,7,17 303 99 65 67 342 1,17 303 99 65 67 342 1,
1337,2695,MD,Mohenjodaro,FEM vol II,1,seal,0,0,1,right-to-left,13,Animals,Unicorn to R. facing cult object.,2,6,3,205 112 342,205 112 342,
1338,2696,MD,Mohenjodaro,FEM vol II,1,seal,0,1,1,right-to-left,65,Animals,Buffalo to R. facing feeding trough.,2,6,2,150 123,150 123,
1339,2696,MD,Mohenjodaro,FEM vol II,1,seal,0,2,1,right-to-left,65,Animals,Buffalo to R. facing feeding trough.,2,6,4,100 17 81 342,100 17 81 342,
1340,2697,MD,Mohenjodaro,FEM vol II,1,seal,0,0,1,right-to-left,0,No field symbol,No Field Symbol,1,6,6,104 169 98 121 87 342,104 169 98 121 87 342,
1341,2698,MD,Mohenjodaro,FEM vol II,1,seal,0,0,1,right-to-left,13,Animals,Unicorn to R. facing cult object.,1,6,2,104 15,104 15,
1342,2699,MD,Mohenjodaro,FEM vol II,1,seal,0,0,1,right-to-left,0,No field symbol,No Field Symbol,0,8,3,389 342 91,389 342 91,
1343,2700,MD,Mohenjodaro,FEM vol II,1,seal,0,0,1,right-to-left,13,Animals,Unicorn to R. facing cult object.,-2,7,5,87 59 *072 334 *342,87 59 72 334 342,3 5
1344,2701,MD,Mohenjodaro,FEM vol II,1,seal,0,0,1,right-to-left,45,Animals,Short-horned bull to R. facing feeding trough.,-1,6,6,398 402 99 387 216 *254,398 402 99 387 216 254,6
1345,2702,MD,Mohenjodaro,FEM vol II,1,seal,0,0,1,right-to-left,13,Animals,Unicorn to R. facing cult object.,-1,7,4,155 402 3 176,155 402 3 176,
1346,2704,MD,Mohenjodaro,FEM vol II,1,seal,0,0,3,single sign,13,Animals,Unicorn to R. facing cult object.,-1,7,1,224,224,
1347,2705,MD,Mohenjodaro,FEM vol II,1,seal,0,0,1,right-to-left,13,Animals,Unicorn to R. facing cult object.,-18,31,2,109 162,109 162,
1348,2706,MD,Mohenjodaro,FEM vol II,1,seal,0,0,1,right-to-left,31,Animals,Humped bull to R.,-18,31,5,267 402 87 294 342,267 402 87 294 342,
1349,2802,MD,Mohenjodaro,FEM vol II,2,sealing,1,0,1,right-to-left,15,Animals,Unicorn to R. facing feeding trough.,2,7,8,17 38 176 51 130 *109 245 *245,17 38 176 51 130 109 245 245,6 8
1350,2802,MD,Mohenjodaro,FEM vol II,2,sealing,2,9,0,unrecorded,740,Scenes,From R.  Fabulous animal as in FS 251 ; person seated on a tree with tiger below ; Svastika within a square,2,7,0,,,
1351,2802,MD,Mohenjodaro,FEM vol II,2,sealing,3,9,0,unrecorded,770,Scenes,From R.  Horned personage standing between two branches of a pipal tree ; ram ; horned personage kneeling in adoration ; a low pedestal with some offerings on it.,2,7,0,,,
1352,2804,MD,Mohenjodaro,FEM vol II,2,sealing,1,0,1,right-to-left,13,Animals,Unicorn to R. facing cult object.,-1,7,2,397 162,397 162,
1353,2804,MD,Mohenjodaro,FEM vol II,2,sealing,2,0,1,right-to-left,251,Animals,"Fabulous animal to R. with body of ram, horns of bull, trunk of elephant, hind legs of tiger and upraised serpent-like tail.",-1,7,2,397 162,397 162,
1354,2805,MD,Mohenjodaro,FEM vol II,2,sealing,1,0,1,right-to-left,730,Scenes,Person seated on machan on Kino tree ; A tiger below to R. looking at him.,-4,32,4,*086 325 *347 342,86 325 347 342,1 3
1355,2805,MD,Mohenjodaro,FEM vol II,2,sealing,2,9,0,unrecorded,181,Animals,"Row of animals in file to R.(unicorn, elephant and rhinoceros from R.). Gharial holding fish above; a bird (?) at R.",-4,32,0,,,
1356,2805,MD,Mohenjodaro,FEM vol II,2,sealing,3,9,0,unrecorded,800,Scenes,From R.  Person holding vessel; woman with platter (?); kneeling person holding staff facing the woman ; goat with forelegs resting on platform under Kino tree.,-4,32,0,,,
1357,2806,MD,Mohenjodaro,FEM vol II,2,sealing,1,0,1,right-to-left,974,"Symbols, motifs, geometric patterns",A geometrical pattern of inter-woven slanted crosses the field.,-5,32,2,244 342,244 342,
1358,2806,MD,Mohenjodaro,FEM vol II,2,sealing,2,9,0,unrecorded,420,"Reptiles, fish, birds",Serpent (?) entwined around a pillar with capital (?) carved in high Relief on the reverse side of the object.,-5,32,0,,,
1359,2807,MD,Mohenjodaro,FEM vol II,2,sealing,1,0,1,right-to-left,351,Animals,Uncertain animal (mostly bovine) to R.,0,33,2,336 321,336 321,
1360,2807,MD,Mohenjodaro,FEM vol II,2,sealing,2,0,1,right-to-left,0,No field symbol,No Field Symbol,0,33,4,202 294 336 321,202 294 336 321,
1361,2808,MD,Mohenjodaro,FEM vol II,2,sealing,1,0,1,right-to-left,113,Animals,Rhinoceros to R. facing feeding trough.,-7,32,2,409 96,409 96,
1362,2808,MD,Mohenjodaro,FEM vol II,2,sealing,2,0,9,no text,11,Animals,Unicorn to R. No cult object in front.,-7,32,1,0,0,
1363,2808,MD,Mohenjodaro,FEM vol II,2,sealing,3,0,9,no text,41,Animals,Short-horned bull to R.,-7,32,1,0,0,
1364,2808,MD,Mohenjodaro,FEM vol II,2,sealing,4,0,9,no text,135,Animals,"Goat-antelope to R. with short tail, horns arching back, regardant.",-7,32,1,0,0,
1365,2808,MD,Mohenjodaro,FEM vol II,2,sealing,5,9,0,unrecorded,972,"Symbols, motifs, geometric patterns",,-7,32,0,,,
1366,2808,MD,Mohenjodaro,FEM vol II,2,sealing,6,9,0,unrecorded,972,"Symbols, motifs, geometric patterns",,-7,32,0,,,
1367,2809,MD,Mohenjodaro,FEM vol II,2,sealing,1,0,1,right-to-left,0,No field symbol,No Field Symbol,-4,32,3,245 336 252,245 336 252,
1368,2809,MD,Mohenjodaro,FEM vol II,2,sealing,2,0,1,right-to-left,0,No field symbol,No Field Symbol,-4,32,3,245 336 252,245 336 252,
1369,2809,MD,Mohenjodaro,FEM vol II,2,sealing,3,0,9,no text,0,No field symbol,No Field Symbol,-4,32,1,0,0,
1370,2810,MD,Mohenjodaro,FEM vol II,2,sealing,1,0,3,single sign,0,No field symbol,No Field Symbol,-11,32,1,214,214,
1371,2810,MD,Mohenjodaro,FEM vol II,2,sealing,2,0,1,right-to-left,0,No field symbol,No Field Symbol,-11,32,4,178 389 15 176,178 389 15 176,
1372,2812,MD,Mohenjodaro,FEM vol II,2,sealing,1,0,3,single sign,0,No field symbol,No Field Symbol,-6,32,1,214,214,
1373,2812,MD,Mohenjodaro,FEM vol II,2,sealing,2,0,1,right-to-left,0,No field symbol,No Field Symbol,-6,32,4,178 389 15 176,178 389 15 176,
1374,2813,MD,Mohenjodaro,FEM vol II,2,sealing,1,0,1,right-to-left,974,"Symbols, motifs, geometric patterns",A geometrical pattern of inter-woven slanted crosses the field.,-6,32,2,244 342,244 342,
1375,2813,MD,Mohenjodaro,FEM vol II,2,sealing,2,9,0,unrecorded,420,"Reptiles, fish, birds",Serpent (?) entwined around a pillar with capital (?) carved in high Relief on the reverse side of the object.,-6,32,0,,,
1376,2814,MD,Mohenjodaro,FEM vol II,2,sealing,1,0,1,right-to-left,974,"Symbols, motifs, geometric patterns",A geometrical pattern of inter-woven slanted crosses the field.,-9,32,2,244 342,244 342,
1377,2814,MD,Mohenjodaro,FEM vol II,2,sealing,2,9,0,unrecorded,420,"Reptiles, fish, birds",Serpent (?) entwined around a pillar with capital (?) carved in high Relief on the reverse side of the object.,-9,32,0,,,
1378,2815,MD,Mohenjodaro,FEM vol II,2,sealing,1,0,1,right-to-left,444,Trees and leaves,Kino Tree with Endless Knot.,-2,32,5,45 95 328 2 176,45 95 328 2 176,
1379,2815,MD,Mohenjodaro,FEM vol II,2,sealing,2,9,0,unrecorded,750,Scenes,"From R.  woman with outstretched arms flanked by two men, each holding one uprooted tree in his hand; person seated on a tree with tiger below ; tall jar with lid.",-2,32,0,,,
1380,2818,MD,Mohenjodaro,FEM vol II,2,sealing,1,0,1,right-to-left,0,No field symbol,No Field Symbol,-6,31,7,41 137 249 65 67 342 1,41 137 249 65 67 342 1,
1381,2818,MD,Mohenjodaro,FEM vol II,2,sealing,2,9,0,unrecorded,973,"Symbols, motifs, geometric patterns",A geometrical pattern of a cross in the centre framed by parallel horizontal lines in the field.,-6,31,0,,,
1382,2819,MD,Mohenjodaro,FEM vol II,2,sealing,1,0,1,right-to-left,650,Scenes,Person throwing a spear at buffalo and placing one foot on its head ; three persons standing near tree at the centre.,-7,31,2,326 *342,326 342,2
1383,2819,MD,Mohenjodaro,FEM vol II,2,sealing,2,0,1,right-to-left,255,Animals,Fabulous animal as in F.S. 251 ; two uncertain objects at R.,-7,31,2,326 342,326 342,
1384,2819,MD,Mohenjodaro,FEM vol II,2,sealing,3,0,1,right-to-left,320,Animals,Fabulous animal as in FS 311 at R; a goat standing on its hind legs and browsing from a tree at the centre.,-7,31,2,326 342,326 342,
1385,2820,MD,Mohenjodaro,FEM vol II,2,sealing,1,0,1,right-to-left,0,No field symbol,No Field Symbol,0,33,7,41 137 249 65 67 342 1,41 137 249 65 67 342 1,
1386,2820,MD,Mohenjodaro,FEM vol II,2,sealing,2,9,0,unrecorded,973,"Symbols, motifs, geometric patterns",A geometrical pattern of a cross in the centre framed by parallel horizontal lines in the field.,0,33,0,,,
1387,2821,MD,Mohenjodaro,FEM vol II,2,sealing,1,0,1,right-to-left,0,No field symbol,No Field Symbol,-10,31,3,65 48 342,65 48 342,
1388,2821,MD,Mohenjodaro,FEM vol II,2,sealing,2,9,0,unrecorded,13,Animals,Unicorn to R. facing cult object.,-10,31,0,,,
1389,2822,MD,Mohenjodaro,FEM vol II,2,sealing,1,0,2,left-to-right,999,Damaged/illegible,An uncertain/illegible field symbol.,-8,31,3,0 342 176,0 342 176,
1390,2822,MD,Mohenjodaro,FEM vol II,2,sealing,2,9,0,unrecorded,117,Animals,Rhinoceros to R. under a tree.,-8,31,0,,,
1391,2824,MD,Mohenjodaro,FEM vol II,2,sealing,1,0,9,no text,974,"Symbols, motifs, geometric patterns",A geometrical pattern of inter-woven slanted crosses the field.,0,33,2,0 342,0 342,
1392,2824,MD,Mohenjodaro,FEM vol II,2,sealing,2,9,0,unrecorded,420,"Reptiles, fish, birds",Serpent (?) entwined around a pillar with capital (?) carved in high Relief on the reverse side of the object.,0,33,0,,,
1393,2825,MD,Mohenjodaro,FEM vol II,2,sealing,1,0,1,right-to-left,0,No field symbol,No Field Symbol,0,33,7,41 137 249 65 67 342 1,41 137 249 65 67 342 1,
1394,2825,MD,Mohenjodaro,FEM vol II,2,sealing,2,9,0,unrecorded,973,"Symbols, motifs, geometric patterns",A geometrical pattern of a cross in the centre framed by parallel horizontal lines in the field.,0,33,0,,,
1395,2826,MD,Mohenjodaro,FEM vol II,2,sealing,0,0,1,right-to-left,13,Animals,Unicorn to R. facing cult object.,-10,31,8,182 186 267 99 53 59 155 211,182 186 267 99 53 59 155 211,
1396,2827,MD,Mohenjodaro,FEM vol II,2,sealing,1,0,3,single sign,660,Scenes,Groups of persons vaulting over uncertain bovine animal.,-6,31,1,417,417,
1397,2827,MD,Mohenjodaro,FEM vol II,2,sealing,2,0,3,single sign,0,No field symbol,No Field Symbol,-6,31,1,342,342,
1398,2830,MD,Mohenjodaro,FEM vol II,2,sealing,1,0,1,right-to-left,0,No field symbol,No Field Symbol,-10,31,5,53 171 59 342 176,53 171 59 342 176,
1399,2830,MD,Mohenjodaro,FEM vol II,2,sealing,2,9,0,unrecorded,971,"Symbols, motifs, geometric patterns",A geometrical pattern of unevenly spaced parallel vertical lines in the field.,-10,31,0,,,
1400,2831,MD,Mohenjodaro,FEM vol II,2,sealing,0,0,1,right-to-left,0,No field symbol,No Field Symbol,-11,31,3,0 149 342,0 149 342,
1401,2835,MD,Mohenjodaro,FEM vol II,2,sealing,1,0,1,right-to-left,50,Animals,Two short-horned bulls face to face.,-9,31,2,201 277,201 277,
1402,2835,MD,Mohenjodaro,FEM vol II,2,sealing,2,0,1,right-to-left,0,No field symbol,No Field Symbol,-9,31,5,67 387 194 342 176,67 387 194 342 176,
1403,2835,MD,Mohenjodaro,FEM vol II,2,sealing,3,9,0,unrecorded,630,Scenes,Person throwing a spear at short-horned bull and placing one foot on the head of the animal; a hooded serpent at L.,-9,31,0,,,
1404,2836,MD,Mohenjodaro,FEM vol II,2,sealing,1,0,1,right-to-left,251,Animals,"Fabulous animal to R. with body of ram, horns of bull, trunk of elephant, hind legs of tiger and upraised serpent-like tail.",-11,31,2,336 321,336 321,
1405,2836,MD,Mohenjodaro,FEM vol II,2,sealing,2,0,1,right-to-left,251,Animals,"Fabulous animal to R. with body of ram, horns of bull, trunk of elephant, hind legs of tiger and upraised serpent-like tail.",-11,31,2,336 321,336 321,
1406,2837,MD,Mohenjodaro,FEM vol II,2,sealing,0,0,1,right-to-left,13,Animals,Unicorn to R. facing cult object.,-9,31,5,267 99 98 102 0,267 99 98 102 0,
1407,2839,MD,Mohenjodaro,FEM vol II,2,sealing,1,0,1,right-to-left,0,No field symbol,No Field Symbol,-10,31,7,41 137 249 65 67 342 1,41 137 249 65 67 342 1,
1408,2839,MD,Mohenjodaro,FEM vol II,2,sealing,2,9,0,unrecorded,973,"Symbols, motifs, geometric patterns",A geometrical pattern of a cross in the centre framed by parallel horizontal lines in the field.,-10,31,0,,,
1409,2841,MD,Mohenjodaro,FEM vol II,2,sealing,1,0,3,single sign,610,Scenes,"Person standing at the centre pointing with his right hand at short-horned bull facing feeding trough, and with his left hand at the sign 015.",-19,31,1,15,15,
1410,2841,MD,Mohenjodaro,FEM vol II,2,sealing,2,9,0,unrecorded,221,Animals,Tiger and rhinoceros to R. in file.,-19,31,0,,,
1411,2842,MD,Mohenjodaro,FEM vol II,2,sealing,1,0,1,right-to-left,0,No field symbol,No Field Symbol,-16,31,5,201 277 *204 *086 0,201 277 204 86 0,3 4
1412,2842,MD,Mohenjodaro,FEM vol II,2,sealing,2,9,0,unrecorded,570,Anthropomorphic forms,Three dancing figures in a row.,-16,31,0,,,
1413,2842,MD,Mohenjodaro,FEM vol II,2,sealing,3,9,0,unrecorded,363,"Reptiles, fish, birds",Gharial to R. surrounded by school of fish.,-16,31,0,,,
1414,2843,MD,Mohenjodaro,FEM vol II,2,sealing,1,0,1,right-to-left,0,No field symbol,No Field Symbol,-18,31,6,201 277 *204 *086 342 106,201 277 204 86 342 106,3 4
1415,2843,MD,Mohenjodaro,FEM vol II,2,sealing,2,9,0,unrecorded,570,Anthropomorphic forms,Three dancing figures in a row.,-18,31,0,,,
1416,2843,MD,Mohenjodaro,FEM vol II,2,sealing,3,9,0,unrecorded,363,"Reptiles, fish, birds",Gharial to R. surrounded by school of fish.,-18,31,0,,,
1417,2844,MD,Mohenjodaro,FEM vol II,2,sealing,1,0,1,right-to-left,121,Animals,"Two rhinoceroses to R., one each at either end of text.",-17,31,3,336 321 176,336 321 176,
1418,2844,MD,Mohenjodaro,FEM vol II,2,sealing,2,0,1,right-to-left,999,Damaged/illegible,An uncertain/illegible field symbol.,-17,31,5,67 87 59 403 0,67 87 59 403 0,
1419,2845,MD,Mohenjodaro,FEM vol II,2,sealing,0,0,1,right-to-left,0,No field symbol,No Field Symbol,-13,31,4,267 99 67 0,267 99 67 0,
1420,2846,MD,Mohenjodaro,FEM vol II,2,sealing,1,0,1,right-to-left,0,No field symbol,No Field Symbol,-16,31,6,225 123 387 342 9 45,225 123 387 342 9 45,
1421,2846,MD,Mohenjodaro,FEM vol II,2,sealing,2,0,1,right-to-left,412,"Reptiles, fish, birds","Serpent to L, partly reclining on a low platform under a tree.",-16,31,2,383 341,383 341,
1422,2847,MD,Mohenjodaro,FEM vol II,2,sealing,1,0,1,right-to-left,0,No field symbol,No Field Symbol,-17,31,9,386 53 48 342 12 328 328 328 162,386 53 48 342 12 328 328 328 162,
1423,2847,MD,Mohenjodaro,FEM vol II,2,sealing,2,0,1,right-to-left,0,No field symbol,No Field Symbol,-17,31,7,137 155 343 10 81 403 87,137 155 343 10 81 403 87,
1424,2847,MD,Mohenjodaro,FEM vol II,2,sealing,3,0,1,right-to-left,0,No field symbol,No Field Symbol,-17,31,10,343 294 328 391 87 112 294 171 8 342,343 294 328 391 87 112 294 171 8 342,
1425,2848,MD,Mohenjodaro,FEM vol II,2,sealing,1,0,1,right-to-left,0,No field symbol,No Field Symbol,-13,31,4,67 8 342 176,67 8 342 176,
1426,2848,MD,Mohenjodaro,FEM vol II,2,sealing,2,9,0,unrecorded,999,Damaged/illegible,An uncertain/illegible field symbol.,-13,31,0,,,
1427,2849,MD,Mohenjodaro,FEM vol II,2,sealing,1,0,1,right-to-left,251,Animals,"Fabulous animal to R. with body of ram, horns of bull, trunk of elephant, hind legs of tiger and upraised serpent-like tail.",-23,31,2,336 321,336 321,
1428,2849,MD,Mohenjodaro,FEM vol II,2,sealing,2,0,1,right-to-left,251,Animals,"Fabulous animal to R. with body of ram, horns of bull, trunk of elephant, hind legs of tiger and upraised serpent-like tail.",-23,31,2,336 321,336 321,
1429,2851,MD,Mohenjodaro,FEM vol II,2,sealing,1,0,1,right-to-left,0,No field symbol,No Field Symbol,-19,31,7,100 402 342 287 0 287 283,100 402 342 287 0 287 283,
1430,2851,MD,Mohenjodaro,FEM vol II,2,sealing,2,0,1,right-to-left,137,Animals,"Goat-antelope to R. with short tail, and twirled side-horns.",-19,31,3,325 347 342,325 347 342,
1431,2852,MD,Mohenjodaro,FEM vol II,2,sealing,1,0,1,right-to-left,45,Animals,Short-horned bull to R. facing feeding trough.,-19,31,2,65 211,65 211,
1432,2852,MD,Mohenjodaro,FEM vol II,2,sealing,2,0,1,right-to-left,11,Animals,Unicorn to R. No cult object in front.,-19,31,4,98 319 51 130,98 319 51 130,
1433,2852,MD,Mohenjodaro,FEM vol II,2,sealing,3,0,1,right-to-left,95,Animals,Tiger to R. facing feeding trough.,-19,31,3,245 342 1,245 342 1,
1434,2854,MD,Mohenjodaro,FEM vol II,2,sealing,1,0,3,single sign,111,Animals,Rhinoceros to R.,-14,31,1,63,63,
1435,2854,MD,Mohenjodaro,FEM vol II,2,sealing,2,9,0,unrecorded,111,Animals,Rhinoceros to R.,-14,31,0,,,
1436,2855,MD,Mohenjodaro,FEM vol II,2,sealing,1,0,1,right-to-left,0,No field symbol,No Field Symbol,-17,31,7,100 402 342 287 0 287 283,100 402 342 287 0 287 283,
1437,2855,MD,Mohenjodaro,FEM vol II,2,sealing,2,0,1,right-to-left,137,Animals,"Goat-antelope to R. with short tail, and twirled side-horns.",-17,31,3,325 347 0,325 347 0,
1438,2855,MD,Mohenjodaro,FEM vol II,2,sealing,3,0,9,no text,351,Animals,Uncertain animal (mostly bovine) to R.,-17,31,1,0,0,
1439,2856,MD,Mohenjodaro,FEM vol II,2,sealing,0,0,1,right-to-left,13,Animals,Unicorn to R. facing cult object.,-15,31,2,102 15,102 15,
1440,2857,MD,Mohenjodaro,FEM vol II,2,sealing,1,0,1,right-to-left,113,Animals,Rhinoceros to R. facing feeding trough.,-17,31,2,409 96,409 96,
1441,2857,MD,Mohenjodaro,FEM vol II,2,sealing,2,0,9,no text,11,Animals,Unicorn to R. No cult object in front.,-17,31,1,0,0,
1442,2857,MD,Mohenjodaro,FEM vol II,2,sealing,3,0,9,no text,41,Animals,Short-horned bull to R.,-17,31,1,0,0,
1443,2857,MD,Mohenjodaro,FEM vol II,2,sealing,4,0,9,no text,999,Damaged/illegible,An uncertain/illegible field symbol.,-17,31,1,0,0,
1444,2857,MD,Mohenjodaro,FEM vol II,2,sealing,5,9,0,unrecorded,972,"Symbols, motifs, geometric patterns",,-17,31,0,,,
1445,2857,MD,Mohenjodaro,FEM vol II,2,sealing,6,9,0,unrecorded,972,"Symbols, motifs, geometric patterns",,-17,31,0,,,
1446,2858,MD,Mohenjodaro,FEM vol II,2,sealing,0,0,1,right-to-left,13,Animals,Unicorn to R. facing cult object.,-21,31,2,104 162,104 162,
1447,2860,MD,Mohenjodaro,FEM vol II,2,sealing,1,0,1,right-to-left,11,Animals,Unicorn to R. No cult object in front.,-13,31,10,327 303 245 245 125 59 99 17 134 86,327 303 245 245 125 59 99 17 134 86,
1448,2860,MD,Mohenjodaro,FEM vol II,2,sealing,2,9,0,unrecorded,431,"Reptiles, fish, birds",Bird in flight to R.,-13,31,0,,,
1449,2861,MD,Mohenjodaro,FEM vol II,2,sealing,1,0,1,right-to-left,0,No field symbol,No Field Symbol,-14,31,5,35 63 129 233 277,35 63 129 233 277,
1450,2861,MD,Mohenjodaro,FEM vol II,2,sealing,2,0,1,right-to-left,0,No field symbol,No Field Symbol,-14,31,5,67 389 194 342 *176,67 389 194 342 176,5
1451,2861,MD,Mohenjodaro,FEM vol II,2,sealing,3,9,0,unrecorded,988,"Symbols, motifs, geometric patterns",Ornamental borders consisting of a frieze of T-shaped motifs placed around the edge of the inscribed object.,-14,31,0,,,
1452,2862,MD,Mohenjodaro,FEM vol II,2,sealing,0,0,1,right-to-left,13,Animals,Unicorn to R. facing cult object.,-17,31,2,102 15,102 15,
1453,2863,MD,Mohenjodaro,FEM vol II,2,sealing,1,0,1,right-to-left,0,No field symbol,No Field Symbol,-14,31,6,267 99 67 403 87 342,267 99 67 403 87 342,
1454,2863,MD,Mohenjodaro,FEM vol II,2,sealing,2,9,0,unrecorded,490,Anthropomorphic forms,Personage seated on a pedestal flanked on either side by a kneeling adorant and a hooded serpent rearing up.,-14,31,0,,,
1455,2864,MD,Mohenjodaro,FEM vol II,2,sealing,1,0,1,right-to-left,361,"Reptiles, fish, birds",Gharial to R.,-15,31,4,171 8 342 176,171 8 342 176,
1456,2864,MD,Mohenjodaro,FEM vol II,2,sealing,2,0,1,right-to-left,361,"Reptiles, fish, birds",Gharial to R.,-15,31,4,171 8 342 0,171 8 342 0,
1457,2865,MD,Mohenjodaro,FEM vol II,2,sealing,1,0,1,right-to-left,0,No field symbol,No Field Symbol,-18,31,4,267 99 386 0,267 99 386 0,
1458,2865,MD,Mohenjodaro,FEM vol II,2,sealing,2,9,0,unrecorded,470,Anthropomorphic forms,Horned personage seated on a pedestal.,-18,31,0,,,
1459,2866,MD,Mohenjodaro,FEM vol II,2,sealing,1,0,1,right-to-left,0,No field symbol,No Field Symbol,-18,31,5,35 63 129 233 277,35 63 129 233 277,
1460,2866,MD,Mohenjodaro,FEM vol II,2,sealing,2,0,1,right-to-left,0,No field symbol,No Field Symbol,-18,31,5,67 389 194 342 *176,67 389 194 342 176,5
1461,2866,MD,Mohenjodaro,FEM vol II,2,sealing,3,9,0,unrecorded,988,"Symbols, motifs, geometric patterns",Ornamental borders consisting of a frieze of T-shaped motifs placed around the edge of the inscribed object.,-18,31,0,,,
1462,2867,MD,Mohenjodaro,FEM vol II,2,sealing,0,0,1,right-to-left,31,Animals,Humped bull to R.,-13,31,5,391 99 249 162 342,391 99 249 162 342,
1463,2868,MD,Mohenjodaro,FEM vol II,2,sealing,1,0,1,right-to-left,71,Animals,Elephant to R.,-20,31,3,216 254 176,216 254 176,
1464,2868,MD,Mohenjodaro,FEM vol II,2,sealing,2,9,0,unrecorded,431,"Reptiles, fish, birds",Bird in flight to R.,-20,31,0,,,
1465,2901,MD,Mohenjodaro,FEM vol II,5,copper tablet,1,0,3,single sign,0,No field symbol,No Field Symbol,-6,31,1,363,363,
1466,2901,MD,Mohenjodaro,FEM vol II,5,copper tablet,2,0,1,right-to-left,0,No field symbol,No Field Symbol,-6,31,7,59 112 194 18 211 87 169,59 112 194 18 211 87 169,
1467,2902,MD,Mohenjodaro,FEM vol II,5,copper tablet,1,0,3,single sign,0,No field symbol,No Field Symbol,-11,31,1,405,405,
1468,2902,MD,Mohenjodaro,FEM vol II,5,copper tablet,2,0,1,right-to-left,0,No field symbol,No Field Symbol,-11,31,5,102 59 249 169 342,102 59 249 169 342,
1469,2903,MD,Mohenjodaro,FEM vol II,5,copper tablet,1,0,3,single sign,0,No field symbol,No Field Symbol,-10,31,1,*362,362,1
1470,2903,MD,Mohenjodaro,FEM vol II,5,copper tablet,2,0,1,right-to-left,0,No field symbol,No Field Symbol,-10,31,7,389 407 124 169 373 287 342,389 407 124 169 373 287 342,
1471,2904,MD,Mohenjodaro,FEM vol II,5,copper tablet,1,1,1,right-to-left,0,No field symbol,No Field Symbol,-8,31,4,0 *171 8 342,0 171 8 342,2
1472,2904,MD,Mohenjodaro,FEM vol II,5,copper tablet,1,2,1,right-to-left,0,No field symbol,No Field Symbol,-8,31,4,171 59 407 169,171 59 407 169,
1473,2904,MD,Mohenjodaro,FEM vol II,5,copper tablet,2,9,0,unrecorded,860,"Symbols, motifs, geometric patterns",The Endless Knot motif.,-8,31,0,,,
1474,2905,MD,Mohenjodaro,FEM vol II,5,copper tablet,1,0,1,right-to-left,0,No field symbol,No Field Symbol,-12,31,4,89 328 287 319,89 328 287 319,
1475,2905,MD,Mohenjodaro,FEM vol II,5,copper tablet,2,0,1,right-to-left,0,No field symbol,No Field Symbol,-12,31,4,87 59 48 342,87 59 48 342,
1476,2906,MD,Mohenjodaro,FEM vol II,5,copper tablet,1,0,1,right-to-left,0,No field symbol,No Field Symbol,-10,31,4,89 328 287 319,89 328 287 319,
1477,2906,MD,Mohenjodaro,FEM vol II,5,copper tablet,2,0,1,right-to-left,0,No field symbol,No Field Symbol,-10,31,4,87 59 48 342,87 59 48 342,
1478,2907,MD,Mohenjodaro,FEM vol II,5,copper tablet,1,0,1,right-to-left,0,No field symbol,No Field Symbol,-10,31,4,65 *072 62 342,65 72 62 342,2
1479,2907,MD,Mohenjodaro,FEM vol II,5,copper tablet,2,9,0,unrecorded,111,Animals,Rhinoceros to R.,-10,31,0,,,
1480,2908,MD,Mohenjodaro,FEM vol II,5,copper tablet,1,0,1,right-to-left,0,No field symbol,No Field Symbol,-10,31,4,112 194 327 342,112 194 327 342,
1481,2908,MD,Mohenjodaro,FEM vol II,5,copper tablet,2,9,0,unrecorded,290,Animals,"Fabulous animal of uncertain description with two heads, one at either end of the body.",-10,31,0,,,
1482,2909,MD,Mohenjodaro,FEM vol II,5,copper tablet,1,0,1,right-to-left,0,No field symbol,No Field Symbol,-3,31,4,204 245 358 342,204 245 358 342,
1483,2909,MD,Mohenjodaro,FEM vol II,5,copper tablet,2,9,0,unrecorded,145,Animals,Ox-antelope to R. with long tail and long curly horns.,-3,31,0,,,
1484,2910,MD,Mohenjodaro,FEM vol II,5,copper tablet,1,0,1,right-to-left,0,No field symbol,No Field Symbol,-7,31,5,53 67 407 124 169,53 67 407 124 169,
1485,2910,MD,Mohenjodaro,FEM vol II,5,copper tablet,2,9,0,unrecorded,101,Animals,Horned Tiger to R.,-7,31,0,,,
1486,2911,MD,Mohenjodaro,FEM vol II,5,copper tablet,1,0,1,right-to-left,0,No field symbol,No Field Symbol,-5,31,7,70 112 194 18 211 87 169,70 112 194 18 211 87 169,
1487,2911,MD,Mohenjodaro,FEM vol II,5,copper tablet,2,9,0,unrecorded,139,Animals,"Goat-antelope to R. with short tail and twirled side horns, with heart symbol on body, facing feeding trough.",-5,31,0,,,
1488,2912,MD,Mohenjodaro,FEM vol II,5,copper tablet,1,0,1,right-to-left,0,No field symbol,No Field Symbol,-7,31,4,389 72 48 342,389 72 48 342,
1489,2912,MD,Mohenjodaro,FEM vol II,5,copper tablet,2,0,1,right-to-left,135,Animals,"Goat-antelope to R. with short tail, horns arching back, regardant.",-7,31,3,249 169 342,249 169 342,
1490,2913,MD,Mohenjodaro,FEM vol II,5,copper tablet,1,0,1,right-to-left,0,No field symbol,No Field Symbol,-6,31,4,87 59 348 342,87 59 348 342,
1491,2913,MD,Mohenjodaro,FEM vol II,5,copper tablet,2,9,0,unrecorded,251,Animals,"Fabulous animal to R. with body of ram, horns of bull, trunk of elephant, hind legs of tiger and upraised serpent-like tail.",-6,31,0,,,
1492,2914,MD,Mohenjodaro,FEM vol II,5,copper tablet,1,0,1,right-to-left,0,No field symbol,No Field Symbol,-9,31,7,389 407 124 169 373 287 342,389 407 124 169 373 287 342,
1493,2914,MD,Mohenjodaro,FEM vol II,5,copper tablet,2,9,0,unrecorded,520,Anthropomorphic forms,"Standing personage with horns and bovine features, holding bow in One hand and arrow or uncertain object in the other (generally known as 'the Divine Archer').",-9,31,0,,,
1494,2915,MD,Mohenjodaro,FEM vol II,5,copper tablet,1,0,1,right-to-left,0,No field symbol,No Field Symbol,-17,31,4,204 245 358 342,204 245 358 342,
1495,2915,MD,Mohenjodaro,FEM vol II,5,copper tablet,2,9,0,unrecorded,147,Animals,"Ox-antelope to R. with long tail and long curly horns, facing feeding trough.",-17,31,0,,,
1496,2916,MD,Mohenjodaro,FEM vol II,5,copper tablet,1,0,1,right-to-left,0,No field symbol,No Field Symbol,-15,31,8,345 341 18 252 97 25 245 245,345 341 18 252 97 25 245 245,
1497,2916,MD,Mohenjodaro,FEM vol II,5,copper tablet,2,9,0,unrecorded,15,Animals,Unicorn to R. facing feeding trough.,-15,31,0,,,
1498,2917,MD,Mohenjodaro,FEM vol II,5,copper tablet,1,0,1,right-to-left,0,No field symbol,No Field Symbol,-19,31,6,102 190 48 8 342 373,102 190 48 8 342 373,
1499,2917,MD,Mohenjodaro,FEM vol II,5,copper tablet,2,9,0,unrecorded,139,Animals,"Goat-antelope to R. with short tail and twirled side horns, with heart symbol on body, facing feeding trough.",-19,31,0,,,
1500,2918,MD,Mohenjodaro,FEM vol II,5,copper tablet,1,0,3,single sign,0,No field symbol,No Field Symbol,-14,31,1,*051,51,1
1501,2918,MD,Mohenjodaro,FEM vol II,5,copper tablet,2,0,1,right-to-left,0,No field symbol,No Field Symbol,-14,31,7,53 70 336 89 294 8 342,53 70 336 89 294 8 342,
1502,2919,MD,Mohenjodaro,FEM vol II,5,copper tablet,1,0,3,single sign,0,No field symbol,No Field Symbol,-15,31,1,*267,267,1
1503,2919,MD,Mohenjodaro,FEM vol II,5,copper tablet,2,0,3,single sign,0,No field symbol,No Field Symbol,-15,31,1,*348,348,1
1504,2920,MD,Mohenjodaro,FEM vol II,5,copper tablet,1,0,1,right-to-left,0,No field symbol,No Field Symbol,-15,31,8,*295 87 97 252 97 25 245 245,295 87 97 252 97 25 245 245,1
1505,2920,MD,Mohenjodaro,FEM vol II,5,copper tablet,2,9,0,unrecorded,290,Animals,"Fabulous animal of uncertain description with two heads, one at either end of the body.",-15,31,0,,,
1506,2921,MD,Mohenjodaro,FEM vol II,5,copper tablet,1,0,3,single sign,0,No field symbol,No Field Symbol,-17,31,1,96,96,
1507,2921,MD,Mohenjodaro,FEM vol II,5,copper tablet,2,0,1,right-to-left,0,No field symbol,No Field Symbol,-17,31,2,348 342,348 342,
1508,2923,MD,Mohenjodaro,FEM vol II,6,bronze implement,1,0,4,symmetrical,0,No field symbol,No Field Symbol,-24,31,7,0 252 261 134 *098 391 *391,0 252 261 134 98 391 391,5 7
1509,2923,MD,Mohenjodaro,FEM vol II,6,bronze implement,2,0,4,symmetrical,0,No field symbol,No Field Symbol,-24,31,5,387 12 104 106 312,387 12 104 106 312,
1510,2924,MD,Mohenjodaro,FEM vol II,6,bronze implement,0,0,2,left-to-right,0,No field symbol,No Field Symbol,-24,31,4,108 342 1 375,108 342 1 375,
1511,2925,MD,Mohenjodaro,FEM vol II,6,bronze implement,1,0,1,right-to-left,0,No field symbol,No Field Symbol,-24,31,7,163 252 261 134 *098 391 391,163 252 261 134 98 391 391,5
1512,2925,MD,Mohenjodaro,FEM vol II,6,bronze implement,2,0,4,symmetrical,0,No field symbol,No Field Symbol,-24,31,2,108 315,108 315,
1513,2926,MD,Mohenjodaro,FEM vol II,6,bronze implement,0,0,4,symmetrical,0,No field symbol,No Field Symbol,-24,31,2,104 110,104 110,
1514,2928,MD,Mohenjodaro,FEM vol II,6,bronze implement,0,0,5,doubtful,0,No field symbol,No Field Symbol,-18,31,2,104 104,104 104,
1515,2929,MD,Mohenjodaro,FEM vol II,4,pottery graffito,1,0,3,single sign,0,No field symbol,No Field Symbol,-8,32,1,69,69,
1516,2929,MD,Mohenjodaro,FEM vol II,4,pottery graffito,2,0,2,left-to-right,0,No field symbol,No Field Symbol,-8,32,2,104 162,104 162,
1517,2929,MD,Mohenjodaro,FEM vol II,4,pottery graffito,3,0,1,right-to-left,0,No field symbol,No Field Symbol,-8,32,4,87 343 97 169,87 343 97 169,
1518,2930,MD,Mohenjodaro,FEM vol II,4,pottery graffito,1,0,1,right-to-left,0,No field symbol,No Field Symbol,-6,32,5,293 123 345 98 174,293 123 345 98 174,
1519,2930,MD,Mohenjodaro,FEM vol II,4,pottery graffito,2,0,2,left-to-right,0,No field symbol,No Field Symbol,-6,32,4,267 99 48 342,267 99 48 342,
1520,2931,MD,Mohenjodaro,FEM vol II,4,pottery graffito,1,0,1,right-to-left,0,No field symbol,No Field Symbol,-12,31,2,87 343,87 343,
1521,2931,MD,Mohenjodaro,FEM vol II,4,pottery graffito,2,0,1,right-to-left,0,No field symbol,No Field Symbol,-12,31,2,90 86,90 86,
1522,2934,MD,Mohenjodaro,FEM vol II,4,pottery graffito,0,0,3,single sign,0,No field symbol,No Field Symbol,-18,31,1,162,162,
1523,2935,MD,Mohenjodaro,FEM vol II,4,pottery graffito,0,0,1,right-to-left,0,No field symbol,No Field Symbol,-19,31,3,*124 25 342,124 25 342,1
1524,2936,MD,Mohenjodaro,FEM vol II,4,pottery graffito,1,0,9,no text,0,No field symbol,No Field Symbol,-18,31,1,0,0,
1525,2936,MD,Mohenjodaro,FEM vol II,4,pottery graffito,2,0,1,right-to-left,0,No field symbol,No Field Symbol,-18,31,2,169 345,169 345,
1526,2936,MD,Mohenjodaro,FEM vol II,4,pottery graffito,3,0,1,right-to-left,0,No field symbol,No Field Symbol,-18,31,5,134 86 65 *135 *342,134 86 65 135 342,4 5
1527,2937,MD,Mohenjodaro,FEM vol II,2,sealing,0,0,1,right-to-left,0,No field symbol,No Field Symbol,-22,31,3,375 375 342,375 375 342,
1528,2938,MD,Mohenjodaro,FEM vol II,4,pottery graffito,1,0,1,right-to-left,0,No field symbol,No Field Symbol,-9,31,2,409 96,409 96,
1529,2938,MD,Mohenjodaro,FEM vol II,4,pottery graffito,2,9,0,unrecorded,870,"Symbols, motifs, geometric patterns",Boat.,-9,31,0,,,
1530,2939,MD,Mohenjodaro,FEM vol II,4,pottery graffito,0,0,1,right-to-left,0,No field symbol,No Field Symbol,1,6,2,403 87,403 87,
1531,2940,MD,Mohenjodaro,FEM vol II,7,ivory/bone rod,0,0,1,right-to-left,981,"Symbols, motifs, geometric patterns",Ornamental borders at either end of the field consisting of vertical lines.,0,33,5,384 384 307 342 176,384 384 307 342 176,
1532,2941,MD,Mohenjodaro,FEM vol II,7,ivory/bone rod,0,0,1,right-to-left,0,No field symbol,No Field Symbol,0,33,4,86 347 342 176,86 347 342 176,
1533,2942,MD,Mohenjodaro,FEM vol II,7,ivory/bone rod,1,0,1,right-to-left,984,"Symbols, motifs, geometric patterns",Ornamental borders of hatched lines at one or both ends of the field.,0,33,3,6 267 99,6 267 99,
1534,2942,MD,Mohenjodaro,FEM vol II,7,ivory/bone rod,2,9,0,unrecorded,985,"Symbols, motifs, geometric patterns",Ornamental borders at one or both ends of the field consisting of frieze of small circles.,0,33,0,,,
1535,2943,MD,Mohenjodaro,FEM vol II,7,ivory/bone rod,1,0,1,right-to-left,983,"Symbols, motifs, geometric patterns",Ornamental borders at either end of the field consisting of X-like lines.,0,33,4,0 347 342 176,0 347 342 176,
1536,2943,MD,Mohenjodaro,FEM vol II,7,ivory/bone rod,2,9,0,unrecorded,831,"Symbols, motifs, geometric patterns",One or more dotted circles.,0,33,0,,,
1537,2944,MD,Mohenjodaro,FEM vol II,7,ivory/bone rod,1,0,1,right-to-left,984,"Symbols, motifs, geometric patterns",Ornamental borders of hatched lines at one or both ends of the field.,-16,31,3,178 389 *015,178 389 15,3
1538,2944,MD,Mohenjodaro,FEM vol II,7,ivory/bone rod,2,9,0,unrecorded,985,"Symbols, motifs, geometric patterns",Ornamental borders at one or both ends of the field consisting of frieze of small circles.,-16,31,0,,,
1539,2945,MD,Mohenjodaro,FEM vol II,7,ivory/bone rod,0,0,1,right-to-left,981,"Symbols, motifs, geometric patterns",Ornamental borders at either end of the field consisting of vertical lines.,-20,31,2,104 169,104 169,
1540,2946,MD,Mohenjodaro,FEM vol II,7,ivory/bone rod,0,0,1,right-to-left,982,"Symbols, motifs, geometric patterns",Ornamental borders at either end of the field consisting of two or three parallel lines and a circle (sometimes dotted within).,-21,31,5,67 386 194 342 176,67 386 194 342 176,
1541,2947,MD,Mohenjodaro,FEM vol II,7,ivory/bone rod,0,0,1,right-to-left,982,"Symbols, motifs, geometric patterns",Ornamental borders at either end of the field consisting of two or three parallel lines and a circle (sometimes dotted within).,-18,31,5,67 386 194 342 176,67 386 194 342 176,
1542,2948,MD,Mohenjodaro,FEM vol II,7,ivory/bone rod,1,0,1,right-to-left,986,"Symbols, motifs, geometric patterns","Elaborate ornamental borders comprising bands of X-like lines, vertical lines and circles at one or both ends of the field.",0,33,4,0 250 15 176,0 250 15 176,
1543,2948,MD,Mohenjodaro,FEM vol II,7,ivory/bone rod,2,9,0,unrecorded,986,"Symbols, motifs, geometric patterns","Elaborate ornamental borders comprising bands of X-like lines, vertical lines and circles at one or both ends of the field.",0,33,0,,,
1544,2949,MD,Mohenjodaro,FEM vol II,7,ivory/bone rod,1,0,5,doubtful,831,"Symbols, motifs, geometric patterns",One or more dotted circles.,0,33,3,162 162 162,162 162 162,
1545,2949,MD,Mohenjodaro,FEM vol II,7,ivory/bone rod,2,9,0,unrecorded,831,"Symbols, motifs, geometric patterns",One or more dotted circles.,0,33,0,,,
1546,2949,MD,Mohenjodaro,FEM vol II,7,ivory/bone rod,3,9,0,unrecorded,831,"Symbols, motifs, geometric patterns",One or more dotted circles.,0,33,0,,,
1547,2950,MD,Mohenjodaro,FEM vol II,7,ivory/bone rod,1,0,5,doubtful,831,"Symbols, motifs, geometric patterns",One or more dotted circles.,0,33,4,162 162 162 162,162 162 162 162,
1548,2950,MD,Mohenjodaro,FEM vol II,7,ivory/bone rod,2,9,0,unrecorded,831,"Symbols, motifs, geometric patterns",One or more dotted circles.,0,33,0,,,
1549,2950,MD,Mohenjodaro,FEM vol II,7,ivory/bone rod,3,9,0,unrecorded,831,"Symbols, motifs, geometric patterns",One or more dotted circles.,0,33,0,,,
1550,2951,MD,Mohenjodaro,FEM vol II,9,miscellaneous,1,0,1,right-to-left,0,No field symbol,No Field Symbol,-15,31,3,*171 8 342,171 8 342,1
1551,2951,MD,Mohenjodaro,FEM vol II,9,miscellaneous,2,9,0,unrecorded,832,"Symbols, motifs, geometric patterns",Rosette of large dotted circles with seven smaller dotted circles.,-15,31,0,,,
1552,2952,MD,Mohenjodaro,FEM vol II,9,miscellaneous,1,0,1,right-to-left,0,No field symbol,No Field Symbol,0,33,2,287 319,287 319,
1553,2952,MD,Mohenjodaro,FEM vol II,9,miscellaneous,2,0,1,right-to-left,0,No field symbol,No Field Symbol,0,33,5,267 99 109 124 0,267 99 109 124 0,
1554,3001,MD,Mohenjodaro,Other,1,seal,0,0,1,right-to-left,13,Animals,Unicorn to R. facing cult object.,0,1,5,336 162 100 86 15,336 162 100 86 15,
1555,3002,MD,Mohenjodaro,Other,1,seal,0,0,1,right-to-left,13,Animals,Unicorn to R. facing cult object.,0,1,4,391 99 *080 342,391 99 80 342,3
1556,3010,MD,Mohenjodaro,Other,1,seal,0,0,1,right-to-left,0,No field symbol,No Field Symbol,0,30,4,102 287 375 0,102 287 375 0,
1557,3015,MD,Mohenjodaro,Other,1,seal,0,0,3,single sign,13,Animals,Unicorn to R. facing cult object.,0,33,1,40,40,
1558,3016,MD,Mohenjodaro,Other,1,seal,0,0,1,right-to-left,13,Animals,Unicorn to R. facing cult object.,0,33,8,290 290 343 67 65 336 89 211,290 290 343 67 65 336 89 211,
1559,3019,MD,Mohenjodaro,Other,1,seal,0,0,1,right-to-left,0,No field symbol,No Field Symbol,0,33,3,178 389 15,178 389 15,
1560,3020,MD,Mohenjodaro,Other,1,seal,0,0,3,single sign,13,Animals,Unicorn to R. facing cult object.,0,33,1,*040,40,1
1561,3021,MD,Mohenjodaro,Other,1,seal,0,0,1,right-to-left,13,Animals,Unicorn to R. facing cult object.,0,33,6,87 162 97 104 287 15,87 162 97 104 287 15,
1562,3022,MD,Mohenjodaro,Other,1,seal,0,0,1,right-to-left,13,Animals,Unicorn to R. facing cult object.,0,33,5,161 202 409 336 342,161 202 409 336 342,
1563,3023,MD,Mohenjodaro,Other,1,seal,0,0,1,right-to-left,13,Animals,Unicorn to R. facing cult object.,0,33,2,292 342,292 342,
1564,3024,MD,Mohenjodaro,Other,1,seal,0,0,9,no text,351,Animals,Uncertain animal (mostly bovine) to R.,0,33,2,0 342,0 342,
1565,3028,MD,Mohenjodaro,Other,1,seal,0,0,1,right-to-left,351,Animals,Uncertain animal (mostly bovine) to R.,0,33,5,0 197 343 104 162,0 197 343 104 162,
1566,3031,MD,Mohenjodaro,Other,1,seal,0,0,1,right-to-left,13,Animals,Unicorn to R. facing cult object.,0,33,9,397 307 268 402 99 72 249 162 342,397 307 268 402 99 72 249 162 342,
1567,3032,MD,Mohenjodaro,Other,1,seal,0,0,9,no text,351,Animals,Uncertain animal (mostly bovine) to R.,0,33,2,0 332,0 332,
1568,3035,MD,Mohenjodaro,Other,1,seal,0,0,1,right-to-left,0,No field symbol,No Field Symbol,0,33,3,0 *409 96,0 409 96,2
1569,3036,MD,Mohenjodaro,Other,1,seal,0,0,1,right-to-left,13,Animals,Unicorn to R. facing cult object.,0,33,2,341 12,341 12,
1570,3037,MD,Mohenjodaro,Other,1,seal,0,0,1,right-to-left,0,No field symbol,No Field Symbol,0,33,3,0 8 342,0 8 342,
1571,3038,MD,Mohenjodaro,Other,1,seal,0,0,3,single sign,0,No field symbol,No Field Symbol,0,33,1,*015,15,1
1572,3039,MD,Mohenjodaro,Other,1,seal,0,0,1,right-to-left,13,Animals,Unicorn to R. facing cult object.,0,33,6,267 99 86 103 403 342,267 99 86 103 403 342,
1573,3041,MD,Mohenjodaro,Other,1,seal,0,0,9,no text,13,Animals,Unicorn to R. facing cult object.,0,33,2,*080 0,80 0,1
1574,3042,MD,Mohenjodaro,Other,1,seal,0,0,1,right-to-left,13,Animals,Unicorn to R. facing cult object.,0,33,6,267 99 87 59 194 0,267 99 87 59 194 0,
1575,3044,MD,Mohenjodaro,Other,1,seal,0,0,1,right-to-left,0,No field symbol,No Field Symbol,0,33,5,391 99 98 296 342,391 99 98 296 342,
1576,3051,MD,Mohenjodaro,Other,1,seal,0,0,9,no text,351,Animals,Uncertain animal (mostly bovine) to R.,0,33,2,0 342,0 342,
1577,3052,MD,Mohenjodaro,Other,1,seal,0,0,1,right-to-left,0,No field symbol,No Field Symbol,0,33,4,17 261 86 0,17 261 86 0,
1578,3056,MD,Mohenjodaro,Other,1,seal,0,0,9,no text,351,Animals,Uncertain animal (mostly bovine) to R.,0,33,2,0 342,0 342,
1579,3058,MD,Mohenjodaro,Other,1,seal,0,0,1,right-to-left,351,Animals,Uncertain animal (mostly bovine) to R.,0,33,3,0 345 319,0 345 319,
1580,3060,MD,Mohenjodaro,Other,1,seal,0,0,1,right-to-left,71,Animals,Elephant to R.,0,33,6,*343 329 99 171 59 211,343 329 99 171 59 211,1
1581,3063,MD,Mohenjodaro,Other,1,seal,0,0,1,right-to-left,0,No field symbol,No Field Symbol,0,33,3,171 59 0,171 59 0,
1582,3064,MD,Mohenjodaro,Other,1,seal,0,0,1,right-to-left,11,Animals,Unicorn to R. No cult object in front.,0,33,2,124 342,124 342,
1583,3066,MD,Mohenjodaro,Other,1,seal,0,0,1,right-to-left,0,No field symbol,No Field Symbol,0,33,4,0 *001 *209 342,0 1 209 342,2 3
1584,3067,MD,Mohenjodaro,Other,1,seal,0,0,1,right-to-left,13,Animals,Unicorn to R. facing cult object.,0,33,7,186 125 59 391 97 59 211,186 125 59 391 97 59 211,
1585,3068,MD,Mohenjodaro,Other,1,seal,0,0,1,right-to-left,13,Animals,Unicorn to R. facing cult object.,0,33,4,216 123 222 254,216 123 222 254,
1586,3069,MD,Mohenjodaro,Other,1,seal,0,0,1,right-to-left,351,Animals,Uncertain animal (mostly bovine) to R.,0,33,3,150 123 342,150 123 342,
1587,3070,MD,Mohenjodaro,Other,1,seal,0,0,1,right-to-left,45,Animals,Short-horned bull to R. facing feeding trough.,0,33,2,65 68,65 68,
1588,3072,MD,Mohenjodaro,Other,1,seal,0,0,9,no text,13,Animals,Unicorn to R. facing cult object.,0,33,2,*059 0,59 0,1
1589,3074,MD,Mohenjodaro,Other,1,seal,0,0,1,right-to-left,13,Animals,Unicorn to R. facing cult object.,0,33,4,65 67 59 211,65 67 59 211,
1590,3075,MD,Mohenjodaro,Other,1,seal,0,0,1,right-to-left,13,Animals,Unicorn to R. facing cult object.,0,33,2,86 15,86 15,
1591,3078,MD,Mohenjodaro,Other,1,seal,1,0,1,right-to-left,11,Animals,Unicorn to R. No cult object in front.,0,33,4,48 336 51 342,48 336 51 342,
1592,3078,MD,Mohenjodaro,Other,1,seal,2,0,1,right-to-left,0,No field symbol,No Field Symbol,0,33,2,112 162,112 162,
1593,3079,MD,Mohenjodaro,Other,1,seal,0,0,1,right-to-left,0,No field symbol,No Field Symbol,0,33,3,205 102 190,205 102 190,
1594,3080,MD,Mohenjodaro,Other,1,seal,0,1,9,no text,31,Animals,Humped bull to R.,0,33,1,0,0,
1595,3080,MD,Mohenjodaro,Other,1,seal,0,2,3,single sign,31,Animals,Humped bull to R.,0,33,1,393,393,
1596,3081,MD,Mohenjodaro,Other,1,seal,0,0,1,right-to-left,13,Animals,Unicorn to R. facing cult object.,0,33,2,89 12,89 12,
1597,3083,MD,Mohenjodaro,Other,1,seal,0,0,1,right-to-left,13,Animals,Unicorn to R. facing cult object.,0,33,6,18 162 99 25 84 12,18 162 99 25 84 12,
1598,3085,MD,Mohenjodaro,Other,1,seal,0,0,1,right-to-left,13,Animals,Unicorn to R. facing cult object.,0,33,7,197 28 343 86 124 25 342,197 28 343 86 124 25 342,
1599,3086,MD,Mohenjodaro,Other,1,seal,0,0,1,right-to-left,0,No field symbol,No Field Symbol,0,33,4,0 9 342 1,0 9 342 1,
1600,3087,MD,Mohenjodaro,Other,1,seal,0,0,1,right-to-left,13,Animals,Unicorn to R. facing cult object.,0,33,8,54 180 99 387 48 17 406 162,54 180 99 387 48 17 406 162,
1601,3088,MD,Mohenjodaro,Other,1,seal,0,0,1,right-to-left,0,No field symbol,No Field Symbol,0,33,6,391 99 98 25 245 245,391 99 98 25 245 245,
1602,3089,MD,Mohenjodaro,Other,1,seal,0,0,1,right-to-left,13,Animals,Unicorn to R. facing cult object.,0,33,8,415 125 59 99 65 67 53 342,415 125 59 99 65 67 53 342,
1603,3090,MD,Mohenjodaro,Other,1,seal,0,0,1,right-to-left,13,Animals,Unicorn to R. facing cult object.,0,33,6,267 99 72 97 347 342,267 99 72 97 347 342,
1604,3091,MD,Mohenjodaro,Other,1,seal,0,0,1,right-to-left,13,Animals,Unicorn to R. facing cult object.,0,35,5,391 123 387 72 211,391 123 387 72 211,
1605,3092,MD,Mohenjodaro,Other,1,seal,0,0,1,right-to-left,13,Animals,Unicorn to R. facing cult object.,0,35,3,284 14 176,284 14 176,
1606,3093,MD,Mohenjodaro,Other,1,seal,0,0,1,right-to-left,13,Animals,Unicorn to R. facing cult object.,0,35,5,215 343 319 249 *342,215 343 319 249 342,5
1607,3094,MD,Mohenjodaro,Other,1,seal,0,0,1,right-to-left,13,Animals,Unicorn to R. facing cult object.,0,35,7,323 245 344 51 130 149 342,323 245 344 51 130 149 342,
1608,3095,MD,Mohenjodaro,Other,1,seal,0,0,1,right-to-left,0,No field symbol,No Field Symbol,0,35,2,326 15,326 15,
1609,3096,MD,Mohenjodaro,Other,1,seal,0,0,1,right-to-left,0,No field symbol,No Field Symbol,0,35,7,267 99 53 72 112 197 342,267 99 53 72 112 197 342,
1610,3097,MD,Mohenjodaro,Other,1,seal,0,0,1,right-to-left,13,Animals,Unicorn to R. facing cult object.,0,35,6,153 233 59 99 387 71,153 233 59 99 387 71,
1611,3098,MD,Mohenjodaro,Other,1,seal,0,0,1,right-to-left,13,Animals,Unicorn to R. facing cult object.,0,35,4,293 123 209 381,293 123 209 381,
1612,3099,MD,Mohenjodaro,Other,1,seal,0,0,1,right-to-left,13,Animals,Unicorn to R. facing cult object.,0,35,4,391 99 102 162,391 99 102 162,
1613,3100,MD,Mohenjodaro,Other,1,seal,0,0,1,right-to-left,0,No field symbol,No Field Symbol,0,35,10,18 240 197 252 97 389 87 59 342 139,18 240 197 252 97 389 87 59 342 139,
1614,3102,MD,Mohenjodaro,Other,1,seal,0,0,1,right-to-left,0,No field symbol,No Field Symbol,0,35,5,65 359 341 342 1,65 359 341 342 1,
1615,3103,MD,Mohenjodaro,Other,1,seal,0,0,1,right-to-left,13,Animals,Unicorn to R. facing cult object.,0,35,3,171 59 211,171 59 211,
1616,3104,MD,Mohenjodaro,Other,1,seal,0,0,1,right-to-left,13,Animals,Unicorn to R. facing cult object.,0,35,7,203 343 87 59 8 342 1,203 343 87 59 8 342 1,
1617,3105,MD,Mohenjodaro,Other,1,seal,0,0,1,right-to-left,13,Animals,Unicorn to R. facing cult object.,0,34,5,17 293 197 336 249,17 293 197 336 249,
1618,3106,MD,Mohenjodaro,Other,1,seal,1,0,1,right-to-left,13,Animals,Unicorn to R. facing cult object.,0,36,5,205 261 99 387 68,205 261 99 387 68,
1619,3106,MD,Mohenjodaro,Other,1,seal,2,0,1,right-to-left,13,Animals,Unicorn to R. facing cult object.,0,36,5,205 261 99 387 68,205 261 99 387 68,
1620,3107,MD,Mohenjodaro,Other,1,seal,0,0,1,right-to-left,0,No field symbol,No Field Symbol,0,36,14,341 309 267 99 389 72 102 287 373 287 342 145 407 169,341 309 267 99 389 72 102 287 373 287 342 145 407 169,
1621,3108,MD,Mohenjodaro,Other,1,seal,0,1,1,right-to-left,13,Animals,Unicorn to R. facing cult object.,0,36,6,293 123 344 48 342 1,293 123 344 48 342 1,
1622,3108,MD,Mohenjodaro,Other,1,seal,0,2,1,right-to-left,13,Animals,Unicorn to R. facing cult object.,0,36,2,398 149,398 149,
1623,3109,MD,Mohenjodaro,Other,1,seal,0,0,1,right-to-left,13,Animals,Unicorn to R. facing cult object.,0,36,10,89 245 245 223 99 70 336 89 178 180,89 245 245 223 99 70 336 89 178 180,
1624,3110,MD,Mohenjodaro,Other,1,seal,0,0,1,right-to-left,13,Animals,Unicorn to R. facing cult object.,0,36,8,186 293 99 387 336 89 347 342,186 293 99 387 336 89 347 342,
1625,3111,MD,Mohenjodaro,Other,1,seal,0,0,1,right-to-left,13,Animals,Unicorn to R. facing cult object.,0,36,5,267 99 387 162 375,267 99 387 162 375,
1626,3112,MD,Mohenjodaro,Other,1,seal,0,0,1,right-to-left,13,Animals,Unicorn to R. facing cult object.,0,36,4,218 343 87 60,218 343 87 60,
1627,3113,MD,Mohenjodaro,Other,1,seal,0,0,1,right-to-left,13,Animals,Unicorn to R. facing cult object.,0,36,4,180 123 72 211,180 123 72 211,
1628,3114,MD,Mohenjodaro,Other,1,seal,0,0,1,right-to-left,45,Animals,Short-horned bull to R. facing feeding trough.,0,36,6,0 109 59 247 342 224,0 109 59 247 342 224,
1629,3115,MD,Mohenjodaro,Other,1,seal,0,0,1,right-to-left,71,Animals,Elephant to R.,0,36,5,264 302 253 230 342,264 302 253 230 342,
1630,3116,MD,Mohenjodaro,Other,1,seal,0,0,1,right-to-left,13,Animals,Unicorn to R. facing cult object.,0,36,5,65 87 332 58 342,65 87 332 58 342,
1631,3118,MD,Mohenjodaro,Other,1,seal,0,0,1,right-to-left,13,Animals,Unicorn to R. facing cult object.,0,36,4,215 87 50 342,215 87 50 342,
1632,3119,MD,Mohenjodaro,Other,1,seal,0,0,1,right-to-left,13,Animals,Unicorn to R. facing cult object.,0,36,7,143 245 233 59 70 0 342,143 245 233 59 70 0 342,
1633,3120,MD,Mohenjodaro,Other,1,seal,0,0,1,right-to-left,0,No field symbol,No Field Symbol,0,36,6,65 67 51 130 149 342,65 67 51 130 149 342,
1634,3121,MD,Mohenjodaro,Other,1,seal,0,0,1,right-to-left,95,Animals,Tiger to R. facing feeding trough.,0,36,5,267 99 67 48 342,267 99 67 48 342,
1635,3122,MD,Mohenjodaro,Other,1,seal,0,0,1,right-to-left,113,Animals,Rhinoceros to R. facing feeding trough.,0,36,4,48 336 89 211,48 336 89 211,
1636,3123,MD,Mohenjodaro,Other,1,seal,0,0,9,no text,0,No field symbol,No Field Symbol,-7,2,3,0 244 0,0 244 0,
1637,3132,MD,Mohenjodaro,Other,1,seal,0,0,2,left-to-right,0,No field symbol,No Field Symbol,0,18,3,102 59 342,102 59 342,
1638,3143,MD,Mohenjodaro,Other,1,seal,0,0,1,right-to-left,0,No field symbol,No Field Symbol,0,8,3,0 194 342,0 194 342,
1639,3144,MD,Mohenjodaro,Other,1,seal,0,0,1,right-to-left,0,No field symbol,No Field Symbol,0,8,3,0 *017 169,0 17 169,2
1640,3145,MD,Mohenjodaro,Other,1,seal,0,0,1,right-to-left,999,Damaged/illegible,An uncertain/illegible field symbol.,0,8,4,386 171 59 211,386 171 59 211,
1641,3147,MD,Mohenjodaro,Other,1,seal,0,0,3,single sign,13,Animals,Unicorn to R. facing cult object.,0,33,1,40,40,
1642,3151,MD,Mohenjodaro,Other,1,seal,0,0,1,right-to-left,31,Animals,Humped bull to R.,0,37,7,87 186 177 99 72 127 342,87 186 177 99 72 127 342,
1643,3152,MD,Mohenjodaro,Other,1,seal,0,0,2,left-to-right,12,Animals,Unicorn to L. No cult object in front.,0,37,2,387 342,387 342,
1644,3153,MD,Mohenjodaro,Other,1,seal,0,0,1,right-to-left,13,Animals,Unicorn to R. facing cult object.,0,37,7,387 267 99 336 89 135 342,387 267 99 336 89 135 342,
1645,3154,MD,Mohenjodaro,Other,1,seal,0,0,1,right-to-left,13,Animals,Unicorn to R. facing cult object.,0,37,4,253 230 358 342,253 230 358 342,
1646,3155,MD,Mohenjodaro,Other,1,seal,0,1,2,left-to-right,11,Animals,Unicorn to R. No cult object in front.,0,37,4,121 342 391 99,121 342 391 99,
1647,3155,MD,Mohenjodaro,Other,1,seal,0,2,3,single sign,11,Animals,Unicorn to R. No cult object in front.,0,37,1,397,397,
1648,3156,MD,Mohenjodaro,Other,1,seal,0,0,1,right-to-left,0,No field symbol,No Field Symbol,0,37,6,65 336 89 373 287 342,65 336 89 373 287 342,
1649,3157,MD,Mohenjodaro,Other,1,seal,0,0,3,single sign,31,Animals,Humped bull to R.,0,38,1,60,60,
1650,3158,MD,Mohenjodaro,Other,1,seal,0,0,1,right-to-left,13,Animals,Unicorn to R. facing cult object.,0,38,3,109 245 245,109 245 245,
1651,3159,MD,Mohenjodaro,Other,1,seal,0,0,1,right-to-left,13,Animals,Unicorn to R. facing cult object.,0,38,3,104 162 176,104 162 176,
1652,3160,MD,Mohenjodaro,Other,1,seal,0,0,1,right-to-left,13,Animals,Unicorn to R. facing cult object.,0,38,7,267 99 70 72 336 89 211,267 99 70 72 336 89 211,
1653,3161,MD,Mohenjodaro,Other,1,seal,0,0,1,right-to-left,0,No field symbol,No Field Symbol,0,38,6,53 87 59 127 358 342,53 87 59 127 358 342,
1654,3162,MD,Mohenjodaro,Other,1,seal,0,0,1,right-to-left,0,No field symbol,No Field Symbol,0,39,5,0 *065 72 222 254,0 65 72 222 254,2
1655,3163,MD,Mohenjodaro,Other,1,seal,0,0,1,right-to-left,61,Animals,Buffalo to R.,0,39,2,327 293,327 293,
1656,3164,MD,Mohenjodaro,Other,1,seal,0,0,1,right-to-left,13,Animals,Unicorn to R. facing cult object.,0,39,7,267 99 87 59 192 347 342,267 99 87 59 192 347 342,
1657,3165,MD,Mohenjodaro,Other,1,seal,0,0,1,right-to-left,13,Animals,Unicorn to R. facing cult object.,0,39,4,67 204 155 211,67 204 155 211,
1658,3202,MD,Mohenjodaro,Other,2,sealing,0,0,1,right-to-left,0,No field symbol,No Field Symbol,0,25,4,150 123 *081 0,150 123 81 0,3
1659,3203,MD,Mohenjodaro,Other,2,sealing,0,0,9,no text,0,No field symbol,No Field Symbol,0,30,2,109 0,109 0,
1660,3206,MD,Mohenjodaro,Other,2,sealing,1,0,1,right-to-left,0,No field symbol,No Field Symbol,0,33,7,41 137 249 65 67 342 1,41 137 249 65 67 342 1,
1661,3206,MD,Mohenjodaro,Other,2,sealing,2,9,0,unrecorded,973,"Symbols, motifs, geometric patterns",A geometrical pattern of a cross in the centre framed by parallel horizontal lines in the field.,0,33,0,,,
1662,3207,MD,Mohenjodaro,Other,2,sealing,0,0,9,no text,974,"Symbols, motifs, geometric patterns",A geometrical pattern of inter-woven slanted crosses the field.,0,33,2,0 342,0 342,
1663,3209,MD,Mohenjodaro,Other,2,sealing,1,0,1,right-to-left,0,No field symbol,No Field Symbol,0,33,7,*041 137 249 65 67 342 *001,41 137 249 65 67 342 1,1 7
1664,3209,MD,Mohenjodaro,Other,2,sealing,2,9,0,unrecorded,973,"Symbols, motifs, geometric patterns",A geometrical pattern of a cross in the centre framed by parallel horizontal lines in the field.,0,33,0,,,
1665,3213,MD,Mohenjodaro,Other,2,sealing,0,0,2,left-to-right,0,No field symbol,No Field Symbol,0,33,3,87 59 342,87 59 342,
1666,3215,MD,Mohenjodaro,Other,2,sealing,1,0,9,no text,974,"Symbols, motifs, geometric patterns",A geometrical pattern of inter-woven slanted crosses the field.,-16,33,2,0 342,0 342,
1667,3215,MD,Mohenjodaro,Other,2,sealing,2,9,0,unrecorded,420,"Reptiles, fish, birds",Serpent (?) entwined around a pillar with capital (?) carved in high Relief on the reverse side of the object.,-16,33,0,,,
1668,3216,MD,Mohenjodaro,Other,2,sealing,1,0,1,right-to-left,0,No field symbol,No Field Symbol,0,33,7,41 137 249 65 67 342 1,41 137 249 65 67 342 1,
1669,3216,MD,Mohenjodaro,Other,2,sealing,2,9,0,unrecorded,973,"Symbols, motifs, geometric patterns",A geometrical pattern of a cross in the centre framed by parallel horizontal lines in the field.,0,33,0,,,
1670,3217,MD,Mohenjodaro,Other,2,sealing,0,0,1,right-to-left,13,Animals,Unicorn to R. facing cult object.,0,33,5,199 99 106 287 342,199 99 106 287 342,
1671,3218,MD,Mohenjodaro,Other,2,sealing,0,0,2,left-to-right,0,No field symbol,No Field Symbol,0,33,3,102 59 342,102 59 342,
1672,3219,MD,Mohenjodaro,Other,2,sealing,1,0,1,right-to-left,0,No field symbol,No Field Symbol,0,33,3,0 347 342,0 347 342,
1673,3219,MD,Mohenjodaro,Other,2,sealing,2,9,0,unrecorded,560,Anthropomorphic forms,Drummer (?) flanked by two persons.,0,33,0,,,
1674,3220,MD,Mohenjodaro,Other,2,sealing,1,0,1,right-to-left,0,No field symbol,No Field Symbol,0,33,7,41 137 249 65 67 342 1,41 137 249 65 67 342 1,
1675,3220,MD,Mohenjodaro,Other,2,sealing,2,9,0,unrecorded,973,"Symbols, motifs, geometric patterns",A geometrical pattern of a cross in the centre framed by parallel horizontal lines in the field.,0,33,0,,,
1676,3221,MD,Mohenjodaro,Other,2,sealing,0,0,1,right-to-left,0,No field symbol,No Field Symbol,-19,33,4,336 150 *123 0,336 150 123 0,3
1677,3222,MD,Mohenjodaro,Other,2,sealing,0,0,1,right-to-left,0,No field symbol,No Field Symbol,0,33,7,41 137 249 65 67 342 1,41 137 249 65 67 342 1,
1678,3223,MD,Mohenjodaro,Other,2,sealing,0,0,1,right-to-left,0,No field symbol,No Field Symbol,0,33,3,373 8 342,373 8 342,
1679,3224,MD,Mohenjodaro,Other,2,sealing,1,0,1,right-to-left,444,Trees and leaves,Kino Tree with Endless Knot.,0,33,5,45 95 328 2 176,45 95 328 2 176,
1680,3224,MD,Mohenjodaro,Other,2,sealing,2,9,0,unrecorded,750,Scenes,"From R.  woman with outstretched arms flanked by two men, each holding one uprooted tree in his hand; person seated on a tree with tiger below ; tall jar with lid.",0,33,0,,,
1681,3225,MD,Mohenjodaro,Other,2,sealing,1,0,1,right-to-left,974,"Symbols, motifs, geometric patterns",A geometrical pattern of inter-woven slanted crosses the field.,0,33,2,244 342,244 342,
1682,3225,MD,Mohenjodaro,Other,2,sealing,2,9,0,unrecorded,420,"Reptiles, fish, birds",Serpent (?) entwined around a pillar with capital (?) carved in high Relief on the reverse side of the object.,0,33,0,,,
1683,3226,MD,Mohenjodaro,Other,2,sealing,1,0,1,right-to-left,974,"Symbols, motifs, geometric patterns",A geometrical pattern of inter-woven slanted crosses the field.,0,33,2,244 342,244 342,
1684,3226,MD,Mohenjodaro,Other,2,sealing,2,9,0,unrecorded,420,"Reptiles, fish, birds",Serpent (?) entwined around a pillar with capital (?) carved in high Relief on the reverse side of the object.,0,33,0,,,
1685,3227,MD,Mohenjodaro,Other,2,sealing,1,0,9,no text,974,"Symbols, motifs, geometric patterns",A geometrical pattern of inter-woven slanted crosses the field.,0,33,2,0 342,0 342,
1686,3227,MD,Mohenjodaro,Other,2,sealing,2,9,0,unrecorded,420,"Reptiles, fish, birds",Serpent (?) entwined around a pillar with capital (?) carved in high Relief on the reverse side of the object.,0,33,0,,,
1687,3228,MD,Mohenjodaro,Other,2,sealing,1,0,1,right-to-left,974,"Symbols, motifs, geometric patterns",A geometrical pattern of inter-woven slanted crosses the field.,0,33,2,244 342,244 342,
1688,3228,MD,Mohenjodaro,Other,2,sealing,2,9,0,unrecorded,420,"Reptiles, fish, birds",Serpent (?) entwined around a pillar with capital (?) carved in high Relief on the reverse side of the object.,0,33,0,,,
1689,3230,MD,Mohenjodaro,Other,2,sealing,1,0,1,right-to-left,444,Trees and leaves,Kino Tree with Endless Knot.,0,33,5,45 95 328 2 176,45 95 328 2 176,
1690,3230,MD,Mohenjodaro,Other,2,sealing,2,9,0,unrecorded,750,Scenes,"From R.  woman with outstretched arms flanked by two men, each holding one uprooted tree in his hand; person seated on a tree with tiger below ; tall jar with lid.",0,33,0,,,
1691,3232,MD,Mohenjodaro,Other,2,sealing,1,0,1,right-to-left,0,No field symbol,No Field Symbol,0,33,7,267 99 54 54 171 8 342,267 99 54 54 171 8 342,
1692,3232,MD,Mohenjodaro,Other,2,sealing,2,0,1,right-to-left,0,No field symbol,No Field Symbol,0,33,6,175 230 53 294 342 176,175 230 53 294 342 176,
1693,3233,MD,Mohenjodaro,Other,2,sealing,1,0,1,right-to-left,0,No field symbol,No Field Symbol,0,33,5,0 336 89 249 0,0 336 89 249 0,
1694,3233,MD,Mohenjodaro,Other,2,sealing,2,9,0,unrecorded,111,Animals,Rhinoceros to R.,0,33,0,,,
1695,3234,MD,Mohenjodaro,Other,2,sealing,1,0,1,right-to-left,45,Animals,Short-horned bull to R. facing feeding trough.,0,35,4,28 326 328 283,28 326 328 283,
1696,3234,MD,Mohenjodaro,Other,2,sealing,2,0,1,right-to-left,0,No field symbol,No Field Symbol,0,35,6,197 132 345 387 135 342,197 132 345 387 135 342,
1697,3235,MD,Mohenjodaro,Other,2,sealing,1,0,1,right-to-left,11,Animals,Unicorn to R. No cult object in front.,0,35,8,327 303 245 245 125 59 99 0,327 303 245 245 125 59 99 0,
1698,3235,MD,Mohenjodaro,Other,2,sealing,2,9,0,unrecorded,431,"Reptiles, fish, birds",Bird in flight to R.,0,35,0,,,
1699,3236,MD,Mohenjodaro,Other,2,sealing,0,0,2,left-to-right,0,No field symbol,No Field Symbol,0,36,3,345 104 169,345 104 169,
1700,3237,MD,Mohenjodaro,Other,2,sealing,0,0,1,right-to-left,0,No field symbol,No Field Symbol,0,36,3,336 249 0,336 249 0,
1701,3238,MD,Mohenjodaro,Other,2,sealing,1,0,1,right-to-left,0,No field symbol,No Field Symbol,0,18,2,48 342,48 342,
1702,3238,MD,Mohenjodaro,Other,2,sealing,2,9,0,unrecorded,999,Damaged/illegible,An uncertain/illegible field symbol.,0,18,0,,,
1703,3239,MD,Mohenjodaro,Other,2,sealing,1,0,1,right-to-left,0,No field symbol,No Field Symbol,0,39,6,*059 336 89 249 169 342,59 336 89 249 169 342,1
1704,3239,MD,Mohenjodaro,Other,2,sealing,2,9,0,unrecorded,111,Animals,Rhinoceros to R.,0,39,0,,,
1705,3242,MD,Mohenjodaro,Other,2,sealing,0,0,1,right-to-left,0,No field symbol,No Field Symbol,0,22,3,87 *162 0,87 162 0,2
1706,3243,MD,Mohenjodaro,Other,2,sealing,1,0,1,right-to-left,0,No field symbol,No Field Symbol,-6,22,3,0 2 12,0 2 12,
1707,3243,MD,Mohenjodaro,Other,2,sealing,2,9,0,unrecorded,211,Animals,Row of uncertain animals to R. in file.,-6,22,0,,,
1708,3244,MD,Mohenjodaro,Other,2,sealing,0,0,1,right-to-left,0,No field symbol,No Field Symbol,0,38,3,375 375 342,375 375 342,
1709,3245,MD,Mohenjodaro,Other,2,sealing,0,0,2,left-to-right,0,No field symbol,No Field Symbol,0,38,2,102 15,102 15,
1710,3246,MD,Mohenjodaro,Other,2,sealing,1,0,1,right-to-left,0,No field symbol,No Field Symbol,0,38,8,387 102 59 342 375 375 342 1,387 102 59 342 375 375 342 1,
1711,3246,MD,Mohenjodaro,Other,2,sealing,2,9,0,unrecorded,365,"Reptiles, fish, birds",Gharial to R. with fish in jaw.,0,38,0,,,
1712,3246,MD,Mohenjodaro,Other,2,sealing,3,9,0,unrecorded,870,"Symbols, motifs, geometric patterns",Boat.,0,38,0,,,
1713,3247,MD,Mohenjodaro,Other,2,sealing,0,0,1,right-to-left,0,No field symbol,No Field Symbol,0,39,3,373 48 0,373 48 0,
1714,3248,MD,Mohenjodaro,Other,2,sealing,1,0,1,right-to-left,0,No field symbol,No Field Symbol,0,39,2,391 341,391 341,
1715,3248,MD,Mohenjodaro,Other,2,sealing,2,0,1,right-to-left,0,No field symbol,No Field Symbol,0,39,3,59 35 176,59 35 176,
1716,3249,MD,Mohenjodaro,Other,2,sealing,1,0,1,right-to-left,0,No field symbol,No Field Symbol,0,39,5,53 171 59 342 176,53 171 59 342 176,
1717,3249,MD,Mohenjodaro,Other,2,sealing,2,9,0,unrecorded,971,"Symbols, motifs, geometric patterns",A geometrical pattern of unevenly spaced parallel vertical lines in the field.,0,39,0,,,
1718,3251,MD,Mohenjodaro,Other,4,pottery graffito,0,0,1,right-to-left,0,No field symbol,No Field Symbol,0,38,3,41 245 342,41 245 342,
1719,3252,MD,Mohenjodaro,Other,4,pottery graffito,0,0,1,right-to-left,0,No field symbol,No Field Symbol,0,38,3,182 293 342,182 293 342,
1720,3253,MD,Mohenjodaro,Other,4,pottery graffito,0,0,1,right-to-left,0,No field symbol,No Field Symbol,0,38,3,*059 *155 *135,59 155 135,1 2 3
1721,3301,MD,Mohenjodaro,Other,5,copper tablet,1,0,1,right-to-left,0,No field symbol,No Field Symbol,0,24,6,102 190 48 8 342 373,102 190 48 8 342 373,
1722,3301,MD,Mohenjodaro,Other,5,copper tablet,2,9,0,unrecorded,137,Animals,"Goat-antelope to R. with short tail, and twirled side-horns.",0,24,0,,,
1723,3302,MD,Mohenjodaro,Other,5,copper tablet,1,0,2,left-to-right,0,No field symbol,No Field Symbol,0,25,3,336 89 87,336 89 87,
1724,3302,MD,Mohenjodaro,Other,5,copper tablet,2,0,1,right-to-left,0,No field symbol,No Field Symbol,0,25,3,72 194 169,72 194 169,
1725,3303,MD,Mohenjodaro,Other,5,copper tablet,1,0,1,right-to-left,0,No field symbol,No Field Symbol,0,30,7,70 112 194 18 211 87 169,70 112 194 18 211 87 169,
1726,3303,MD,Mohenjodaro,Other,5,copper tablet,2,9,0,unrecorded,139,Animals,"Goat-antelope to R. with short tail and twirled side horns, with heart symbol on body, facing feeding trough.",0,30,0,,,
1727,3304,MD,Mohenjodaro,Other,5,copper tablet,1,0,1,right-to-left,0,No field symbol,No Field Symbol,0,30,7,65 336 89 407 169 183 169,65 336 89 407 169 183 169,
1728,3304,MD,Mohenjodaro,Other,5,copper tablet,2,9,0,unrecorded,163,Animals,Hare to R. facing bush.,0,30,0,,,
1729,3305,MD,Mohenjodaro,Other,5,copper tablet,1,0,1,right-to-left,0,No field symbol,No Field Symbol,0,30,7,*059 112 194 18 211 87 169,59 112 194 18 211 87 169,1
1730,3305,MD,Mohenjodaro,Other,5,copper tablet,2,9,0,unrecorded,139,Animals,"Goat-antelope to R. with short tail and twirled side horns, with heart symbol on body, facing feeding trough.",0,30,0,,,
1731,3306,MD,Mohenjodaro,Other,5,copper tablet,1,0,1,right-to-left,0,No field symbol,No Field Symbol,0,30,4,204 245 358 342,204 245 358 342,
1732,3306,MD,Mohenjodaro,Other,5,copper tablet,2,9,0,unrecorded,147,Animals,"Ox-antelope to R. with long tail and long curly horns, facing feeding trough.",0,30,0,,,
1733,3307,MD,Mohenjodaro,Other,5,copper tablet,0,0,1,right-to-left,0,No field symbol,No Field Symbol,0,30,5,*070 *051 130 149 342,70 51 130 149 342,1 2
1734,3309,MD,Mohenjodaro,Other,5,copper tablet,0,0,9,no text,0,No field symbol,No Field Symbol,0,30,2,0 174,0 174,
1735,3310,MD,Mohenjodaro,Other,5,copper tablet,0,0,1,right-to-left,0,No field symbol,No Field Symbol,0,30,3,389 *407 0,389 407 0,2
1736,3312,MD,Mohenjodaro,Other,5,copper tablet,1,0,1,right-to-left,0,No field symbol,No Field Symbol,0,33,7,65 336 89 407 169 183 169,65 336 89 407 169 183 169,
1737,3312,MD,Mohenjodaro,Other,5,copper tablet,2,9,0,unrecorded,163,Animals,Hare to R. facing bush.,0,33,0,,,
1738,3313,MD,Mohenjodaro,Other,5,copper tablet,1,0,3,single sign,0,No field symbol,No Field Symbol,0,33,1,346,346,
1739,3313,MD,Mohenjodaro,Other,5,copper tablet,2,0,2,left-to-right,0,No field symbol,No Field Symbol,0,33,4,389 72 326 342,389 72 326 342,
1740,3314,MD,Mohenjodaro,Other,5,copper tablet,1,0,1,right-to-left,0,No field symbol,No Field Symbol,0,33,4,204 245 358 342,204 245 358 342,
1741,3314,MD,Mohenjodaro,Other,5,copper tablet,2,9,0,unrecorded,147,Animals,"Ox-antelope to R. with long tail and long curly horns, facing feeding trough.",0,33,0,,,
1742,3315,MD,Mohenjodaro,Other,5,copper tablet,1,0,3,single sign,0,No field symbol,No Field Symbol,-3,31,1,362,362,
1743,3315,MD,Mohenjodaro,Other,5,copper tablet,2,0,1,right-to-left,0,No field symbol,No Field Symbol,-3,31,7,389 407 124 169 373 287 342,389 407 124 169 373 287 342,
1744,3316,MD,Mohenjodaro,Other,5,copper tablet,1,0,1,right-to-left,0,No field symbol,No Field Symbol,0,33,8,295 87 97 252 97 25 245 245,295 87 97 252 97 25 245 245,
1745,3316,MD,Mohenjodaro,Other,5,copper tablet,2,9,0,unrecorded,290,Animals,"Fabulous animal of uncertain description with two heads, one at either end of the body.",0,33,0,,,
1746,3317,MD,Mohenjodaro,Other,5,copper tablet,1,0,1,right-to-left,0,No field symbol,No Field Symbol,0,33,4,65 72 62 342,65 72 62 342,
1747,3317,MD,Mohenjodaro,Other,5,copper tablet,2,9,0,unrecorded,111,Animals,Rhinoceros to R.,0,33,0,,,
1748,3318,MD,Mohenjodaro,Other,5,copper tablet,1,1,1,right-to-left,0,No field symbol,No Field Symbol,0,33,6,267 402 97 25 245 245,267 402 97 25 245 245,
1749,3318,MD,Mohenjodaro,Other,5,copper tablet,1,2,1,right-to-left,0,No field symbol,No Field Symbol,0,33,4,65 72 62 342,65 72 62 342,
1750,3318,MD,Mohenjodaro,Other,5,copper tablet,2,9,0,unrecorded,111,Animals,Rhinoceros to R.,0,33,0,,,
1751,3319,MD,Mohenjodaro,Other,5,copper tablet,1,0,1,right-to-left,0,No field symbol,No Field Symbol,0,33,2,287 319,287 319,
1752,3319,MD,Mohenjodaro,Other,5,copper tablet,2,0,1,right-to-left,0,No field symbol,No Field Symbol,0,33,4,0 342 67 138,0 342 67 138,
1753,3320,MD,Mohenjodaro,Other,5,copper tablet,1,0,1,right-to-left,0,No field symbol,No Field Symbol,0,33,2,287 319,287 319,
1754,3320,MD,Mohenjodaro,Other,5,copper tablet,2,0,1,right-to-left,0,No field symbol,No Field Symbol,0,33,6,201 99 48 342 67 138,201 99 48 342 67 138,
1755,3321,MD,Mohenjodaro,Other,5,copper tablet,1,0,1,right-to-left,0,No field symbol,No Field Symbol,0,33,4,112 194 327 342,112 194 327 342,
1756,3321,MD,Mohenjodaro,Other,5,copper tablet,2,9,0,unrecorded,290,Animals,"Fabulous animal of uncertain description with two heads, one at either end of the body.",0,33,0,,,
1757,3322,MD,Mohenjodaro,Other,5,copper tablet,1,0,1,right-to-left,0,No field symbol,No Field Symbol,0,33,5,53 67 407 124 169,53 67 407 124 169,
1758,3322,MD,Mohenjodaro,Other,5,copper tablet,2,9,0,unrecorded,141,Animals,Ox-antelope to R. with long tail and short horns.,0,33,0,,,
1759,3323,MD,Mohenjodaro,Other,5,copper tablet,1,0,1,right-to-left,0,No field symbol,No Field Symbol,0,33,4,389 72 326 342,389 72 326 342,
1760,3323,MD,Mohenjodaro,Other,5,copper tablet,2,9,0,unrecorded,135,Animals,"Goat-antelope to R. with short tail, horns arching back, regardant.",0,33,0,,,
1761,3325,MD,Mohenjodaro,Other,5,copper tablet,0,0,1,right-to-left,0,No field symbol,No Field Symbol,0,33,4,0 51 0 342,0 51 0 342,
1762,3326,MD,Mohenjodaro,Other,5,copper tablet,1,0,1,right-to-left,0,No field symbol,No Field Symbol,0,33,6,0 336 89 407 169 0,0 336 89 407 169 0,
1763,3326,MD,Mohenjodaro,Other,5,copper tablet,2,9,0,unrecorded,163,Animals,Hare to R. facing bush.,0,33,0,,,
1764,3328,MD,Mohenjodaro,Other,5,copper tablet,1,0,1,right-to-left,0,No field symbol,No Field Symbol,0,33,5,336 89 296 342 98,336 89 296 342 98,
1765,3328,MD,Mohenjodaro,Other,5,copper tablet,2,9,0,unrecorded,75,Animals,Elephant to R. facing feeding trough.,0,33,0,,,
1766,3329,MD,Mohenjodaro,Other,5,copper tablet,1,0,1,right-to-left,0,No field symbol,No Field Symbol,0,33,4,0 149 342 0,0 149 342 0,
1767,3329,MD,Mohenjodaro,Other,5,copper tablet,2,9,0,unrecorded,351,Animals,Uncertain animal (mostly bovine) to R.,0,33,0,,,
1768,3331,MD,Mohenjodaro,Other,5,copper tablet,1,0,1,right-to-left,0,No field symbol,No Field Symbol,0,33,7,65 336 89 407 169 183 169,65 336 89 407 169 183 169,
1769,3331,MD,Mohenjodaro,Other,5,copper tablet,2,9,0,unrecorded,163,Animals,Hare to R. facing bush.,0,33,0,,,
1770,3332,MD,Mohenjodaro,Other,5,copper tablet,1,0,1,right-to-left,0,No field symbol,No Field Symbol,0,33,5,53 67 407 124 169,53 67 407 124 169,
1771,3332,MD,Mohenjodaro,Other,5,copper tablet,2,9,0,unrecorded,101,Animals,Horned Tiger to R.,0,33,0,,,
1772,3333,MD,Mohenjodaro,Other,5,copper tablet,0,0,1,right-to-left,0,No field symbol,No Field Symbol,0,33,3,*295 87 0,295 87 0,1
1773,3334,MD,Mohenjodaro,Other,5,copper tablet,1,0,3,single sign,0,No field symbol,No Field Symbol,0,33,1,184,184,
1774,3334,MD,Mohenjodaro,Other,5,copper tablet,2,0,1,right-to-left,0,No field symbol,No Field Symbol,0,33,3,204 245 342,204 245 342,
1775,3335,MD,Mohenjodaro,Other,5,copper tablet,1,0,2,left-to-right,0,No field symbol,No Field Symbol,0,33,3,336 89 *087,336 89 87,3
1776,3335,MD,Mohenjodaro,Other,5,copper tablet,2,0,1,right-to-left,0,No field symbol,No Field Symbol,0,33,3,72 194 169,72 194 169,
1777,3336,MD,Mohenjodaro,Other,5,copper tablet,1,0,1,right-to-left,0,No field symbol,No Field Symbol,0,33,5,336 89 296 342 98,336 89 296 342 98,
1778,3336,MD,Mohenjodaro,Other,5,copper tablet,2,9,0,unrecorded,75,Animals,Elephant to R. facing feeding trough.,0,33,0,,,
1779,3337,MD,Mohenjodaro,Other,5,copper tablet,0,0,1,right-to-left,0,No field symbol,No Field Symbol,0,33,7,65 336 89 407 169 183 169,65 336 89 407 169 183 169,
1780,3339,MD,Mohenjodaro,Other,5,copper tablet,1,0,1,right-to-left,0,No field symbol,No Field Symbol,0,33,4,204 245 358 342,204 245 358 342,
1781,3339,MD,Mohenjodaro,Other,5,copper tablet,2,9,0,unrecorded,145,Animals,Ox-antelope to R. with long tail and long curly horns.,0,33,0,,,
1782,3340,MD,Mohenjodaro,Other,5,copper tablet,1,0,1,right-to-left,0,No field symbol,No Field Symbol,0,33,4,0 194 0 342,0 194 0 342,
1783,3340,MD,Mohenjodaro,Other,5,copper tablet,2,9,0,unrecorded,290,Animals,"Fabulous animal of uncertain description with two heads, one at either end of the body.",0,33,0,,,
1784,3341,MD,Mohenjodaro,Other,5,copper tablet,1,0,1,right-to-left,0,No field symbol,No Field Symbol,0,33,4,204 245 358 342,204 245 358 342,
1785,3341,MD,Mohenjodaro,Other,5,copper tablet,2,9,0,unrecorded,147,Animals,"Ox-antelope to R. with long tail and long curly horns, facing feeding trough.",0,33,0,,,
1786,3342,MD,Mohenjodaro,Other,5,copper tablet,1,0,1,right-to-left,0,No field symbol,No Field Symbol,0,33,4,204 245 358 342,204 245 358 342,
1787,3342,MD,Mohenjodaro,Other,5,copper tablet,2,9,0,unrecorded,147,Animals,"Ox-antelope to R. with long tail and long curly horns, facing feeding trough.",0,33,0,,,
1788,3343,MD,Mohenjodaro,Other,5,copper tablet,1,0,3,single sign,0,No field symbol,No Field Symbol,0,33,1,346,346,
1789,3343,MD,Mohenjodaro,Other,5,copper tablet,2,0,1,right-to-left,0,No field symbol,No Field Symbol,0,33,4,389 72 326 342,389 72 326 342,
1790,3344,MD,Mohenjodaro,Other,5,copper tablet,1,0,1,right-to-left,0,No field symbol,No Field Symbol,0,33,8,295 87 97 252 97 25 245 245,295 87 97 252 97 25 245 245,
1791,3344,MD,Mohenjodaro,Other,5,copper tablet,2,9,0,unrecorded,290,Animals,"Fabulous animal of uncertain description with two heads, one at either end of the body.",0,33,0,,,
1792,3345,MD,Mohenjodaro,Other,5,copper tablet,1,0,1,right-to-left,0,No field symbol,No Field Symbol,0,33,4,389 72 48 342,389 72 48 342,
1793,3345,MD,Mohenjodaro,Other,5,copper tablet,2,9,0,unrecorded,135,Animals,"Goat-antelope to R. with short tail, horns arching back, regardant.",0,33,0,,,
1794,3346,MD,Mohenjodaro,Other,5,copper tablet,0,0,1,right-to-left,0,No field symbol,No Field Symbol,0,33,4,389 72 48 342,389 72 48 342,
1795,3347,MD,Mohenjodaro,Other,5,copper tablet,1,1,1,right-to-left,0,No field symbol,No Field Symbol,0,33,4,*298 99 104 169,298 99 104 169,1
1796,3347,MD,Mohenjodaro,Other,5,copper tablet,1,2,1,right-to-left,0,No field symbol,No Field Symbol,0,33,8,295 87 97 252 97 25 245 245,295 87 97 252 97 25 245 245,
1797,3347,MD,Mohenjodaro,Other,5,copper tablet,2,9,0,unrecorded,290,Animals,"Fabulous animal of uncertain description with two heads, one at either end of the body.",0,33,0,,,
1798,3349,MD,Mohenjodaro,Other,5,copper tablet,1,0,1,right-to-left,0,No field symbol,No Field Symbol,0,33,4,336 89 0 342,336 89 0 342,
1799,3349,MD,Mohenjodaro,Other,5,copper tablet,2,9,0,unrecorded,75,Animals,Elephant to R. facing feeding trough.,0,33,0,,,
1800,3350,MD,Mohenjodaro,Other,5,copper tablet,1,0,1,right-to-left,0,No field symbol,No Field Symbol,0,33,4,171 59 407 169,171 59 407 169,
1801,3350,MD,Mohenjodaro,Other,5,copper tablet,2,9,0,unrecorded,860,"Symbols, motifs, geometric patterns",The Endless Knot motif.,0,33,0,,,
1802,3351,MD,Mohenjodaro,Other,5,copper tablet,1,0,1,right-to-left,0,No field symbol,No Field Symbol,0,33,4,102 59 8 342,102 59 8 342,
1803,3351,MD,Mohenjodaro,Other,5,copper tablet,2,9,0,unrecorded,45,Animals,Short-horned bull to R. facing feeding trough.,0,33,0,,,
1804,3352,MD,Mohenjodaro,Other,5,copper tablet,1,0,1,right-to-left,0,No field symbol,No Field Symbol,0,33,4,171 59 407 169,171 59 407 169,
1805,3352,MD,Mohenjodaro,Other,5,copper tablet,2,9,0,unrecorded,860,"Symbols, motifs, geometric patterns",The Endless Knot motif.,0,33,0,,,
1806,3353,MD,Mohenjodaro,Other,5,copper tablet,1,0,1,right-to-left,0,No field symbol,No Field Symbol,0,33,4,204 245 358 342,204 245 358 342,
1807,3353,MD,Mohenjodaro,Other,5,copper tablet,2,9,0,unrecorded,147,Animals,"Ox-antelope to R. with long tail and long curly horns, facing feeding trough.",0,33,0,,,
1808,3354,MD,Mohenjodaro,Other,5,copper tablet,1,0,1,right-to-left,0,No field symbol,No Field Symbol,0,33,7,65 *336 *089 407 169 183 169,65 336 89 407 169 183 169,2 3
1809,3354,MD,Mohenjodaro,Other,5,copper tablet,2,9,0,unrecorded,163,Animals,Hare to R. facing bush.,0,33,0,,,
1810,3355,MD,Mohenjodaro,Other,5,copper tablet,1,0,1,right-to-left,0,No field symbol,No Field Symbol,0,33,7,65 336 89 407 169 183 169,65 336 89 407 169 183 169,
1811,3355,MD,Mohenjodaro,Other,5,copper tablet,2,9,0,unrecorded,163,Animals,Hare to R. facing bush.,0,33,0,,,
1812,3356,MD,Mohenjodaro,Other,5,copper tablet,1,0,1,right-to-left,0,No field symbol,No Field Symbol,0,33,4,336 89 296 342,336 89 296 342,
1813,3356,MD,Mohenjodaro,Other,5,copper tablet,2,9,0,unrecorded,75,Animals,Elephant to R. facing feeding trough.,0,33,0,,,
1814,3357,MD,Mohenjodaro,Other,5,copper tablet,1,0,1,right-to-left,0,No field symbol,No Field Symbol,0,25,6,102 190 48 8 342 373,102 190 48 8 342 373,
1815,3357,MD,Mohenjodaro,Other,5,copper tablet,2,9,0,unrecorded,139,Animals,"Goat-antelope to R. with short tail and twirled side horns, with heart symbol on body, facing feeding trough.",0,25,0,,,
1816,3358,MD,Mohenjodaro,Other,5,copper tablet,1,0,1,right-to-left,0,No field symbol,No Field Symbol,0,36,7,389 407 124 169 373 287 342,389 407 124 169 373 287 342,
1817,3358,MD,Mohenjodaro,Other,5,copper tablet,2,9,0,unrecorded,520,Anthropomorphic forms,"Standing personage with horns and bovine features, holding bow in One hand and arrow or uncertain object in the other (generally known as 'the Divine Archer').",0,36,0,,,
1818,3359,MD,Mohenjodaro,Other,5,copper tablet,1,0,1,right-to-left,0,No field symbol,No Field Symbol,0,36,4,204 245 358 342,204 245 358 342,
1819,3359,MD,Mohenjodaro,Other,5,copper tablet,2,9,0,unrecorded,145,Animals,Ox-antelope to R. with long tail and long curly horns.,0,36,0,,,
1820,3360,MD,Mohenjodaro,Other,5,copper tablet,1,0,3,single sign,0,No field symbol,No Field Symbol,0,36,1,363,363,
1821,3360,MD,Mohenjodaro,Other,5,copper tablet,2,0,2,left-to-right,0,No field symbol,No Field Symbol,0,36,7,59 112 194 18 211 87 169,59 112 194 18 211 87 169,
1822,3361,MD,Mohenjodaro,Other,5,copper tablet,1,0,1,right-to-left,0,No field symbol,No Field Symbol,0,36,4,204 245 358 342,204 245 358 342,
1823,3361,MD,Mohenjodaro,Other,5,copper tablet,2,9,0,unrecorded,145,Animals,Ox-antelope to R. with long tail and long curly horns.,0,36,0,,,
1824,3362,MD,Mohenjodaro,Other,5,copper tablet,1,0,1,right-to-left,0,No field symbol,No Field Symbol,0,36,8,345 341 18 252 97 25 245 245,345 341 18 252 97 25 245 245,
1825,3362,MD,Mohenjodaro,Other,5,copper tablet,2,9,0,unrecorded,15,Animals,Unicorn to R. facing feeding trough.,0,36,0,,,
1826,3363,MD,Mohenjodaro,Other,5,copper tablet,1,0,1,right-to-left,0,No field symbol,No Field Symbol,0,36,6,102 190 48 8 342 373,102 190 48 8 342 373,
1827,3363,MD,Mohenjodaro,Other,5,copper tablet,2,9,0,unrecorded,139,Animals,"Goat-antelope to R. with short tail and twirled side horns, with heart symbol on body, facing feeding trough.",0,36,0,,,
1828,3364,MD,Mohenjodaro,Other,5,copper tablet,1,0,2,left-to-right,0,No field symbol,No Field Symbol,0,28,3,336 89 87,336 89 87,
1829,3364,MD,Mohenjodaro,Other,5,copper tablet,2,0,1,right-to-left,0,No field symbol,No Field Symbol,0,28,3,72 194 169,72 194 169,
1830,3365,MD,Mohenjodaro,Other,5,copper tablet,0,0,1,right-to-left,0,No field symbol,No Field Symbol,0,28,7,389 407 124 169 373 287 342,389 407 124 169 373 287 342,
1831,3367,MD,Mohenjodaro,Other,5,copper tablet,0,0,1,right-to-left,0,No field symbol,No Field Symbol,0,28,4,0 59 *407 0,0 59 407 0,3
1832,3368,MD,Mohenjodaro,Other,5,copper tablet,1,0,1,right-to-left,0,No field symbol,No Field Symbol,0,28,5,336 89 296 342 98,336 89 296 342 98,
1833,3368,MD,Mohenjodaro,Other,5,copper tablet,2,9,0,unrecorded,75,Animals,Elephant to R. facing feeding trough.,0,28,0,,,
1834,3369,MD,Mohenjodaro,Other,5,copper tablet,1,0,1,right-to-left,0,No field symbol,No Field Symbol,-3,28,7,389 407 124 169 373 287 342,389 407 124 169 373 287 342,
1835,3369,MD,Mohenjodaro,Other,5,copper tablet,2,9,0,unrecorded,520,Anthropomorphic forms,"Standing personage with horns and bovine features, holding bow in One hand and arrow or uncertain object in the other (generally known as 'the Divine Archer').",-3,28,0,,,
1836,3371,MD,Mohenjodaro,Other,5,copper tablet,1,0,1,right-to-left,0,No field symbol,No Field Symbol,0,18,4,204 245 358 342,204 245 358 342,
1837,3371,MD,Mohenjodaro,Other,5,copper tablet,2,9,0,unrecorded,147,Animals,"Ox-antelope to R. with long tail and long curly horns, facing feeding trough.",0,18,0,,,
1838,3372,MD,Mohenjodaro,Other,5,copper tablet,1,0,1,right-to-left,0,No field symbol,No Field Symbol,0,18,5,53 67 407 124 169,53 67 407 124 169,
1839,3372,MD,Mohenjodaro,Other,5,copper tablet,2,9,0,unrecorded,141,Animals,Ox-antelope to R. with long tail and short horns.,0,18,0,,,
1840,3373,MD,Mohenjodaro,Other,5,copper tablet,1,0,1,right-to-left,0,No field symbol,No Field Symbol,0,18,7,59 112 194 18 211 87 169,59 112 194 18 211 87 169,
1841,3373,MD,Mohenjodaro,Other,5,copper tablet,2,9,0,unrecorded,139,Animals,"Goat-antelope to R. with short tail and twirled side horns, with heart symbol on body, facing feeding trough.",0,18,0,,,
1842,3374,MD,Mohenjodaro,Other,5,copper tablet,1,0,1,right-to-left,0,No field symbol,No Field Symbol,0,18,5,53 67 407 124 169,53 67 407 124 169,
1843,3374,MD,Mohenjodaro,Other,5,copper tablet,2,9,0,unrecorded,141,Animals,Ox-antelope to R. with long tail and short horns.,0,18,0,,,
1844,3375,MD,Mohenjodaro,Other,5,copper tablet,1,0,3,single sign,0,No field symbol,No Field Symbol,0,18,1,*364,364,1
1845,3375,MD,Mohenjodaro,Other,5,copper tablet,2,0,2,left-to-right,0,No field symbol,No Field Symbol,0,18,5,0 18 211 87 169,0 18 211 87 169,
1846,3376,MD,Mohenjodaro,Other,5,copper tablet,0,0,1,right-to-left,0,No field symbol,No Field Symbol,0,18,7,389 407 124 169 373 287 342,389 407 124 169 373 287 342,
1847,3378,MD,Mohenjodaro,Other,5,copper tablet,1,0,1,right-to-left,0,No field symbol,No Field Symbol,-3,17,3,245 184 252,245 184 252,
1848,3378,MD,Mohenjodaro,Other,5,copper tablet,2,9,0,unrecorded,143,Animals,"Ox-antelope to R. with long tail and short horns, facing feeding trough.",-3,17,0,,,
1849,3379,MD,Mohenjodaro,Other,5,copper tablet,1,0,1,right-to-left,0,No field symbol,No Field Symbol,-4,17,4,204 245 358 342,204 245 358 342,
1850,3379,MD,Mohenjodaro,Other,5,copper tablet,2,9,0,unrecorded,147,Animals,"Ox-antelope to R. with long tail and long curly horns, facing feeding trough.",-4,17,0,,,
1851,3381,MD,Mohenjodaro,Other,5,copper tablet,1,0,1,right-to-left,0,No field symbol,No Field Symbol,0,15,7,65 336 89 407 169 183 169,65 336 89 407 169 183 169,
1852,3381,MD,Mohenjodaro,Other,5,copper tablet,2,9,0,unrecorded,163,Animals,Hare to R. facing bush.,0,15,0,,,
1853,3383,MD,Mohenjodaro,Other,5,copper tablet,1,0,1,right-to-left,0,No field symbol,No Field Symbol,0,5,4,102 190 48 0,102 190 48 0,
1854,3383,MD,Mohenjodaro,Other,5,copper tablet,2,9,0,unrecorded,137,Animals,"Goat-antelope to R. with short tail, and twirled side-horns.",0,5,0,,,
1855,3384,MD,Mohenjodaro,Other,5,copper tablet,1,0,1,right-to-left,0,No field symbol,No Field Symbol,0,5,7,65 336 89 407 169 183 169,65 336 89 407 169 183 169,
1856,3384,MD,Mohenjodaro,Other,5,copper tablet,2,9,0,unrecorded,163,Animals,Hare to R. facing bush.,0,5,0,,,
1857,3385,MD,Mohenjodaro,Other,5,copper tablet,1,0,1,right-to-left,0,No field symbol,No Field Symbol,0,5,7,389 407 124 169 373 287 342,389 407 124 169 373 287 342,
1858,3385,MD,Mohenjodaro,Other,5,copper tablet,2,9,0,unrecorded,520,Anthropomorphic forms,"Standing personage with horns and bovine features, holding bow in One hand and arrow or uncertain object in the other (generally known as 'the Divine Archer').",0,5,0,,,
1859,3386,MD,Mohenjodaro,Other,5,copper tablet,1,0,1,right-to-left,0,No field symbol,No Field Symbol,0,8,4,204 245 358 342,204 245 358 342,
1860,3386,MD,Mohenjodaro,Other,5,copper tablet,2,9,0,unrecorded,145,Animals,Ox-antelope to R. with long tail and long curly horns.,0,8,0,,,
1861,3387,MD,Mohenjodaro,Other,5,copper tablet,1,0,1,right-to-left,0,No field symbol,No Field Symbol,0,8,7,389 407 124 169 373 287 342,389 407 124 169 373 287 342,
1862,3387,MD,Mohenjodaro,Other,5,copper tablet,2,9,0,unrecorded,520,Anthropomorphic forms,"Standing personage with horns and bovine features, holding bow in One hand and arrow or uncertain object in the other (generally known as 'the Divine Archer').",0,8,0,,,
1863,3388,MD,Mohenjodaro,Other,5,copper tablet,0,0,1,right-to-left,0,No field symbol,No Field Symbol,0,22,4,336 89 296 342,336 89 296 342,
1864,3390,MD,Mohenjodaro,Other,5,copper tablet,0,0,1,right-to-left,0,No field symbol,No Field Symbol,-5,20,5,336 89 296 342 98,336 89 296 342 98,
1865,3391,MD,Mohenjodaro,Other,5,copper tablet,1,0,1,right-to-left,0,No field symbol,No Field Symbol,0,20,3,87 155 169,87 155 169,
1866,3391,MD,Mohenjodaro,Other,5,copper tablet,2,9,0,unrecorded,45,Animals,Short-horned bull to R. facing feeding trough.,0,20,0,,,
1867,3392,MD,Mohenjodaro,Other,5,copper tablet,1,0,1,right-to-left,0,No field symbol,No Field Symbol,-6,20,4,336 89 296 342,336 89 296 342,
1868,3392,MD,Mohenjodaro,Other,5,copper tablet,2,9,0,unrecorded,75,Animals,Elephant to R. facing feeding trough.,-6,20,0,,,
1869,3393,MD,Mohenjodaro,Other,5,copper tablet,1,0,1,right-to-left,0,No field symbol,No Field Symbol,0,22,8,345 341 18 252 97 25 245 245,345 341 18 252 97 25 245 245,
1870,3393,MD,Mohenjodaro,Other,5,copper tablet,2,9,0,unrecorded,290,Animals,"Fabulous animal of uncertain description with two heads, one at either end of the body.",0,22,0,,,
1871,3395,MD,Mohenjodaro,Other,5,copper tablet,0,0,1,right-to-left,0,No field symbol,No Field Symbol,0,22,4,*389 72 326 342,389 72 326 342,1
1872,3396,MD,Mohenjodaro,Other,5,copper tablet,0,0,1,right-to-left,0,No field symbol,No Field Symbol,0,22,7,389 *065 72 336 89 194 169,389 65 72 336 89 194 169,2
1873,3398,MD,Mohenjodaro,Other,5,copper tablet,1,0,3,single sign,0,No field symbol,No Field Symbol,0,20,1,184,184,
1874,3398,MD,Mohenjodaro,Other,5,copper tablet,2,0,1,right-to-left,0,No field symbol,No Field Symbol,0,20,3,204 245 342,204 245 342,
1875,3401,MD,Mohenjodaro,Other,5,copper tablet,0,0,1,right-to-left,0,No field symbol,No Field Symbol,0,20,8,*345 *341 *018 252 97 25 245 245,345 341 18 252 97 25 245 245,1 2 3
1876,3403,MD,Mohenjodaro,Other,5,copper tablet,1,0,1,right-to-left,0,No field symbol,No Field Symbol,0,22,4,*204 245 358 342,204 245 358 342,1
1877,3403,MD,Mohenjodaro,Other,5,copper tablet,2,9,0,unrecorded,145,Animals,Ox-antelope to R. with long tail and long curly horns.,0,22,0,,,
1878,3404,MD,Mohenjodaro,Other,5,copper tablet,1,0,1,right-to-left,0,No field symbol,No Field Symbol,0,39,4,204 245 358 342,204 245 358 342,
1879,3404,MD,Mohenjodaro,Other,5,copper tablet,2,9,0,unrecorded,145,Animals,Ox-antelope to R. with long tail and long curly horns.,0,39,0,,,
1880,3405,MD,Mohenjodaro,Other,5,copper tablet,1,0,1,right-to-left,0,No field symbol,No Field Symbol,0,39,4,389 72 326 342,389 72 326 342,
1881,3405,MD,Mohenjodaro,Other,5,copper tablet,2,9,0,unrecorded,135,Animals,"Goat-antelope to R. with short tail, horns arching back, regardant.",0,39,0,,,
1882,3406,MD,Mohenjodaro,Other,5,copper tablet,1,0,1,right-to-left,0,No field symbol,No Field Symbol,0,39,7,0 407 124 169 0 287 342,0 407 124 169 0 287 342,
1883,3406,MD,Mohenjodaro,Other,5,copper tablet,2,9,0,unrecorded,520,Anthropomorphic forms,"Standing personage with horns and bovine features, holding bow in One hand and arrow or uncertain object in the other (generally known as 'the Divine Archer').",0,39,0,,,
1884,3407,MD,Mohenjodaro,Other,5,copper tablet,0,0,1,right-to-left,0,No field symbol,No Field Symbol,0,39,4,345 341 18 0,345 341 18 0,
1885,3410,MD,Mohenjodaro,Other,5,copper tablet,0,0,9,no text,0,No field symbol,No Field Symbol,0,39,2,389 0,389 0,
1886,3413,MD,Mohenjodaro,Other,5,copper tablet,1,0,1,right-to-left,0,No field symbol,No Field Symbol,0,39,8,0 341 18 252 97 25 245 245,0 341 18 252 97 25 245 245,
1887,3413,MD,Mohenjodaro,Other,5,copper tablet,2,9,0,unrecorded,950,"Symbols, motifs, geometric patterns",Double-axe (?) without shaft.,0,39,0,,,
1888,3414,MD,Mohenjodaro,Other,5,copper tablet,1,0,3,single sign,0,No field symbol,No Field Symbol,0,39,1,363,363,
1889,3414,MD,Mohenjodaro,Other,5,copper tablet,2,0,1,right-to-left,0,No field symbol,No Field Symbol,0,39,7,389 407 124 169 373 287 342,389 407 124 169 373 287 342,
1890,3415,MD,Mohenjodaro,Other,5,copper tablet,1,1,1,right-to-left,0,No field symbol,No Field Symbol,0,39,6,267 402 97 25 245 245,267 402 97 25 245 245,
1891,3415,MD,Mohenjodaro,Other,5,copper tablet,1,2,1,right-to-left,0,No field symbol,No Field Symbol,0,39,4,65 72 62 342,65 72 62 342,
1892,3415,MD,Mohenjodaro,Other,5,copper tablet,2,9,0,unrecorded,113,Animals,Rhinoceros to R. facing feeding trough.,0,39,0,,,
1893,3501,MD,Mohenjodaro,Other,7,ivory/bone rod,0,0,1,right-to-left,984,"Symbols, motifs, geometric patterns",Ornamental borders of hatched lines at one or both ends of the field.,0,33,3,387 135 342,387 135 342,
1894,3502,MD,Mohenjodaro,Other,7,ivory/bone rod,0,0,1,right-to-left,984,"Symbols, motifs, geometric patterns",Ornamental borders of hatched lines at one or both ends of the field.,0,33,3,48 342 176,48 342 176,
1895,3503,MD,Mohenjodaro,Other,7,ivory/bone rod,0,0,1,right-to-left,0,No field symbol,No Field Symbol,0,33,4,0 178 389 0,0 178 389 0,
1896,3504,MD,Mohenjodaro,Other,7,ivory/bone rod,0,0,1,right-to-left,0,No field symbol,No Field Symbol,0,33,3,386 216 342,386 216 342,
1897,3505,MD,Mohenjodaro,Other,7,ivory/bone rod,0,0,1,right-to-left,987,"Symbols, motifs, geometric patterns",Ornamental borders comprising of hatched lines and vertical lines at either end of the field.,0,38,7,216 *267 121 87 347 342 176,216 267 121 87 347 342 176,2
1898,3506,MD,Mohenjodaro,Other,7,ivory/bone rod,0,0,1,right-to-left,982,"Symbols, motifs, geometric patterns",Ornamental borders at either end of the field consisting of two or three parallel lines and a circle (sometimes dotted within).,0,39,6,0 216 403 0 347 0,0 216 403 0 347 0,
1899,3507,MD,Mohenjodaro,Other,7,ivory/bone rod,0,0,1,right-to-left,985,"Symbols, motifs, geometric patterns",Ornamental borders at one or both ends of the field consisting of frieze of small circles.,0,39,4,0 403 344 98,0 403 344 98,
1900,3508,MD,Mohenjodaro,Other,7,ivory/bone rod,0,0,1,right-to-left,987,"Symbols, motifs, geometric patterns",Ornamental borders comprising of hatched lines and vertical lines at either end of the field.,0,39,3,65 387 0,65 387 0,
1901,3509,MD,Mohenjodaro,Other,7,ivory/bone rod,0,0,2,left-to-right,984,"Symbols, motifs, geometric patterns",Ornamental borders of hatched lines at one or both ends of the field.,0,39,4,0 121 347 0,0 121 347 0,
1902,3510,MD,Mohenjodaro,Other,9,miscellaneous,0,0,1,right-to-left,0,No field symbol,No Field Symbol,0,25,2,244 407,244 407,
1903,3511,MD,Mohenjodaro,Other,9,miscellaneous,0,0,1,right-to-left,0,No field symbol,No Field Symbol,0,30,2,366 406,366 406,
1904,3512,MD,Mohenjodaro,Other,9,miscellaneous,0,0,1,right-to-left,0,No field symbol,No Field Symbol,0,33,4,188 302 78 202,188 302 78 202,
1905,3513,MD,Mohenjodaro,Other,9,miscellaneous,0,0,3,single sign,0,No field symbol,No Field Symbol,0,33,1,403,403,
1906,4001,HP,Harappa,EH vol II,1,seal,0,0,1,right-to-left,13,Animals,Unicorn to R. facing cult object.,-6,47,10,301 149 100 336 89 249 169 342 98 174,301 149 100 336 89 249 169 342 98 174,
1907,4002,HP,Harappa,EH vol II,1,seal,0,0,1,right-to-left,13,Animals,Unicorn to R. facing cult object.,-3,40,7,330 245 256 99 112 194 342,330 245 256 99 112 194 342,
1908,4003,HP,Harappa,EH vol II,1,seal,0,0,1,right-to-left,13,Animals,Unicorn to R. facing cult object.,-5,47,8,323 323 28 114 *252 252 180 391,323 323 28 114 252 252 180 391,5
1909,4004,HP,Harappa,EH vol II,1,seal,0,0,1,right-to-left,13,Animals,Unicorn to R. facing cult object.,-5,47,8,300 17 293 87 326 54 336 293,300 17 293 87 326 54 336 293,
1910,4005,HP,Harappa,EH vol II,1,seal,0,0,1,right-to-left,13,Animals,Unicorn to R. facing cult object.,-5,42,10,267 99 65 67 59 387 51 130 149 342,267 99 65 67 59 387 51 130 149 342,
1911,4006,HP,Harappa,EH vol II,1,seal,0,0,1,right-to-left,13,Animals,Unicorn to R. facing cult object.,-5,47,6,261 367 87 98 304 186,261 367 87 98 304 186,
1912,4007,HP,Harappa,EH vol II,1,seal,0,0,9,no text,13,Animals,Unicorn to R. facing cult object.,-4,44,2,150 0,150 0,
1913,4008,HP,Harappa,EH vol II,1,seal,0,0,1,right-to-left,13,Animals,Unicorn to R. facing cult object.,-5,47,6,302 214 97 150 127 293,302 214 97 150 127 293,
1914,4009,HP,Harappa,EH vol II,1,seal,0,0,1,right-to-left,13,Animals,Unicorn to R. facing cult object.,-5,42,2,112 59,112 59,
1915,4010,HP,Harappa,EH vol II,1,seal,0,0,1,right-to-left,13,Animals,Unicorn to R. facing cult object.,-4,40,4,150 197 252 391,150 197 252 391,
1916,4011,HP,Harappa,EH vol II,1,seal,0,0,1,right-to-left,13,Animals,Unicorn to R. facing cult object.,-15,43,3,267 *099 0,267 99 0,2
1917,4012,HP,Harappa,EH vol II,1,seal,0,0,1,right-to-left,13,Animals,Unicorn to R. facing cult object.,-9,40,7,245 245 127 345 48 342 71,245 245 127 345 48 342 71,
1918,4013,HP,Harappa,EH vol II,1,seal,0,0,1,right-to-left,13,Animals,Unicorn to R. facing cult object.,-4,41,6,72 336 89 48 247 342,72 336 89 48 247 342,
1919,4014,HP,Harappa,EH vol II,1,seal,0,0,1,right-to-left,13,Animals,Unicorn to R. facing cult object.,-6,47,10,245 245 344 387 53 171 59 *121 135 342,245 245 344 387 53 171 59 121 135 342,8
1920,4015,HP,Harappa,EH vol II,1,seal,0,0,1,right-to-left,13,Animals,Unicorn to R. facing cult object.,-3,56,6,387 171 59 336 89 211,387 171 59 336 89 211,
1921,4016,HP,Harappa,EH vol II,1,seal,0,0,1,right-to-left,13,Animals,Unicorn to R. facing cult object.,-5,42,7,391 97 53 67 70 327 342,391 97 53 67 70 327 342,
1922,4017,HP,Harappa,EH vol II,1,seal,0,0,1,right-to-left,13,Animals,Unicorn to R. facing cult object.,-6,40,7,87 284 342 98 178 389 15,87 284 342 98 178 389 15,
1923,4018,HP,Harappa,EH vol II,1,seal,0,0,1,right-to-left,13,Animals,Unicorn to R. facing cult object.,-6,47,2,296 342,296 342,
1924,4019,HP,Harappa,EH vol II,1,seal,0,0,1,right-to-left,13,Animals,Unicorn to R. facing cult object.,-5,43,10,216 123 389 87 59 51 130 149 48 342,216 123 389 87 59 51 130 149 48 342,
1925,4020,HP,Harappa,EH vol II,1,seal,0,0,1,right-to-left,13,Animals,Unicorn to R. facing cult object.,-11,48,10,293 233 59 99 387 336 89 112 194 342,293 233 59 99 387 336 89 112 194 342,
1926,4021,HP,Harappa,EH vol II,1,seal,0,0,1,right-to-left,13,Animals,Unicorn to R. facing cult object.,-3,40,7,*267 *099 336 89 112 194 342,267 99 336 89 112 194 342,1 2
1927,4022,HP,Harappa,EH vol II,1,seal,0,0,1,right-to-left,13,Animals,Unicorn to R. facing cult object.,-6,47,9,267 99 389 65 72 222 254 124 169,267 99 389 65 72 222 254 124 169,
1928,4023,HP,Harappa,EH vol II,1,seal,0,0,1,right-to-left,13,Animals,Unicorn to R. facing cult object.,-4,40,8,183 169 99 389 72 182 293 342,183 169 99 389 72 182 293 342,
1929,4024,HP,Harappa,EH vol II,1,seal,0,0,1,right-to-left,13,Animals,Unicorn to R. facing cult object.,-5,46,4,75 180 391 252,75 180 391 252,
1930,4025,HP,Harappa,EH vol II,1,seal,0,0,1,right-to-left,13,Animals,Unicorn to R. facing cult object.,-5,47,9,412 123 53 171 59 121 342 222 254,412 123 53 171 59 121 342 222 254,
1931,4026,HP,Harappa,EH vol II,1,seal,0,0,1,right-to-left,13,Animals,Unicorn to R. facing cult object.,-7,45,5,216 123 67 342 139,216 123 67 342 139,
1932,4027,HP,Harappa,EH vol II,1,seal,0,0,1,right-to-left,13,Animals,Unicorn to R. facing cult object.,0,40,6,0 389 171 59 294 375,0 389 171 59 294 375,
1933,4028,HP,Harappa,EH vol II,1,seal,0,0,1,right-to-left,13,Animals,Unicorn to R. facing cult object.,-9,42,9,307 86 99 387 53 65 336 89 211,307 86 99 387 53 65 336 89 211,
1934,4029,HP,Harappa,EH vol II,1,seal,0,0,1,right-to-left,13,Animals,Unicorn to R. facing cult object.,-12,43,2,387 15,387 15,
1935,4030,HP,Harappa,EH vol II,1,seal,0,0,1,right-to-left,13,Animals,Unicorn to R. facing cult object.,-5,42,3,135 358 342,135 358 342,
1936,4031,HP,Harappa,EH vol II,1,seal,0,0,1,right-to-left,13,Animals,Unicorn to R. facing cult object.,-13,42,2,228 342,228 342,
1937,4032,HP,Harappa,EH vol II,1,seal,0,0,9,no text,13,Animals,Unicorn to R. facing cult object.,-15,43,2,317 0,317 0,
1938,4033,HP,Harappa,EH vol II,1,seal,0,0,1,right-to-left,13,Animals,Unicorn to R. facing cult object.,-7,47,4,102 17 8 342,102 17 8 342,
1939,4034,HP,Harappa,EH vol II,1,seal,0,0,1,right-to-left,13,Animals,Unicorn to R. facing cult object.,-11,47,6,417 267 99 53 194 342,417 267 99 53 194 342,
1940,4035,HP,Harappa,EH vol II,1,seal,0,0,1,right-to-left,13,Animals,Unicorn to R. facing cult object.,-4,53,5,267 99 9 342 1,267 99 9 342 1,
1941,4036,HP,Harappa,EH vol II,1,seal,0,0,1,right-to-left,13,Animals,Unicorn to R. facing cult object.,-2,53,6,379 343 87 59 72 14,379 343 87 59 72 14,
1942,4037,HP,Harappa,EH vol II,1,seal,0,0,1,right-to-left,13,Animals,Unicorn to R. facing cult object.,-9,40,6,*294 132 99 326 342 1,294 132 99 326 342 1,1
1943,4038,HP,Harappa,EH vol II,1,seal,0,0,1,right-to-left,13,Animals,Unicorn to R. facing cult object.,-8,47,3,56 28 0,56 28 0,
1944,4039,HP,Harappa,EH vol II,1,seal,0,0,9,no text,11,Animals,Unicorn to R. No cult object in front.,-6,45,2,0 169,0 169,
1945,4040,HP,Harappa,EH vol II,1,seal,0,0,1,right-to-left,13,Animals,Unicorn to R. facing cult object.,-8,41,4,244 336 *189 *252,244 336 189 252,3 4
1946,4042,HP,Harappa,EH vol II,1,seal,0,0,1,right-to-left,13,Animals,Unicorn to R. facing cult object.,-3,46,3,244 17 252,244 17 252,
1947,4043,HP,Harappa,EH vol II,1,seal,0,0,1,right-to-left,11,Animals,Unicorn to R. No cult object in front.,-7,45,5,391 99 9 342 1,391 99 9 342 1,
1948,4044,HP,Harappa,EH vol II,1,seal,0,0,1,right-to-left,13,Animals,Unicorn to R. facing cult object.,-5,41,5,87 59 72 341 342,87 59 72 341 342,
1949,4045,HP,Harappa,EH vol II,1,seal,0,0,1,right-to-left,13,Animals,Unicorn to R. facing cult object.,-3,47,7,261 174 244 252 99 59 *390,261 174 244 252 99 59 390,7
1950,4046,HP,Harappa,EH vol II,1,seal,0,0,2,left-to-right,13,Animals,Unicorn to R. facing cult object.,-5,42,6,59 209 211 100 273 87,59 209 211 100 273 87,
1951,4047,HP,Harappa,EH vol II,1,seal,0,0,1,right-to-left,13,Animals,Unicorn to R. facing cult object.,-6,41,5,116 169 48 8 342,116 169 48 8 342,
1952,4049,HP,Harappa,EH vol II,1,seal,0,0,1,right-to-left,13,Animals,Unicorn to R. facing cult object.,-8,44,6,0 65 336 89 347 342,0 65 336 89 347 342,
1953,4050,HP,Harappa,EH vol II,1,seal,0,0,1,right-to-left,13,Animals,Unicorn to R. facing cult object.,-3,45,3,197 267 402,197 267 402,
1954,4051,HP,Harappa,EH vol II,1,seal,0,0,1,right-to-left,11,Animals,Unicorn to R. No cult object in front.,-8,40,5,0 99 336 51 342,0 99 336 51 342,
1955,4052,HP,Harappa,EH vol II,1,seal,0,0,1,right-to-left,13,Animals,Unicorn to R. facing cult object.,0,44,5,412 123 67 72 211,412 123 67 72 211,
1956,4053,HP,Harappa,EH vol II,1,seal,0,0,1,right-to-left,13,Animals,Unicorn to R. facing cult object.,-11,40,4,267 99 *059 0,267 99 59 0,3
1957,4054,HP,Harappa,EH vol II,1,seal,0,0,1,right-to-left,13,Animals,Unicorn to R. facing cult object.,-4,47,3,86 124 0,86 124 0,
1958,4055,HP,Harappa,EH vol II,1,seal,0,0,1,right-to-left,13,Animals,Unicorn to R. facing cult object.,-9,44,6,87 322 99 336 89 211,87 322 99 336 89 211,
1959,4056,HP,Harappa,EH vol II,1,seal,0,0,1,right-to-left,11,Animals,Unicorn to R. No cult object in front.,-7,41,6,150 123 53 67 72 211,150 123 53 67 72 211,
1960,4057,HP,Harappa,EH vol II,1,seal,0,0,1,right-to-left,13,Animals,Unicorn to R. facing cult object.,-2,42,5,267 99 65 135 342,267 99 65 135 342,
1961,4059,HP,Harappa,EH vol II,1,seal,0,0,1,right-to-left,13,Animals,Unicorn to R. facing cult object.,-15,43,3,0 75 12,0 75 12,
1962,4060,HP,Harappa,EH vol II,1,seal,0,0,1,right-to-left,13,Animals,Unicorn to R. facing cult object.,-1,40,7,0 267 99 70 72 53 0,0 267 99 70 72 53 0,
1963,4061,HP,Harappa,EH vol II,1,seal,0,0,1,right-to-left,13,Animals,Unicorn to R. facing cult object.,-4,44,5,204 112 342 *067 0,204 112 342 67 0,4
1964,4067,HP,Harappa,EH vol II,1,seal,0,0,1,right-to-left,13,Animals,Unicorn to R. facing cult object.,-15,43,6,*175 180 99 153 153 342,175 180 99 153 153 342,1
1965,4069,HP,Harappa,EH vol II,1,seal,0,0,1,right-to-left,11,Animals,Unicorn to R. No cult object in front.,-5,47,4,345 341 189 252,345 341 189 252,
1966,4071,HP,Harappa,EH vol II,1,seal,0,0,1,right-to-left,11,Animals,Unicorn to R. No cult object in front.,-18,41,5,391 99 87 59 *211,391 99 87 59 211,5
1967,4072,HP,Harappa,EH vol II,1,seal,0,0,1,right-to-left,13,Animals,Unicorn to R. facing cult object.,-10,45,7,319 379 402 97 65 53 342,319 379 402 97 65 53 342,
1968,4073,HP,Harappa,EH vol II,1,seal,0,0,1,right-to-left,13,Animals,Unicorn to R. facing cult object.,-8,47,6,267 99 102 59 347 12,267 99 102 59 347 12,
1969,4074,HP,Harappa,EH vol II,1,seal,0,0,1,right-to-left,13,Animals,Unicorn to R. facing cult object.,-10,43,3,136 193 342,136 193 342,
1970,4075,HP,Harappa,EH vol II,1,seal,1,0,1,right-to-left,13,Animals,Unicorn to R. facing cult object.,-12,40,7,267 99 87 155 249 162 342,267 99 87 155 249 162 342,
1971,4075,HP,Harappa,EH vol II,1,seal,2,0,1,right-to-left,0,No field symbol,No Field Symbol,-12,40,7,267 99 87 155 249 162 342,267 99 87 155 249 162 342,
1972,4076,HP,Harappa,EH vol II,1,seal,0,0,1,right-to-left,13,Animals,Unicorn to R. facing cult object.,-5,40,4,65 182 293 342,65 182 293 342,
1973,4077,HP,Harappa,EH vol II,1,seal,0,0,1,right-to-left,13,Animals,Unicorn to R. facing cult object.,-8,41,3,87 141 169,87 141 169,
1974,4078,HP,Harappa,EH vol II,1,seal,0,0,1,right-to-left,13,Animals,Unicorn to R. facing cult object.,-5,42,5,391 97 67 127 342,391 97 67 127 342,
1975,4079,HP,Harappa,EH vol II,1,seal,0,0,1,right-to-left,13,Animals,Unicorn to R. facing cult object.,-3,57,6,204 329 99 67 48 342,204 329 99 67 48 342,
1976,4080,HP,Harappa,EH vol II,1,seal,0,0,1,right-to-left,13,Animals,Unicorn to R. facing cult object.,-8,41,5,267 99 *375 403 402,267 99 375 403 402,3
1977,4081,HP,Harappa,EH vol II,1,seal,0,0,1,right-to-left,13,Animals,Unicorn to R. facing cult object.,-4,41,8,121 65 336 89 389 102 287 342,121 65 336 89 389 102 287 342,
1978,4082,HP,Harappa,EH vol II,1,seal,0,0,1,right-to-left,13,Animals,Unicorn to R. facing cult object.,-9,40,7,335 162 343 67 249 162 342,335 162 343 67 249 162 342,
1979,4083,HP,Harappa,EH vol II,1,seal,0,0,1,right-to-left,13,Animals,Unicorn to R. facing cult object.,-7,43,6,375 267 99 336 89 211,375 267 99 336 89 211,
1980,4084,HP,Harappa,EH vol II,1,seal,0,0,1,right-to-left,13,Animals,Unicorn to R. facing cult object.,-7,40,7,102 287 329 343 67 8 342,102 287 329 343 67 8 342,
1981,4085,HP,Harappa,EH vol II,1,seal,0,0,1,right-to-left,13,Animals,Unicorn to R. facing cult object.,-5,40,4,267 402 102 162,267 402 102 162,
1982,4086,HP,Harappa,EH vol II,1,seal,0,0,1,right-to-left,13,Animals,Unicorn to R. facing cult object.,-2,40,2,122 14,122 14,
1983,4087,HP,Harappa,EH vol II,1,seal,0,0,1,right-to-left,13,Animals,Unicorn to R. facing cult object.,-6,44,6,336 64 99 102 287 342,336 64 99 102 287 342,
1984,4088,HP,Harappa,EH vol II,1,seal,0,0,1,right-to-left,13,Animals,Unicorn to R. facing cult object.,-4,40,5,267 99 65 359 342,267 99 65 359 342,
1985,4089,HP,Harappa,EH vol II,1,seal,0,0,3,single sign,13,Animals,Unicorn to R. facing cult object.,-8,42,1,85,85,
1986,4090,HP,Harappa,EH vol II,1,seal,0,0,1,right-to-left,13,Animals,Unicorn to R. facing cult object.,-16,42,5,267 99 67 244 342,267 99 67 244 342,
1987,4091,HP,Harappa,EH vol II,1,seal,0,0,1,right-to-left,13,Animals,Unicorn to R. facing cult object.,-6,47,2,102 190,102 190,
1988,4092,HP,Harappa,EH vol II,1,seal,0,0,1,right-to-left,13,Animals,Unicorn to R. facing cult object.,-6,42,5,267 99 70 222 254,267 99 70 222 254,
1989,4093,HP,Harappa,EH vol II,1,seal,0,0,1,right-to-left,13,Animals,Unicorn to R. facing cult object.,-28,46,2,173 342,173 342,
1990,4094,HP,Harappa,EH vol II,1,seal,0,0,1,right-to-left,13,Animals,Unicorn to R. facing cult object.,-6,41,3,119 87 342,119 87 342,
1991,4095,HP,Harappa,EH vol II,1,seal,0,0,1,right-to-left,13,Animals,Unicorn to R. facing cult object.,-10,42,5,87 59 87 284 0,87 59 87 284 0,
1992,4096,HP,Harappa,EH vol II,1,seal,0,0,1,right-to-left,13,Animals,Unicorn to R. facing cult object.,-9,48,3,215 194 267,215 194 267,
1993,4097,HP,Harappa,EH vol II,1,seal,0,0,1,right-to-left,13,Animals,Unicorn to R. facing cult object.,-6,47,6,391 99 391 252 175 180,391 99 391 252 175 180,
1994,4098,HP,Harappa,EH vol II,1,seal,0,0,1,right-to-left,13,Animals,Unicorn to R. facing cult object.,-12,49,5,0 1 343 67 0,0 1 343 67 0,
1995,4099,HP,Harappa,EH vol II,1,seal,0,0,1,right-to-left,13,Animals,Unicorn to R. facing cult object.,-6,47,4,373 249 169 342,373 249 169 342,
1996,4100,HP,Harappa,EH vol II,1,seal,0,0,1,right-to-left,13,Animals,Unicorn to R. facing cult object.,-11,42,6,87 249 53 99 48 0,87 249 53 99 48 0,
1997,4101,HP,Harappa,EH vol II,1,seal,0,0,1,right-to-left,13,Animals,Unicorn to R. facing cult object.,-7,44,6,267 99 59 70 296 342,267 99 59 70 296 342,
1998,4102,HP,Harappa,EH vol II,1,seal,0,0,1,right-to-left,13,Animals,Unicorn to R. facing cult object.,-6,45,5,0 99 341 8 342,0 99 341 8 342,
1999,4103,HP,Harappa,EH vol II,1,seal,0,0,1,right-to-left,13,Animals,Unicorn to R. facing cult object.,-3,52,8,94 400 402 99 67 171 8 342,94 400 402 99 67 171 8 342,
2000,4104,HP,Harappa,EH vol II,1,seal,0,0,1,right-to-left,13,Animals,Unicorn to R. facing cult object.,-4,53,9,293 123 345 65 67 70 249 162 342,293 123 345 65 67 70 249 162 342,
2001,4105,HP,Harappa,EH vol II,1,seal,0,0,1,right-to-left,13,Animals,Unicorn to R. facing cult object.,-3,40,7,65 70 358 342 178 389 15,65 70 358 342 178 389 15,
2002,4106,HP,Harappa,EH vol II,1,seal,0,0,1,right-to-left,13,Animals,Unicorn to R. facing cult object.,-6,53,7,121 121 171 123 67 348 342,121 121 171 123 67 348 342,
2003,4107,HP,Harappa,EH vol II,1,seal,0,0,1,right-to-left,13,Animals,Unicorn to R. facing cult object.,-14,42,5,28 277 99 104 169,28 277 99 104 169,
2004,4108,HP,Harappa,EH vol II,1,seal,0,0,1,right-to-left,13,Animals,Unicorn to R. facing cult object.,-3,40,5,0 99 87 294 342,0 99 87 294 342,
2005,4109,HP,Harappa,EH vol II,1,seal,0,0,1,right-to-left,13,Animals,Unicorn to R. facing cult object.,-5,44,7,0 *186 343 28 249 169 342,0 186 343 28 249 169 342,2
2006,4110,HP,Harappa,EH vol II,1,seal,0,0,1,right-to-left,11,Animals,Unicorn to R. No cult object in front.,-16,40,4,150 123 48 342,150 123 48 342,
2007,4111,HP,Harappa,EH vol II,1,seal,0,0,1,right-to-left,13,Animals,Unicorn to R. facing cult object.,-7,44,7,0 343 70 72 249 162 342,0 343 70 72 249 162 342,
2008,4112,HP,Harappa,EH vol II,1,seal,0,0,1,right-to-left,13,Animals,Unicorn to R. facing cult object.,-3,44,5,267 99 387 72 211,267 99 387 72 211,
2009,4113,HP,Harappa,EH vol II,1,seal,0,0,1,right-to-left,13,Animals,Unicorn to R. facing cult object.,-1,53,5,27 345 72 53 342,27 345 72 53 342,
2010,4114,HP,Harappa,EH vol II,1,seal,0,0,1,right-to-left,13,Animals,Unicorn to R. facing cult object.,-11,49,4,295 345 104 169,295 345 104 169,
2011,4115,HP,Harappa,EH vol II,1,seal,0,0,1,right-to-left,13,Animals,Unicorn to R. facing cult object.,-16,42,2,86 250,86 250,
2012,4116,HP,Harappa,EH vol II,1,seal,0,0,1,right-to-left,13,Animals,Unicorn to R. facing cult object.,-20,47,5,391 99 109 59 12,391 99 109 59 12,
2013,4117,HP,Harappa,EH vol II,1,seal,0,0,1,right-to-left,13,Animals,Unicorn to R. facing cult object.,-3,47,4,267 99 65 388,267 99 65 388,
2014,4118,HP,Harappa,EH vol II,1,seal,0,0,1,right-to-left,13,Animals,Unicorn to R. facing cult object.,-10,42,7,412 123 98 51 130 149 342,412 123 98 51 130 149 342,
2015,4119,HP,Harappa,EH vol II,1,seal,0,0,1,right-to-left,13,Animals,Unicorn to R. facing cult object.,-9,40,9,267 99 53 182 293 112 197 342 176,267 99 53 182 293 112 197 342 176,
2016,4120,HP,Harappa,EH vol II,1,seal,0,0,1,right-to-left,13,Animals,Unicorn to R. facing cult object.,-9,47,3,25 245 245,25 245 245,
2017,4121,HP,Harappa,EH vol II,1,seal,0,0,1,right-to-left,13,Animals,Unicorn to R. facing cult object.,-5,41,4,86 59 127 *249,86 59 127 249,4
2018,4122,HP,Harappa,EH vol II,1,seal,0,0,1,right-to-left,13,Animals,Unicorn to R. facing cult object.,-7,53,3,205 102 162,205 102 162,
2019,4123,HP,Harappa,EH vol II,1,seal,1,0,1,right-to-left,0,No field symbol,No Field Symbol,-14,43,5,384 99 205 245 342,384 99 205 245 342,
2020,4123,HP,Harappa,EH vol II,1,seal,2,0,1,right-to-left,0,No field symbol,No Field Symbol,-14,43,6,245 307 307 249 307 342,245 307 307 249 307 342,
2021,4123,HP,Harappa,EH vol II,1,seal,3,9,0,unrecorded,13,Animals,Unicorn to R. facing cult object.,-14,43,0,,,
2022,4124,HP,Harappa,EH vol II,1,seal,0,0,1,right-to-left,13,Animals,Unicorn to R. facing cult object.,-10,43,2,77 342,77 342,
2023,4125,HP,Harappa,EH vol II,1,seal,0,0,1,right-to-left,13,Animals,Unicorn to R. facing cult object.,-9,42,4,67 301 155 211,67 301 155 211,
2024,4126,HP,Harappa,EH vol II,1,seal,0,0,1,right-to-left,13,Animals,Unicorn to R. facing cult object.,-6,53,4,267 99 102 162,267 99 102 162,
2025,4127,HP,Harappa,EH vol II,1,seal,0,0,9,no text,13,Animals,Unicorn to R. facing cult object.,-16,43,2,378 0,378 0,
2026,4128,HP,Harappa,EH vol II,1,seal,0,0,1,right-to-left,13,Animals,Unicorn to R. facing cult object.,-9,47,4,102 17 8 342,102 17 8 342,
2027,4129,HP,Harappa,EH vol II,1,seal,0,0,1,right-to-left,13,Animals,Unicorn to R. facing cult object.,-6,44,2,47 211,47 211,
2028,4130,HP,Harappa,EH vol II,1,seal,0,0,1,right-to-left,13,Animals,Unicorn to R. facing cult object.,-6,42,4,170 75 245 245,170 75 245 245,
2029,4131,HP,Harappa,EH vol II,1,seal,0,0,1,right-to-left,13,Animals,Unicorn to R. facing cult object.,-4,53,6,28 169 343 249 169 342,28 169 343 249 169 342,
2030,4132,HP,Harappa,EH vol II,1,seal,0,0,1,right-to-left,13,Animals,Unicorn to R. facing cult object.,-4,49,5,328 343 249 162 342,328 343 249 162 342,
2031,4133,HP,Harappa,EH vol II,1,seal,0,0,1,right-to-left,13,Animals,Unicorn to R. facing cult object.,-8,41,4,102 216 245 245,102 216 245 245,
2032,4134,HP,Harappa,EH vol II,1,seal,0,0,1,right-to-left,13,Animals,Unicorn to R. facing cult object.,-7,44,5,391 99 106 287 342,391 99 106 287 342,
2033,4135,HP,Harappa,EH vol II,1,seal,0,0,1,right-to-left,13,Animals,Unicorn to R. facing cult object.,0,46,4,87 28 257 99,87 28 257 99,
2034,4136,HP,Harappa,EH vol II,1,seal,0,0,1,right-to-left,13,Animals,Unicorn to R. facing cult object.,-11,44,3,0 206 12,0 206 12,
2035,4137,HP,Harappa,EH vol II,1,seal,0,0,1,right-to-left,13,Animals,Unicorn to R. facing cult object.,-5,40,4,124 25 176 342,124 25 176 342,
2036,4138,HP,Harappa,EH vol II,1,seal,0,0,1,right-to-left,13,Animals,Unicorn to R. facing cult object.,-14,49,4,103 403 347 342,103 403 347 342,
2037,4139,HP,Harappa,EH vol II,1,seal,0,0,1,right-to-left,11,Animals,Unicorn to R. No cult object in front.,-10,40,5,305 123 249 162 342,305 123 249 162 342,
2038,4140,HP,Harappa,EH vol II,1,seal,0,0,1,right-to-left,13,Animals,Unicorn to R. facing cult object.,-15,43,3,67 72 204,67 72 204,
2039,4141,HP,Harappa,EH vol II,1,seal,0,0,1,right-to-left,13,Animals,Unicorn to R. facing cult object.,-14,41,7,155 162 99 102 59 342 1,155 162 99 102 59 342 1,
2040,4142,HP,Harappa,EH vol II,1,seal,0,0,1,right-to-left,13,Animals,Unicorn to R. facing cult object.,-8,47,3,341 8 342,341 8 342,
2041,4143,HP,Harappa,EH vol II,1,seal,0,0,1,right-to-left,13,Animals,Unicorn to R. facing cult object.,-8,47,4,87 59 342 1,87 59 342 1,
2042,4144,HP,Harappa,EH vol II,1,seal,0,0,1,right-to-left,351,Animals,Uncertain animal (mostly bovine) to R.,-10,40,3,0 *002 12,0 2 12,2
2043,4145,HP,Harappa,EH vol II,1,seal,0,0,1,right-to-left,13,Animals,Unicorn to R. facing cult object.,-13,41,5,*086 124 25 176 342,86 124 25 176 342,1
2044,4146,HP,Harappa,EH vol II,1,seal,0,0,1,right-to-left,13,Animals,Unicorn to R. facing cult object.,-18,43,2,124 342,124 342,
2045,4147,HP,Harappa,EH vol II,1,seal,0,0,1,right-to-left,13,Animals,Unicorn to R. facing cult object.,-12,40,5,328 343 89 294 342,328 343 89 294 342,
2046,4148,HP,Harappa,EH vol II,1,seal,0,0,1,right-to-left,13,Animals,Unicorn to R. facing cult object.,-6,44,4,86 175 176 211,86 175 176 211,
2047,4149,HP,Harappa,EH vol II,1,seal,0,0,1,right-to-left,11,Animals,Unicorn to R. No cult object in front.,-13,42,3,0 59 211,0 59 211,
2048,4150,HP,Harappa,EH vol II,1,seal,0,0,1,right-to-left,351,Animals,Uncertain animal (mostly bovine) to R.,-4,40,4,0 127 127 342,0 127 127 342,
2049,4152,HP,Harappa,EH vol II,1,seal,0,0,1,right-to-left,11,Animals,Unicorn to R. No cult object in front.,-2,52,6,391 99 100 287 194 342,391 99 100 287 194 342,
2050,4153,HP,Harappa,EH vol II,1,seal,0,0,1,right-to-left,11,Animals,Unicorn to R. No cult object in front.,-13,43,6,253 230 99 65 67 0,253 230 99 65 67 0,
2051,4154,HP,Harappa,EH vol II,1,seal,0,0,1,right-to-left,11,Animals,Unicorn to R. No cult object in front.,-10,44,4,267 99 72 0,267 99 72 0,
2052,4155,HP,Harappa,EH vol II,1,seal,0,0,1,right-to-left,11,Animals,Unicorn to R. No cult object in front.,-7,44,2,124 342,124 342,
2053,4156,HP,Harappa,EH vol II,1,seal,0,0,1,right-to-left,13,Animals,Unicorn to R. facing cult object.,-5,49,3,*076 402 99,76 402 99,1
2054,4158,HP,Harappa,EH vol II,1,seal,0,0,9,no text,11,Animals,Unicorn to R. No cult object in front.,-11,44,2,*355 0,355 0,1
2055,4159,HP,Harappa,EH vol II,1,seal,0,0,1,right-to-left,13,Animals,Unicorn to R. facing cult object.,-15,43,4,391 99 87 0,391 99 87 0,
2056,4160,HP,Harappa,EH vol II,1,seal,0,0,1,right-to-left,13,Animals,Unicorn to R. facing cult object.,-2,44,2,104 169,104 169,
2057,4161,HP,Harappa,EH vol II,1,seal,0,0,1,right-to-left,13,Animals,Unicorn to R. facing cult object.,-13,40,4,249 162 342 176,249 162 342 176,
2058,4162,HP,Harappa,EH vol II,1,seal,0,0,1,right-to-left,13,Animals,Unicorn to R. facing cult object.,-12,41,7,87 249 343 175 230 53 342,87 249 343 175 230 53 342,
2059,4163,HP,Harappa,EH vol II,1,seal,0,0,1,right-to-left,13,Animals,Unicorn to R. facing cult object.,-2,52,4,254 98 380 32,254 98 380 32,
2060,4164,HP,Harappa,EH vol II,1,seal,0,0,1,right-to-left,13,Animals,Unicorn to R. facing cult object.,-10,41,5,102 59 342 1 176,102 59 342 1 176,
2061,4165,HP,Harappa,EH vol II,1,seal,0,0,1,right-to-left,13,Animals,Unicorn to R. facing cult object.,-14,41,2,283 162,283 162,
2062,4166,HP,Harappa,EH vol II,1,seal,0,0,1,right-to-left,13,Animals,Unicorn to R. facing cult object.,-6,44,2,86 15,86 15,
2063,4167,HP,Harappa,EH vol II,1,seal,0,0,1,right-to-left,13,Animals,Unicorn to R. facing cult object.,-4,49,3,*087 0 342,87 0 342,1
2064,4168,HP,Harappa,EH vol II,1,seal,0,0,1,right-to-left,351,Animals,Uncertain animal (mostly bovine) to R.,-9,40,4,0 59 342 1,0 59 342 1,
2065,4169,HP,Harappa,EH vol II,1,seal,0,0,1,right-to-left,351,Animals,Uncertain animal (mostly bovine) to R.,-9,47,3,0 294 375,0 294 375,
2066,4170,HP,Harappa,EH vol II,1,seal,0,0,1,right-to-left,351,Animals,Uncertain animal (mostly bovine) to R.,-4,57,3,0 *149 342,0 149 342,2
2067,4171,HP,Harappa,EH vol II,1,seal,0,0,1,right-to-left,13,Animals,Unicorn to R. facing cult object.,-2,40,2,109 59,109 59,
2068,4172,HP,Harappa,EH vol II,1,seal,0,0,1,right-to-left,351,Animals,Uncertain animal (mostly bovine) to R.,-16,49,5,0 *336 89 211 0,0 336 89 211 0,2
2069,4176,HP,Harappa,EH vol II,1,seal,0,0,1,right-to-left,11,Animals,Unicorn to R. No cult object in front.,0,45,4,391 99 67 0,391 99 67 0,
2070,4177,HP,Harappa,EH vol II,1,seal,0,0,1,right-to-left,351,Animals,Uncertain animal (mostly bovine) to R.,-11,43,3,0 *002 12,0 2 12,2
2071,4178,HP,Harappa,EH vol II,1,seal,0,0,1,right-to-left,13,Animals,Unicorn to R. facing cult object.,-13,49,3,149 51 0,149 51 0,
2072,4180,HP,Harappa,EH vol II,1,seal,0,0,1,right-to-left,13,Animals,Unicorn to R. facing cult object.,-5,44,3,173 99 0,173 99 0,
2073,4181,HP,Harappa,EH vol II,1,seal,0,0,1,right-to-left,13,Animals,Unicorn to R. facing cult object.,-4,56,2,416 342,416 342,
2074,4183,HP,Harappa,EH vol II,1,seal,0,0,9,no text,13,Animals,Unicorn to R. facing cult object.,-5,44,2,267 0,267 0,
2075,4185,HP,Harappa,EH vol II,1,seal,0,0,1,right-to-left,13,Animals,Unicorn to R. facing cult object.,-1,57,4,0 137 244 0,0 137 244 0,
2076,4186,HP,Harappa,EH vol II,1,seal,0,0,1,right-to-left,13,Animals,Unicorn to R. facing cult object.,-20,40,4,0 99 301 0,0 99 301 0,
2077,4188,HP,Harappa,EH vol II,1,seal,0,0,1,right-to-left,13,Animals,Unicorn to R. facing cult object.,-1,40,5,287 136 135 287 *342,287 136 135 287 342,5
2078,4189,HP,Harappa,EH vol II,1,seal,0,0,1,right-to-left,351,Animals,Uncertain animal (mostly bovine) to R.,-11,40,5,0 72 204 112 342,0 72 204 112 342,
2079,4197,HP,Harappa,EH vol II,1,seal,0,0,9,no text,351,Animals,Uncertain animal (mostly bovine) to R.,-10,43,2,0 *015,0 15,2
2080,4198,HP,Harappa,EH vol II,1,seal,0,0,1,right-to-left,11,Animals,Unicorn to R. No cult object in front.,-3,52,3,0 53 342,0 53 342,
2081,4204,HP,Harappa,EH vol II,1,seal,0,1,1,right-to-left,13,Animals,Unicorn to R. facing cult object.,-4,40,5,87 244 245 245 0,87 244 245 245 0,
2082,4204,HP,Harappa,EH vol II,1,seal,0,2,3,single sign,13,Animals,Unicorn to R. facing cult object.,-4,40,1,242,242,
2083,4206,HP,Harappa,EH vol II,1,seal,0,0,9,no text,13,Animals,Unicorn to R. facing cult object.,-5,44,3,0 102 0,0 102 0,
2084,4207,HP,Harappa,EH vol II,1,seal,0,0,9,no text,11,Animals,Unicorn to R. No cult object in front.,-13,45,2,345 0,345 0,
2085,4208,HP,Harappa,EH vol II,1,seal,0,0,9,no text,11,Animals,Unicorn to R. No cult object in front.,-15,43,2,301 0,301 0,
2086,4211,HP,Harappa,EH vol II,1,seal,0,0,1,right-to-left,999,Damaged/illegible,An uncertain/illegible field symbol.,-3,44,4,86 336 89 211,86 336 89 211,
2087,4212,HP,Harappa,EH vol II,1,seal,0,0,9,no text,0,No field symbol,No Field Symbol,-3,40,2,267 0,267 0,
2088,4217,HP,Harappa,EH vol II,1,seal,0,0,9,no text,999,Damaged/illegible,An uncertain/illegible field symbol.,-6,43,3,1 *001 0,1 1 0,2
2089,4220,HP,Harappa,EH vol II,1,seal,0,0,1,right-to-left,0,No field symbol,No Field Symbol,-6,41,3,252 382 391,252 382 391,
2090,4222,HP,Harappa,EH vol II,1,seal,1,0,1,right-to-left,0,No field symbol,No Field Symbol,-8,40,3,197 169 345,197 169 345,
2091,4222,HP,Harappa,EH vol II,1,seal,2,0,2,left-to-right,0,No field symbol,No Field Symbol,-8,40,2,197 169,197 169,
2092,4223,HP,Harappa,EH vol II,1,seal,0,0,2,left-to-right,870,"Symbols, motifs, geometric patterns",Boat.,-9,42,2,224 176,224 176,
2093,4224,HP,Harappa,EH vol II,1,seal,0,1,1,right-to-left,0,No field symbol,No Field Symbol,-3,41,4,86 134 7 342,86 134 7 342,
2094,4224,HP,Harappa,EH vol II,1,seal,0,2,1,right-to-left,0,No field symbol,No Field Symbol,-3,41,2,97 216,97 216,
2095,4225,HP,Harappa,EH vol II,1,seal,0,0,1,right-to-left,999,Damaged/illegible,An uncertain/illegible field symbol.,-20,43,2,72 *017,72 17,2
2096,4227,HP,Harappa,EH vol II,1,seal,0,0,1,right-to-left,71,Animals,Elephant to R.,-7,40,5,127 55 84 402 212,127 55 84 402 212,
2097,4228,HP,Harappa,EH vol II,1,seal,0,0,1,right-to-left,71,Animals,Elephant to R.,-7,40,4,343 *237 81 176,343 237 81 176,2
2098,4229,HP,Harappa,EH vol II,1,seal,0,0,1,right-to-left,71,Animals,Elephant to R.,-16,42,7,89 99 173 59 398 48 15,89 99 173 59 398 48 15,
2099,4230,HP,Harappa,EH vol II,1,seal,0,0,1,right-to-left,71,Animals,Elephant to R.,-8,47,5,150 123 302 155 211,150 123 302 155 211,
2100,4231,HP,Harappa,EH vol II,1,seal,0,0,1,right-to-left,71,Animals,Elephant to R.,0,45,2,328 307,328 307,
2101,4232,HP,Harappa,EH vol II,1,seal,0,0,1,right-to-left,31,Animals,Humped bull to R.,0,51,5,267 99 59 59 211,267 99 59 59 211,
2102,4233,HP,Harappa,EH vol II,1,seal,0,0,1,right-to-left,31,Animals,Humped bull to R.,-17,40,3,86 230 211,86 230 211,
2103,4235,HP,Harappa,EH vol II,1,seal,0,0,1,right-to-left,45,Animals,Short-horned bull to R. facing feeding trough.,-11,40,2,40 176,40 176,
2104,4236,HP,Harappa,EH vol II,1,seal,0,0,9,no text,31,Animals,Humped bull to R.,-21,42,2,150 0,150 0,
2105,4237,HP,Harappa,EH vol II,1,seal,0,0,1,right-to-left,31,Animals,Humped bull to R.,-15,49,3,87 284 342,87 284 342,
2106,4238,HP,Harappa,EH vol II,1,seal,0,0,1,right-to-left,45,Animals,Short-horned bull to R. facing feeding trough.,-12,42,6,343 229 59 99 112 162,343 229 59 99 112 162,
2107,4239,HP,Harappa,EH vol II,1,seal,0,0,1,right-to-left,61,Animals,Buffalo to R.,-10,40,4,89 106 287 342,89 106 287 342,
2108,4240,HP,Harappa,EH vol II,1,seal,0,0,1,right-to-left,61,Animals,Buffalo to R.,-6,42,3,330 245 342,330 245 342,
2109,4241,HP,Harappa,EH vol II,1,seal,0,0,1,right-to-left,45,Animals,Short-horned bull to R. facing feeding trough.,-6,41,7,22 47 343 65 67 8 342,22 47 343 65 67 8 342,
2110,4243,HP,Harappa,EH vol II,1,seal,0,0,1,right-to-left,45,Animals,Short-horned bull to R. facing feeding trough.,-13,42,5,0 *123 104 369 342,0 123 104 369 342,2
2111,4244,HP,Harappa,EH vol II,1,seal,0,0,1,right-to-left,45,Animals,Short-horned bull to R. facing feeding trough.,0,45,5,86 197 99 389 0,86 197 99 389 0,
2112,4245,HP,Harappa,EH vol II,1,seal,0,0,1,right-to-left,45,Animals,Short-horned bull to R. facing feeding trough.,-3,53,7,261 186 343 171 8 391 252,261 186 343 171 8 391 252,
2113,4246,HP,Harappa,EH vol II,1,seal,0,0,3,single sign,95,Animals,Tiger to R. facing feeding trough.,-8,44,1,31,31,
2114,4249,HP,Harappa,EH vol II,1,seal,0,0,1,right-to-left,251,Animals,"Fabulous animal to R. with body of ram, horns of bull, trunk of elephant, hind legs of tiger and upraised serpent-like tail.",-10,40,3,281 342 402,281 342 402,
2115,4250,HP,Harappa,EH vol II,1,seal,0,0,1,right-to-left,999,Damaged/illegible,An uncertain/illegible field symbol.,-15,49,7,0 59 99 67 65 347 342,0 59 99 67 65 347 342,
2116,4251,HP,Harappa,EH vol II,1,seal,0,1,1,right-to-left,590,Anthropomorphic forms,Seven robed figures standing in a row.,-5,42,3,295 336 53,295 336 53,
2117,4251,HP,Harappa,EH vol II,1,seal,0,2,1,right-to-left,590,Anthropomorphic forms,Seven robed figures standing in a row.,-5,42,4,237 237 237 125,237 237 237 125,
2118,4253,HP,Harappa,EH vol II,1,seal,0,0,1,right-to-left,113,Animals,Rhinoceros to R. facing feeding trough.,-11,40,4,391 403 87 342,391 403 87 342,
2119,4254,HP,Harappa,EH vol II,1,seal,0,0,1,right-to-left,0,No field symbol,No Field Symbol,-6,47,10,389 171 59 341 342 336 89 211 2 14,389 171 59 341 342 336 89 211 2 14,
2120,4256,HP,Harappa,EH vol II,1,seal,0,1,1,right-to-left,851,"Symbols, motifs, geometric patterns",Cult object (the so-called 'manger' or 'incense-burner') identified by Mahadevan as a 'sacred filter'.,-18,42,3,109 59 211,109 59 211,
2121,4256,HP,Harappa,EH vol II,1,seal,0,2,1,right-to-left,851,"Symbols, motifs, geometric patterns",Cult object (the so-called 'manger' or 'incense-burner') identified by Mahadevan as a 'sacred filter'.,-18,42,2,293 267,293 267,
2122,4258,HP,Harappa,EH vol II,1,seal,0,0,1,right-to-left,0,No field symbol,No Field Symbol,-6,42,5,0 99 *171 59 211,0 99 171 59 211,3
2123,4259,HP,Harappa,EH vol II,1,seal,0,0,9,no text,999,Damaged/illegible,An uncertain/illegible field symbol.,-6,44,3,0 72 0,0 72 0,
2124,4260,HP,Harappa,EH vol II,1,seal,0,0,1,right-to-left,0,No field symbol,No Field Symbol,-19,43,5,249 28 99 216 254,249 28 99 216 254,
2125,4261,HP,Harappa,EH vol II,1,seal,0,0,1,right-to-left,0,No field symbol,No Field Symbol,-2,41,7,150 123 53 171 59 226 342,150 123 53 171 59 226 342,
2126,4262,HP,Harappa,EH vol II,1,seal,0,0,1,right-to-left,0,No field symbol,No Field Symbol,-7,40,6,72 186 301 155 347 342,72 186 301 155 347 342,
2127,4263,HP,Harappa,EH vol II,1,seal,0,0,1,right-to-left,0,No field symbol,No Field Symbol,-9,40,7,343 87 59 67 403 87 342,343 87 59 67 403 87 342,
2128,4264,HP,Harappa,EH vol II,1,seal,0,0,1,right-to-left,0,No field symbol,No Field Symbol,-5,40,7,267 99 102 59 249 169 342,267 99 102 59 249 169 342,
2129,4265,HP,Harappa,EH vol II,1,seal,0,0,1,right-to-left,0,No field symbol,No Field Symbol,-14,47,5,0 *216 343 244 252,0 216 343 244 252,2
2130,4266,HP,Harappa,EH vol II,1,seal,0,0,1,right-to-left,0,No field symbol,No Field Symbol,-5,48,6,89 381 28 174 180 97,89 381 28 174 180 97,
2131,4267,HP,Harappa,EH vol II,1,seal,0,0,1,right-to-left,0,No field symbol,No Field Symbol,-6,47,3,204 267 402,204 267 402,
2132,4268,HP,Harappa,EH vol II,1,seal,0,0,1,right-to-left,0,No field symbol,No Field Symbol,-3,40,5,267 99 87 326 342,267 99 87 326 342,
2133,4269,HP,Harappa,EH vol II,1,seal,0,0,1,right-to-left,0,No field symbol,No Field Symbol,-3,40,10,319 83 267 99 87 59 65 342 124 169,319 83 267 99 87 59 65 342 124 169,
2134,4270,HP,Harappa,EH vol II,1,seal,0,0,1,right-to-left,0,No field symbol,No Field Symbol,-5,42,6,267 99 389 70 348 342,267 99 389 70 348 342,
2135,4271,HP,Harappa,EH vol II,1,seal,0,0,1,right-to-left,0,No field symbol,No Field Symbol,-6,47,14,0 *054 58 197 252 99 121 336 89 67 72 403 87 342,0 54 58 197 252 99 121 336 89 67 72 403 87 342,2
2136,4272,HP,Harappa,EH vol II,1,seal,0,0,1,right-to-left,0,No field symbol,No Field Symbol,-2,47,6,150 123 375 385 81 342,150 123 375 385 81 342,
2137,4273,HP,Harappa,EH vol II,1,seal,0,0,1,right-to-left,0,No field symbol,No Field Symbol,-5,40,4,*336 341 327 15,336 341 327 15,1
2138,4274,HP,Harappa,EH vol II,1,seal,0,0,1,right-to-left,0,No field symbol,No Field Symbol,-7,40,8,65 72 99 155 102 287 87 169,65 72 99 155 102 287 87 169,
2139,4275,HP,Harappa,EH vol II,1,seal,0,0,1,right-to-left,0,No field symbol,No Field Symbol,0,40,9,391 99 65 244 58 336 89 124 169,391 99 65 244 58 336 89 124 169,
2140,4276,HP,Harappa,EH vol II,1,seal,1,0,1,right-to-left,0,No field symbol,No Field Symbol,-11,42,4,178 389 15 176,178 389 15 176,
2141,4276,HP,Harappa,EH vol II,1,seal,2,0,2,left-to-right,0,No field symbol,No Field Symbol,-11,42,2,112 402,112 402,
2142,4277,HP,Harappa,EH vol II,1,seal,0,0,9,no text,0,No field symbol,No Field Symbol,-1,57,3,0 59 0,0 59 0,
2143,4279,HP,Harappa,EH vol II,1,seal,0,0,2,left-to-right,0,No field symbol,No Field Symbol,0,59,3,389 121 342,389 121 342,
2144,4280,HP,Harappa,EH vol II,1,seal,0,0,1,right-to-left,0,No field symbol,No Field Symbol,-9,47,3,54 307 413,54 307 413,
2145,4281,HP,Harappa,EH vol II,1,seal,0,0,1,right-to-left,0,No field symbol,No Field Symbol,-5,41,8,391 99 389 *067 72 336 89 211,391 99 389 67 72 336 89 211,4
2146,4282,HP,Harappa,EH vol II,1,seal,0,0,1,right-to-left,0,No field symbol,No Field Symbol,-5,41,6,267 99 98 178 389 15,267 99 98 178 389 15,
2147,4283,HP,Harappa,EH vol II,1,seal,0,0,1,right-to-left,0,No field symbol,No Field Symbol,-2,42,5,293 293 293 342 126,293 293 293 342 126,
2148,4284,HP,Harappa,EH vol II,1,seal,0,0,1,right-to-left,0,No field symbol,No Field Symbol,-7,42,3,204 245 15,204 245 15,
2149,4285,HP,Harappa,EH vol II,1,seal,0,0,1,right-to-left,0,No field symbol,No Field Symbol,-8,43,3,65 67 211,65 67 211,
2150,4286,HP,Harappa,EH vol II,1,seal,0,0,1,right-to-left,0,No field symbol,No Field Symbol,-5,40,3,0 415 342,0 415 342,
2151,4287,HP,Harappa,EH vol II,1,seal,0,0,1,right-to-left,0,No field symbol,No Field Symbol,-3,42,5,0 65 70 124 169,0 65 70 124 169,
2152,4288,HP,Harappa,EH vol II,1,seal,0,0,1,right-to-left,0,No field symbol,No Field Symbol,-8,46,6,0 65 336 89 194 169,0 65 336 89 194 169,
2153,4289,HP,Harappa,EH vol II,1,seal,0,0,1,right-to-left,0,No field symbol,No Field Symbol,-6,47,3,87 59 342,87 59 342,
2154,4290,HP,Harappa,EH vol II,1,seal,0,0,1,right-to-left,0,No field symbol,No Field Symbol,-10,44,3,0 57 *015,0 57 15,3
2155,4291,HP,Harappa,EH vol II,1,seal,0,0,1,right-to-left,0,No field symbol,No Field Symbol,-7,48,4,17 336 244 0,17 336 244 0,
2156,4292,HP,Harappa,EH vol II,1,seal,0,0,1,right-to-left,0,No field symbol,No Field Symbol,-6,47,4,0 48 8 342,0 48 8 342,
2157,4293,HP,Harappa,EH vol II,1,seal,0,0,1,right-to-left,0,No field symbol,No Field Symbol,-8,47,4,267 99 *287 0,267 99 287 0,3
2158,4294,HP,Harappa,EH vol II,1,seal,0,0,1,right-to-left,0,No field symbol,No Field Symbol,-7,40,5,253 319 175 180 0,253 319 175 180 0,
2159,4295,HP,Harappa,EH vol II,1,seal,0,0,1,right-to-left,0,No field symbol,No Field Symbol,-3,42,3,267 99 0,267 99 0,
2160,4296,HP,Harappa,EH vol II,1,seal,0,0,1,right-to-left,0,No field symbol,No Field Symbol,-20,46,6,241 287 319 176 51 176,241 287 319 176 51 176,
2161,4297,HP,Harappa,EH vol II,1,seal,0,0,1,right-to-left,0,No field symbol,No Field Symbol,-4,57,7,249 169 342 98 178 389 15,249 169 342 98 178 389 15,
2162,4298,HP,Harappa,EH vol II,1,seal,0,0,1,right-to-left,0,No field symbol,No Field Symbol,-6,47,2,389 224,389 224,
2163,4299,HP,Harappa,EH vol II,1,seal,0,0,9,no text,0,No field symbol,No Field Symbol,-4,49,2,234 0,234 0,
2164,4300,HP,Harappa,EH vol II,1,seal,0,0,9,no text,0,No field symbol,No Field Symbol,-6,40,2,*186 0,186 0,1
2165,4301,HP,Harappa,EH vol II,1,seal,0,0,9,no text,0,No field symbol,No Field Symbol,-12,40,2,391 0,391 0,
2166,4302,HP,Harappa,EH vol II,1,seal,0,0,1,right-to-left,0,No field symbol,No Field Symbol,-4,42,2,*112 *169,112 169,1 2
2167,4303,HP,Harappa,EH vol II,2,sealing,1,0,1,right-to-left,600,Scenes,Person standing at the centre between two-tiered structure at R. and short-horned bull standing near trident-headed post at L.,-7,44,3,391 391 342,391 391 342,
2168,4303,HP,Harappa,EH vol II,2,sealing,2,9,0,unrecorded,760,Scenes,From R.  Tiger looking at goat; seated personage on pedestal; person seated on a tree with tiger below.,-7,44,0,,,
2169,4304,HP,Harappa,EH vol II,2,sealing,1,0,1,right-to-left,700,Scenes,"At R., nude female figure upside down with thighs drawn apart, and a crab (?) issuing from her womb ; two tigers standing face to face rearing on hind legs at L.",-10,40,6,402 188 343 249 162 12,402 188 343 249 162 12,
2170,4304,HP,Harappa,EH vol II,2,sealing,2,0,1,right-to-left,550,Anthropomorphic forms,Man armed with sickle-shaped weapon facing seated woman with disheveled hair and upraised arms.,-10,40,6,402 188 343 249 162 12,402 188 343 249 162 12,
2171,4305,HP,Harappa,EH vol II,2,sealing,1,0,3,single sign,530,Anthropomorphic forms,"Standing personage with horns and bovine features, holding staff Or mace on his shoulder.",-12,40,1,344,344,
2172,4305,HP,Harappa,EH vol II,2,sealing,2,0,3,single sign,530,Anthropomorphic forms,"Standing personage with horns and bovine features, holding staff Or mace on his shoulder.",-12,40,1,344,344,
2173,4305,HP,Harappa,EH vol II,2,sealing,3,0,3,single sign,530,Anthropomorphic forms,"Standing personage with horns and bovine features, holding staff Or mace on his shoulder.",-12,40,1,344,344,
2174,4306,HP,Harappa,EH vol II,2,sealing,1,0,1,right-to-left,710,Scenes,Drummer in the centre; tiger at R. looking to L.,-1,47,3,403 87 342,403 87 342,
2175,4306,HP,Harappa,EH vol II,2,sealing,2,0,1,right-to-left,822,"Symbols, motifs, geometric patterns",Row of five svastikas enclosed in square borders.,-1,47,3,403 87 342,403 87 342,
2176,4307,HP,Harappa,EH vol II,2,sealing,1,0,1,right-to-left,0,No field symbol,No Field Symbol,-12,40,3,48 8 342,48 8 342,
2177,4307,HP,Harappa,EH vol II,2,sealing,2,9,0,unrecorded,503,Anthropomorphic forms,Standing personage with diadem under ornamental arch.,-12,40,0,,,
2178,4309,HP,Harappa,EH vol II,2,sealing,1,0,1,right-to-left,540,Anthropomorphic forms,Person carrying cult object.,-15,43,3,155 342 249,155 342 249,
2179,4309,HP,Harappa,EH vol II,2,sealing,2,1,1,right-to-left,851,"Symbols, motifs, geometric patterns",Cult object (the so-called 'manger' or 'incense-burner') identified by Mahadevan as a 'sacred filter'.,-15,43,2,336 321,336 321,
2180,4309,HP,Harappa,EH vol II,2,sealing,2,2,1,right-to-left,851,"Symbols, motifs, geometric patterns",Cult object (the so-called 'manger' or 'incense-burner') identified by Mahadevan as a 'sacred filter'.,-15,43,4,87 141 328 328,87 141 328 328,
2181,4311,HP,Harappa,EH vol II,2,sealing,0,0,3,single sign,352,Animals,Uncertain animal (mostly bovine ) to L.,-8,40,1,384,384,
2182,4312,HP,Harappa,EH vol II,2,sealing,1,0,1,right-to-left,0,No field symbol,No Field Symbol,-4,40,4,70 53 48 342,70 53 48 342,
2183,4312,HP,Harappa,EH vol II,2,sealing,2,9,0,unrecorded,62,Animals,Buffalo to L.,-4,40,0,,,
2184,4314,HP,Harappa,EH vol II,2,sealing,1,0,1,right-to-left,0,No field symbol,No Field Symbol,-7,40,5,267 99 67 294 342,267 99 67 294 342,
2185,4314,HP,Harappa,EH vol II,2,sealing,2,0,1,right-to-left,23,Animals,Bull with two long horns to R.facing cult object.,-7,40,2,87 328,87 328,
2186,4315,HP,Harappa,EH vol II,2,sealing,1,0,1,right-to-left,0,No field symbol,No Field Symbol,-2,56,5,210 169 99 67 211,210 169 99 67 211,
2187,4315,HP,Harappa,EH vol II,2,sealing,2,9,0,unrecorded,11,Animals,Unicorn to R. No cult object in front.,-2,56,0,,,
2188,4316,HP,Harappa,EH vol II,2,sealing,1,0,1,right-to-left,0,No field symbol,No Field Symbol,-4,56,7,267 99 86 336 12 89 328,267 99 86 336 12 89 328,
2189,4316,HP,Harappa,EH vol II,2,sealing,2,9,0,unrecorded,790,Scenes,From R.  Personage standing under an ornamental arch; kneeling adorant in front ; ram behind him.,-4,56,0,,,
2190,4317,HP,Harappa,EH vol II,2,sealing,1,0,1,right-to-left,821,"Symbols, motifs, geometric patterns",Svastika generally within square or rectangular border.,-6,41,7,150 0 267 0 162 342 176,150 0 267 0 162 342 176,
2191,4317,HP,Harappa,EH vol II,2,sealing,2,9,0,unrecorded,502,Anthropomorphic forms,Standing personage under ornamental arch with pipal leaves.,-6,41,0,,,
2192,4318,HP,Harappa,EH vol II,2,sealing,1,0,1,right-to-left,0,No field symbol,No Field Symbol,-5,40,3,341 342 176,341 342 176,
2193,4318,HP,Harappa,EH vol II,2,sealing,2,9,0,unrecorded,501,Anthropomorphic forms,"Standing personage wearing a diadem or tall head-dress, between two posts.",-5,40,0,,,
2194,4319,HP,Harappa,EH vol II,2,sealing,1,0,2,left-to-right,0,No field symbol,No Field Symbol,-2,45,7,293 123 343 106 402 336 321,293 123 343 106 402 336 321,
2195,4319,HP,Harappa,EH vol II,2,sealing,2,9,0,unrecorded,512,Anthropomorphic forms,"Standing personage, with horn and bovine features, in dancing pose.",-2,45,0,,,
2196,4320,HP,Harappa,EH vol II,2,sealing,1,0,1,right-to-left,0,No field symbol,No Field Symbol,-9,40,5,47 48 8 342 176,47 48 8 342 176,
2197,4320,HP,Harappa,EH vol II,2,sealing,2,9,0,unrecorded,851,"Symbols, motifs, geometric patterns",Cult object (the so-called 'manger' or 'incense-burner') identified by Mahadevan as a 'sacred filter'.,-9,40,0,,,
2198,4321,HP,Harappa,EH vol II,2,sealing,1,0,1,right-to-left,0,No field symbol,No Field Symbol,-7,42,4,67 135 347 342,67 135 347 342,
2199,4321,HP,Harappa,EH vol II,2,sealing,2,0,1,right-to-left,851,"Symbols, motifs, geometric patterns",Cult object (the so-called 'manger' or 'incense-burner') identified by Mahadevan as a 'sacred filter'.,-7,42,2,345 328,345 328,
2200,4322,HP,Harappa,EH vol II,2,sealing,1,0,1,right-to-left,0,No field symbol,No Field Symbol,-9,40,4,337 294 15 176,337 294 15 176,
2201,4322,HP,Harappa,EH vol II,2,sealing,2,9,0,unrecorded,852,"Symbols, motifs, geometric patterns",A frieze of cult objects alternating with of vertical rows of circles.,-9,40,0,,,
2202,4323,HP,Harappa,EH vol II,2,sealing,1,0,1,right-to-left,0,No field symbol,No Field Symbol,-3,42,3,178 389 15,178 389 15,
2203,4323,HP,Harappa,EH vol II,2,sealing,2,9,0,unrecorded,442,Trees and leaves,Kino Tree within railing.,-3,42,0,,,
2204,4324,HP,Harappa,EH vol II,2,sealing,1,0,1,right-to-left,0,No field symbol,No Field Symbol,-13,40,4,59 59 155 211,59 59 155 211,
2205,4324,HP,Harappa,EH vol II,2,sealing,2,0,1,right-to-left,441,Trees and leaves,Kino Tree.,-13,40,2,87 328,87 328,
2206,4325,HP,Harappa,EH vol II,2,sealing,1,0,1,right-to-left,0,No field symbol,No Field Symbol,-7,40,5,171 8 342 1 176,171 8 342 1 176,
2207,4325,HP,Harappa,EH vol II,2,sealing,2,9,0,unrecorded,442,Trees and leaves,Kino Tree within railing.,-7,40,0,,,
2208,4326,HP,Harappa,EH vol II,2,sealing,1,0,1,right-to-left,0,No field symbol,No Field Symbol,-6,42,4,267 99 104 169,267 99 104 169,
2209,4326,HP,Harappa,EH vol II,2,sealing,2,9,0,unrecorded,442,Trees and leaves,Kino Tree within railing.,-6,42,0,,,
2210,4327,HP,Harappa,EH vol II,2,sealing,1,0,1,right-to-left,0,No field symbol,No Field Symbol,-2,42,5,293 59 307 268 176,293 59 307 268 176,
2211,4327,HP,Harappa,EH vol II,2,sealing,2,9,0,unrecorded,442,Trees and leaves,Kino Tree within railing.,-2,42,0,,,
2212,4328,HP,Harappa,EH vol II,2,sealing,1,0,1,right-to-left,0,No field symbol,No Field Symbol,-4,43,4,287 319 134 86,287 319 134 86,
2213,4328,HP,Harappa,EH vol II,2,sealing,2,9,0,unrecorded,442,Trees and leaves,Kino Tree within railing.,-4,43,0,,,
2214,4329,HP,Harappa,EH vol II,2,sealing,1,0,1,right-to-left,0,No field symbol,No Field Symbol,-7,43,3,403 294 15,403 294 15,
2215,4329,HP,Harappa,EH vol II,2,sealing,2,9,0,unrecorded,442,Trees and leaves,Kino Tree within railing.,-7,43,0,,,
2216,4330,HP,Harappa,EH vol II,2,sealing,1,0,1,right-to-left,0,No field symbol,No Field Symbol,-1,40,4,0 307 268 176,0 307 268 176,
2217,4330,HP,Harappa,EH vol II,2,sealing,2,9,0,unrecorded,442,Trees and leaves,Kino Tree within railing.,-1,40,0,,,
2218,4331,HP,Harappa,EH vol II,2,sealing,1,0,1,right-to-left,0,No field symbol,No Field Symbol,-6,44,4,175 230 53 342,175 230 53 342,
2219,4331,HP,Harappa,EH vol II,2,sealing,2,9,0,unrecorded,442,Trees and leaves,Kino Tree within railing.,-6,44,0,,,
2220,4332,HP,Harappa,EH vol II,2,sealing,1,0,1,right-to-left,0,No field symbol,No Field Symbol,-1,52,4,175 230 53 342,175 230 53 342,
2221,4332,HP,Harappa,EH vol II,2,sealing,2,9,0,unrecorded,442,Trees and leaves,Kino Tree within railing.,-1,52,0,,,
2222,4333,HP,Harappa,EH vol II,2,sealing,1,0,9,no text,0,No field symbol,No Field Symbol,-9,53,2,53 0,53 0,
2223,4333,HP,Harappa,EH vol II,2,sealing,2,9,0,unrecorded,361,"Reptiles, fish, birds",Gharial to R.,-9,53,0,,,
2224,4334,HP,Harappa,EH vol II,2,sealing,1,0,1,right-to-left,0,No field symbol,No Field Symbol,-7,40,11,*389 171 59 182 293 51 130 149 249 169 342,389 171 59 182 293 51 130 149 249 169 342,1
2225,4334,HP,Harappa,EH vol II,2,sealing,2,9,0,unrecorded,361,"Reptiles, fish, birds",Gharial to R.,-7,40,0,,,
2226,4335,HP,Harappa,EH vol II,2,sealing,1,0,1,right-to-left,0,No field symbol,No Field Symbol,-4,40,11,389 171 59 182 293 51 130 149 249 169 342,389 171 59 182 293 51 130 149 249 169 342,
2227,4335,HP,Harappa,EH vol II,2,sealing,2,9,0,unrecorded,361,"Reptiles, fish, birds",Gharial to R.,-4,40,0,,,
2228,4336,HP,Harappa,EH vol II,2,sealing,1,0,1,right-to-left,0,No field symbol,No Field Symbol,-7,40,11,*389 171 59 182 293 51 130 149 249 169 342,389 171 59 182 293 51 130 149 249 169 342,1
2229,4336,HP,Harappa,EH vol II,2,sealing,2,9,0,unrecorded,361,"Reptiles, fish, birds",Gharial to R.,-7,40,0,,,
2230,4337,HP,Harappa,EH vol II,2,sealing,1,0,1,right-to-left,0,No field symbol,No Field Symbol,-1,42,5,127 342 176 403 340,127 342 176 403 340,
2231,4337,HP,Harappa,EH vol II,2,sealing,2,9,0,unrecorded,367,"Reptiles, fish, birds",Gharial to R. with fish in jaw surrounded by school of fish.,-1,42,0,,,
2232,4338,HP,Harappa,EH vol II,2,sealing,1,0,1,right-to-left,0,No field symbol,No Field Symbol,-6,40,4,204 112 342 176,204 112 342 176,
2233,4338,HP,Harappa,EH vol II,2,sealing,2,9,0,unrecorded,361,"Reptiles, fish, birds",Gharial to R.,-6,40,0,,,
2234,4339,HP,Harappa,EH vol II,2,sealing,1,0,1,right-to-left,0,No field symbol,No Field Symbol,-5,40,4,204 112 342 0,204 112 342 0,
2235,4339,HP,Harappa,EH vol II,2,sealing,2,9,0,unrecorded,361,"Reptiles, fish, birds",Gharial to R.,-5,40,0,,,
2236,4340,HP,Harappa,EH vol II,2,sealing,1,0,1,right-to-left,0,No field symbol,No Field Symbol,-8,40,5,391 99 40 89 328,391 99 40 89 328,
2237,4340,HP,Harappa,EH vol II,2,sealing,2,9,0,unrecorded,363,"Reptiles, fish, birds",Gharial to R. surrounded by school of fish.,-8,40,0,,,
2238,4341,HP,Harappa,EH vol II,2,sealing,1,0,1,right-to-left,0,No field symbol,No Field Symbol,-8,42,4,178 389 15 176,178 389 15 176,
2239,4341,HP,Harappa,EH vol II,2,sealing,2,9,0,unrecorded,880,"Symbols, motifs, geometric patterns",Anchor (?),-8,42,0,,,
2240,4342,HP,Harappa,EH vol II,2,sealing,1,0,1,right-to-left,0,No field symbol,No Field Symbol,-12,40,4,65 8 342 176,65 8 342 176,
2241,4342,HP,Harappa,EH vol II,2,sealing,2,0,1,right-to-left,0,No field symbol,No Field Symbol,-12,40,2,87 328,87 328,
2242,4342,HP,Harappa,EH vol II,2,sealing,3,9,0,unrecorded,45,Animals,Short-horned bull to R. facing feeding trough.,-12,40,0,,,
2243,4343,HP,Harappa,EH vol II,2,sealing,1,0,1,right-to-left,11,Animals,Unicorn to R. No cult object in front.,-9,42,5,267 99 67 135 342,267 99 67 135 342,
2244,4343,HP,Harappa,EH vol II,2,sealing,2,0,1,right-to-left,11,Animals,Unicorn to R. No cult object in front.,-9,42,4,65 59 48 342,65 59 48 342,
2245,4344,HP,Harappa,EH vol II,2,sealing,1,0,1,right-to-left,0,No field symbol,No Field Symbol,-5,42,4,263 343 113 342,263 343 113 342,
2246,4344,HP,Harappa,EH vol II,2,sealing,2,0,1,right-to-left,0,No field symbol,No Field Symbol,-5,42,6,177 197 192 341 89 328,177 197 192 341 89 328,
2247,4345,HP,Harappa,EH vol II,2,sealing,1,0,1,right-to-left,0,No field symbol,No Field Symbol,-6,53,6,242 336 56 67 244 342,242 336 56 67 244 342,
2248,4345,HP,Harappa,EH vol II,2,sealing,2,0,1,right-to-left,0,No field symbol,No Field Symbol,-6,53,2,89 328,89 328,
2249,4346,HP,Harappa,EH vol II,2,sealing,1,0,1,right-to-left,0,No field symbol,No Field Symbol,0,59,5,150 123 67 244 342,150 123 67 244 342,
2250,4346,HP,Harappa,EH vol II,2,sealing,2,0,1,right-to-left,0,No field symbol,No Field Symbol,0,59,2,95 328,95 328,
2251,4347,HP,Harappa,EH vol II,2,sealing,1,0,1,right-to-left,0,No field symbol,No Field Symbol,-12,40,3,325 342 176,325 342 176,
2252,4347,HP,Harappa,EH vol II,2,sealing,2,0,1,right-to-left,0,No field symbol,No Field Symbol,-12,40,3,87 328 0,87 328 0,
2253,4348,HP,Harappa,EH vol II,2,sealing,1,0,1,right-to-left,0,No field symbol,No Field Symbol,-13,45,6,121 51 130 149 342 176,121 51 130 149 342 176,
2254,4348,HP,Harappa,EH vol II,2,sealing,2,0,1,right-to-left,0,No field symbol,No Field Symbol,-13,45,2,87 328,87 328,
2255,4349,HP,Harappa,EH vol II,2,sealing,1,0,1,right-to-left,0,No field symbol,No Field Symbol,-4,53,8,205 293 99 48 342 *192 342 *186,205 293 99 48 342 192 342 186,6 8
2256,4349,HP,Harappa,EH vol II,2,sealing,2,0,1,right-to-left,0,No field symbol,No Field Symbol,-4,53,6,177 197 192 342 87 328,177 197 192 342 87 328,
2257,4350,HP,Harappa,EH vol II,2,sealing,1,0,1,right-to-left,0,No field symbol,No Field Symbol,-4,53,5,340 94 343 389 342,340 94 343 389 342,
2258,4350,HP,Harappa,EH vol II,2,sealing,2,0,2,left-to-right,0,No field symbol,No Field Symbol,-4,53,2,89 328,89 328,
2259,4351,HP,Harappa,EH vol II,2,sealing,1,0,1,right-to-left,0,No field symbol,No Field Symbol,-7,41,7,343 216 162 99 387 53 342,343 216 162 99 387 53 342,
2260,4351,HP,Harappa,EH vol II,2,sealing,2,0,1,right-to-left,0,No field symbol,No Field Symbol,-7,41,6,177 197 192 341 89 328,177 197 192 341 89 328,
2261,4352,HP,Harappa,EH vol II,2,sealing,1,0,1,right-to-left,0,No field symbol,No Field Symbol,-6,41,5,53 171 59 342 176,53 171 59 342 176,
2262,4352,HP,Harappa,EH vol II,2,sealing,2,0,1,right-to-left,0,No field symbol,No Field Symbol,-6,41,2,89 328,89 328,
2263,4353,HP,Harappa,EH vol II,2,sealing,1,0,1,right-to-left,0,No field symbol,No Field Symbol,-10,43,3,173 403 12,173 403 12,
2264,4353,HP,Harappa,EH vol II,2,sealing,2,0,1,right-to-left,0,No field symbol,No Field Symbol,-10,43,2,89 328,89 328,
2265,4354,HP,Harappa,EH vol II,2,sealing,1,0,1,right-to-left,0,No field symbol,No Field Symbol,-16,43,5,53 67 72 182 0,53 67 72 182 0,
2266,4354,HP,Harappa,EH vol II,2,sealing,2,0,1,right-to-left,0,No field symbol,No Field Symbol,-16,43,2,*086 328,86 328,1
2267,4355,HP,Harappa,EH vol II,2,sealing,1,0,1,right-to-left,0,No field symbol,No Field Symbol,-4,53,4,9 48 8 342,9 48 8 342,
2268,4355,HP,Harappa,EH vol II,2,sealing,2,0,1,right-to-left,0,No field symbol,No Field Symbol,-4,53,2,*087 328,87 328,1
2269,4356,HP,Harappa,EH vol II,2,sealing,1,0,2,left-to-right,0,No field symbol,No Field Symbol,-16,43,4,109 59 211 176,109 59 211 176,
2270,4356,HP,Harappa,EH vol II,2,sealing,2,0,1,right-to-left,0,No field symbol,No Field Symbol,-16,43,5,*336 267 341 89 328,336 267 341 89 328,1
2271,4357,HP,Harappa,EH vol II,2,sealing,1,0,1,right-to-left,0,No field symbol,No Field Symbol,-3,42,3,42 15 176,42 15 176,
2272,4357,HP,Harappa,EH vol II,2,sealing,2,0,2,left-to-right,0,No field symbol,No Field Symbol,-3,42,2,87 328,87 328,
2273,4358,HP,Harappa,EH vol II,2,sealing,1,0,1,right-to-left,0,No field symbol,No Field Symbol,-4,44,7,387 65 72 336 89 342 176,387 65 72 336 89 342 176,
2274,4358,HP,Harappa,EH vol II,2,sealing,2,0,1,right-to-left,0,No field symbol,No Field Symbol,-4,44,2,87 328,87 328,
2275,4359,HP,Harappa,EH vol II,2,sealing,1,0,1,right-to-left,0,No field symbol,No Field Symbol,0,57,2,272 402,272 402,
2276,4359,HP,Harappa,EH vol II,2,sealing,2,0,1,right-to-left,0,No field symbol,No Field Symbol,0,57,2,87 328,87 328,
2277,4360,HP,Harappa,EH vol II,2,sealing,1,0,1,right-to-left,0,No field symbol,No Field Symbol,-13,45,3,72 216 254,72 216 254,
2278,4360,HP,Harappa,EH vol II,2,sealing,2,0,1,right-to-left,0,No field symbol,No Field Symbol,-13,45,2,87 328,87 328,
2279,4361,HP,Harappa,EH vol II,2,sealing,1,0,1,right-to-left,0,No field symbol,No Field Symbol,-18,42,4,124 25 176 342,124 25 176 342,
2280,4361,HP,Harappa,EH vol II,2,sealing,2,0,1,right-to-left,0,No field symbol,No Field Symbol,-18,42,2,95 328,95 328,
2281,4362,HP,Harappa,EH vol II,2,sealing,1,0,1,right-to-left,0,No field symbol,No Field Symbol,-5,40,3,233 342 176,233 342 176,
2282,4362,HP,Harappa,EH vol II,2,sealing,2,0,1,right-to-left,0,No field symbol,No Field Symbol,-5,40,3,67 72 211,67 72 211,
2283,4363,HP,Harappa,EH vol II,2,sealing,1,0,1,right-to-left,0,No field symbol,No Field Symbol,-16,45,3,*103 403 342,103 403 342,1
2284,4363,HP,Harappa,EH vol II,2,sealing,2,0,1,right-to-left,0,No field symbol,No Field Symbol,-16,45,2,328 59,328 59,
2285,4364,HP,Harappa,EH vol II,2,sealing,1,0,3,single sign,0,No field symbol,No Field Symbol,-12,41,1,7,7,
2286,4364,HP,Harappa,EH vol II,2,sealing,2,0,1,right-to-left,0,No field symbol,No Field Symbol,-12,41,2,87 328,87 328,
2287,4366,HP,Harappa,EH vol II,2,sealing,0,0,1,right-to-left,0,No field symbol,No Field Symbol,-11,42,3,337 294 0,337 294 0,
2288,4368,HP,Harappa,EH vol II,2,sealing,1,0,2,left-to-right,910,"Symbols, motifs, geometric patterns",Inscribed object in the shape of a double shield or double-axe (?),-5,57,5,153 153 48 342 176,153 153 48 342 176,
2289,4368,HP,Harappa,EH vol II,2,sealing,2,0,1,right-to-left,910,"Symbols, motifs, geometric patterns",Inscribed object in the shape of a double shield or double-axe (?),-5,57,2,87 328,87 328,
2290,4369,HP,Harappa,EH vol II,2,sealing,1,0,1,right-to-left,910,"Symbols, motifs, geometric patterns",Inscribed object in the shape of a double shield or double-axe (?),-13,42,4,114 193 342 176,114 193 342 176,
2291,4369,HP,Harappa,EH vol II,2,sealing,2,0,2,left-to-right,831,"Symbols, motifs, geometric patterns",One or more dotted circles.,-13,42,2,87 328,87 328,
2292,4370,HP,Harappa,EH vol II,2,sealing,1,0,1,right-to-left,0,No field symbol,No Field Symbol,-4,53,4,391 99 226 254,391 99 226 254,
2293,4370,HP,Harappa,EH vol II,2,sealing,2,0,1,right-to-left,0,No field symbol,No Field Symbol,-4,53,2,87 328,87 328,
2294,4371,HP,Harappa,EH vol II,2,sealing,1,0,1,right-to-left,0,No field symbol,No Field Symbol,-10,42,7,53 67 72 182 293 342 176,53 67 72 182 293 342 176,
2295,4371,HP,Harappa,EH vol II,2,sealing,2,0,1,right-to-left,0,No field symbol,No Field Symbol,-10,42,2,89 328,89 328,
2296,4372,HP,Harappa,EH vol II,2,sealing,1,0,1,right-to-left,0,No field symbol,No Field Symbol,-10,40,6,48 136 193 342 176 176,48 136 193 342 176 176,
2297,4372,HP,Harappa,EH vol II,2,sealing,2,0,1,right-to-left,0,No field symbol,No Field Symbol,-10,40,2,87 46,87 46,
2298,4373,HP,Harappa,EH vol II,2,sealing,1,0,1,right-to-left,0,No field symbol,No Field Symbol,0,45,5,67 72 342 388 176,67 72 342 388 176,
2299,4373,HP,Harappa,EH vol II,2,sealing,2,0,1,right-to-left,0,No field symbol,No Field Symbol,0,45,2,89 328,89 328,
2300,4374,HP,Harappa,EH vol II,2,sealing,1,0,1,right-to-left,0,No field symbol,No Field Symbol,-6,44,2,72 211,72 211,
2301,4374,HP,Harappa,EH vol II,2,sealing,2,0,2,left-to-right,0,No field symbol,No Field Symbol,-6,44,2,89 328,89 328,
2302,4375,HP,Harappa,EH vol II,2,sealing,1,0,1,right-to-left,0,No field symbol,No Field Symbol,-10,44,5,267 99 *051 *245 342,267 99 51 245 342,3 4
2303,4375,HP,Harappa,EH vol II,2,sealing,2,0,1,right-to-left,0,No field symbol,No Field Symbol,-10,44,2,89 328,89 328,
2304,4376,HP,Harappa,EH vol II,2,sealing,1,0,2,left-to-right,910,"Symbols, motifs, geometric patterns",Inscribed object in the shape of a double shield or double-axe (?),-9,53,4,*114 193 342 98,114 193 342 98,1
2305,4376,HP,Harappa,EH vol II,2,sealing,2,0,1,right-to-left,910,"Symbols, motifs, geometric patterns",Inscribed object in the shape of a double shield or double-axe (?),-9,53,2,89 328,89 328,
2306,4377,HP,Harappa,EH vol II,2,sealing,1,0,2,left-to-right,0,No field symbol,No Field Symbol,-12,42,3,109 59 *211,109 59 211,3
2307,4377,HP,Harappa,EH vol II,2,sealing,2,9,0,unrecorded,840,"Symbols, motifs, geometric patterns",Lozenge within circle with dot in the centre.,-12,42,0,,,
2308,4378,HP,Harappa,EH vol II,2,sealing,1,0,1,right-to-left,0,No field symbol,No Field Symbol,-8,53,2,7 176,7 176,
2309,4378,HP,Harappa,EH vol II,2,sealing,2,0,2,left-to-right,0,No field symbol,No Field Symbol,-8,53,2,87 328,87 328,
2310,4379,HP,Harappa,EH vol II,2,sealing,0,0,1,right-to-left,0,No field symbol,No Field Symbol,-4,45,3,373 342 176,373 342 176,
2311,4380,HP,Harappa,EH vol II,2,sealing,0,1,1,right-to-left,0,No field symbol,No Field Symbol,-3,49,2,102 190,102 190,
2312,4380,HP,Harappa,EH vol II,2,sealing,0,2,3,single sign,0,No field symbol,No Field Symbol,-3,49,1,374,374,
2313,4381,HP,Harappa,EH vol II,2,sealing,1,0,1,right-to-left,0,No field symbol,No Field Symbol,-5,53,3,48 *047 0,48 47 0,2
2314,4381,HP,Harappa,EH vol II,2,sealing,2,0,1,right-to-left,0,No field symbol,No Field Symbol,-5,53,2,87 328,87 328,
2315,4382,HP,Harappa,EH vol II,1,seal,0,0,2,left-to-right,0,No field symbol,No Field Symbol,-7,47,2,102 162,102 162,
2316,4384,HP,Harappa,EH vol II,2,sealing,1,0,1,right-to-left,0,No field symbol,No Field Symbol,-6,44,4,0 *342 1 176,0 342 1 176,2
2317,4384,HP,Harappa,EH vol II,2,sealing,2,0,9,no text,0,No field symbol,No Field Symbol,-6,44,2,87 0,87 0,
2318,4386,HP,Harappa,EH vol II,2,sealing,1,1,1,right-to-left,0,No field symbol,No Field Symbol,-6,40,4,1 1 209 343,1 1 209 343,
2319,4386,HP,Harappa,EH vol II,2,sealing,1,2,1,right-to-left,0,No field symbol,No Field Symbol,-6,40,2,102 162,102 162,
2320,4386,HP,Harappa,EH vol II,2,sealing,2,0,1,right-to-left,0,No field symbol,No Field Symbol,-6,40,2,89 328,89 328,
2321,4387,HP,Harappa,EH vol II,2,sealing,1,0,1,right-to-left,930,"Symbols, motifs, geometric patterns",Inscribed object in the shape of a crescent.,-12,42,3,48 342 176,48 342 176,
2322,4387,HP,Harappa,EH vol II,2,sealing,2,0,1,right-to-left,930,"Symbols, motifs, geometric patterns",Inscribed object in the shape of a crescent.,-12,42,2,89 328,89 328,
2323,4401,HP,Harappa,EH vol II,3,miniature tablet,1,0,3,single sign,0,No field symbol,No Field Symbol,-7,41,1,89,89,
2324,4401,HP,Harappa,EH vol II,3,miniature tablet,2,0,3,single sign,0,No field symbol,No Field Symbol,-7,41,1,328,328,
2325,4401,HP,Harappa,EH vol II,3,miniature tablet,3,9,0,unrecorded,831,"Symbols, motifs, geometric patterns",One or more dotted circles.,-7,41,0,,,
2326,4402,HP,Harappa,EH vol II,3,miniature tablet,1,0,1,right-to-left,0,No field symbol,No Field Symbol,-15,45,3,325 347 342,325 347 342,
2327,4402,HP,Harappa,EH vol II,3,miniature tablet,2,0,1,right-to-left,0,No field symbol,No Field Symbol,-15,45,2,87 328,87 328,
2328,4402,HP,Harappa,EH vol II,3,miniature tablet,3,9,0,unrecorded,361,"Reptiles, fish, birds",Gharial to R.,-15,45,0,,,
2329,4403,HP,Harappa,EH vol II,3,miniature tablet,1,0,2,left-to-right,0,No field symbol,No Field Symbol,-5,41,3,48 342 176,48 342 176,
2330,4403,HP,Harappa,EH vol II,3,miniature tablet,2,0,2,left-to-right,0,No field symbol,No Field Symbol,-5,41,2,89 328,89 328,
2331,4404,HP,Harappa,EH vol II,3,miniature tablet,1,0,2,left-to-right,0,No field symbol,No Field Symbol,-15,43,5,293 123 343 48 15,293 123 343 48 15,
2332,4404,HP,Harappa,EH vol II,3,miniature tablet,2,0,2,left-to-right,0,No field symbol,No Field Symbol,-15,43,2,87 328,87 328,
2333,4405,HP,Harappa,EH vol II,3,miniature tablet,1,0,2,left-to-right,0,No field symbol,No Field Symbol,-15,42,3,48 342 176,48 342 176,
2334,4405,HP,Harappa,EH vol II,3,miniature tablet,2,0,1,right-to-left,0,No field symbol,No Field Symbol,-15,42,2,89 328,89 328,
2335,4406,HP,Harappa,EH vol II,3,miniature tablet,1,0,1,right-to-left,0,No field symbol,No Field Symbol,-6,53,3,100 326 342,100 326 342,
2336,4406,HP,Harappa,EH vol II,3,miniature tablet,2,0,1,right-to-left,0,No field symbol,No Field Symbol,-6,53,2,95 328,95 328,
2337,4407,HP,Harappa,EH vol II,3,miniature tablet,1,0,1,right-to-left,910,"Symbols, motifs, geometric patterns",Inscribed object in the shape of a double shield or double-axe (?),-16,47,2,138 176,138 176,
2338,4407,HP,Harappa,EH vol II,3,miniature tablet,2,0,1,right-to-left,910,"Symbols, motifs, geometric patterns",Inscribed object in the shape of a double shield or double-axe (?),-16,47,2,87 328,87 328,
2339,4408,HP,Harappa,EH vol II,3,miniature tablet,1,0,1,right-to-left,920,"Symbols, motifs, geometric patterns",Inscribed object in the shape of a writing table (?),-8,44,3,171 59 211,171 59 211,
2340,4408,HP,Harappa,EH vol II,3,miniature tablet,2,9,0,unrecorded,831,"Symbols, motifs, geometric patterns",One or more dotted circles.,-8,44,0,,,
2341,4409,HP,Harappa,EH vol II,3,miniature tablet,0,0,1,right-to-left,0,No field symbol,No Field Symbol,-8,44,4,86 326 15 176,86 326 15 176,
2342,4410,HP,Harappa,EH vol II,3,miniature tablet,1,0,2,left-to-right,0,No field symbol,No Field Symbol,-13,41,3,72 223 254,72 223 254,
2343,4410,HP,Harappa,EH vol II,3,miniature tablet,2,0,1,right-to-left,0,No field symbol,No Field Symbol,-13,41,2,89 328,89 328,
2344,4411,HP,Harappa,EH vol II,3,miniature tablet,1,0,3,single sign,0,No field symbol,No Field Symbol,-17,42,1,59,59,
2345,4411,HP,Harappa,EH vol II,3,miniature tablet,2,0,1,right-to-left,0,No field symbol,No Field Symbol,-17,42,4,258 347 342 176,258 347 342 176,
2346,4412,HP,Harappa,EH vol II,3,miniature tablet,1,0,1,right-to-left,0,No field symbol,No Field Symbol,-14,41,3,171 59 211,171 59 211,
2347,4412,HP,Harappa,EH vol II,3,miniature tablet,2,0,3,single sign,0,No field symbol,No Field Symbol,-14,41,1,44,44,
2348,4413,HP,Harappa,EH vol II,3,miniature tablet,1,0,3,single sign,0,No field symbol,No Field Symbol,-9,41,1,224,224,
2349,4413,HP,Harappa,EH vol II,3,miniature tablet,2,9,0,unrecorded,831,"Symbols, motifs, geometric patterns",One or more dotted circles.,-9,41,0,,,
2350,4414,HP,Harappa,EH vol II,3,miniature tablet,0,0,1,right-to-left,0,No field symbol,No Field Symbol,-7,42,2,7 176,7 176,
2351,4415,HP,Harappa,EH vol II,3,miniature tablet,1,0,1,right-to-left,900,"Symbols, motifs, geometric patterns",Inscribed object in the shape of a heart (?),-11,53,2,104 149,104 149,
2352,4415,HP,Harappa,EH vol II,3,miniature tablet,2,0,1,right-to-left,900,"Symbols, motifs, geometric patterns",Inscribed object in the shape of a heart (?),-11,53,4,65 341 342 176,65 341 342 176,
2353,4416,HP,Harappa,EH vol II,3,miniature tablet,1,0,1,right-to-left,920,"Symbols, motifs, geometric patterns",Inscribed object in the shape of a writing table (?),-12,42,2,391 123,391 123,
2354,4416,HP,Harappa,EH vol II,3,miniature tablet,2,0,1,right-to-left,920,"Symbols, motifs, geometric patterns",Inscribed object in the shape of a writing table (?),-12,42,2,289 342,289 342,
2355,4417,HP,Harappa,EH vol II,3,miniature tablet,1,0,1,right-to-left,460,Trees and leaves,Inscribed object in the shape of a pipal leaf.,-16,42,2,104 162,104 162,
2356,4417,HP,Harappa,EH vol II,3,miniature tablet,2,9,0,unrecorded,831,"Symbols, motifs, geometric patterns",One or more dotted circles.,-16,42,0,,,
2357,4418,HP,Harappa,EH vol II,3,miniature tablet,1,0,2,left-to-right,900,"Symbols, motifs, geometric patterns",Inscribed object in the shape of a heart (?),-14,41,3,171 59 211,171 59 211,
2358,4418,HP,Harappa,EH vol II,3,miniature tablet,2,9,0,unrecorded,831,"Symbols, motifs, geometric patterns",One or more dotted circles.,-14,41,0,,,
2359,4419,HP,Harappa,EH vol II,3,miniature tablet,1,0,1,right-to-left,0,No field symbol,No Field Symbol,-1,53,4,48 193 342 176,48 193 342 176,
2360,4419,HP,Harappa,EH vol II,3,miniature tablet,2,0,1,right-to-left,0,No field symbol,No Field Symbol,-1,53,2,87 328,87 328,
2361,4420,HP,Harappa,EH vol II,3,miniature tablet,1,0,1,right-to-left,0,No field symbol,No Field Symbol,-4,44,5,103 403 87 244 0,103 403 87 244 0,
2362,4420,HP,Harappa,EH vol II,3,miniature tablet,2,0,1,right-to-left,0,No field symbol,No Field Symbol,-4,44,2,87 328,87 328,
2363,4421,HP,Harappa,EH vol II,3,miniature tablet,0,0,1,right-to-left,171,Animals,Object shaped like hare to R.,-6,44,3,379 307 176,379 307 176,
2364,4422,HP,Harappa,EH vol II,3,miniature tablet,0,0,1,right-to-left,171,Animals,Object shaped like hare to R.,-12,42,3,379 307 176,379 307 176,
2365,4423,HP,Harappa,EH vol II,3,miniature tablet,0,0,1,right-to-left,171,Animals,Object shaped like hare to R.,-1,41,3,379 307 176,379 307 176,
2366,4424,HP,Harappa,EH vol II,3,miniature tablet,0,0,1,right-to-left,171,Animals,Object shaped like hare to R.,-15,42,2,104 162,104 162,
2367,4425,HP,Harappa,EH vol II,3,miniature tablet,0,0,1,right-to-left,171,Animals,Object shaped like hare to R.,-13,42,2,104 162,104 162,
2368,4426,HP,Harappa,EH vol II,3,miniature tablet,1,0,1,right-to-left,390,"Reptiles, fish, birds",Inscribed object in the shape of tortoise.,-14,41,2,104 162,104 162,
2369,4426,HP,Harappa,EH vol II,3,miniature tablet,2,9,0,unrecorded,831,"Symbols, motifs, geometric patterns",One or more dotted circles.,-14,41,0,,,
2370,4427,HP,Harappa,EH vol II,3,miniature tablet,1,0,1,right-to-left,371,"Reptiles, fish, birds",Inscribed object in the shape of fish.,-11,53,3,267 402 149,267 402 149,
2371,4427,HP,Harappa,EH vol II,3,miniature tablet,2,0,1,right-to-left,371,"Reptiles, fish, birds",Inscribed object in the shape of fish.,-11,53,4,142 403 87 342,142 403 87 342,
2372,4428,HP,Harappa,EH vol II,3,miniature tablet,1,0,1,right-to-left,371,"Reptiles, fish, birds",Inscribed object in the shape of fish.,-10,41,2,72 211,72 211,
2373,4428,HP,Harappa,EH vol II,3,miniature tablet,2,0,1,right-to-left,371,"Reptiles, fish, birds",Inscribed object in the shape of fish.,-10,41,2,95 328,95 328,
2374,4429,HP,Harappa,EH vol II,3,miniature tablet,1,0,1,right-to-left,0,No field symbol,No Field Symbol,-16,40,2,40 176,40 176,
2375,4429,HP,Harappa,EH vol II,3,miniature tablet,2,9,0,unrecorded,132,Animals,"Goat-antelope to L. with short tail, and beard, horns arching back.",-16,40,0,,,
2376,4430,HP,Harappa,EH vol II,3,miniature tablet,1,0,2,left-to-right,0,No field symbol,No Field Symbol,-19,42,4,258 347 342 176,258 347 342 176,
2377,4430,HP,Harappa,EH vol II,3,miniature tablet,2,9,0,unrecorded,361,"Reptiles, fish, birds",Gharial to R.,-19,42,0,,,
2378,4431,HP,Harappa,EH vol II,3,miniature tablet,1,0,2,left-to-right,0,No field symbol,No Field Symbol,-17,42,4,258 347 342 176,258 347 342 176,
2379,4431,HP,Harappa,EH vol II,3,miniature tablet,2,9,0,unrecorded,361,"Reptiles, fish, birds",Gharial to R.,-17,42,0,,,
2380,4432,HP,Harappa,EH vol II,3,miniature tablet,1,0,1,right-to-left,0,No field symbol,No Field Symbol,-16,42,4,0 *059 342 176,0 59 342 176,2
2381,4432,HP,Harappa,EH vol II,3,miniature tablet,2,9,0,unrecorded,361,"Reptiles, fish, birds",Gharial to R.,-16,42,0,,,
2382,4433,HP,Harappa,EH vol II,3,miniature tablet,1,0,2,left-to-right,0,No field symbol,No Field Symbol,-6,41,4,258 347 342 176,258 347 342 176,
2383,4433,HP,Harappa,EH vol II,3,miniature tablet,2,9,0,unrecorded,361,"Reptiles, fish, birds",Gharial to R.,-6,41,0,,,
2384,4434,HP,Harappa,EH vol II,3,miniature tablet,1,0,2,left-to-right,0,No field symbol,No Field Symbol,-16,42,4,258 347 342 176,258 347 342 176,
2385,4434,HP,Harappa,EH vol II,3,miniature tablet,2,9,0,unrecorded,361,"Reptiles, fish, birds",Gharial to R.,-16,42,0,,,
2386,4435,HP,Harappa,EH vol II,3,miniature tablet,1,0,2,left-to-right,0,No field symbol,No Field Symbol,-12,42,4,258 347 342 176,258 347 342 176,
2387,4435,HP,Harappa,EH vol II,3,miniature tablet,2,9,0,unrecorded,361,"Reptiles, fish, birds",Gharial to R.,-12,42,0,,,
2388,4436,HP,Harappa,EH vol II,3,miniature tablet,1,0,1,right-to-left,0,No field symbol,No Field Symbol,-19,42,4,*258 347 342 176,258 347 342 176,1
2389,4436,HP,Harappa,EH vol II,3,miniature tablet,2,9,0,unrecorded,361,"Reptiles, fish, birds",Gharial to R.,-19,42,0,,,
2390,4437,HP,Harappa,EH vol II,3,miniature tablet,1,0,3,single sign,0,No field symbol,No Field Symbol,-11,53,1,59,59,
2391,4437,HP,Harappa,EH vol II,3,miniature tablet,2,0,2,left-to-right,0,No field symbol,No Field Symbol,-11,53,3,87 253 194,87 253 194,
2392,4438,HP,Harappa,EH vol II,3,miniature tablet,1,0,3,single sign,0,No field symbol,No Field Symbol,-7,40,1,59,59,
2393,4438,HP,Harappa,EH vol II,3,miniature tablet,2,0,2,left-to-right,0,No field symbol,No Field Symbol,-7,40,4,175 176 211 0,175 176 211 0,
2394,4439,HP,Harappa,EH vol II,3,miniature tablet,1,0,3,single sign,0,No field symbol,No Field Symbol,-6,45,1,326,326,
2395,4439,HP,Harappa,EH vol II,3,miniature tablet,2,0,2,left-to-right,0,No field symbol,No Field Symbol,-6,45,3,104 368 342,104 368 342,
2396,4440,HP,Harappa,EH vol II,3,miniature tablet,1,0,1,right-to-left,0,No field symbol,No Field Symbol,0,51,5,65 87 294 342 176,65 87 294 342 176,
2397,4440,HP,Harappa,EH vol II,3,miniature tablet,2,9,0,unrecorded,851,"Symbols, motifs, geometric patterns",Cult object (the so-called 'manger' or 'incense-burner') identified by Mahadevan as a 'sacred filter'.,0,51,0,,,
2398,4441,HP,Harappa,EH vol II,3,miniature tablet,1,0,1,right-to-left,0,No field symbol,No Field Symbol,-17,42,2,267 99,267 99,
2399,4441,HP,Harappa,EH vol II,3,miniature tablet,2,9,0,unrecorded,851,"Symbols, motifs, geometric patterns",Cult object (the so-called 'manger' or 'incense-burner') identified by Mahadevan as a 'sacred filter'.,-17,42,0,,,
2400,4442,HP,Harappa,EH vol II,3,miniature tablet,1,0,3,single sign,0,No field symbol,No Field Symbol,-6,41,1,249,249,
2401,4442,HP,Harappa,EH vol II,3,miniature tablet,2,0,1,right-to-left,0,No field symbol,No Field Symbol,-6,41,4,65 67 342 1,65 67 342 1,
2402,4443,HP,Harappa,EH vol II,3,miniature tablet,1,0,1,right-to-left,0,No field symbol,No Field Symbol,-17,40,2,267 99,267 99,
2403,4443,HP,Harappa,EH vol II,3,miniature tablet,2,9,0,unrecorded,851,"Symbols, motifs, geometric patterns",Cult object (the so-called 'manger' or 'incense-burner') identified by Mahadevan as a 'sacred filter'.,-17,40,0,,,
2404,4444,HP,Harappa,EH vol II,3,miniature tablet,1,0,1,right-to-left,0,No field symbol,No Field Symbol,-4,44,4,119 87 342 176,119 87 342 176,
2405,4444,HP,Harappa,EH vol II,3,miniature tablet,2,0,1,right-to-left,0,No field symbol,No Field Symbol,-4,44,2,89 328,89 328,
2406,4445,HP,Harappa,EH vol II,3,miniature tablet,1,0,2,left-to-right,0,No field symbol,No Field Symbol,-5,53,4,67 244 149 342,67 244 149 342,
2407,4445,HP,Harappa,EH vol II,3,miniature tablet,2,0,2,left-to-right,0,No field symbol,No Field Symbol,-5,53,2,89 328,89 328,
2408,4446,HP,Harappa,EH vol II,3,miniature tablet,1,0,1,right-to-left,0,No field symbol,No Field Symbol,-4,53,4,263 343 113 342,263 343 113 342,
2409,4446,HP,Harappa,EH vol II,3,miniature tablet,2,0,1,right-to-left,0,No field symbol,No Field Symbol,-4,53,6,177 197 192 341 87 328,177 197 192 341 87 328,
2410,4447,HP,Harappa,EH vol II,3,miniature tablet,1,0,1,right-to-left,0,No field symbol,No Field Symbol,-6,44,3,249 336 275,249 336 275,
2411,4447,HP,Harappa,EH vol II,3,miniature tablet,2,0,1,right-to-left,0,No field symbol,No Field Symbol,-6,44,4,51 130 15 176,51 130 15 176,
2412,4448,HP,Harappa,EH vol II,3,miniature tablet,1,0,1,right-to-left,0,No field symbol,No Field Symbol,-6,41,5,173 59 347 342 176,173 59 347 342 176,
2413,4448,HP,Harappa,EH vol II,3,miniature tablet,2,0,1,right-to-left,0,No field symbol,No Field Symbol,-6,41,3,95 328 59,95 328 59,
2414,4449,HP,Harappa,EH vol II,3,miniature tablet,1,0,1,right-to-left,0,No field symbol,No Field Symbol,-7,44,3,177 307 284,177 307 284,
2415,4449,HP,Harappa,EH vol II,3,miniature tablet,2,0,1,right-to-left,0,No field symbol,No Field Symbol,-7,44,5,409 94 67 244 342,409 94 67 244 342,
2416,4450,HP,Harappa,EH vol II,3,miniature tablet,1,0,1,right-to-left,0,No field symbol,No Field Symbol,-16,42,3,177 307 284,177 307 284,
2417,4450,HP,Harappa,EH vol II,3,miniature tablet,2,0,1,right-to-left,0,No field symbol,No Field Symbol,-16,42,6,409 94 67 244 342 176,409 94 67 244 342 176,
2418,4450,HP,Harappa,EH vol II,3,miniature tablet,3,9,0,unrecorded,831,"Symbols, motifs, geometric patterns",One or more dotted circles.,-16,42,0,,,
2419,4450,HP,Harappa,EH vol II,3,miniature tablet,4,9,0,unrecorded,831,"Symbols, motifs, geometric patterns",One or more dotted circles.,-16,42,0,,,
2420,4451,HP,Harappa,EH vol II,3,miniature tablet,1,0,1,right-to-left,0,No field symbol,No Field Symbol,-13,42,4,48 193 342 176,48 193 342 176,
2421,4451,HP,Harappa,EH vol II,3,miniature tablet,2,0,2,left-to-right,0,No field symbol,No Field Symbol,-13,42,2,95 328,95 328,
2422,4452,HP,Harappa,EH vol II,3,miniature tablet,1,0,1,right-to-left,0,No field symbol,No Field Symbol,-6,41,5,173 59 347 342 176,173 59 347 342 176,
2423,4452,HP,Harappa,EH vol II,3,miniature tablet,2,0,1,right-to-left,0,No field symbol,No Field Symbol,-6,41,3,95 59 328,95 59 328,
2424,4453,HP,Harappa,EH vol II,3,miniature tablet,1,0,1,right-to-left,0,No field symbol,No Field Symbol,-11,40,3,171 59 211,171 59 211,
2425,4453,HP,Harappa,EH vol II,3,miniature tablet,2,0,3,single sign,0,No field symbol,No Field Symbol,-11,40,1,44,44,
2426,4454,HP,Harappa,EH vol II,3,miniature tablet,1,0,1,right-to-left,0,No field symbol,No Field Symbol,-12,40,3,267 402 149,267 402 149,
2427,4454,HP,Harappa,EH vol II,3,miniature tablet,2,0,1,right-to-left,0,No field symbol,No Field Symbol,-12,40,4,205 367 342 176,205 367 342 176,
2428,4455,HP,Harappa,EH vol II,3,miniature tablet,1,0,1,right-to-left,0,No field symbol,No Field Symbol,-6,45,4,205 267 342 176,205 267 342 176,
2429,4455,HP,Harappa,EH vol II,3,miniature tablet,2,0,1,right-to-left,0,No field symbol,No Field Symbol,-6,45,2,89 328,89 328,
2430,4456,HP,Harappa,EH vol II,3,miniature tablet,1,0,1,right-to-left,0,No field symbol,No Field Symbol,-14,42,4,119 87 342 176,119 87 342 176,
2431,4456,HP,Harappa,EH vol II,3,miniature tablet,2,0,1,right-to-left,0,No field symbol,No Field Symbol,-14,42,2,89 328,89 328,
2432,4457,HP,Harappa,EH vol II,3,miniature tablet,1,0,1,right-to-left,0,No field symbol,No Field Symbol,-10,45,5,0 112 197 342 176,0 112 197 342 176,
2433,4457,HP,Harappa,EH vol II,3,miniature tablet,2,0,1,right-to-left,0,No field symbol,No Field Symbol,-10,45,2,89 328,89 328,
2434,4458,HP,Harappa,EH vol II,3,miniature tablet,1,0,2,left-to-right,0,No field symbol,No Field Symbol,-6,45,3,171 59 211,171 59 211,
2435,4458,HP,Harappa,EH vol II,3,miniature tablet,2,0,2,left-to-right,0,No field symbol,No Field Symbol,-6,45,2,95 328,95 328,
2436,4459,HP,Harappa,EH vol II,3,miniature tablet,1,0,9,no text,0,No field symbol,No Field Symbol,-7,44,1,0,0,
2437,4459,HP,Harappa,EH vol II,3,miniature tablet,2,0,1,right-to-left,0,No field symbol,No Field Symbol,-7,44,2,87 328,87 328,
2438,4460,HP,Harappa,EH vol II,3,miniature tablet,1,0,1,right-to-left,0,No field symbol,No Field Symbol,-13,41,2,267 402,267 402,
2439,4460,HP,Harappa,EH vol II,3,miniature tablet,2,0,1,right-to-left,0,No field symbol,No Field Symbol,-13,41,2,205 367,205 367,
2440,4461,HP,Harappa,EH vol II,3,miniature tablet,1,0,1,right-to-left,0,No field symbol,No Field Symbol,-13,42,3,250 15 176,250 15 176,
2441,4461,HP,Harappa,EH vol II,3,miniature tablet,2,0,1,right-to-left,0,No field symbol,No Field Symbol,-13,42,2,87 328,87 328,
2442,4462,HP,Harappa,EH vol II,3,miniature tablet,1,0,1,right-to-left,0,No field symbol,No Field Symbol,-16,45,4,100 17 15 176,100 17 15 176,
2443,4462,HP,Harappa,EH vol II,3,miniature tablet,2,0,1,right-to-left,0,No field symbol,No Field Symbol,-16,45,2,89 328,89 328,
2444,4463,HP,Harappa,EH vol II,3,miniature tablet,1,0,2,left-to-right,0,No field symbol,No Field Symbol,-16,43,4,331 *233 59 99,331 233 59 99,2
2445,4463,HP,Harappa,EH vol II,3,miniature tablet,2,0,2,left-to-right,0,No field symbol,No Field Symbol,-16,43,2,89 328,89 328,
2446,4464,HP,Harappa,EH vol II,3,miniature tablet,1,0,1,right-to-left,0,No field symbol,No Field Symbol,-15,40,4,102 137 87 249,102 137 87 249,
2447,4464,HP,Harappa,EH vol II,3,miniature tablet,2,0,1,right-to-left,0,No field symbol,No Field Symbol,-15,40,3,171 59 211,171 59 211,
2448,4465,HP,Harappa,EH vol II,3,miniature tablet,1,0,1,right-to-left,0,No field symbol,No Field Symbol,-10,47,3,177 307 284,177 307 284,
2449,4465,HP,Harappa,EH vol II,3,miniature tablet,2,0,1,right-to-left,831,"Symbols, motifs, geometric patterns",One or more dotted circles.,-10,47,2,296 342,296 342,
2450,4466,HP,Harappa,EH vol II,3,miniature tablet,1,0,1,right-to-left,0,No field symbol,No Field Symbol,-7,41,2,73 176,73 176,
2451,4466,HP,Harappa,EH vol II,3,miniature tablet,2,9,0,unrecorded,831,"Symbols, motifs, geometric patterns",One or more dotted circles.,-7,41,0,,,
2452,4467,HP,Harappa,EH vol II,3,miniature tablet,0,0,1,right-to-left,0,No field symbol,No Field Symbol,-12,40,4,67 65 342 1,67 65 342 1,
2453,4468,HP,Harappa,EH vol II,3,miniature tablet,1,0,1,right-to-left,0,No field symbol,No Field Symbol,-15,42,2,201 280,201 280,
2454,4468,HP,Harappa,EH vol II,3,miniature tablet,2,0,1,right-to-left,0,No field symbol,No Field Symbol,-15,42,2,89 328,89 328,
2455,4469,HP,Harappa,EH vol II,3,miniature tablet,1,0,1,right-to-left,0,No field symbol,No Field Symbol,0,56,2,223 342,223 342,
2456,4469,HP,Harappa,EH vol II,3,miniature tablet,2,0,1,right-to-left,0,No field symbol,No Field Symbol,0,56,2,95 328,95 328,
2457,4470,HP,Harappa,EH vol II,3,miniature tablet,1,0,1,right-to-left,0,No field symbol,No Field Symbol,-6,44,3,173 267 99,173 267 99,
2458,4470,HP,Harappa,EH vol II,3,miniature tablet,2,0,1,right-to-left,0,No field symbol,No Field Symbol,-6,44,2,95 328,95 328,
2459,4471,HP,Harappa,EH vol II,3,miniature tablet,1,0,2,left-to-right,0,No field symbol,No Field Symbol,-4,53,3,249 336 275,249 336 275,
2460,4471,HP,Harappa,EH vol II,3,miniature tablet,2,0,2,left-to-right,0,No field symbol,No Field Symbol,-4,53,4,67 70 211 176,67 70 211 176,
2461,4472,HP,Harappa,EH vol II,3,miniature tablet,1,0,1,right-to-left,0,No field symbol,No Field Symbol,-6,44,2,142 149,142 149,
2462,4472,HP,Harappa,EH vol II,3,miniature tablet,2,0,1,right-to-left,0,No field symbol,No Field Symbol,-6,44,4,119 87 342 176,119 87 342 176,
2463,4473,HP,Harappa,EH vol II,3,miniature tablet,1,0,1,right-to-left,0,No field symbol,No Field Symbol,-16,42,2,416 344,416 344,
2464,4473,HP,Harappa,EH vol II,3,miniature tablet,2,0,1,right-to-left,0,No field symbol,No Field Symbol,-16,42,2,89 328,89 328,
2465,4474,HP,Harappa,EH vol II,3,miniature tablet,1,0,2,left-to-right,0,No field symbol,No Field Symbol,-18,42,2,267 89,267 89,
2466,4474,HP,Harappa,EH vol II,3,miniature tablet,2,0,1,right-to-left,0,No field symbol,No Field Symbol,-18,42,2,86 211,86 211,
2467,4475,HP,Harappa,EH vol II,3,miniature tablet,1,0,1,right-to-left,0,No field symbol,No Field Symbol,-13,43,3,250 15 176,250 15 176,
2468,4475,HP,Harappa,EH vol II,3,miniature tablet,2,0,1,right-to-left,0,No field symbol,No Field Symbol,-13,43,2,*087 328,87 328,1
2469,4476,HP,Harappa,EH vol II,3,miniature tablet,1,0,1,right-to-left,0,No field symbol,No Field Symbol,0,59,3,48 342 176,48 342 176,
2470,4476,HP,Harappa,EH vol II,3,miniature tablet,2,0,2,left-to-right,0,No field symbol,No Field Symbol,0,59,2,*095 328,95 328,1
2471,4477,HP,Harappa,EH vol II,3,miniature tablet,1,0,1,right-to-left,0,No field symbol,No Field Symbol,-2,53,4,103 403 87 342,103 403 87 342,
2472,4477,HP,Harappa,EH vol II,3,miniature tablet,2,0,1,right-to-left,0,No field symbol,No Field Symbol,-2,53,5,267 402 149 89 328,267 402 149 89 328,
2473,4478,HP,Harappa,EH vol II,3,miniature tablet,1,0,1,right-to-left,0,No field symbol,No Field Symbol,-13,41,3,249 336 275,249 336 275,
2474,4478,HP,Harappa,EH vol II,3,miniature tablet,2,0,2,left-to-right,0,No field symbol,No Field Symbol,-13,41,4,51 130 15 176,51 130 15 176,
2475,4479,HP,Harappa,EH vol II,3,miniature tablet,1,0,2,left-to-right,0,No field symbol,No Field Symbol,-7,53,2,67 12,67 12,
2476,4479,HP,Harappa,EH vol II,3,miniature tablet,2,0,2,left-to-right,0,No field symbol,No Field Symbol,-7,53,2,87 328,87 328,
2477,4480,HP,Harappa,EH vol II,3,miniature tablet,1,0,1,right-to-left,0,No field symbol,No Field Symbol,-14,42,3,249 336 275,249 336 275,
2478,4480,HP,Harappa,EH vol II,3,miniature tablet,2,0,1,right-to-left,0,No field symbol,No Field Symbol,-14,42,4,51 130 15 176,51 130 15 176,
2479,4481,HP,Harappa,EH vol II,3,miniature tablet,1,0,1,right-to-left,0,No field symbol,No Field Symbol,-14,41,2,142 149,142 149,
2480,4481,HP,Harappa,EH vol II,3,miniature tablet,2,0,1,right-to-left,0,No field symbol,No Field Symbol,-14,41,4,*119 87 342 176,119 87 342 176,1
2481,4482,HP,Harappa,EH vol II,3,miniature tablet,1,0,2,left-to-right,0,No field symbol,No Field Symbol,-9,47,3,173 249 89,173 249 89,
2482,4482,HP,Harappa,EH vol II,3,miniature tablet,2,0,2,left-to-right,0,No field symbol,No Field Symbol,-9,47,2,51 89,51 89,
2483,4483,HP,Harappa,EH vol II,3,miniature tablet,1,0,1,right-to-left,0,No field symbol,No Field Symbol,-12,42,3,*409 96 171,409 96 171,1
2484,4483,HP,Harappa,EH vol II,3,miniature tablet,2,0,1,right-to-left,0,No field symbol,No Field Symbol,-12,42,2,89 328,89 328,
2485,4484,HP,Harappa,EH vol II,3,miniature tablet,1,0,1,right-to-left,0,No field symbol,No Field Symbol,-14,45,4,86 325 15 176,86 325 15 176,
2486,4484,HP,Harappa,EH vol II,3,miniature tablet,2,0,1,right-to-left,0,No field symbol,No Field Symbol,-14,45,2,95 328,95 328,
2487,4485,HP,Harappa,EH vol II,3,miniature tablet,1,0,1,right-to-left,0,No field symbol,No Field Symbol,-15,42,3,67 347 342,67 347 342,
2488,4485,HP,Harappa,EH vol II,3,miniature tablet,2,0,1,right-to-left,0,No field symbol,No Field Symbol,-15,42,5,267 402 149 95 328,267 402 149 95 328,
2489,4486,HP,Harappa,EH vol II,3,miniature tablet,1,0,2,left-to-right,0,No field symbol,No Field Symbol,-6,45,3,173 249 89,173 249 89,
2490,4486,HP,Harappa,EH vol II,3,miniature tablet,2,0,1,right-to-left,0,No field symbol,No Field Symbol,-6,45,2,51 89,51 89,
2491,4487,HP,Harappa,EH vol II,3,miniature tablet,1,0,1,right-to-left,0,No field symbol,No Field Symbol,-18,42,4,67 244 342 176,67 244 342 176,
2492,4487,HP,Harappa,EH vol II,3,miniature tablet,2,0,1,right-to-left,0,No field symbol,No Field Symbol,-18,42,2,28 328,28 328,
2493,4488,HP,Harappa,EH vol II,3,miniature tablet,1,0,1,right-to-left,0,No field symbol,No Field Symbol,-6,45,2,379 307,379 307,
2494,4488,HP,Harappa,EH vol II,3,miniature tablet,2,0,1,right-to-left,0,No field symbol,No Field Symbol,-6,45,2,276 284,276 284,
2495,4489,HP,Harappa,EH vol II,3,miniature tablet,1,0,1,right-to-left,0,No field symbol,No Field Symbol,-6,45,3,67 12 176,67 12 176,
2496,4489,HP,Harappa,EH vol II,3,miniature tablet,2,0,1,right-to-left,0,No field symbol,No Field Symbol,-6,45,2,89 328,89 328,
2497,4490,HP,Harappa,EH vol II,3,miniature tablet,1,0,2,left-to-right,0,No field symbol,No Field Symbol,-8,47,3,109 59 211,109 59 211,
2498,4490,HP,Harappa,EH vol II,3,miniature tablet,2,0,2,left-to-right,0,No field symbol,No Field Symbol,-8,47,2,89 328,89 328,
2499,4491,HP,Harappa,EH vol II,3,miniature tablet,1,0,1,right-to-left,0,No field symbol,No Field Symbol,0,44,3,*053 114 0,53 114 0,1
2500,4491,HP,Harappa,EH vol II,3,miniature tablet,2,0,2,left-to-right,0,No field symbol,No Field Symbol,0,44,2,86 328,86 328,
2501,4492,HP,Harappa,EH vol II,3,miniature tablet,1,0,1,right-to-left,0,No field symbol,No Field Symbol,-5,53,4,205 267 342 176,205 267 342 176,
2502,4492,HP,Harappa,EH vol II,3,miniature tablet,2,0,1,right-to-left,0,No field symbol,No Field Symbol,-5,53,2,89 328,89 328,
2503,4493,HP,Harappa,EH vol II,3,miniature tablet,1,0,1,right-to-left,0,No field symbol,No Field Symbol,-6,45,2,66 176,66 176,
2504,4493,HP,Harappa,EH vol II,3,miniature tablet,2,0,1,right-to-left,0,No field symbol,No Field Symbol,-6,45,2,95 328,95 328,
2505,4494,HP,Harappa,EH vol II,3,miniature tablet,1,0,1,right-to-left,0,No field symbol,No Field Symbol,-4,41,2,216 254,216 254,
2506,4494,HP,Harappa,EH vol II,3,miniature tablet,2,0,9,no text,0,No field symbol,No Field Symbol,-4,41,2,0 328,0 328,
2507,4497,HP,Harappa,EH vol II,3,miniature tablet,1,0,1,right-to-left,0,No field symbol,No Field Symbol,-13,42,3,67 8 342,67 8 342,
2508,4497,HP,Harappa,EH vol II,3,miniature tablet,2,0,2,left-to-right,0,No field symbol,No Field Symbol,-13,42,2,89 328,89 328,
2509,4498,HP,Harappa,EH vol II,3,miniature tablet,1,0,1,right-to-left,0,No field symbol,No Field Symbol,-10,41,4,249 402 24 327,249 402 24 327,
2510,4498,HP,Harappa,EH vol II,3,miniature tablet,2,0,1,right-to-left,0,No field symbol,No Field Symbol,-10,41,2,95 328,95 328,
2511,4499,HP,Harappa,EH vol II,3,miniature tablet,1,0,1,right-to-left,0,No field symbol,No Field Symbol,-1,47,3,72 216 254,72 216 254,
2512,4499,HP,Harappa,EH vol II,3,miniature tablet,2,0,1,right-to-left,0,No field symbol,No Field Symbol,-1,47,2,87 328,87 328,
2513,4500,HP,Harappa,EH vol II,3,miniature tablet,1,0,1,right-to-left,0,No field symbol,No Field Symbol,0,59,3,*173 148 89,173 148 89,1
2514,4500,HP,Harappa,EH vol II,3,miniature tablet,2,0,1,right-to-left,0,No field symbol,No Field Symbol,0,59,2,51 89,51 89,
2515,4501,HP,Harappa,EH vol II,3,miniature tablet,1,0,1,right-to-left,0,No field symbol,No Field Symbol,-16,42,2,73 176,73 176,
2516,4501,HP,Harappa,EH vol II,3,miniature tablet,2,0,1,right-to-left,0,No field symbol,No Field Symbol,-16,42,2,95 328,95 328,
2517,4502,HP,Harappa,EH vol II,3,miniature tablet,1,0,1,right-to-left,0,No field symbol,No Field Symbol,-14,42,2,287 402,287 402,
2518,4502,HP,Harappa,EH vol II,3,miniature tablet,2,0,1,right-to-left,0,No field symbol,No Field Symbol,-14,42,2,89 328,89 328,
2519,4503,HP,Harappa,EH vol II,3,miniature tablet,1,0,1,right-to-left,0,No field symbol,No Field Symbol,-17,42,2,73 176,73 176,
2520,4503,HP,Harappa,EH vol II,3,miniature tablet,2,0,2,left-to-right,0,No field symbol,No Field Symbol,-17,42,2,95 328,95 328,
2521,4504,HP,Harappa,EH vol II,3,miniature tablet,1,0,1,right-to-left,0,No field symbol,No Field Symbol,-6,41,4,205 267 342 176,205 267 342 176,
2522,4504,HP,Harappa,EH vol II,3,miniature tablet,2,0,1,right-to-left,0,No field symbol,No Field Symbol,-6,41,2,89 328,89 328,
2523,4505,HP,Harappa,EH vol II,3,miniature tablet,1,0,1,right-to-left,0,No field symbol,No Field Symbol,-7,41,2,87 253,87 253,
2524,4505,HP,Harappa,EH vol II,3,miniature tablet,2,9,0,unrecorded,831,"Symbols, motifs, geometric patterns",One or more dotted circles.,-7,41,0,,,
2525,4506,HP,Harappa,EH vol II,3,miniature tablet,1,0,9,no text,0,No field symbol,No Field Symbol,-18,42,2,249 0,249 0,
2526,4506,HP,Harappa,EH vol II,3,miniature tablet,2,0,1,right-to-left,0,No field symbol,No Field Symbol,-18,42,3,51 130 *015,51 130 15,3
2527,4507,HP,Harappa,EH vol II,3,miniature tablet,1,0,1,right-to-left,0,No field symbol,No Field Symbol,-14,45,3,177 307 *149,177 307 149,3
2528,4507,HP,Harappa,EH vol II,3,miniature tablet,2,0,1,right-to-left,0,No field symbol,No Field Symbol,-14,45,3,0 59 211,0 59 211,
2529,4508,HP,Harappa,EH vol II,3,miniature tablet,1,0,1,right-to-left,0,No field symbol,No Field Symbol,-20,43,3,48 342 176,48 342 176,
2530,4508,HP,Harappa,EH vol II,3,miniature tablet,2,0,1,right-to-left,0,No field symbol,No Field Symbol,-20,43,2,95 328,95 328,
2531,4509,HP,Harappa,EH vol II,3,miniature tablet,1,0,1,right-to-left,0,No field symbol,No Field Symbol,-13,42,3,48 342 176,48 342 176,
2532,4509,HP,Harappa,EH vol II,3,miniature tablet,2,0,1,right-to-left,0,No field symbol,No Field Symbol,-13,42,2,89 328,89 328,
2533,4510,HP,Harappa,EH vol II,3,miniature tablet,1,0,1,right-to-left,0,No field symbol,No Field Symbol,-5,55,4,205 267 342 176,205 267 342 176,
2534,4510,HP,Harappa,EH vol II,3,miniature tablet,2,0,1,right-to-left,0,No field symbol,No Field Symbol,-5,55,2,89 328,89 328,
2535,4511,HP,Harappa,EH vol II,3,miniature tablet,1,0,2,left-to-right,0,No field symbol,No Field Symbol,-12,43,3,*335 294 342,335 294 342,1
2536,4511,HP,Harappa,EH vol II,3,miniature tablet,2,0,2,left-to-right,0,No field symbol,No Field Symbol,-12,43,2,89 328,89 328,
2537,4512,HP,Harappa,EH vol II,3,miniature tablet,1,0,1,right-to-left,0,No field symbol,No Field Symbol,-13,45,3,103 403 342,103 403 342,
2538,4512,HP,Harappa,EH vol II,3,miniature tablet,2,0,1,right-to-left,0,No field symbol,No Field Symbol,-13,45,2,89 328,89 328,
2539,4514,HP,Harappa,EH vol II,3,miniature tablet,1,0,2,left-to-right,0,No field symbol,No Field Symbol,-14,41,2,267 89,267 89,
2540,4514,HP,Harappa,EH vol II,3,miniature tablet,2,0,1,right-to-left,0,No field symbol,No Field Symbol,-14,41,3,124 51 342,124 51 342,
2541,4515,HP,Harappa,EH vol II,3,miniature tablet,1,0,9,no text,0,No field symbol,No Field Symbol,-4,44,1,0,0,
2542,4515,HP,Harappa,EH vol II,3,miniature tablet,2,0,1,right-to-left,0,No field symbol,No Field Symbol,-4,44,2,87 328,87 328,
2543,4516,HP,Harappa,EH vol II,3,miniature tablet,1,0,2,left-to-right,0,No field symbol,No Field Symbol,-10,56,3,48 342 176,48 342 176,
2544,4516,HP,Harappa,EH vol II,3,miniature tablet,2,0,2,left-to-right,0,No field symbol,No Field Symbol,-10,56,2,95 328,95 328,
2545,4517,HP,Harappa,EH vol II,3,miniature tablet,1,0,1,right-to-left,0,No field symbol,No Field Symbol,0,44,3,263 344 0,263 344 0,
2546,4517,HP,Harappa,EH vol II,3,miniature tablet,2,0,2,left-to-right,0,No field symbol,No Field Symbol,0,44,3,177 197 0,177 197 0,
2547,4518,HP,Harappa,EH vol II,3,miniature tablet,1,0,2,left-to-right,0,No field symbol,No Field Symbol,0,42,2,267 89,267 89,
2548,4518,HP,Harappa,EH vol II,3,miniature tablet,2,0,1,right-to-left,0,No field symbol,No Field Symbol,0,42,2,86 211,86 211,
2549,4519,HP,Harappa,EH vol II,3,miniature tablet,1,0,1,right-to-left,0,No field symbol,No Field Symbol,-6,42,4,103 403 342 176,103 403 342 176,
2550,4519,HP,Harappa,EH vol II,3,miniature tablet,2,0,1,right-to-left,0,No field symbol,No Field Symbol,-6,42,2,87 328,87 328,
2551,4520,HP,Harappa,EH vol II,3,miniature tablet,1,0,1,right-to-left,0,No field symbol,No Field Symbol,-2,53,3,106 287 342,106 287 342,
2552,4520,HP,Harappa,EH vol II,3,miniature tablet,2,0,1,right-to-left,0,No field symbol,No Field Symbol,-2,53,2,89 328,89 328,
2553,4521,HP,Harappa,EH vol II,3,miniature tablet,1,0,3,single sign,831,"Symbols, motifs, geometric patterns",One or more dotted circles.,-15,42,1,59,59,
2554,4521,HP,Harappa,EH vol II,3,miniature tablet,2,0,1,right-to-left,0,No field symbol,No Field Symbol,-15,42,2,336 321,336 321,
2555,4522,HP,Harappa,EH vol II,3,miniature tablet,1,0,1,right-to-left,0,No field symbol,No Field Symbol,-17,42,3,193 342 176,193 342 176,
2556,4522,HP,Harappa,EH vol II,3,miniature tablet,2,0,1,right-to-left,0,No field symbol,No Field Symbol,-17,42,2,95 328,95 328,
2557,4523,HP,Harappa,EH vol II,3,miniature tablet,1,0,1,right-to-left,0,No field symbol,No Field Symbol,-6,41,3,*193 342 176,193 342 176,1
2558,4523,HP,Harappa,EH vol II,3,miniature tablet,2,0,2,left-to-right,0,No field symbol,No Field Symbol,-6,41,2,89 328,89 328,
2559,4525,HP,Harappa,EH vol II,3,miniature tablet,1,0,1,right-to-left,0,No field symbol,No Field Symbol,-12,42,3,0 287 342,0 287 342,
2560,4525,HP,Harappa,EH vol II,3,miniature tablet,2,0,1,right-to-left,0,No field symbol,No Field Symbol,-12,42,2,89 *328,89 328,2
2561,4527,HP,Harappa,EH vol II,3,miniature tablet,1,0,9,no text,0,No field symbol,No Field Symbol,-2,45,2,150 0,150 0,
2562,4527,HP,Harappa,EH vol II,3,miniature tablet,2,0,9,no text,0,No field symbol,No Field Symbol,-2,45,2,89 0,89 0,
2563,4528,HP,Harappa,EH vol II,3,miniature tablet,1,0,1,right-to-left,0,No field symbol,No Field Symbol,-16,43,4,375 123 86 0,375 123 86 0,
2564,4528,HP,Harappa,EH vol II,3,miniature tablet,2,0,1,right-to-left,0,No field symbol,No Field Symbol,-16,43,2,89 328,89 328,
2565,4529,HP,Harappa,EH vol II,3,miniature tablet,1,0,1,right-to-left,0,No field symbol,No Field Symbol,-12,45,3,0 *375 342,0 375 342,2
2566,4529,HP,Harappa,EH vol II,3,miniature tablet,2,0,9,no text,0,No field symbol,No Field Symbol,-12,45,2,95 0,95 0,
2567,4530,HP,Harappa,EH vol II,3,miniature tablet,1,0,2,left-to-right,0,No field symbol,No Field Symbol,-5,55,2,336 176,336 176,
2568,4530,HP,Harappa,EH vol II,3,miniature tablet,2,9,0,unrecorded,431,"Reptiles, fish, birds",Bird in flight to R.,-5,55,0,,,
2569,4532,HP,Harappa,EH vol II,3,miniature tablet,1,0,1,right-to-left,0,No field symbol,No Field Symbol,-10,45,3,331 233 0,331 233 0,
2570,4532,HP,Harappa,EH vol II,3,miniature tablet,2,0,9,no text,0,No field symbol,No Field Symbol,-10,45,2,87 0,87 0,
2571,4533,HP,Harappa,EH vol II,3,miniature tablet,1,0,9,no text,0,No field symbol,No Field Symbol,-15,42,2,267 0,267 0,
2572,4533,HP,Harappa,EH vol II,3,miniature tablet,2,9,0,unrecorded,851,"Symbols, motifs, geometric patterns",Cult object (the so-called 'manger' or 'incense-burner') identified by Mahadevan as a 'sacred filter'.,-15,42,0,,,
2573,4534,HP,Harappa,EH vol II,3,miniature tablet,0,0,2,left-to-right,0,No field symbol,No Field Symbol,-6,55,2,2 176,2 176,
2574,4535,HP,Harappa,EH vol II,3,miniature tablet,1,0,2,left-to-right,0,No field symbol,No Field Symbol,-10,53,2,267 402,267 402,
2575,4535,HP,Harappa,EH vol II,3,miniature tablet,2,0,2,left-to-right,0,No field symbol,No Field Symbol,-10,53,2,*205 *367,205 367,1 2
2576,4536,HP,Harappa,EH vol II,3,miniature tablet,1,0,1,right-to-left,0,No field symbol,No Field Symbol,-13,41,2,205 367,205 367,
2577,4536,HP,Harappa,EH vol II,3,miniature tablet,2,0,1,right-to-left,0,No field symbol,No Field Symbol,-13,41,2,263 342,263 342,
2578,4537,HP,Harappa,EH vol II,3,miniature tablet,1,0,1,right-to-left,0,No field symbol,No Field Symbol,-12,41,2,86 276,86 276,
2579,4537,HP,Harappa,EH vol II,3,miniature tablet,2,0,1,right-to-left,0,No field symbol,No Field Symbol,-12,41,2,86 284,86 284,
2580,4538,HP,Harappa,EH vol II,3,miniature tablet,1,0,1,right-to-left,0,No field symbol,No Field Symbol,-7,41,3,0 12 176,0 12 176,
2581,4538,HP,Harappa,EH vol II,3,miniature tablet,2,9,0,unrecorded,831,"Symbols, motifs, geometric patterns",One or more dotted circles.,-7,41,0,,,
2582,4540,HP,Harappa,EH vol II,3,miniature tablet,0,0,9,no text,999,Damaged/illegible,An uncertain/illegible field symbol.,-7,44,2,0 342,0 342,
2583,4541,HP,Harappa,EH vol II,3,miniature tablet,1,0,2,left-to-right,0,No field symbol,No Field Symbol,-16,40,5,48 342 176 253 *087,48 342 176 253 87,5
2584,4541,HP,Harappa,EH vol II,3,miniature tablet,2,9,0,unrecorded,831,"Symbols, motifs, geometric patterns",One or more dotted circles.,-16,40,0,,,
2585,4543,HP,Harappa,EH vol II,3,miniature tablet,1,0,1,right-to-left,0,No field symbol,No Field Symbol,-11,42,3,48 342 176,48 342 176,
2586,4543,HP,Harappa,EH vol II,3,miniature tablet,2,0,1,right-to-left,0,No field symbol,No Field Symbol,-11,42,2,89 328,89 328,
2587,4544,HP,Harappa,EH vol II,3,miniature tablet,1,0,1,right-to-left,0,No field symbol,No Field Symbol,-6,41,3,171 59 211,171 59 211,
2588,4544,HP,Harappa,EH vol II,3,miniature tablet,2,0,1,right-to-left,0,No field symbol,No Field Symbol,-6,41,2,95 328,95 328,
2589,4545,HP,Harappa,EH vol II,3,miniature tablet,1,0,9,no text,0,No field symbol,No Field Symbol,-5,53,2,0 149,0 149,
2590,4545,HP,Harappa,EH vol II,3,miniature tablet,2,0,9,no text,0,No field symbol,No Field Symbol,-5,53,2,267 0,267 0,
2591,4546,HP,Harappa,EH vol II,3,miniature tablet,1,0,1,right-to-left,0,No field symbol,No Field Symbol,-11,42,3,0 *008 342,0 8 342,2
2592,4546,HP,Harappa,EH vol II,3,miniature tablet,2,0,9,no text,0,No field symbol,No Field Symbol,-11,42,2,0 328,0 328,
2593,4547,HP,Harappa,EH vol II,3,miniature tablet,0,0,1,right-to-left,0,No field symbol,No Field Symbol,-11,47,2,7 176,7 176,
2594,4548,HP,Harappa,EH vol II,3,miniature tablet,1,0,1,right-to-left,0,No field symbol,No Field Symbol,-16,42,3,48 342 176,48 342 176,
2595,4548,HP,Harappa,EH vol II,3,miniature tablet,2,0,1,right-to-left,0,No field symbol,No Field Symbol,-16,42,2,87 328,87 328,
2596,4549,HP,Harappa,EH vol II,3,miniature tablet,1,0,1,right-to-left,0,No field symbol,No Field Symbol,-6,40,3,284 267 342,284 267 342,
2597,4549,HP,Harappa,EH vol II,3,miniature tablet,2,0,1,right-to-left,0,No field symbol,No Field Symbol,-6,40,2,89 328,89 328,
2598,4550,HP,Harappa,EH vol II,3,miniature tablet,1,0,1,right-to-left,0,No field symbol,No Field Symbol,-6,40,3,201 342 1,201 342 1,
2599,4550,HP,Harappa,EH vol II,3,miniature tablet,2,0,1,right-to-left,0,No field symbol,No Field Symbol,-6,40,2,89 328,89 328,
2600,4551,HP,Harappa,EH vol II,3,miniature tablet,1,0,1,right-to-left,0,No field symbol,No Field Symbol,-10,42,2,72 211,72 211,
2601,4551,HP,Harappa,EH vol II,3,miniature tablet,2,0,1,right-to-left,0,No field symbol,No Field Symbol,-10,42,2,87 328,87 328,
2602,4552,HP,Harappa,EH vol II,3,miniature tablet,1,0,2,left-to-right,0,No field symbol,No Field Symbol,-15,45,3,267 *099 0,267 99 0,2
2603,4552,HP,Harappa,EH vol II,3,miniature tablet,2,0,1,right-to-left,0,No field symbol,No Field Symbol,-15,45,2,*086 328,86 328,1
2604,4553,HP,Harappa,EH vol II,3,miniature tablet,1,0,1,right-to-left,0,No field symbol,No Field Symbol,-15,42,3,103 403 342,103 403 342,
2605,4553,HP,Harappa,EH vol II,3,miniature tablet,2,0,1,right-to-left,0,No field symbol,No Field Symbol,-15,42,2,95 328,95 328,
2606,4554,HP,Harappa,EH vol II,3,miniature tablet,1,0,1,right-to-left,0,No field symbol,No Field Symbol,-15,42,3,103 403 342,103 403 342,
2607,4554,HP,Harappa,EH vol II,3,miniature tablet,2,0,1,right-to-left,0,No field symbol,No Field Symbol,-15,42,2,87 328,87 328,
2608,4555,HP,Harappa,EH vol II,3,miniature tablet,1,0,1,right-to-left,0,No field symbol,No Field Symbol,-15,42,3,103 403 342,103 403 342,
2609,4555,HP,Harappa,EH vol II,3,miniature tablet,2,0,1,right-to-left,0,No field symbol,No Field Symbol,-15,42,2,95 328,95 328,
2610,4556,HP,Harappa,EH vol II,3,miniature tablet,1,0,1,right-to-left,910,"Symbols, motifs, geometric patterns",Inscribed object in the shape of a double shield or double-axe (?),-5,40,3,87 60 176,87 60 176,
2611,4556,HP,Harappa,EH vol II,3,miniature tablet,2,0,1,right-to-left,910,"Symbols, motifs, geometric patterns",Inscribed object in the shape of a double shield or double-axe (?),-5,40,2,87 328,87 328,
2612,4557,HP,Harappa,EH vol II,3,miniature tablet,1,0,1,right-to-left,910,"Symbols, motifs, geometric patterns",Inscribed object in the shape of a double shield or double-axe (?),-12,42,3,409 *096 0,409 96 0,2
2613,4557,HP,Harappa,EH vol II,3,miniature tablet,2,0,9,no text,910,"Symbols, motifs, geometric patterns",Inscribed object in the shape of a double shield or double-axe (?),-12,42,2,87 0,87 0,
2614,4559,HP,Harappa,EH vol II,3,miniature tablet,1,0,1,right-to-left,460,Trees and leaves,Inscribed object in the shape of a pipal leaf.,-8,44,3,0 *373 342,0 373 342,2
2615,4559,HP,Harappa,EH vol II,3,miniature tablet,2,0,1,right-to-left,460,Trees and leaves,Inscribed object in the shape of a pipal leaf.,-8,44,2,*087 328,87 328,1
2616,4560,HP,Harappa,EH vol II,3,miniature tablet,1,0,3,single sign,371,"Reptiles, fish, birds",Inscribed object in the shape of fish.,-12,42,1,103,103,
2617,4560,HP,Harappa,EH vol II,3,miniature tablet,2,0,3,single sign,371,"Reptiles, fish, birds",Inscribed object in the shape of fish.,-12,42,1,87,87,
2618,4561,HP,Harappa,EH vol II,3,miniature tablet,1,0,2,left-to-right,0,No field symbol,No Field Symbol,-13,41,2,216 123,216 123,
2619,4561,HP,Harappa,EH vol II,3,miniature tablet,2,9,0,unrecorded,831,"Symbols, motifs, geometric patterns",One or more dotted circles.,-13,41,0,,,
2620,4561,HP,Harappa,EH vol II,3,miniature tablet,3,9,0,unrecorded,831,"Symbols, motifs, geometric patterns",One or more dotted circles.,-13,41,0,,,
2621,4562,HP,Harappa,EH vol II,3,miniature tablet,1,0,2,left-to-right,0,No field symbol,No Field Symbol,-10,42,4,67 244 149 342,67 244 149 342,
2622,4562,HP,Harappa,EH vol II,3,miniature tablet,2,0,1,right-to-left,0,No field symbol,No Field Symbol,-10,42,2,87 328,87 328,
2623,4563,HP,Harappa,EH vol II,3,miniature tablet,0,0,1,right-to-left,0,No field symbol,No Field Symbol,-1,44,4,119 87 342 176,119 87 342 176,
2624,4564,HP,Harappa,EH vol II,3,miniature tablet,1,0,1,right-to-left,910,"Symbols, motifs, geometric patterns",Inscribed object in the shape of a double shield or double-axe (?),-13,42,3,103 403 342,103 403 342,
2625,4564,HP,Harappa,EH vol II,3,miniature tablet,2,0,1,right-to-left,910,"Symbols, motifs, geometric patterns",Inscribed object in the shape of a double shield or double-axe (?),-13,42,2,89 328,89 328,
2626,4566,HP,Harappa,EH vol II,3,miniature tablet,1,0,2,left-to-right,0,No field symbol,No Field Symbol,-15,40,3,0 342 176,0 342 176,
2627,4566,HP,Harappa,EH vol II,3,miniature tablet,2,0,1,right-to-left,0,No field symbol,No Field Symbol,-15,40,2,*086 328,86 328,1
2628,4571,HP,Harappa,EH vol II,3,miniature tablet,1,0,2,left-to-right,0,No field symbol,No Field Symbol,-14,41,4,0 *342 1 176,0 342 1 176,2
2629,4571,HP,Harappa,EH vol II,3,miniature tablet,2,0,2,left-to-right,0,No field symbol,No Field Symbol,-14,41,2,95 328,95 328,
2630,4572,HP,Harappa,EH vol II,3,miniature tablet,1,0,2,left-to-right,0,No field symbol,No Field Symbol,-5,41,2,106 169,106 169,
2631,4572,HP,Harappa,EH vol II,3,miniature tablet,2,9,0,unrecorded,831,"Symbols, motifs, geometric patterns",One or more dotted circles.,-5,41,0,,,
2632,4572,HP,Harappa,EH vol II,3,miniature tablet,3,9,0,unrecorded,831,"Symbols, motifs, geometric patterns",One or more dotted circles.,-5,41,0,,,
2633,4572,HP,Harappa,EH vol II,3,miniature tablet,4,9,0,unrecorded,831,"Symbols, motifs, geometric patterns",One or more dotted circles.,-5,41,0,,,
2634,4573,HP,Harappa,EH vol II,3,miniature tablet,1,0,1,right-to-left,0,No field symbol,No Field Symbol,-14,41,3,177 307 284,177 307 284,
2635,4573,HP,Harappa,EH vol II,3,miniature tablet,2,0,1,right-to-left,0,No field symbol,No Field Symbol,-14,41,6,409 94 67 244 342 176,409 94 67 244 342 176,
2636,4573,HP,Harappa,EH vol II,3,miniature tablet,3,9,0,unrecorded,831,"Symbols, motifs, geometric patterns",One or more dotted circles.,-14,41,0,,,
2637,4574,HP,Harappa,EH vol II,3,miniature tablet,1,0,1,right-to-left,0,No field symbol,No Field Symbol,-12,42,3,86 327 *342,86 327 342,3
2638,4574,HP,Harappa,EH vol II,3,miniature tablet,2,0,1,right-to-left,0,No field symbol,No Field Symbol,-12,42,2,95 328,95 328,
2639,4574,HP,Harappa,EH vol II,3,miniature tablet,3,9,0,unrecorded,831,"Symbols, motifs, geometric patterns",One or more dotted circles.,-12,42,0,,,
2640,4575,HP,Harappa,EH vol II,3,miniature tablet,1,0,1,right-to-left,0,No field symbol,No Field Symbol,-13,42,3,48 342 176,48 342 176,
2641,4575,HP,Harappa,EH vol II,3,miniature tablet,2,0,1,right-to-left,0,No field symbol,No Field Symbol,-13,42,2,89 328,89 328,
2642,4575,HP,Harappa,EH vol II,3,miniature tablet,3,9,0,unrecorded,831,"Symbols, motifs, geometric patterns",One or more dotted circles.,-13,42,0,,,
2643,4576,HP,Harappa,EH vol II,3,miniature tablet,1,0,3,single sign,0,No field symbol,No Field Symbol,-10,40,1,59,59,
2644,4576,HP,Harappa,EH vol II,3,miniature tablet,2,0,1,right-to-left,0,No field symbol,No Field Symbol,-10,40,4,67 244 149 342,67 244 149 342,
2645,4576,HP,Harappa,EH vol II,3,miniature tablet,3,0,1,right-to-left,0,No field symbol,No Field Symbol,-10,40,2,95 328,95 328,
2646,4577,HP,Harappa,EH vol II,3,miniature tablet,1,0,1,right-to-left,0,No field symbol,No Field Symbol,-12,42,4,51 130 15 176,51 130 15 176,
2647,4577,HP,Harappa,EH vol II,3,miniature tablet,2,0,1,right-to-left,0,No field symbol,No Field Symbol,-12,42,2,95 328,95 328,
2648,4578,HP,Harappa,EH vol II,3,miniature tablet,1,0,2,left-to-right,0,No field symbol,No Field Symbol,-15,42,3,48 342 59,48 342 59,
2649,4578,HP,Harappa,EH vol II,3,miniature tablet,2,9,0,unrecorded,361,"Reptiles, fish, birds",Gharial to R.,-15,42,0,,,
2650,4578,HP,Harappa,EH vol II,3,miniature tablet,3,9,0,unrecorded,831,"Symbols, motifs, geometric patterns",One or more dotted circles.,-15,42,0,,,
2651,4579,HP,Harappa,EH vol II,3,miniature tablet,1,0,1,right-to-left,0,No field symbol,No Field Symbol,-10,44,4,51 130 15 176,51 130 15 176,
2652,4579,HP,Harappa,EH vol II,3,miniature tablet,2,0,2,left-to-right,0,No field symbol,No Field Symbol,-10,44,2,95 328,95 328,
2653,4580,HP,Harappa,EH vol II,3,miniature tablet,1,0,2,left-to-right,0,No field symbol,No Field Symbol,-15,42,3,72 216 254,72 216 254,
2654,4580,HP,Harappa,EH vol II,3,miniature tablet,2,0,2,left-to-right,0,No field symbol,No Field Symbol,-15,42,2,87 328,87 328,
2655,4580,HP,Harappa,EH vol II,3,miniature tablet,3,9,0,unrecorded,831,"Symbols, motifs, geometric patterns",One or more dotted circles.,-15,42,0,,,
2656,4581,HP,Harappa,EH vol II,3,miniature tablet,1,0,3,single sign,0,No field symbol,No Field Symbol,-18,43,1,137,137,
2657,4581,HP,Harappa,EH vol II,3,miniature tablet,2,0,1,right-to-left,0,No field symbol,No Field Symbol,-18,43,4,*119 87 342 176,119 87 342 176,1
2658,4581,HP,Harappa,EH vol II,3,miniature tablet,3,0,1,right-to-left,0,No field symbol,No Field Symbol,-18,43,2,95 328,95 328,
2659,4582,HP,Harappa,EH vol II,3,miniature tablet,1,0,1,right-to-left,0,No field symbol,No Field Symbol,-18,43,4,67 244 342 176,67 244 342 176,
2660,4582,HP,Harappa,EH vol II,3,miniature tablet,2,0,1,right-to-left,0,No field symbol,No Field Symbol,-18,43,2,95 328,95 328,
2661,4582,HP,Harappa,EH vol II,3,miniature tablet,3,9,0,unrecorded,831,"Symbols, motifs, geometric patterns",One or more dotted circles.,-18,43,0,,,
2662,4583,HP,Harappa,EH vol II,3,miniature tablet,1,0,1,right-to-left,0,No field symbol,No Field Symbol,-11,44,4,171 198 87 284,171 198 87 284,
2663,4583,HP,Harappa,EH vol II,3,miniature tablet,2,0,1,right-to-left,0,No field symbol,No Field Symbol,-11,44,4,217 81 347 342,217 81 347 342,
2664,4583,HP,Harappa,EH vol II,3,miniature tablet,3,9,0,unrecorded,831,"Symbols, motifs, geometric patterns",One or more dotted circles.,-11,44,0,,,
2665,4584,HP,Harappa,EH vol II,3,miniature tablet,1,0,1,right-to-left,0,No field symbol,No Field Symbol,-14,42,4,171 198 87 284,171 198 87 284,
2666,4584,HP,Harappa,EH vol II,3,miniature tablet,2,0,1,right-to-left,0,No field symbol,No Field Symbol,-14,42,5,150 123 67 244 342,150 123 67 244 342,
2667,4584,HP,Harappa,EH vol II,3,miniature tablet,3,9,0,unrecorded,831,"Symbols, motifs, geometric patterns",One or more dotted circles.,-14,42,0,,,
2668,4585,HP,Harappa,EH vol II,3,miniature tablet,1,0,1,right-to-left,0,No field symbol,No Field Symbol,-13,45,5,67 244 342 304 87,67 244 342 304 87,
2669,4585,HP,Harappa,EH vol II,3,miniature tablet,2,0,1,right-to-left,0,No field symbol,No Field Symbol,-13,45,2,89 328,89 328,
2670,4586,HP,Harappa,EH vol II,3,miniature tablet,1,0,1,right-to-left,0,No field symbol,No Field Symbol,-13,41,3,48 342 176,48 342 176,
2671,4586,HP,Harappa,EH vol II,3,miniature tablet,2,0,1,right-to-left,0,No field symbol,No Field Symbol,-13,41,3,267 402 149,267 402 149,
2672,4586,HP,Harappa,EH vol II,3,miniature tablet,3,0,1,right-to-left,0,No field symbol,No Field Symbol,-13,41,2,89 328,89 328,
2673,4587,HP,Harappa,EH vol II,3,miniature tablet,1,0,1,right-to-left,0,No field symbol,No Field Symbol,-16,42,4,67 244 342 176,67 244 342 176,
2674,4587,HP,Harappa,EH vol II,3,miniature tablet,2,0,1,right-to-left,0,No field symbol,No Field Symbol,-16,42,2,95 328,95 328,
2675,4587,HP,Harappa,EH vol II,3,miniature tablet,3,9,0,unrecorded,831,"Symbols, motifs, geometric patterns",One or more dotted circles.,-16,42,0,,,
2676,4588,HP,Harappa,EH vol II,3,miniature tablet,1,0,3,single sign,0,No field symbol,No Field Symbol,0,44,1,59,59,
2677,4588,HP,Harappa,EH vol II,3,miniature tablet,2,0,1,right-to-left,0,No field symbol,No Field Symbol,0,44,2,6 176,6 176,
2678,4588,HP,Harappa,EH vol II,3,miniature tablet,3,0,1,right-to-left,0,No field symbol,No Field Symbol,0,44,2,89 328,89 328,
2679,4589,HP,Harappa,EH vol II,3,miniature tablet,1,0,1,right-to-left,0,No field symbol,No Field Symbol,-5,53,5,48 47 379 245 245,48 47 379 245 245,
2680,4589,HP,Harappa,EH vol II,3,miniature tablet,2,0,1,right-to-left,0,No field symbol,No Field Symbol,-5,53,2,307 267,307 267,
2681,4589,HP,Harappa,EH vol II,3,miniature tablet,3,0,1,right-to-left,0,No field symbol,No Field Symbol,-5,53,2,87 328,87 328,
2682,4590,HP,Harappa,EH vol II,3,miniature tablet,1,0,3,single sign,0,No field symbol,No Field Symbol,-6,41,1,59,59,
2683,4590,HP,Harappa,EH vol II,3,miniature tablet,2,0,1,right-to-left,0,No field symbol,No Field Symbol,-6,41,2,102 15,102 15,
2684,4591,HP,Harappa,EH vol II,3,miniature tablet,1,0,3,single sign,0,No field symbol,No Field Symbol,-8,41,1,59,59,
2685,4591,HP,Harappa,EH vol II,3,miniature tablet,2,0,1,right-to-left,0,No field symbol,No Field Symbol,-8,41,4,*119 87 342 176,119 87 342 176,1
2686,4591,HP,Harappa,EH vol II,3,miniature tablet,3,0,1,right-to-left,0,No field symbol,No Field Symbol,-8,41,2,95 328,95 328,
2687,4592,HP,Harappa,EH vol II,3,miniature tablet,1,0,1,right-to-left,0,No field symbol,No Field Symbol,-6,45,3,307 387 342,307 387 342,
2688,4592,HP,Harappa,EH vol II,3,miniature tablet,2,9,0,unrecorded,361,"Reptiles, fish, birds",Gharial to R.,-6,45,0,,,
2689,4592,HP,Harappa,EH vol II,3,miniature tablet,3,9,0,unrecorded,831,"Symbols, motifs, geometric patterns",One or more dotted circles.,-6,45,0,,,
2690,4593,HP,Harappa,EH vol II,3,miniature tablet,1,0,2,left-to-right,0,No field symbol,No Field Symbol,-15,45,2,333 *342,333 342,2
2691,4593,HP,Harappa,EH vol II,3,miniature tablet,2,0,2,left-to-right,0,No field symbol,No Field Symbol,-15,45,2,89 328,89 328,
2692,4593,HP,Harappa,EH vol II,3,miniature tablet,3,9,0,unrecorded,831,"Symbols, motifs, geometric patterns",One or more dotted circles.,-15,45,0,,,
2693,4594,HP,Harappa,EH vol II,2,sealing,1,0,1,right-to-left,0,No field symbol,No Field Symbol,-16,42,3,*294 336 342,294 336 342,1
2694,4594,HP,Harappa,EH vol II,2,sealing,2,0,1,right-to-left,0,No field symbol,No Field Symbol,-16,42,2,87 328,87 328,
2695,4595,HP,Harappa,EH vol II,2,sealing,1,0,1,right-to-left,0,No field symbol,No Field Symbol,-7,51,4,121 51 130 0,121 51 130 0,
2696,4595,HP,Harappa,EH vol II,2,sealing,2,0,1,right-to-left,351,Animals,Uncertain animal (mostly bovine) to R.,-7,51,2,89 328,89 328,
2697,4596,HP,Harappa,EH vol II,2,sealing,1,0,1,right-to-left,0,No field symbol,No Field Symbol,-4,44,4,0 *347 342 176,0 347 342 176,2
2698,4596,HP,Harappa,EH vol II,2,sealing,2,0,1,right-to-left,0,No field symbol,No Field Symbol,-4,44,2,89 *328,89 328,2
2699,4596,HP,Harappa,EH vol II,2,sealing,3,9,0,unrecorded,999,Damaged/illegible,An uncertain/illegible field symbol.,-4,44,0,,,
2700,4597,HP,Harappa,EH vol II,2,sealing,1,0,1,right-to-left,0,No field symbol,No Field Symbol,-5,44,5,0 *171 8 342 176,0 171 8 342 176,2
2701,4597,HP,Harappa,EH vol II,2,sealing,2,0,1,right-to-left,0,No field symbol,No Field Symbol,-5,44,2,89 328,89 328,
2702,4597,HP,Harappa,EH vol II,2,sealing,3,9,0,unrecorded,999,Damaged/illegible,An uncertain/illegible field symbol.,-5,44,0,,,
2703,4599,HP,Harappa,EH vol II,9,miscellaneous,0,0,1,right-to-left,0,No field symbol,No Field Symbol,-16,46,5,216 33 87 252 391,216 33 87 252 391,
2704,4601,HP,Harappa,EH vol II,2,sealing,1,0,2,left-to-right,135,Animals,"Goat-antelope to R. with short tail, horns arching back, regardant.",-10,40,3,391 99 40,391 99 40,
2705,4601,HP,Harappa,EH vol II,2,sealing,2,0,1,right-to-left,135,Animals,"Goat-antelope to R. with short tail, horns arching back, regardant.",-10,40,2,89 328,89 328,
2706,4602,HP,Harappa,EH vol II,2,sealing,1,0,1,right-to-left,0,No field symbol,No Field Symbol,-4,41,4,249 162 342 176,249 162 342 176,
2707,4602,HP,Harappa,EH vol II,2,sealing,2,0,2,left-to-right,0,No field symbol,No Field Symbol,-4,41,2,89 328,89 328,
2708,4603,HP,Harappa,EH vol II,2,sealing,1,0,1,right-to-left,0,No field symbol,No Field Symbol,-9,41,4,171 8 391 252,171 8 391 252,
2709,4603,HP,Harappa,EH vol II,2,sealing,2,0,1,right-to-left,0,No field symbol,No Field Symbol,-9,41,2,87 328,87 328,
2710,4604,HP,Harappa,EH vol II,2,sealing,1,0,1,right-to-left,0,No field symbol,No Field Symbol,-15,42,4,109 59 211 176,109 59 211 176,
2711,4604,HP,Harappa,EH vol II,2,sealing,2,0,2,left-to-right,0,No field symbol,No Field Symbol,-15,42,2,89 328,89 328,
2712,4605,HP,Harappa,EH vol II,2,sealing,1,0,1,right-to-left,0,No field symbol,No Field Symbol,-4,42,4,102 136 342 176,102 136 342 176,
2713,4605,HP,Harappa,EH vol II,2,sealing,2,0,1,right-to-left,0,No field symbol,No Field Symbol,-4,42,2,89 328,89 328,
2714,4606,HP,Harappa,EH vol II,2,sealing,1,0,2,left-to-right,0,No field symbol,No Field Symbol,-3,44,4,171 8 391 252,171 8 391 252,
2715,4606,HP,Harappa,EH vol II,2,sealing,2,0,2,left-to-right,0,No field symbol,No Field Symbol,-3,44,2,87 328,87 328,
2716,4607,HP,Harappa,EH vol II,2,sealing,1,0,2,left-to-right,0,No field symbol,No Field Symbol,-13,40,3,375 375 15,375 375 15,
2717,4607,HP,Harappa,EH vol II,2,sealing,2,0,1,right-to-left,0,No field symbol,No Field Symbol,-13,40,2,89 328,89 328,
2718,4610,HP,Harappa,EH vol II,2,sealing,1,0,1,right-to-left,0,No field symbol,No Field Symbol,-13,42,3,379 307 176,379 307 176,
2719,4610,HP,Harappa,EH vol II,2,sealing,2,0,1,right-to-left,0,No field symbol,No Field Symbol,-13,42,2,87 328,87 328,
2720,4613,HP,Harappa,EH vol II,2,sealing,1,0,1,right-to-left,0,No field symbol,No Field Symbol,0,43,3,*065 249 0,65 249 0,1
2721,4613,HP,Harappa,EH vol II,2,sealing,2,0,1,right-to-left,0,No field symbol,No Field Symbol,0,43,2,89 328,89 328,
2722,4614,HP,Harappa,EH vol II,1,seal,0,0,1,right-to-left,13,Animals,Unicorn to R. facing cult object.,-5,40,7,17 327 128 342 97 104 169,17 327 128 342 97 104 169,
2723,4615,HP,Harappa,EH vol II,1,seal,0,0,1,right-to-left,13,Animals,Unicorn to R. facing cult object.,-5,44,4,86 67 342 1,86 67 342 1,
2724,4616,HP,Harappa,EH vol II,1,seal,0,0,1,right-to-left,11,Animals,Unicorn to R. No cult object in front.,-5,40,5,0 *065 112 197 342,0 65 112 197 342,2
2725,4617,HP,Harappa,EH vol II,1,seal,0,0,1,right-to-left,12,Animals,Unicorn to L. No cult object in front.,-14,49,2,70 12,70 12,
2726,4618,HP,Harappa,EH vol II,1,seal,0,0,1,right-to-left,13,Animals,Unicorn to R. facing cult object.,0,46,3,106 287 342,106 287 342,
2727,4619,HP,Harappa,EH vol II,1,seal,0,0,1,right-to-left,11,Animals,Unicorn to R. No cult object in front.,0,51,8,*287 87 180 99 67 112 194 *342,287 87 180 99 67 112 194 342,1 8
2728,4620,HP,Harappa,EH vol II,1,seal,0,0,1,right-to-left,13,Animals,Unicorn to R. facing cult object.,-13,40,4,244 343 102 *162,244 343 102 162,4
2729,4621,HP,Harappa,EH vol II,1,seal,0,0,1,right-to-left,0,No field symbol,No Field Symbol,-3,44,6,0 124 409 96 342 1,0 124 409 96 342 1,
2730,4622,HP,Harappa,EH vol II,1,seal,0,0,1,right-to-left,351,Animals,Uncertain animal (mostly bovine) to R.,-12,42,3,0 89 15,0 89 15,
2731,4623,HP,Harappa,EH vol II,1,seal,0,0,1,right-to-left,351,Animals,Uncertain animal (mostly bovine) to R.,-8,47,5,0 249 343 341 *012,0 249 343 341 12,5
2732,4624,HP,Harappa,EH vol II,1,seal,0,0,1,right-to-left,13,Animals,Unicorn to R. facing cult object.,-12,42,4,28 162 343 0,28 162 343 0,
2733,4625,HP,Harappa,EH vol II,1,seal,0,0,1,right-to-left,999,Damaged/illegible,An uncertain/illegible field symbol.,-24,46,4,0 249 162 342,0 249 162 342,
2734,4626,HP,Harappa,EH vol II,1,seal,0,0,1,right-to-left,31,Animals,Humped bull to R.,0,46,3,59 194 *342,59 194 342,3
2735,4627,HP,Harappa,EH vol II,1,seal,0,0,1,right-to-left,0,No field symbol,No Field Symbol,-5,45,3,17 336 161,17 336 161,
2736,4628,HP,Harappa,EH vol II,1,seal,0,0,1,right-to-left,0,No field symbol,No Field Symbol,-3,57,4,86 178 389 15,86 178 389 15,
2737,4629,HP,Harappa,EH vol II,1,seal,0,0,1,right-to-left,0,No field symbol,No Field Symbol,-7,47,3,103 403 342,103 403 342,
2738,4630,HP,Harappa,EH vol II,1,seal,0,0,1,right-to-left,0,No field symbol,No Field Symbol,-5,57,6,417 267 402 97 48 342,417 267 402 97 48 342,
2739,4631,HP,Harappa,EH vol II,1,seal,0,0,1,right-to-left,0,No field symbol,No Field Symbol,0,46,5,136 247 204 110 342,136 247 204 110 342,
2740,4632,HP,Harappa,EH vol II,1,seal,0,0,1,right-to-left,0,No field symbol,No Field Symbol,-8,40,2,8 342,8 342,
2741,4633,HP,Harappa,EH vol II,1,seal,0,0,9,no text,0,No field symbol,No Field Symbol,0,41,2,226 0,226 0,
2742,4634,HP,Harappa,EH vol II,1,seal,0,0,1,right-to-left,0,No field symbol,No Field Symbol,-2,44,6,17 102 287 381 *065 0,17 102 287 381 65 0,5
2743,4635,HP,Harappa,EH vol II,3,miniature tablet,1,0,3,single sign,0,No field symbol,No Field Symbol,-18,42,1,59,59,
2744,4635,HP,Harappa,EH vol II,3,miniature tablet,2,0,1,right-to-left,0,No field symbol,No Field Symbol,-18,42,3,171 59 211,171 59 211,
2745,4635,HP,Harappa,EH vol II,3,miniature tablet,3,9,0,unrecorded,831,"Symbols, motifs, geometric patterns",One or more dotted circles.,-18,42,0,,,
2746,4636,HP,Harappa,EH vol II,2,sealing,1,0,9,no text,0,No field symbol,No Field Symbol,-1,53,2,233 0,233 0,
2747,4636,HP,Harappa,EH vol II,2,sealing,2,0,9,no text,0,No field symbol,No Field Symbol,-1,53,2,87 0,87 0,
2748,4637,HP,Harappa,EH vol II,2,sealing,1,0,9,no text,0,No field symbol,No Field Symbol,-15,45,2,173 0,173 0,
2749,4637,HP,Harappa,EH vol II,2,sealing,2,0,9,no text,0,No field symbol,No Field Symbol,-15,45,2,*087 0,87 0,1
2750,4639,HP,Harappa,EH vol II,2,sealing,1,0,9,no text,0,No field symbol,No Field Symbol,-3,45,2,0 176,0 176,
2751,4639,HP,Harappa,EH vol II,2,sealing,2,0,9,no text,0,No field symbol,No Field Symbol,-3,45,2,0 328,0 328,
2752,4641,HP,Harappa,EH vol II,2,sealing,1,0,1,right-to-left,0,No field symbol,No Field Symbol,0,59,5,0 171 8 342 176,0 171 8 342 176,
2753,4641,HP,Harappa,EH vol II,2,sealing,2,0,1,right-to-left,0,No field symbol,No Field Symbol,0,59,2,89 328,89 328,
2754,4641,HP,Harappa,EH vol II,2,sealing,3,9,0,unrecorded,361,"Reptiles, fish, birds",Gharial to R.,0,59,0,,,
2755,4642,HP,Harappa,EH vol II,2,sealing,1,0,3,single sign,0,No field symbol,No Field Symbol,-5,53,1,59,59,
2756,4642,HP,Harappa,EH vol II,2,sealing,2,0,1,right-to-left,0,No field symbol,No Field Symbol,-5,53,5,245 245 307 342 176,245 245 307 342 176,
2757,4642,HP,Harappa,EH vol II,2,sealing,3,0,2,left-to-right,0,No field symbol,No Field Symbol,-5,53,2,87 328,87 328,
2758,4643,HP,Harappa,EH vol II,7,ivory/bone rod,0,0,1,right-to-left,0,No field symbol,No Field Symbol,-2,40,4,0 99 106 169,0 99 106 169,
2759,4644,HP,Harappa,EH vol II,2,sealing,0,0,2,left-to-right,371,"Reptiles, fish, birds",Inscribed object in the shape of fish.,0,44,4,59 127 15 176,59 127 15 176,
2760,4645,HP,Harappa,EH vol II,2,sealing,1,0,3,single sign,0,No field symbol,No Field Symbol,-3,53,1,59,59,
2761,4645,HP,Harappa,EH vol II,2,sealing,2,0,1,right-to-left,0,No field symbol,No Field Symbol,-3,53,5,245 245 307 342 176,245 245 307 342 176,
2762,4645,HP,Harappa,EH vol II,2,sealing,3,0,2,left-to-right,0,No field symbol,No Field Symbol,-3,53,2,87 328,87 328,
2763,4646,HP,Harappa,EH vol II,2,sealing,1,0,1,right-to-left,0,No field symbol,No Field Symbol,-3,41,5,65 249 162 342 176,65 249 162 342 176,
2764,4646,HP,Harappa,EH vol II,2,sealing,2,0,1,right-to-left,441,Trees and leaves,Kino Tree.,-3,41,2,89 328,89 328,
2765,4647,HP,Harappa,EH vol II,2,sealing,1,0,2,left-to-right,0,No field symbol,No Field Symbol,-10,45,4,0 193 342 176,0 193 342 176,
2766,4647,HP,Harappa,EH vol II,2,sealing,2,0,2,left-to-right,0,No field symbol,No Field Symbol,-10,45,2,87 328,87 328,
2767,4647,HP,Harappa,EH vol II,2,sealing,3,9,0,unrecorded,831,"Symbols, motifs, geometric patterns",One or more dotted circles.,-10,45,0,,,
2768,4648,HP,Harappa,EH vol II,2,sealing,1,0,3,single sign,0,No field symbol,No Field Symbol,-9,47,1,149,149,
2769,4648,HP,Harappa,EH vol II,2,sealing,2,9,0,unrecorded,441,Trees and leaves,Kino Tree.,-9,47,0,,,
2770,4649,HP,Harappa,EH vol II,2,sealing,1,0,1,right-to-left,0,No field symbol,No Field Symbol,-7,53,3,51 130 15,51 130 15,
2771,4649,HP,Harappa,EH vol II,2,sealing,2,0,1,right-to-left,0,No field symbol,No Field Symbol,-7,53,2,87 328,87 328,
2772,4649,HP,Harappa,EH vol II,2,sealing,3,9,0,unrecorded,831,"Symbols, motifs, geometric patterns",One or more dotted circles.,-7,53,0,,,
2773,4650,HP,Harappa,EH vol II,2,sealing,1,0,1,right-to-left,0,No field symbol,No Field Symbol,-12,43,3,249 162 342,249 162 342,
2774,4650,HP,Harappa,EH vol II,2,sealing,2,9,0,unrecorded,441,Trees and leaves,Kino Tree.,-12,43,0,,,
2775,4651,HP,Harappa,EH vol II,2,sealing,1,0,1,right-to-left,0,No field symbol,No Field Symbol,-6,40,4,103 403 342 176,103 403 342 176,
2776,4651,HP,Harappa,EH vol II,2,sealing,2,0,1,right-to-left,0,No field symbol,No Field Symbol,-6,40,4,102 216 245 245,102 216 245 245,
2777,4652,HP,Harappa,EH vol II,2,sealing,1,0,1,right-to-left,0,No field symbol,No Field Symbol,0,59,2,102 25,102 25,
2778,4652,HP,Harappa,EH vol II,2,sealing,2,9,0,unrecorded,851,"Symbols, motifs, geometric patterns",Cult object (the so-called 'manger' or 'incense-burner') identified by Mahadevan as a 'sacred filter'.,0,59,0,,,
2779,4653,HP,Harappa,EH vol II,2,sealing,1,0,1,right-to-left,0,No field symbol,No Field Symbol,-12,46,3,373 341 342,373 341 342,
2780,4653,HP,Harappa,EH vol II,2,sealing,2,0,5,doubtful,0,No field symbol,No Field Symbol,-12,46,3,328 328 328,328 328 328,
2781,4654,HP,Harappa,EH vol II,2,sealing,0,0,1,right-to-left,0,No field symbol,No Field Symbol,-10,40,5,53 171 59 342 176,53 171 59 342 176,
2782,4655,HP,Harappa,EH vol II,2,sealing,0,0,1,right-to-left,0,No field symbol,No Field Symbol,-2,40,3,127 8 342,127 8 342,
2783,4656,HP,Harappa,EH vol II,2,sealing,1,0,1,right-to-left,0,No field symbol,No Field Symbol,-5,44,4,0 59 342 176,0 59 342 176,
2784,4656,HP,Harappa,EH vol II,2,sealing,2,9,0,unrecorded,971,"Symbols, motifs, geometric patterns",A geometrical pattern of unevenly spaced parallel vertical lines in the field.,-5,44,0,,,
2785,4657,HP,Harappa,EH vol II,2,sealing,0,0,1,right-to-left,11,Animals,Unicorn to R. No cult object in front.,-8,40,5,387 72 87 294 342,387 72 87 294 342,
2786,4658,HP,Harappa,EH vol II,2,sealing,1,0,1,right-to-left,371,"Reptiles, fish, birds",Inscribed object in the shape of fish.,-8,44,3,267 402 149,267 402 149,
2787,4658,HP,Harappa,EH vol II,2,sealing,2,0,1,right-to-left,371,"Reptiles, fish, birds",Inscribed object in the shape of fish.,-8,44,4,142 403 87 342,142 403 87 342,
2788,4659,HP,Harappa,EH vol II,2,sealing,1,0,1,right-to-left,0,No field symbol,No Field Symbol,-12,41,3,72 211 176,72 211 176,
2789,4659,HP,Harappa,EH vol II,2,sealing,2,9,0,unrecorded,45,Animals,Short-horned bull to R. facing feeding trough.,-12,41,0,,,
2790,4660,HP,Harappa,EH vol II,2,sealing,1,0,9,no text,0,No field symbol,No Field Symbol,-12,45,1,0,0,
2791,4660,HP,Harappa,EH vol II,2,sealing,2,0,2,left-to-right,0,No field symbol,No Field Symbol,-12,45,2,89 328,89 328,
2792,4661,HP,Harappa,EH vol II,2,sealing,1,0,1,right-to-left,0,No field symbol,No Field Symbol,-5,45,5,72 182 293 342 176,72 182 293 342 176,
2793,4661,HP,Harappa,EH vol II,2,sealing,2,0,1,right-to-left,0,No field symbol,No Field Symbol,-5,45,2,*086 328,86 328,1
2794,4663,HP,Harappa,EH vol II,2,sealing,1,0,1,right-to-left,0,No field symbol,No Field Symbol,-8,44,2,25 97,25 97,
2795,4663,HP,Harappa,EH vol II,2,sealing,2,9,0,unrecorded,380,"Reptiles, fish, birds",Tortoise.,-8,44,0,,,
2796,4664,HP,Harappa,EH vol II,2,sealing,1,0,1,right-to-left,0,No field symbol,No Field Symbol,-6,41,3,72 211 176,72 211 176,
2797,4664,HP,Harappa,EH vol II,2,sealing,2,9,0,unrecorded,450,Trees and leaves,Rosette of pipal leaves.,-6,41,0,,,
2798,4665,HP,Harappa,EH vol II,2,sealing,1,0,1,right-to-left,0,No field symbol,No Field Symbol,0,45,3,391 99 40,391 99 40,
2799,4665,HP,Harappa,EH vol II,2,sealing,2,0,1,right-to-left,851,"Symbols, motifs, geometric patterns",Cult object (the so-called 'manger' or 'incense-burner') identified by Mahadevan as a 'sacred filter'.,0,45,2,87 328,87 328,
2800,4666,HP,Harappa,EH vol II,2,sealing,1,0,1,right-to-left,0,No field symbol,No Field Symbol,-13,42,5,51 130 149 342 176,51 130 149 342 176,
2801,4666,HP,Harappa,EH vol II,2,sealing,2,0,1,right-to-left,0,No field symbol,No Field Symbol,-13,42,2,89 328,89 328,
2802,4667,HP,Harappa,EH vol II,2,sealing,1,0,1,right-to-left,0,No field symbol,No Field Symbol,-3,41,5,387 65 72 336 0,387 65 72 336 0,
2803,4667,HP,Harappa,EH vol II,2,sealing,2,0,1,right-to-left,0,No field symbol,No Field Symbol,-3,41,2,*086 328,86 328,1
2804,4668,HP,Harappa,EH vol II,2,sealing,0,0,1,right-to-left,0,No field symbol,No Field Symbol,0,45,3,0 15 176,0 15 176,
2805,4669,HP,Harappa,EH vol II,2,sealing,0,0,1,right-to-left,0,No field symbol,No Field Symbol,-7,47,5,219 209 343 106 169,219 209 343 106 169,
2806,4670,HP,Harappa,EH vol II,2,sealing,1,0,1,right-to-left,0,No field symbol,No Field Symbol,0,40,3,67 294 342,67 294 342,
2807,4670,HP,Harappa,EH vol II,2,sealing,2,0,2,left-to-right,0,No field symbol,No Field Symbol,0,40,2,89 328,89 328,
2808,4671,HP,Harappa,EH vol II,2,sealing,1,0,9,no text,0,No field symbol,No Field Symbol,-9,45,1,0,0,
2809,4671,HP,Harappa,EH vol II,2,sealing,2,0,1,right-to-left,0,No field symbol,No Field Symbol,-9,45,2,89 328,89 328,
2810,4672,HP,Harappa,EH vol II,2,sealing,1,0,1,right-to-left,0,No field symbol,No Field Symbol,-4,40,6,67 336 89 216 254 176,67 336 89 216 254 176,
2811,4672,HP,Harappa,EH vol II,2,sealing,2,0,1,right-to-left,0,No field symbol,No Field Symbol,-4,40,6,177 197 192 341 89 328,177 197 192 341 89 328,
2812,4673,HP,Harappa,EH vol II,2,sealing,1,0,1,right-to-left,0,No field symbol,No Field Symbol,-6,44,5,391 99 67 72 211,391 99 67 72 211,
2813,4673,HP,Harappa,EH vol II,2,sealing,2,0,1,right-to-left,0,No field symbol,No Field Symbol,-6,44,2,89 328,89 328,
2814,4674,HP,Harappa,EH vol II,2,sealing,1,0,1,right-to-left,0,No field symbol,No Field Symbol,-8,47,5,245 245 307 342 176,245 245 307 342 176,
2815,4674,HP,Harappa,EH vol II,2,sealing,2,0,1,right-to-left,0,No field symbol,No Field Symbol,-8,47,2,89 328,89 328,
2816,4675,HP,Harappa,EH vol II,2,sealing,1,0,2,left-to-right,0,No field symbol,No Field Symbol,-7,53,3,*017 336 319,17 336 319,1
2817,4675,HP,Harappa,EH vol II,2,sealing,2,0,1,right-to-left,0,No field symbol,No Field Symbol,-7,53,2,89 328,89 328,
2818,4676,HP,Harappa,EH vol II,2,sealing,1,0,1,right-to-left,0,No field symbol,No Field Symbol,0,45,2,72 216,72 216,
2819,4676,HP,Harappa,EH vol II,2,sealing,2,9,0,unrecorded,999,Damaged/illegible,An uncertain/illegible field symbol.,0,45,0,,,
2820,4677,HP,Harappa,EH vol II,2,sealing,1,0,1,right-to-left,0,No field symbol,No Field Symbol,-9,53,3,48 342 0,48 342 0,
2821,4677,HP,Harappa,EH vol II,2,sealing,2,9,0,unrecorded,11,Animals,Unicorn to R. No cult object in front.,-9,53,0,,,
2822,4678,HP,Harappa,EH vol II,2,sealing,1,0,1,right-to-left,0,No field symbol,No Field Symbol,-17,42,3,403 187 87,403 187 87,
2823,4678,HP,Harappa,EH vol II,2,sealing,2,0,1,right-to-left,0,No field symbol,No Field Symbol,-17,42,2,95 328,95 328,
2824,4679,HP,Harappa,EH vol II,2,sealing,1,0,1,right-to-left,0,No field symbol,No Field Symbol,-8,40,4,136 193 342 176,136 193 342 176,
2825,4679,HP,Harappa,EH vol II,2,sealing,2,0,1,right-to-left,0,No field symbol,No Field Symbol,-8,40,2,87 328,87 328,
2826,4680,HP,Harappa,EH vol II,2,sealing,1,0,1,right-to-left,0,No field symbol,No Field Symbol,-7,53,3,311 15 176,311 15 176,
2827,4680,HP,Harappa,EH vol II,2,sealing,2,0,2,left-to-right,0,No field symbol,No Field Symbol,-7,53,2,89 328,89 328,
2828,4681,HP,Harappa,EH vol II,2,sealing,1,0,1,right-to-left,0,No field symbol,No Field Symbol,-8,44,3,0 51 342,0 51 342,
2829,4681,HP,Harappa,EH vol II,2,sealing,2,0,1,right-to-left,0,No field symbol,No Field Symbol,-8,44,2,95 328,95 328,
2830,4682,HP,Harappa,EH vol II,2,sealing,1,0,1,right-to-left,0,No field symbol,No Field Symbol,-17,43,3,379 307 176,379 307 176,
2831,4682,HP,Harappa,EH vol II,2,sealing,2,0,2,left-to-right,0,No field symbol,No Field Symbol,-17,43,2,87 328,87 328,
2832,4683,HP,Harappa,EH vol II,2,sealing,1,0,1,right-to-left,0,No field symbol,No Field Symbol,-16,42,3,84 51 342,84 51 342,
2833,4683,HP,Harappa,EH vol II,2,sealing,2,0,1,right-to-left,0,No field symbol,No Field Symbol,-16,42,2,95 328,95 328,
2834,4684,HP,Harappa,EH vol II,2,sealing,1,0,2,left-to-right,0,No field symbol,No Field Symbol,-13,42,4,175 176 211 176,175 176 211 176,
2835,4684,HP,Harappa,EH vol II,2,sealing,2,0,2,left-to-right,0,No field symbol,No Field Symbol,-13,42,2,89 328,89 328,
2836,4685,HP,Harappa,EH vol II,2,sealing,1,0,1,right-to-left,0,No field symbol,No Field Symbol,0,59,3,325 347 *342,325 347 342,3
2837,4685,HP,Harappa,EH vol II,2,sealing,2,0,9,no text,0,No field symbol,No Field Symbol,0,59,2,95 0,95 0,
2838,4686,HP,Harappa,EH vol II,2,sealing,1,0,1,right-to-left,0,No field symbol,No Field Symbol,-4,53,2,96 402,96 402,
2839,4686,HP,Harappa,EH vol II,2,sealing,2,0,2,left-to-right,0,No field symbol,No Field Symbol,-4,53,2,89 328,89 328,
2840,4687,HP,Harappa,EH vol II,2,sealing,1,0,1,right-to-left,0,No field symbol,No Field Symbol,-11,45,3,150 123 0,150 123 0,
2841,4687,HP,Harappa,EH vol II,2,sealing,2,0,9,no text,0,No field symbol,No Field Symbol,-11,45,3,0 *380 0,0 380 0,2
2842,4689,HP,Harappa,EH vol II,2,sealing,1,0,1,right-to-left,0,No field symbol,No Field Symbol,-5,53,4,204 150 193 342,204 150 193 342,
2843,4689,HP,Harappa,EH vol II,2,sealing,2,0,1,right-to-left,0,No field symbol,No Field Symbol,-5,53,2,89 328,89 328,
2844,4690,HP,Harappa,EH vol II,2,sealing,1,0,1,right-to-left,0,No field symbol,No Field Symbol,-14,42,4,249 162 342 176,249 162 342 176,
2845,4690,HP,Harappa,EH vol II,2,sealing,2,9,0,unrecorded,441,Trees and leaves,Kino Tree.,-14,42,0,,,
2846,4691,HP,Harappa,EH vol II,2,sealing,1,0,1,right-to-left,0,No field symbol,No Field Symbol,-13,42,3,135 365 410,135 365 410,
2847,4691,HP,Harappa,EH vol II,2,sealing,2,0,1,right-to-left,0,No field symbol,No Field Symbol,-13,42,2,87 328,87 328,
2848,4692,HP,Harappa,EH vol II,2,sealing,1,0,1,right-to-left,0,No field symbol,No Field Symbol,-16,40,3,311 15 176,311 15 176,
2849,4692,HP,Harappa,EH vol II,2,sealing,2,0,2,left-to-right,0,No field symbol,No Field Symbol,-16,40,2,89 328,89 328,
2850,4693,HP,Harappa,EH vol II,1,seal,0,0,1,right-to-left,13,Animals,Unicorn to R. facing cult object.,-5,45,3,117 125 59,117 125 59,
2851,4694,HP,Harappa,EH vol II,1,seal,0,1,1,right-to-left,13,Animals,Unicorn to R. facing cult object.,-3,57,4,391 97 225 0,391 97 225 0,
2852,4694,HP,Harappa,EH vol II,1,seal,0,2,1,right-to-left,13,Animals,Unicorn to R. facing cult object.,-3,57,4,89 375 162 0,89 375 162 0,
2853,4695,HP,Harappa,EH vol II,1,seal,0,0,1,right-to-left,0,No field symbol,No Field Symbol,-11,44,3,278 65 0,278 65 0,
2854,4696,HP,Harappa,EH vol II,1,seal,0,0,1,right-to-left,0,No field symbol,No Field Symbol,-13,42,4,391 99 387 0,391 99 387 0,
2855,4697,HP,Harappa,EH vol II,1,seal,0,0,9,no text,351,Animals,Uncertain animal (mostly bovine) to R.,-8,57,2,0 342,0 342,
2856,4698,HP,Harappa,EH vol II,1,seal,0,0,1,right-to-left,0,No field symbol,No Field Symbol,-3,57,7,*059 336 204 8 342 124 169,59 336 204 8 342 124 169,1
2857,4699,HP,Harappa,EH vol II,1,seal,0,0,1,right-to-left,0,No field symbol,No Field Symbol,-5,43,4,0 99 116 342,0 99 116 342,
2858,4700,HP,Harappa,EH vol II,3,miniature tablet,1,0,1,right-to-left,0,No field symbol,No Field Symbol,-7,41,3,112 197 0,112 197 0,
2859,4700,HP,Harappa,EH vol II,3,miniature tablet,2,0,2,left-to-right,0,No field symbol,No Field Symbol,-7,41,2,87 328,87 328,
2860,4701,HP,Harappa,EH vol II,2,sealing,1,0,2,left-to-right,0,No field symbol,No Field Symbol,-6,41,4,253 244 193 56,253 244 193 56,
2861,4701,HP,Harappa,EH vol II,2,sealing,2,9,0,unrecorded,13,Animals,Unicorn to R. facing cult object.,-6,41,0,,,
2862,4702,HP,Harappa,EH vol II,2,sealing,1,0,1,right-to-left,0,No field symbol,No Field Symbol,-4,57,5,67 72 342 388 176,67 72 342 388 176,
2863,4702,HP,Harappa,EH vol II,2,sealing,2,0,1,right-to-left,0,No field symbol,No Field Symbol,-4,57,2,89 328,89 328,
2864,4703,HP,Harappa,EH vol II,2,sealing,1,0,1,right-to-left,0,No field symbol,No Field Symbol,-7,57,3,249 162 0,249 162 0,
2865,4703,HP,Harappa,EH vol II,2,sealing,2,9,0,unrecorded,441,Trees and leaves,Kino Tree.,-7,57,0,,,
2866,4704,HP,Harappa,EH vol II,2,sealing,1,0,1,right-to-left,0,No field symbol,No Field Symbol,-9,41,4,0 149 342 176,0 149 342 176,
2867,4704,HP,Harappa,EH vol II,2,sealing,2,0,1,right-to-left,0,No field symbol,No Field Symbol,-9,41,2,89 328,89 328,
2868,4707,HP,Harappa,EH vol II,2,sealing,0,0,1,right-to-left,0,No field symbol,No Field Symbol,-10,44,4,0 135 192 0,0 135 192 0,
2869,4709,HP,Harappa,EH vol II,9,miscellaneous,0,0,1,right-to-left,0,No field symbol,No Field Symbol,-3,42,2,226 342,226 342,
2870,4710,HP,Harappa,EH vol II,4,pottery graffito,0,0,9,no text,0,No field symbol,No Field Symbol,-11,42,2,0 169,0 169,
2871,4712,HP,Harappa,EH vol II,4,pottery graffito,0,0,1,right-to-left,0,No field symbol,No Field Symbol,-11,42,3,70 51 0,70 51 0,
2872,4713,HP,Harappa,EH vol II,4,pottery graffito,0,0,1,right-to-left,960,"Symbols, motifs, geometric patterns",Motif in pottery graffito showing a rectangular enclosure with four marks within looking like X and V.,-11,42,3,298 342 *254,298 342 254,3
2873,4714,HP,Harappa,EH vol II,2,sealing,0,0,1,right-to-left,0,No field symbol,No Field Symbol,-11,40,3,244 252 0,244 252 0,
2874,4715,HP,Harappa,EH vol II,2,sealing,0,0,1,right-to-left,0,No field symbol,No Field Symbol,-7,40,3,0 342 176,0 342 176,
2875,4716,HP,Harappa,EH vol II,2,sealing,0,0,1,right-to-left,0,No field symbol,No Field Symbol,-12,47,6,*389 65 249 169 342 176,389 65 249 169 342 176,1
2876,4717,HP,Harappa,EH vol II,2,sealing,1,0,1,right-to-left,0,No field symbol,No Field Symbol,-4,41,4,*102 51 130 176,102 51 130 176,1
2877,4717,HP,Harappa,EH vol II,2,sealing,2,0,1,right-to-left,0,No field symbol,No Field Symbol,-4,41,5,*336 267 341 89 0,336 267 341 89 0,1
2878,4718,HP,Harappa,EH vol II,3,miniature tablet,1,0,1,right-to-left,0,No field symbol,No Field Symbol,-8,47,7,343 162 343 86 336 89 211,343 162 343 86 336 89 211,
2879,4718,HP,Harappa,EH vol II,3,miniature tablet,2,0,1,right-to-left,0,No field symbol,No Field Symbol,-8,47,2,89 328,89 328,
2880,4718,HP,Harappa,EH vol II,3,miniature tablet,3,9,0,unrecorded,831,"Symbols, motifs, geometric patterns",One or more dotted circles.,-8,47,0,,,
2881,4801,HP,Harappa,EH vol II,4,pottery graffito,0,0,1,right-to-left,0,No field symbol,No Field Symbol,0,59,3,345 347 342,345 347 342,
2882,4802,HP,Harappa,EH vol II,4,pottery graffito,0,0,1,right-to-left,0,No field symbol,No Field Symbol,0,59,2,*312 102,312 102,1
2883,4803,HP,Harappa,EH vol II,4,pottery graffito,0,0,1,right-to-left,0,No field symbol,No Field Symbol,-5,40,4,102 59 249 0,102 59 249 0,
2884,4804,HP,Harappa,EH vol II,4,pottery graffito,0,0,4,symmetrical,0,No field symbol,No Field Symbol,0,59,2,313 102,313 102,
2885,4805,HP,Harappa,EH vol II,4,pottery graffito,0,0,1,right-to-left,0,No field symbol,No Field Symbol,0,59,4,67 244 149 342,67 244 149 342,
2886,4806,HP,Harappa,EH vol II,4,pottery graffito,0,0,1,right-to-left,0,No field symbol,No Field Symbol,0,59,2,66 176,66 176,
2887,4807,HP,Harappa,EH vol II,4,pottery graffito,0,0,1,right-to-left,0,No field symbol,No Field Symbol,0,59,2,89 210,89 210,
2888,4808,HP,Harappa,EH vol II,4,pottery graffito,0,0,1,right-to-left,0,No field symbol,No Field Symbol,0,59,4,59 327 158 0,59 327 158 0,
2889,4809,HP,Harappa,EH vol II,4,pottery graffito,0,0,1,right-to-left,0,No field symbol,No Field Symbol,0,59,4,89 342 124 0,89 342 124 0,
2890,4810,HP,Harappa,EH vol II,4,pottery graffito,0,0,1,right-to-left,0,No field symbol,No Field Symbol,0,59,3,70 216 0,70 216 0,
2891,4811,HP,Harappa,EH vol II,9,miscellaneous,0,0,1,right-to-left,0,No field symbol,No Field Symbol,-10,44,4,*307 155 97 211,307 155 97 211,1
2892,4812,HP,Harappa,EH vol II,4,pottery graffito,0,0,1,right-to-left,0,No field symbol,No Field Symbol,0,43,5,*267 99 59 *053 0,267 99 59 53 0,1 4
2893,4813,HP,Harappa,EH vol II,4,pottery graffito,0,0,1,right-to-left,0,No field symbol,No Field Symbol,0,59,4,391 99 53 342,391 99 53 342,
2894,4814,HP,Harappa,EH vol II,4,pottery graffito,0,0,3,single sign,0,No field symbol,No Field Symbol,0,59,1,214,214,
2895,4815,HP,Harappa,EH vol II,4,pottery graffito,0,0,3,single sign,0,No field symbol,No Field Symbol,0,59,1,12,12,
2896,4816,HP,Harappa,EH vol II,4,pottery graffito,0,0,9,no text,0,No field symbol,No Field Symbol,0,59,2,0 *012,0 12,2
2897,4817,HP,Harappa,EH vol II,4,pottery graffito,0,0,9,no text,0,No field symbol,No Field Symbol,-3,47,2,0 *015,0 15,2
2898,4819,HP,Harappa,EH vol II,4,pottery graffito,0,0,1,right-to-left,0,No field symbol,No Field Symbol,0,59,3,0 342 176,0 342 176,
2899,4820,HP,Harappa,EH vol II,4,pottery graffito,0,0,1,right-to-left,0,No field symbol,No Field Symbol,0,59,3,112 331 342,112 331 342,
2900,4821,HP,Harappa,EH vol II,2,sealing,0,0,3,single sign,0,No field symbol,No Field Symbol,-12,42,1,118,118,
2901,4823,HP,Harappa,EH vol II,2,sealing,0,0,2,left-to-right,0,No field symbol,No Field Symbol,-5,41,2,253 230,253 230,
2902,4824,HP,Harappa,EH vol II,2,sealing,0,0,2,left-to-right,0,No field symbol,No Field Symbol,-5,41,2,204 230,204 230,
2903,4826,HP,Harappa,EH vol II,4,pottery graffito,0,0,1,right-to-left,0,No field symbol,No Field Symbol,0,59,3,*059 *059 *342,59 59 342,1 2 3
2904,4827,HP,Harappa,EH vol II,4,pottery graffito,0,0,1,right-to-left,0,No field symbol,No Field Symbol,-7,47,6,0 342 53 373 287 *342,0 342 53 373 287 342,6
2905,4832,HP,Harappa,EH vol II,4,pottery graffito,0,0,3,single sign,0,No field symbol,No Field Symbol,-2,40,1,67,67,
2906,4833,HP,Harappa,EH vol II,4,pottery graffito,0,0,1,right-to-left,0,No field symbol,No Field Symbol,-4,56,4,89 89 121 0,89 89 121 0,
2907,4834,HP,Harappa,EH vol II,4,pottery graffito,0,0,3,single sign,0,No field symbol,No Field Symbol,0,59,1,216,216,
2908,4835,HP,Harappa,EH vol II,4,pottery graffito,0,0,1,right-to-left,0,No field symbol,No Field Symbol,-5,56,3,267 99 0,267 99 0,
2909,4838,HP,Harappa,EH vol II,4,pottery graffito,0,0,9,no text,0,No field symbol,No Field Symbol,0,59,3,245 245 0,245 245 0,
2910,4839,HP,Harappa,EH vol II,4,pottery graffito,0,0,1,right-to-left,0,No field symbol,No Field Symbol,0,59,2,25 *342,25 342,2
2911,4840,HP,Harappa,EH vol II,4,pottery graffito,0,0,9,no text,0,No field symbol,No Field Symbol,-4,56,2,150 0,150 0,
2912,4841,HP,Harappa,EH vol II,4,pottery graffito,0,0,3,single sign,0,No field symbol,No Field Symbol,0,59,1,15,15,
2913,4843,HP,Harappa,EH vol II,4,pottery graffito,0,0,1,right-to-left,0,No field symbol,No Field Symbol,-5,56,4,150 123 104 169,150 123 104 169,
2914,4844,HP,Harappa,EH vol II,4,pottery graffito,0,0,3,single sign,0,No field symbol,No Field Symbol,0,59,1,1,1,
2915,4845,HP,Harappa,EH vol II,4,pottery graffito,0,0,3,single sign,0,No field symbol,No Field Symbol,-2,41,1,102,102,
2916,4846,HP,Harappa,EH vol II,2,sealing,0,0,2,left-to-right,0,No field symbol,No Field Symbol,0,59,2,253 230,253 230,
2917,4848,HP,Harappa,EH vol II,4,pottery graffito,0,0,1,right-to-left,0,No field symbol,No Field Symbol,0,59,4,0 *062 *065 0,0 62 65 0,2 3
2918,4849,HP,Harappa,EH vol II,4,pottery graffito,0,0,1,right-to-left,0,No field symbol,No Field Symbol,0,59,4,0 87 59 0,0 87 59 0,
2919,4852,HP,Harappa,EH vol II,4,pottery graffito,0,0,3,single sign,0,No field symbol,No Field Symbol,0,59,1,115,115,
2920,4853,HP,Harappa,EH vol II,2,sealing,0,0,1,right-to-left,0,No field symbol,No Field Symbol,0,59,2,*109 59,109 59,1
2921,4854,HP,Harappa,EH vol II,9,miscellaneous,0,0,1,right-to-left,0,No field symbol,No Field Symbol,0,51,3,365 96 0,365 96 0,
2922,4855,HP,Harappa,EH vol II,9,miscellaneous,0,0,3,single sign,0,No field symbol,No Field Symbol,0,51,1,102,102,
2923,4856,HP,Harappa,EH vol II,9,miscellaneous,0,0,1,right-to-left,0,No field symbol,No Field Symbol,0,51,2,96 137,96 137,
2924,4857,HP,Harappa,EH vol II,9,miscellaneous,0,0,3,single sign,0,No field symbol,No Field Symbol,0,51,1,110,110,
2925,4861,HP,Harappa,EH vol II,4,pottery graffito,0,0,1,right-to-left,0,No field symbol,No Field Symbol,0,59,2,102 104,102 104,
2926,4864,HP,Harappa,EH vol II,4,pottery graffito,0,0,9,no text,0,No field symbol,No Field Symbol,0,59,2,0 245,0 245,
2927,4865,HP,Harappa,EH vol II,4,pottery graffito,0,0,9,no text,0,No field symbol,No Field Symbol,0,59,2,391 0,391 0,
2928,4868,HP,Harappa,EH vol II,4,pottery graffito,0,0,3,single sign,0,No field symbol,No Field Symbol,0,59,1,104,104,
2929,4871,HP,Harappa,EH vol II,4,pottery graffito,0,0,1,right-to-left,0,No field symbol,No Field Symbol,0,59,2,284 277,284 277,
2930,4873,HP,Harappa,EH vol II,2,sealing,0,0,2,left-to-right,0,No field symbol,No Field Symbol,0,42,2,109 59,109 59,
2931,4874,HP,Harappa,EH vol II,2,sealing,0,0,3,single sign,0,No field symbol,No Field Symbol,0,59,1,127,127,
2932,4875,HP,Harappa,EH vol II,4,pottery graffito,0,0,3,single sign,0,No field symbol,No Field Symbol,-5,56,1,7,7,
2933,4876,HP,Harappa,EH vol II,2,sealing,0,0,3,single sign,0,No field symbol,No Field Symbol,0,59,1,127,127,
2934,4877,HP,Harappa,EH vol II,4,pottery graffito,0,0,9,no text,0,No field symbol,No Field Symbol,0,59,3,0 387 0,0 387 0,
2935,4878,HP,Harappa,EH vol II,4,pottery graffito,0,0,9,no text,0,No field symbol,No Field Symbol,-11,42,3,0 345 0,0 345 0,
2936,4879,HP,Harappa,EH vol II,4,pottery graffito,0,0,3,single sign,0,No field symbol,No Field Symbol,0,59,1,176,176,
2937,4880,HP,Harappa,EH vol II,4,pottery graffito,0,0,3,single sign,0,No field symbol,No Field Symbol,0,57,1,59,59,
2938,4881,HP,Harappa,EH vol II,4,pottery graffito,0,0,1,right-to-left,0,No field symbol,No Field Symbol,0,59,2,100 104,100 104,
2939,4884,HP,Harappa,EH vol II,4,pottery graffito,0,0,9,no text,0,No field symbol,No Field Symbol,0,59,2,0 342,0 342,
2940,4901,HP,Harappa,EH vol II,6,bronze implement,0,0,1,right-to-left,0,No field symbol,No Field Symbol,-6,42,3,293 244 393,293 244 393,
2941,4902,HP,Harappa,EH vol II,6,bronze implement,0,0,1,right-to-left,0,No field symbol,No Field Symbol,-6,42,3,0 244 393,0 244 393,
2942,4905,HP,Harappa,EH vol II,2,sealing,0,0,5,doubtful,0,No field symbol,No Field Symbol,-3,40,3,373 8 373,373 8 373,
2943,5001,HP,Harappa,Other,1,seal,0,0,1,right-to-left,0,No field symbol,No Field Symbol,0,40,2,*375 342,375 342,1
2944,5003,HP,Harappa,Other,1,seal,0,0,9,no text,13,Animals,Unicorn to R. facing cult object.,-7,40,3,0 216 0,0 216 0,
2945,5006,HP,Harappa,Other,1,seal,0,0,1,right-to-left,0,No field symbol,No Field Symbol,-3,40,2,100 169,100 169,
2946,5010,HP,Harappa,Other,1,seal,0,0,1,right-to-left,0,No field symbol,No Field Symbol,-2,48,3,87 373 0,87 373 0,
2947,5016,HP,Harappa,Other,1,seal,0,0,1,right-to-left,0,No field symbol,No Field Symbol,0,59,3,178 389 15,178 389 15,
2948,5017,HP,Harappa,Other,1,seal,0,0,1,right-to-left,11,Animals,Unicorn to R. No cult object in front.,-15,42,3,32 97 0,32 97 0,
2949,5023,HP,Harappa,Other,1,seal,0,0,9,no text,13,Animals,Unicorn to R. facing cult object.,-15,45,3,0 25 0,0 25 0,
2950,5031,HP,Harappa,Other,1,seal,0,0,1,right-to-left,0,No field symbol,No Field Symbol,-14,45,3,192 347 342,192 347 342,
2951,5034,HP,Harappa,Other,1,seal,0,0,9,no text,13,Animals,Unicorn to R. facing cult object.,-7,40,2,0 402,0 402,
2952,5035,HP,Harappa,Other,1,seal,0,0,1,right-to-left,0,No field symbol,No Field Symbol,0,59,4,389 342 *124 169,389 342 124 169,3
2953,5046,HP,Harappa,Other,1,seal,0,0,1,right-to-left,0,No field symbol,No Field Symbol,-9,45,4,267 99 2 14,267 99 2 14,
2954,5051,HP,Harappa,Other,1,seal,0,0,1,right-to-left,0,No field symbol,No Field Symbol,0,59,2,111 342,111 342,
2955,5052,HP,Harappa,Other,1,seal,0,0,1,right-to-left,0,No field symbol,No Field Symbol,0,59,9,53 70 72 342 407 169 178 389 15,53 70 72 342 407 169 178 389 15,
2956,5054,HP,Harappa,Other,1,seal,0,0,1,right-to-left,13,Animals,Unicorn to R. facing cult object.,0,59,2,109 162,109 162,
2957,5055,HP,Harappa,Other,1,seal,0,0,1,right-to-left,13,Animals,Unicorn to R. facing cult object.,0,59,6,267 99 204 245 347 342,267 99 204 245 347 342,
2958,5056,HP,Harappa,Other,1,seal,1,0,1,right-to-left,0,No field symbol,No Field Symbol,0,54,2,267 343,267 343,
2959,5056,HP,Harappa,Other,1,seal,2,0,1,right-to-left,13,Animals,Unicorn to R. facing cult object.,0,54,5,267 343 67 244 342,267 343 67 244 342,
2960,5057,HP,Harappa,Other,1,seal,0,0,1,right-to-left,0,No field symbol,No Field Symbol,-8,54,4,54 123 112 169,54 123 112 169,
2961,5058,HP,Harappa,Other,1,seal,0,0,1,right-to-left,0,No field symbol,No Field Symbol,0,59,8,267 99 72 336 89 327 128 342,267 99 72 336 89 327 128 342,
2962,5059,HP,Harappa,Other,1,seal,0,0,1,right-to-left,13,Animals,Unicorn to R. facing cult object.,-2,42,3,*293 *123 0,293 123 0,1 2
2963,5060,HP,Harappa,Other,1,seal,0,0,1,right-to-left,45,Animals,Short-horned bull to R. facing feeding trough.,-3,43,2,292 342,292 342,
2964,5061,HP,Harappa,Other,1,seal,0,0,1,right-to-left,0,No field symbol,No Field Symbol,0,59,9,345 341 99 65 407 294 375 336 0,345 341 99 65 407 294 375 336 0,
2965,5062,HP,Harappa,Other,1,seal,0,0,1,right-to-left,13,Animals,Unicorn to R. facing cult object.,0,59,7,267 99 389 70 336 89 211,267 99 389 70 336 89 211,
2966,5063,HP,Harappa,Other,1,seal,0,0,1,right-to-left,45,Animals,Short-horned bull to R. facing feeding trough.,0,56,2,102 15,102 15,
2967,5064,HP,Harappa,Other,1,seal,0,0,1,right-to-left,13,Animals,Unicorn to R. facing cult object.,0,59,6,293 123 65 206 86 342,293 123 65 206 86 342,
2968,5065,HP,Harappa,Other,1,seal,0,0,1,right-to-left,0,No field symbol,No Field Symbol,0,59,4,0 99 192 342,0 99 192 342,
2969,5066,HP,Harappa,Other,1,seal,0,0,1,right-to-left,0,No field symbol,No Field Symbol,0,59,3,0 348 342,0 348 342,
2970,5067,HP,Harappa,Other,1,seal,0,0,1,right-to-left,0,No field symbol,No Field Symbol,-4,43,6,293 123 389 53 *072 0,293 123 389 53 72 0,5
2971,5068,HP,Harappa,Other,1,seal,0,0,1,right-to-left,11,Animals,Unicorn to R. No cult object in front.,0,59,5,0 *067 53 342 0,0 67 53 342 0,2
2972,5069,HP,Harappa,Other,1,seal,0,0,2,left-to-right,0,No field symbol,No Field Symbol,-4,43,3,127 347 342,127 347 342,
2973,5070,HP,Harappa,Other,1,seal,0,0,1,right-to-left,13,Animals,Unicorn to R. facing cult object.,0,59,4,395 99 104 169,395 99 104 169,
2974,5071,HP,Harappa,Other,1,seal,0,0,1,right-to-left,351,Animals,Uncertain animal (mostly bovine) to R.,0,59,4,0 204 112 342,0 204 112 342,
2975,5072,HP,Harappa,Other,1,seal,0,0,1,right-to-left,0,No field symbol,No Field Symbol,-8,43,2,327 342,327 342,
2976,5073,HP,Harappa,Other,1,seal,1,0,5,doubtful,0,No field symbol,No Field Symbol,0,59,3,87 391 87,87 391 87,
2977,5073,HP,Harappa,Other,1,seal,2,0,1,right-to-left,13,Animals,Unicorn to R. facing cult object.,0,59,7,364 51 130 99 67 244 342,364 51 130 99 67 244 342,
2978,5074,HP,Harappa,Other,1,seal,0,0,1,right-to-left,0,No field symbol,No Field Symbol,0,59,9,*076 402 53 67 72 342 17 407 169,76 402 53 67 72 342 17 407 169,1
2979,5076,HP,Harappa,Other,1,seal,1,0,1,right-to-left,351,Animals,Uncertain animal (mostly bovine) to R.,0,59,6,0 343 204 245 347 342,0 343 204 245 347 342,
2980,5076,HP,Harappa,Other,1,seal,2,9,0,unrecorded,361,"Reptiles, fish, birds",Gharial to R.,0,59,0,,,
2981,5077,HP,Harappa,Other,1,seal,0,0,1,right-to-left,13,Animals,Unicorn to R. facing cult object.,0,59,3,328 86 15,328 86 15,
2982,5078,HP,Harappa,Other,1,seal,0,0,1,right-to-left,0,No field symbol,No Field Symbol,0,59,6,261 186 307 97 249 336,261 186 307 97 249 336,
2983,5080,HP,Harappa,Other,1,seal,0,0,1,right-to-left,13,Animals,Unicorn to R. facing cult object.,0,59,5,173 99 102 53 342,173 99 102 53 342,
2984,5081,HP,Harappa,Other,1,seal,0,0,1,right-to-left,41,Animals,Short-horned bull to R.,0,59,6,387 171 59 112 197 342,387 171 59 112 197 342,
2985,5083,HP,Harappa,Other,1,seal,0,0,1,right-to-left,13,Animals,Unicorn to R. facing cult object.,0,59,5,0 *387 *067 72 139,0 387 67 72 139,2 3
2986,5084,HP,Harappa,Other,1,seal,0,0,1,right-to-left,13,Animals,Unicorn to R. facing cult object.,0,59,6,267 99 72 403 87 *342,267 99 72 403 87 342,6
2987,5085,HP,Harappa,Other,1,seal,0,0,1,right-to-left,0,No field symbol,No Field Symbol,0,59,5,391 99 336 256 342,391 99 336 256 342,
2988,5086,HP,Harappa,Other,1,seal,0,0,1,right-to-left,13,Animals,Unicorn to R. facing cult object.,0,59,6,402 195 343 65 342 1,402 195 343 65 342 1,
2989,5087,HP,Harappa,Other,1,seal,0,0,1,right-to-left,13,Animals,Unicorn to R. facing cult object.,0,59,4,70 327 128 342,70 327 128 342,
2990,5088,HP,Harappa,Other,1,seal,0,0,1,right-to-left,0,No field symbol,No Field Symbol,0,59,3,221 127 344,221 127 344,
2991,5089,HP,Harappa,Other,1,seal,0,0,1,right-to-left,13,Animals,Unicorn to R. facing cult object.,0,59,3,336 89 211,336 89 211,
2992,5090,HP,Harappa,Other,1,seal,0,0,1,right-to-left,13,Animals,Unicorn to R. facing cult object.,0,59,8,261 134 86 99 65 249 169 342,261 134 86 99 65 249 169 342,
2993,5091,HP,Harappa,Other,1,seal,0,0,1,right-to-left,13,Animals,Unicorn to R. facing cult object.,0,59,4,270 99 389 *066,270 99 389 66,4
2994,5092,HP,Harappa,Other,1,seal,0,0,1,right-to-left,13,Animals,Unicorn to R. facing cult object.,0,59,3,411 *237 0,411 237 0,2
2995,5093,HP,Harappa,Other,1,seal,0,0,1,right-to-left,13,Animals,Unicorn to R. facing cult object.,0,59,2,102 15,102 15,
2996,5094,HP,Harappa,Other,1,seal,0,0,1,right-to-left,13,Animals,Unicorn to R. facing cult object.,0,59,2,17 254,17 254,
2997,5096,HP,Harappa,Other,1,seal,0,0,1,right-to-left,0,No field symbol,No Field Symbol,0,59,12,341 28 381 252 99 389 70 336 89 407 87 169,341 28 381 252 99 389 70 336 89 407 87 169,
2998,5099,HP,Harappa,Other,1,seal,0,0,1,right-to-left,0,No field symbol,No Field Symbol,0,59,3,41 226 254,41 226 254,
2999,5100,HP,Harappa,Other,1,seal,0,0,1,right-to-left,0,No field symbol,No Field Symbol,0,59,4,150 123 104 169,150 123 104 169,
3000,5101,HP,Harappa,Other,1,seal,0,0,1,right-to-left,0,No field symbol,No Field Symbol,0,50,7,87 284 342 98 178 389 15,87 284 342 98 178 389 15,
3001,5102,HP,Harappa,Other,1,seal,0,0,1,right-to-left,13,Animals,Unicorn to R. facing cult object.,0,59,4,86 210 267 402,86 210 267 402,
3002,5103,HP,Harappa,Other,1,seal,0,0,3,single sign,0,No field symbol,No Field Symbol,0,59,1,403,403,
3003,5104,HP,Harappa,Other,1,seal,0,0,9,no text,13,Animals,Unicorn to R. facing cult object.,0,59,2,0 71,0 71,
3004,5105,HP,Harappa,Other,1,seal,0,0,1,right-to-left,0,No field symbol,No Field Symbol,0,59,3,178 389 15,178 389 15,
3005,5107,HP,Harappa,Other,1,seal,0,0,1,right-to-left,13,Animals,Unicorn to R. facing cult object.,0,59,4,0 293 245 342,0 293 245 342,
3006,5108,HP,Harappa,Other,1,seal,0,0,1,right-to-left,0,No field symbol,No Field Symbol,0,59,5,150 123 89 89 0,150 123 89 89 0,
3007,5109,HP,Harappa,Other,1,seal,0,0,1,right-to-left,351,Animals,Uncertain animal (mostly bovine) to R.,0,59,7,0 402 123 51 130 149 0,0 402 123 51 130 149 0,
3008,5110,HP,Harappa,Other,1,seal,0,0,1,right-to-left,13,Animals,Unicorn to R. facing cult object.,0,59,3,387 65 0,387 65 0,
3009,5114,HP,Harappa,Other,1,seal,0,0,1,right-to-left,0,No field symbol,No Field Symbol,0,59,6,53 67 336 89 18 211,53 67 336 89 18 211,
3010,5115,HP,Harappa,Other,1,seal,0,0,1,right-to-left,0,No field symbol,No Field Symbol,0,59,5,0 99 249 162 342,0 99 249 162 342,
3011,5119,HP,Harappa,Other,1,seal,0,1,1,right-to-left,14,Animals,Unicorn to L. facing cult object.,0,59,2,391 99,391 99,
3012,5119,HP,Harappa,Other,1,seal,0,2,1,right-to-left,14,Animals,Unicorn to L. facing cult object.,0,59,4,102 287 342 242,102 287 342 242,
3013,5120,HP,Harappa,Other,1,seal,0,0,1,right-to-left,13,Animals,Unicorn to R. facing cult object.,0,59,2,292 342,292 342,
3014,5123,HP,Harappa,Other,1,seal,0,0,1,right-to-left,11,Animals,Unicorn to R. No cult object in front.,0,59,3,249 167 12,249 167 12,
3015,5124,HP,Harappa,Other,1,seal,0,0,1,right-to-left,13,Animals,Unicorn to R. facing cult object.,0,59,4,244 51 130 176,244 51 130 176,
3016,5201,HP,Harappa,Other,2,sealing,0,0,1,right-to-left,0,No field symbol,No Field Symbol,0,40,2,102 25,102 25,
3017,5203,HP,Harappa,Other,2,sealing,0,1,1,right-to-left,0,No field symbol,No Field Symbol,-5,40,2,102 190,102 190,
3018,5203,HP,Harappa,Other,2,sealing,0,2,3,single sign,0,No field symbol,No Field Symbol,-5,40,1,374,374,
3019,5204,HP,Harappa,Other,2,sealing,0,1,1,right-to-left,0,No field symbol,No Field Symbol,0,40,2,102 190,102 190,
3020,5204,HP,Harappa,Other,2,sealing,0,2,3,single sign,0,No field symbol,No Field Symbol,0,40,1,374,374,
3021,5205,HP,Harappa,Other,2,sealing,1,0,1,right-to-left,0,No field symbol,No Field Symbol,-3,40,11,*389 171 59 182 293 51 130 149 249 169 342,389 171 59 182 293 51 130 149 249 169 342,1
3022,5205,HP,Harappa,Other,2,sealing,2,9,0,unrecorded,361,"Reptiles, fish, birds",Gharial to R.,-3,40,0,,,
3023,5206,HP,Harappa,Other,2,sealing,0,0,1,right-to-left,0,No field symbol,No Field Symbol,0,46,3,373 341 342,373 341 342,
3024,5207,HP,Harappa,Other,2,sealing,1,0,1,right-to-left,0,No field symbol,No Field Symbol,0,56,5,210 169 99 67 211,210 169 99 67 211,
3025,5207,HP,Harappa,Other,2,sealing,2,9,0,unrecorded,11,Animals,Unicorn to R. No cult object in front.,0,56,0,,,
3026,5208,HP,Harappa,Other,2,sealing,1,0,1,right-to-left,0,No field symbol,No Field Symbol,0,56,5,210 169 99 67 211,210 169 99 67 211,
3027,5208,HP,Harappa,Other,2,sealing,2,9,0,unrecorded,11,Animals,Unicorn to R. No cult object in front.,0,56,0,,,
3028,5209,HP,Harappa,Other,2,sealing,1,0,1,right-to-left,0,No field symbol,No Field Symbol,-3,56,5,210 169 99 67 211,210 169 99 67 211,
3029,5209,HP,Harappa,Other,2,sealing,2,9,0,unrecorded,11,Animals,Unicorn to R. No cult object in front.,-3,56,0,,,
3030,5210,HP,Harappa,Other,2,sealing,1,0,1,right-to-left,0,No field symbol,No Field Symbol,-3,56,5,210 169 99 67 211,210 169 99 67 211,
3031,5210,HP,Harappa,Other,2,sealing,2,9,0,unrecorded,11,Animals,Unicorn to R. No cult object in front.,-3,56,0,,,
3032,5211,HP,Harappa,Other,2,sealing,0,0,1,right-to-left,0,No field symbol,No Field Symbol,-2,56,6,389 65 249 169 342 176,389 65 249 169 342 176,
3033,5212,HP,Harappa,Other,2,sealing,1,0,1,right-to-left,0,No field symbol,No Field Symbol,0,56,5,210 169 99 67 211,210 169 99 67 211,
3034,5212,HP,Harappa,Other,2,sealing,2,9,0,unrecorded,11,Animals,Unicorn to R. No cult object in front.,0,56,0,,,
3035,5213,HP,Harappa,Other,2,sealing,1,0,1,right-to-left,0,No field symbol,No Field Symbol,0,56,5,210 169 99 67 211,210 169 99 67 211,
3036,5213,HP,Harappa,Other,2,sealing,2,9,0,unrecorded,11,Animals,Unicorn to R. No cult object in front.,0,56,0,,,
3037,5214,HP,Harappa,Other,2,sealing,1,0,1,right-to-left,0,No field symbol,No Field Symbol,0,56,5,210 169 99 67 211,210 169 99 67 211,
3038,5214,HP,Harappa,Other,2,sealing,2,9,0,unrecorded,11,Animals,Unicorn to R. No cult object in front.,0,56,0,,,
3039,5215,HP,Harappa,Other,2,sealing,1,0,1,right-to-left,0,No field symbol,No Field Symbol,0,56,5,210 169 99 67 211,210 169 99 67 211,
3040,5215,HP,Harappa,Other,2,sealing,2,9,0,unrecorded,11,Animals,Unicorn to R. No cult object in front.,0,56,0,,,
3041,5216,HP,Harappa,Other,2,sealing,1,0,1,right-to-left,0,No field symbol,No Field Symbol,0,56,5,210 169 99 67 211,210 169 99 67 211,
3042,5216,HP,Harappa,Other,2,sealing,2,9,0,unrecorded,11,Animals,Unicorn to R. No cult object in front.,0,56,0,,,
3043,5217,HP,Harappa,Other,2,sealing,1,0,1,right-to-left,0,No field symbol,No Field Symbol,0,56,5,210 169 99 67 211,210 169 99 67 211,
3044,5217,HP,Harappa,Other,2,sealing,2,9,0,unrecorded,11,Animals,Unicorn to R. No cult object in front.,0,56,0,,,
3045,5218,HP,Harappa,Other,2,sealing,1,0,1,right-to-left,0,No field symbol,No Field Symbol,0,56,5,210 169 99 67 211,210 169 99 67 211,
3046,5218,HP,Harappa,Other,2,sealing,2,9,0,unrecorded,11,Animals,Unicorn to R. No cult object in front.,0,56,0,,,
3047,5219,HP,Harappa,Other,2,sealing,1,0,1,right-to-left,0,No field symbol,No Field Symbol,0,56,5,210 169 99 67 211,210 169 99 67 211,
3048,5219,HP,Harappa,Other,2,sealing,2,9,0,unrecorded,11,Animals,Unicorn to R. No cult object in front.,0,56,0,,,
3049,5220,HP,Harappa,Other,2,sealing,1,0,1,right-to-left,0,No field symbol,No Field Symbol,0,56,5,210 169 99 67 211,210 169 99 67 211,
3050,5220,HP,Harappa,Other,2,sealing,2,9,0,unrecorded,11,Animals,Unicorn to R. No cult object in front.,0,56,0,,,
3051,5221,HP,Harappa,Other,2,sealing,0,0,1,right-to-left,0,No field symbol,No Field Symbol,0,56,3,373 48 0,373 48 0,
3052,5222,HP,Harappa,Other,2,sealing,1,0,1,right-to-left,0,No field symbol,No Field Symbol,-3,53,4,65 249 162 342,65 249 162 342,
3053,5222,HP,Harappa,Other,2,sealing,2,0,1,right-to-left,441,Trees and leaves,Kino Tree.,-3,53,2,89 328,89 328,
3054,5223,HP,Harappa,Other,2,sealing,1,0,1,right-to-left,0,No field symbol,No Field Symbol,-13,42,4,65 249 162 342,65 249 162 342,
3055,5223,HP,Harappa,Other,2,sealing,2,0,1,right-to-left,441,Trees and leaves,Kino Tree.,-13,42,2,89 328,89 328,
3056,5225,HP,Harappa,Other,2,sealing,0,0,1,right-to-left,0,No field symbol,No Field Symbol,0,42,3,0 87 261,0 87 261,
3057,5226,HP,Harappa,Other,2,sealing,0,0,1,right-to-left,0,No field symbol,No Field Symbol,0,59,5,53 171 59 342 176,53 171 59 342 176,
3058,5227,HP,Harappa,Other,2,sealing,1,0,1,right-to-left,0,No field symbol,No Field Symbol,-10,42,11,389 171 59 182 293 *051 *130 149 249 169 342,389 171 59 182 293 51 130 149 249 169 342,6 7
3059,5227,HP,Harappa,Other,2,sealing,2,9,0,unrecorded,361,"Reptiles, fish, birds",Gharial to R.,-10,42,0,,,
3060,5228,HP,Harappa,Other,2,sealing,0,0,1,right-to-left,0,No field symbol,No Field Symbol,-8,40,3,219 209 0,219 209 0,
3061,5229,HP,Harappa,Other,2,sealing,1,0,1,right-to-left,0,No field symbol,No Field Symbol,-6,40,11,*389 171 59 182 293 51 130 149 249 169 342,389 171 59 182 293 51 130 149 249 169 342,1
3062,5229,HP,Harappa,Other,2,sealing,2,9,0,unrecorded,361,"Reptiles, fish, birds",Gharial to R.,-6,40,0,,,
3063,5230,HP,Harappa,Other,2,sealing,1,0,1,right-to-left,0,No field symbol,No Field Symbol,-8,40,11,389 171 59 182 293 51 130 149 249 169 342,389 171 59 182 293 51 130 149 249 169 342,
3064,5230,HP,Harappa,Other,2,sealing,2,9,0,unrecorded,361,"Reptiles, fish, birds",Gharial to R.,-8,40,0,,,
3065,5231,HP,Harappa,Other,2,sealing,0,0,1,right-to-left,0,No field symbol,No Field Symbol,-4,43,6,389 65 249 169 342 176,389 65 249 169 342 176,
3066,5232,HP,Harappa,Other,2,sealing,0,0,1,right-to-left,0,No field symbol,No Field Symbol,-5,43,6,389 65 249 169 342 176,389 65 249 169 342 176,
3067,5233,HP,Harappa,Other,2,sealing,0,0,1,right-to-left,0,No field symbol,No Field Symbol,0,59,4,0 343 *008 0,0 343 8 0,3
3068,5234,HP,Harappa,Other,2,sealing,1,0,1,right-to-left,0,No field symbol,No Field Symbol,-8,40,11,389 171 59 182 293 *051 *130 149 249 169 342,389 171 59 182 293 51 130 149 249 169 342,6 7
3069,5234,HP,Harappa,Other,2,sealing,2,9,0,unrecorded,361,"Reptiles, fish, birds",Gharial to R.,-8,40,0,,,
3070,5235,HP,Harappa,Other,2,sealing,0,0,1,right-to-left,999,Damaged/illegible,An uncertain/illegible field symbol.,0,59,4,0 249 162 342,0 249 162 342,
3071,5236,HP,Harappa,Other,2,sealing,0,0,1,right-to-left,0,No field symbol,No Field Symbol,-7,42,5,53 171 59 342 176,53 171 59 342 176,
3072,5237,HP,Harappa,Other,2,sealing,1,0,1,right-to-left,11,Animals,Unicorn to R. No cult object in front.,-9,42,5,267 99 67 135 342,267 99 67 135 342,
3073,5237,HP,Harappa,Other,2,sealing,2,0,1,right-to-left,11,Animals,Unicorn to R. No cult object in front.,-9,42,4,65 59 48 342,65 59 48 342,
3074,5238,HP,Harappa,Other,2,sealing,1,0,1,right-to-left,11,Animals,Unicorn to R. No cult object in front.,-9,42,5,267 99 67 135 342,267 99 67 135 342,
3075,5238,HP,Harappa,Other,2,sealing,2,0,1,right-to-left,11,Animals,Unicorn to R. No cult object in front.,-9,42,4,65 59 48 342,65 59 48 342,
3076,5239,HP,Harappa,Other,2,sealing,1,0,1,right-to-left,11,Animals,Unicorn to R. No cult object in front.,-9,42,5,267 99 67 135 342,267 99 67 135 342,
3077,5239,HP,Harappa,Other,2,sealing,2,0,1,right-to-left,11,Animals,Unicorn to R. No cult object in front.,-9,42,4,65 59 48 342,65 59 48 342,
3078,5240,HP,Harappa,Other,2,sealing,1,0,1,right-to-left,11,Animals,Unicorn to R. No cult object in front.,-9,42,5,267 99 67 135 342,267 99 67 135 342,
3079,5240,HP,Harappa,Other,2,sealing,2,0,1,right-to-left,11,Animals,Unicorn to R. No cult object in front.,-9,42,4,65 59 48 342,65 59 48 342,
3080,5241,HP,Harappa,Other,2,sealing,1,0,1,right-to-left,999,Damaged/illegible,An uncertain/illegible field symbol.,-9,42,3,0 135 342,0 135 342,
3081,5241,HP,Harappa,Other,2,sealing,2,0,9,no text,999,Damaged/illegible,An uncertain/illegible field symbol.,-9,42,1,0,0,
3082,5242,HP,Harappa,Other,2,sealing,1,0,1,right-to-left,0,No field symbol,No Field Symbol,0,59,3,178 389 15,178 389 15,
3083,5242,HP,Harappa,Other,2,sealing,2,9,0,unrecorded,442,Trees and leaves,Kino Tree within railing.,0,59,0,,,
3084,5243,HP,Harappa,Other,2,sealing,1,0,1,right-to-left,0,No field symbol,No Field Symbol,-11,42,4,337 294 15 176,337 294 15 176,
3085,5243,HP,Harappa,Other,2,sealing,2,9,0,unrecorded,852,"Symbols, motifs, geometric patterns",A frieze of cult objects alternating with of vertical rows of circles.,-11,42,0,,,
3086,5244,HP,Harappa,Other,2,sealing,1,0,1,right-to-left,0,No field symbol,No Field Symbol,-11,42,4,337 294 15 176,337 294 15 176,
3087,5244,HP,Harappa,Other,2,sealing,2,9,0,unrecorded,852,"Symbols, motifs, geometric patterns",A frieze of cult objects alternating with of vertical rows of circles.,-11,42,0,,,
3088,5245,HP,Harappa,Other,2,sealing,1,0,1,right-to-left,0,No field symbol,No Field Symbol,-9,40,3,178 389 15,178 389 15,
3089,5245,HP,Harappa,Other,2,sealing,2,9,0,unrecorded,442,Trees and leaves,Kino Tree within railing.,-9,40,0,,,
3090,5246,HP,Harappa,Other,2,sealing,1,0,1,right-to-left,0,No field symbol,No Field Symbol,0,59,6,389 171 59 182 293 0,389 171 59 182 293 0,
3091,5246,HP,Harappa,Other,2,sealing,2,9,0,unrecorded,361,"Reptiles, fish, birds",Gharial to R.,0,59,0,,,
3092,5249,HP,Harappa,Other,2,sealing,1,0,1,right-to-left,0,No field symbol,No Field Symbol,-9,40,3,204 0 176,204 0 176,
3093,5249,HP,Harappa,Other,2,sealing,2,9,0,unrecorded,361,"Reptiles, fish, birds",Gharial to R.,-9,40,0,,,
3094,5250,HP,Harappa,Other,2,sealing,1,0,1,right-to-left,0,No field symbol,No Field Symbol,-12,45,3,*103 403 342,103 403 342,1
3095,5250,HP,Harappa,Other,2,sealing,2,0,1,right-to-left,0,No field symbol,No Field Symbol,-12,45,2,328 59,328 59,
3096,5251,HP,Harappa,Other,2,sealing,1,0,1,right-to-left,0,No field symbol,No Field Symbol,-3,42,3,178 389 15,178 389 15,
3097,5251,HP,Harappa,Other,2,sealing,2,9,0,unrecorded,442,Trees and leaves,Kino Tree within railing.,-3,42,0,,,
3098,5252,HP,Harappa,Other,2,sealing,1,0,1,right-to-left,0,No field symbol,No Field Symbol,-12,42,4,67 135 347 342,67 135 347 342,
3099,5252,HP,Harappa,Other,2,sealing,2,0,1,right-to-left,851,"Symbols, motifs, geometric patterns",Cult object (the so-called 'manger' or 'incense-burner') identified by Mahadevan as a 'sacred filter'.,-12,42,2,345 328,345 328,
3100,5253,HP,Harappa,Other,2,sealing,1,0,1,right-to-left,0,No field symbol,No Field Symbol,0,59,11,389 171 59 182 293 51 130 149 249 162 342,389 171 59 182 293 51 130 149 249 162 342,
3101,5253,HP,Harappa,Other,2,sealing,2,9,0,unrecorded,361,"Reptiles, fish, birds",Gharial to R.,0,59,0,,,
3102,5254,HP,Harappa,Other,2,sealing,1,0,1,right-to-left,0,No field symbol,No Field Symbol,-16,40,4,263 343 113 342,263 343 113 342,
3103,5254,HP,Harappa,Other,2,sealing,2,0,1,right-to-left,0,No field symbol,No Field Symbol,-16,40,6,177 197 192 341 89 328,177 197 192 341 89 328,
3104,5255,HP,Harappa,Other,2,sealing,1,0,1,right-to-left,0,No field symbol,No Field Symbol,-10,40,3,178 389 15,178 389 15,
3105,5255,HP,Harappa,Other,2,sealing,2,9,0,unrecorded,442,Trees and leaves,Kino Tree within railing.,-10,40,0,,,
3106,5256,HP,Harappa,Other,2,sealing,1,0,1,right-to-left,0,No field symbol,No Field Symbol,-5,40,11,389 171 59 182 293 51 130 149 249 169 342,389 171 59 182 293 51 130 149 249 169 342,
3107,5256,HP,Harappa,Other,2,sealing,2,9,0,unrecorded,361,"Reptiles, fish, birds",Gharial to R.,-5,40,0,,,
3108,5257,HP,Harappa,Other,2,sealing,1,0,1,right-to-left,0,No field symbol,No Field Symbol,-7,40,3,67 135 0,67 135 0,
3109,5257,HP,Harappa,Other,2,sealing,2,0,1,right-to-left,851,"Symbols, motifs, geometric patterns",Cult object (the so-called 'manger' or 'incense-burner') identified by Mahadevan as a 'sacred filter'.,-7,40,2,345 328,345 328,
3110,5259,HP,Harappa,Other,2,sealing,0,0,1,right-to-left,0,No field symbol,No Field Symbol,-6,40,6,*389 65 249 169 342 176,389 65 249 169 342 176,1
3111,5260,HP,Harappa,Other,2,sealing,1,0,9,no text,0,No field symbol,No Field Symbol,-11,40,2,204 0,204 0,
3112,5260,HP,Harappa,Other,2,sealing,2,9,0,unrecorded,361,"Reptiles, fish, birds",Gharial to R.,-11,40,0,,,
3113,5261,HP,Harappa,Other,2,sealing,0,0,1,right-to-left,0,No field symbol,No Field Symbol,-9,47,5,150 123 67 244 342,150 123 67 244 342,
3114,5262,HP,Harappa,Other,2,sealing,1,0,1,right-to-left,0,No field symbol,No Field Symbol,0,59,5,210 169 99 67 211,210 169 99 67 211,
3115,5262,HP,Harappa,Other,2,sealing,2,9,0,unrecorded,11,Animals,Unicorn to R. No cult object in front.,0,59,0,,,
3116,5263,HP,Harappa,Other,2,sealing,1,0,1,right-to-left,0,No field symbol,No Field Symbol,-5,41,5,47 48 8 342 176,47 48 8 342 176,
3117,5263,HP,Harappa,Other,2,sealing,2,9,0,unrecorded,851,"Symbols, motifs, geometric patterns",Cult object (the so-called 'manger' or 'incense-burner') identified by Mahadevan as a 'sacred filter'.,-5,41,0,,,
3118,5264,HP,Harappa,Other,2,sealing,1,0,1,right-to-left,0,No field symbol,No Field Symbol,0,41,5,267 99 67 294 342,267 99 67 294 342,
3119,5264,HP,Harappa,Other,2,sealing,2,0,1,right-to-left,23,Animals,Bull with two long horns to R.facing cult object.,0,41,2,87 328,87 328,
3120,5265,HP,Harappa,Other,2,sealing,0,0,5,doubtful,0,No field symbol,No Field Symbol,0,59,3,373 48 373,373 48 373,
3121,5266,HP,Harappa,Other,2,sealing,0,0,2,left-to-right,0,No field symbol,No Field Symbol,-9,49,2,373 342,373 342,
3122,5267,HP,Harappa,Other,2,sealing,0,0,5,doubtful,0,No field symbol,No Field Symbol,0,59,3,373 48 373,373 48 373,
3123,5268,HP,Harappa,Other,2,sealing,0,0,1,right-to-left,0,No field symbol,No Field Symbol,0,59,3,48 *342 *176,48 342 176,2 3
3124,5269,HP,Harappa,Other,2,sealing,1,0,1,right-to-left,0,No field symbol,No Field Symbol,-1,54,3,409 96 171,409 96 171,
3125,5269,HP,Harappa,Other,2,sealing,2,0,1,right-to-left,0,No field symbol,No Field Symbol,-1,54,2,89 328,89 328,
3126,5270,HP,Harappa,Other,2,sealing,1,0,1,right-to-left,0,No field symbol,No Field Symbol,-3,54,4,175 176 211 176,175 176 211 176,
3127,5270,HP,Harappa,Other,2,sealing,2,0,1,right-to-left,0,No field symbol,No Field Symbol,-3,54,2,87 328,87 328,
3128,5271,HP,Harappa,Other,2,sealing,1,0,1,right-to-left,0,No field symbol,No Field Symbol,-3,54,2,40 176,40 176,
3129,5271,HP,Harappa,Other,2,sealing,2,0,1,right-to-left,0,No field symbol,No Field Symbol,-3,54,2,95 328,95 328,
3130,5274,HP,Harappa,Other,2,sealing,1,0,1,right-to-left,0,No field symbol,No Field Symbol,0,59,5,245 245 307 342 176,245 245 307 342 176,
3131,5274,HP,Harappa,Other,2,sealing,2,0,2,left-to-right,0,No field symbol,No Field Symbol,0,59,2,89 328,89 328,
3132,5275,HP,Harappa,Other,2,sealing,0,0,1,right-to-left,0,No field symbol,No Field Symbol,0,59,6,389 65 249 169 342 176,389 65 249 169 342 176,
3133,5276,HP,Harappa,Other,2,sealing,1,0,1,right-to-left,0,No field symbol,No Field Symbol,0,59,5,65 249 169 342 176,65 249 169 342 176,
3134,5276,HP,Harappa,Other,2,sealing,2,0,1,right-to-left,0,No field symbol,No Field Symbol,0,59,2,89 328,89 328,
3135,5277,HP,Harappa,Other,2,sealing,1,0,1,right-to-left,0,No field symbol,No Field Symbol,0,59,4,70 48 342 176,70 48 342 176,
3136,5277,HP,Harappa,Other,2,sealing,2,0,2,left-to-right,0,No field symbol,No Field Symbol,0,59,2,95 328,95 328,
3137,5278,HP,Harappa,Other,2,sealing,1,0,1,right-to-left,0,No field symbol,No Field Symbol,0,59,4,150 123 67 0,150 123 67 0,
3138,5278,HP,Harappa,Other,2,sealing,2,0,2,left-to-right,0,No field symbol,No Field Symbol,0,59,2,89 328,89 328,
3139,5279,HP,Harappa,Other,2,sealing,1,0,1,right-to-left,0,No field symbol,No Field Symbol,0,59,3,25 245 245,25 245 245,
3140,5279,HP,Harappa,Other,2,sealing,2,9,0,unrecorded,442,Trees and leaves,Kino Tree within railing.,0,59,0,,,
3141,5280,HP,Harappa,Other,2,sealing,1,0,1,right-to-left,0,No field symbol,No Field Symbol,0,59,3,204 112 342,204 112 342,
3142,5280,HP,Harappa,Other,2,sealing,2,9,0,unrecorded,361,"Reptiles, fish, birds",Gharial to R.,0,59,0,,,
3143,5281,HP,Harappa,Other,2,sealing,1,0,9,no text,0,No field symbol,No Field Symbol,0,59,2,0 375,0 375,
3144,5281,HP,Harappa,Other,2,sealing,2,0,9,no text,0,No field symbol,No Field Symbol,0,59,2,0 328,0 328,
3145,5282,HP,Harappa,Other,2,sealing,1,0,1,right-to-left,0,No field symbol,No Field Symbol,0,59,4,204 230 342 176,204 230 342 176,
3146,5282,HP,Harappa,Other,2,sealing,2,9,0,unrecorded,442,Trees and leaves,Kino Tree within railing.,0,59,0,,,
3147,5283,HP,Harappa,Other,2,sealing,1,0,1,right-to-left,0,No field symbol,No Field Symbol,0,59,5,67 72 342 388 176,67 72 342 388 176,
3148,5283,HP,Harappa,Other,2,sealing,2,0,1,right-to-left,0,No field symbol,No Field Symbol,0,59,3,89 328 28,89 328 28,
3149,5284,HP,Harappa,Other,2,sealing,1,0,1,right-to-left,0,No field symbol,No Field Symbol,0,59,3,178 389 15,178 389 15,
3150,5284,HP,Harappa,Other,2,sealing,2,9,0,unrecorded,442,Trees and leaves,Kino Tree within railing.,0,59,0,,,
3151,5285,HP,Harappa,Other,2,sealing,1,0,1,right-to-left,0,No field symbol,No Field Symbol,0,59,3,379 307 176,379 307 176,
3152,5285,HP,Harappa,Other,2,sealing,2,0,1,right-to-left,0,No field symbol,No Field Symbol,0,59,2,87 328,87 328,
3153,5286,HP,Harappa,Other,2,sealing,1,0,1,right-to-left,0,No field symbol,No Field Symbol,0,59,4,65 249 162 342,65 249 162 342,
3154,5286,HP,Harappa,Other,2,sealing,2,0,1,right-to-left,441,Trees and leaves,Kino Tree.,0,59,2,89 328,89 328,
3155,5287,HP,Harappa,Other,2,sealing,0,0,1,right-to-left,0,No field symbol,No Field Symbol,0,59,5,0 249 169 342 176,0 249 169 342 176,
3156,5288,HP,Harappa,Other,2,sealing,1,0,1,right-to-left,0,No field symbol,No Field Symbol,0,59,4,70 53 48 342,70 53 48 342,
3157,5288,HP,Harappa,Other,2,sealing,2,9,0,unrecorded,32,Animals,Humped bull to L.,0,59,0,,,
3158,5289,HP,Harappa,Other,2,sealing,1,0,1,right-to-left,0,No field symbol,No Field Symbol,0,59,4,67 135 347 342,67 135 347 342,
3159,5289,HP,Harappa,Other,2,sealing,2,0,1,right-to-left,851,"Symbols, motifs, geometric patterns",Cult object (the so-called 'manger' or 'incense-burner') identified by Mahadevan as a 'sacred filter'.,0,59,2,345 328,345 328,
3160,5291,HP,Harappa,Other,2,sealing,1,0,1,right-to-left,0,No field symbol,No Field Symbol,0,59,3,53 67 0,53 67 0,
3161,5291,HP,Harappa,Other,2,sealing,2,0,9,no text,0,No field symbol,No Field Symbol,0,59,2,89 0,89 0,
3162,5292,HP,Harappa,Other,2,sealing,1,0,1,right-to-left,0,No field symbol,No Field Symbol,0,59,5,336 51 8 342 176,336 51 8 342 176,
3163,5292,HP,Harappa,Other,2,sealing,2,0,1,right-to-left,0,No field symbol,No Field Symbol,0,59,2,95 328,95 328,
3164,5293,HP,Harappa,Other,2,sealing,1,0,1,right-to-left,0,No field symbol,No Field Symbol,0,59,3,48 193 342,48 193 342,
3165,5293,HP,Harappa,Other,2,sealing,2,0,1,right-to-left,0,No field symbol,No Field Symbol,0,59,2,87 328,87 328,
3166,5296,HP,Harappa,Other,2,sealing,1,0,3,single sign,0,No field symbol,No Field Symbol,0,59,1,137,137,
3167,5296,HP,Harappa,Other,2,sealing,2,0,1,right-to-left,0,No field symbol,No Field Symbol,0,59,3,178 389 15,178 389 15,
3168,5297,HP,Harappa,Other,2,sealing,0,0,1,right-to-left,0,No field symbol,No Field Symbol,0,41,5,0 249 169 342 176,0 249 169 342 176,
3169,5298,HP,Harappa,Other,2,sealing,0,0,9,no text,13,Animals,Unicorn to R. facing cult object.,0,59,2,373 0,373 0,
3170,5299,HP,Harappa,Other,2,sealing,1,0,1,right-to-left,0,No field symbol,No Field Symbol,0,54,4,391 123 216 254,391 123 216 254,
3171,5299,HP,Harappa,Other,2,sealing,2,9,0,unrecorded,730,Scenes,Person seated on machan on Kino tree ; A tiger below to R. looking at him.,0,54,0,,,
3172,5300,HP,Harappa,Other,2,sealing,0,0,1,right-to-left,371,"Reptiles, fish, birds",Inscribed object in the shape of fish.,0,59,5,67 204 *112 342 176,67 204 112 342 176,3
3173,5301,HP,Harappa,Other,2,sealing,1,0,1,right-to-left,361,"Reptiles, fish, birds",Gharial to R.,0,59,2,40 176,40 176,
3174,5301,HP,Harappa,Other,2,sealing,2,9,0,unrecorded,150,Animals,Two goats flanking a tree.,0,59,0,,,
3175,5302,HP,Harappa,Other,2,sealing,1,0,1,right-to-left,910,"Symbols, motifs, geometric patterns",Inscribed object in the shape of a double shield or double-axe (?),0,59,2,67 211,67 211,
3176,5302,HP,Harappa,Other,2,sealing,2,0,1,right-to-left,910,"Symbols, motifs, geometric patterns",Inscribed object in the shape of a double shield or double-axe (?),0,59,2,95 328,95 328,
3177,5303,HP,Harappa,Other,2,sealing,1,0,2,left-to-right,0,No field symbol,No Field Symbol,0,59,3,391 99 40,391 99 40,
3178,5303,HP,Harappa,Other,2,sealing,2,0,2,left-to-right,0,No field symbol,No Field Symbol,0,59,3,167 87 328,167 87 328,
3179,5304,HP,Harappa,Other,2,sealing,0,0,2,left-to-right,0,No field symbol,No Field Symbol,0,59,2,253 230,253 230,
3180,5305,HP,Harappa,Other,2,sealing,1,0,1,right-to-left,0,No field symbol,No Field Symbol,0,58,5,127 342 176 403 340,127 342 176 403 340,
3181,5305,HP,Harappa,Other,2,sealing,2,9,0,unrecorded,367,"Reptiles, fish, birds",Gharial to R. with fish in jaw surrounded by school of fish.,0,58,0,,,
3182,5306,HP,Harappa,Other,2,sealing,0,0,1,right-to-left,0,No field symbol,No Field Symbol,0,59,3,373 342 176,373 342 176,
3183,5308,HP,Harappa,Other,2,sealing,0,0,1,right-to-left,0,No field symbol,No Field Symbol,0,59,4,103 403 342 176,103 403 342 176,
3184,5309,HP,Harappa,Other,2,sealing,0,0,1,right-to-left,0,No field symbol,No Field Symbol,0,59,4,153 153 *048 0,153 153 48 0,3
3185,5310,HP,Harappa,Other,2,sealing,1,0,1,right-to-left,0,No field symbol,No Field Symbol,0,59,5,293 123 343 102 169,293 123 343 102 169,
3186,5310,HP,Harappa,Other,2,sealing,2,0,1,right-to-left,441,Trees and leaves,Kino Tree.,0,59,2,89 328,89 328,
3187,5311,HP,Harappa,Other,2,sealing,1,0,1,right-to-left,0,No field symbol,No Field Symbol,0,59,4,0 135 347 342,0 135 347 342,
3188,5311,HP,Harappa,Other,2,sealing,2,0,1,right-to-left,851,"Symbols, motifs, geometric patterns",Cult object (the so-called 'manger' or 'incense-burner') identified by Mahadevan as a 'sacred filter'.,0,59,2,345 328,345 328,
3189,5312,HP,Harappa,Other,2,sealing,0,0,3,single sign,0,No field symbol,No Field Symbol,0,59,1,127,127,
3190,5313,HP,Harappa,Other,2,sealing,0,0,3,single sign,0,No field symbol,No Field Symbol,0,59,1,127,127,
3191,5314,HP,Harappa,Other,2,sealing,0,0,3,single sign,0,No field symbol,No Field Symbol,0,59,1,127,127,
3192,5315,HP,Harappa,Other,2,sealing,0,0,3,single sign,0,No field symbol,No Field Symbol,0,59,1,127,127,
3193,5316,HP,Harappa,Other,2,sealing,0,0,3,single sign,0,No field symbol,No Field Symbol,0,59,1,127,127,
3194,5317,HP,Harappa,Other,2,sealing,1,0,1,right-to-left,0,No field symbol,No Field Symbol,0,59,5,*065 72 78 *347 342,65 72 78 347 342,1 4
3195,5317,HP,Harappa,Other,2,sealing,2,0,2,left-to-right,999,Damaged/illegible,An uncertain/illegible field symbol.,0,59,2,87 328,87 328,
3196,5318,HP,Harappa,Other,2,sealing,1,0,1,right-to-left,0,No field symbol,No Field Symbol,0,59,5,*065 72 78 347 342,65 72 78 347 342,1
3197,5318,HP,Harappa,Other,2,sealing,2,0,1,right-to-left,0,No field symbol,No Field Symbol,0,59,2,87 328,87 328,
3198,5319,HP,Harappa,Other,2,sealing,1,0,2,left-to-right,0,No field symbol,No Field Symbol,0,59,3,149 59 0,149 59 0,
3199,5319,HP,Harappa,Other,2,sealing,2,0,2,left-to-right,0,No field symbol,No Field Symbol,0,59,2,89 328,89 328,
3200,5320,HP,Harappa,Other,2,sealing,1,0,1,right-to-left,0,No field symbol,No Field Symbol,0,59,3,177 307 284,177 307 284,
3201,5320,HP,Harappa,Other,2,sealing,2,0,1,right-to-left,0,No field symbol,No Field Symbol,0,59,3,171 59 211,171 59 211,
3202,5321,HP,Harappa,Other,2,sealing,1,0,1,right-to-left,0,No field symbol,No Field Symbol,0,59,3,59 66 176,59 66 176,
3203,5321,HP,Harappa,Other,2,sealing,2,0,1,right-to-left,0,No field symbol,No Field Symbol,0,59,2,89 328,89 328,
3204,5322,HP,Harappa,Other,2,sealing,1,0,1,right-to-left,0,No field symbol,No Field Symbol,0,59,3,*391 104 162,391 104 162,1
3205,5322,HP,Harappa,Other,2,sealing,2,0,1,right-to-left,0,No field symbol,No Field Symbol,0,59,2,89 328,89 328,
3206,5323,HP,Harappa,Other,2,sealing,1,0,1,right-to-left,0,No field symbol,No Field Symbol,0,59,3,65 71 176,65 71 176,
3207,5323,HP,Harappa,Other,2,sealing,2,0,2,left-to-right,0,No field symbol,No Field Symbol,0,59,2,87 328,87 328,
3208,5324,HP,Harappa,Other,2,sealing,1,0,1,right-to-left,0,No field symbol,No Field Symbol,0,59,3,267 402 0,267 402 0,
3209,5324,HP,Harappa,Other,2,sealing,2,0,1,right-to-left,0,No field symbol,No Field Symbol,0,59,3,403 87 342,403 87 342,
3210,5325,HP,Harappa,Other,2,sealing,1,0,1,right-to-left,0,No field symbol,No Field Symbol,0,59,4,0 391 99 0,0 391 99 0,
3211,5325,HP,Harappa,Other,2,sealing,2,0,2,left-to-right,0,No field symbol,No Field Symbol,0,59,3,280 328 342,280 328 342,
3212,5326,HP,Harappa,Other,2,sealing,1,0,1,right-to-left,0,No field symbol,No Field Symbol,0,59,3,54 254 176,54 254 176,
3213,5326,HP,Harappa,Other,2,sealing,2,9,0,unrecorded,975,"Symbols, motifs, geometric patterns",A geometrical pattern of slanted grid-like lines in the field,0,59,0,,,
3214,5327,HP,Harappa,Other,2,sealing,1,0,1,right-to-left,0,No field symbol,No Field Symbol,0,59,2,397 233,397 233,
3215,5327,HP,Harappa,Other,2,sealing,2,0,1,right-to-left,0,No field symbol,No Field Symbol,0,59,2,87 328,87 328,
3216,5328,HP,Harappa,Other,2,sealing,0,0,1,right-to-left,0,No field symbol,No Field Symbol,0,59,4,48 0 149 342,48 0 149 342,
3217,5329,HP,Harappa,Other,2,sealing,1,0,3,single sign,131,Animals,"Goat-antelope to R. with short tail, horns arching back.",0,59,1,177,177,
3218,5329,HP,Harappa,Other,2,sealing,2,0,1,right-to-left,0,No field symbol,No Field Symbol,0,59,6,186 173 86 99 67 0,186 173 86 99 67 0,
3219,5331,HP,Harappa,Other,2,sealing,0,0,1,right-to-left,0,No field symbol,No Field Symbol,0,59,2,102 *025,102 25,2
3220,5332,HP,Harappa,Other,2,sealing,1,0,1,right-to-left,0,No field symbol,No Field Symbol,0,59,4,0 230 53 342,0 230 53 342,
3221,5332,HP,Harappa,Other,2,sealing,2,9,0,unrecorded,442,Trees and leaves,Kino Tree within railing.,0,59,0,,,
3222,5333,HP,Harappa,Other,2,sealing,1,0,1,right-to-left,0,No field symbol,No Field Symbol,0,59,2,102 25,102 25,
3223,5333,HP,Harappa,Other,2,sealing,2,9,0,unrecorded,851,"Symbols, motifs, geometric patterns",Cult object (the so-called 'manger' or 'incense-burner') identified by Mahadevan as a 'sacred filter'.,0,59,0,,,
3224,5334,HP,Harappa,Other,2,sealing,1,0,1,right-to-left,0,No field symbol,No Field Symbol,0,59,3,67 135 0,67 135 0,
3225,5334,HP,Harappa,Other,2,sealing,2,0,1,right-to-left,0,No field symbol,No Field Symbol,0,59,2,345 328,345 328,
3226,5335,HP,Harappa,Other,2,sealing,1,0,2,left-to-right,0,No field symbol,No Field Symbol,0,59,3,136 193 342,136 193 342,
3227,5335,HP,Harappa,Other,2,sealing,2,0,2,left-to-right,0,No field symbol,No Field Symbol,0,59,2,89 328,89 328,
3228,5336,HP,Harappa,Other,2,sealing,1,0,1,right-to-left,0,No field symbol,No Field Symbol,0,59,3,136 193 342,136 193 342,
3229,5336,HP,Harappa,Other,2,sealing,2,0,1,right-to-left,0,No field symbol,No Field Symbol,0,59,2,87 328,87 328,
3230,5337,HP,Harappa,Other,2,sealing,1,0,2,left-to-right,371,"Reptiles, fish, birds",Inscribed object in the shape of fish.,0,59,5,150 123 67 244 342,150 123 67 244 342,
3231,5337,HP,Harappa,Other,2,sealing,2,0,2,left-to-right,371,"Reptiles, fish, birds",Inscribed object in the shape of fish.,0,59,2,89 328,89 328,
3232,5339,HP,Harappa,Other,2,sealing,0,0,1,right-to-left,0,No field symbol,No Field Symbol,0,59,3,0 48 373,0 48 373,
3233,5340,HP,Harappa,Other,2,sealing,1,0,1,right-to-left,0,No field symbol,No Field Symbol,0,59,4,*175 230 53 342,175 230 53 342,1
3234,5340,HP,Harappa,Other,2,sealing,2,9,0,unrecorded,442,Trees and leaves,Kino Tree within railing.,0,59,0,,,
3235,5341,HP,Harappa,Other,2,sealing,0,0,1,right-to-left,0,No field symbol,No Field Symbol,0,57,3,375 375 342,375 375 342,
3236,5401,HP,Harappa,Other,3,miniature tablet,1,0,1,right-to-left,0,No field symbol,No Field Symbol,-7,53,2,142 149,142 149,
3237,5401,HP,Harappa,Other,3,miniature tablet,2,0,1,right-to-left,0,No field symbol,No Field Symbol,-7,53,4,119 87 342 176,119 87 342 176,
3238,5402,HP,Harappa,Other,3,miniature tablet,1,0,2,left-to-right,0,No field symbol,No Field Symbol,-4,53,4,67 244 149 342,67 244 149 342,
3239,5402,HP,Harappa,Other,3,miniature tablet,2,0,2,left-to-right,0,No field symbol,No Field Symbol,-4,53,2,87 328,87 328,
3240,5403,HP,Harappa,Other,3,miniature tablet,1,0,9,no text,0,No field symbol,No Field Symbol,0,59,2,0 176,0 176,
3241,5403,HP,Harappa,Other,3,miniature tablet,2,0,9,no text,0,No field symbol,No Field Symbol,0,59,2,0 176,0 176,
3242,5404,HP,Harappa,Other,3,miniature tablet,0,0,1,right-to-left,0,No field symbol,No Field Symbol,-12,45,3,249 169 342,249 169 342,
3243,5405,HP,Harappa,Other,3,miniature tablet,1,0,1,right-to-left,0,No field symbol,No Field Symbol,-12,42,3,48 342 176,48 342 176,
3244,5405,HP,Harappa,Other,3,miniature tablet,2,0,1,right-to-left,0,No field symbol,No Field Symbol,-12,42,2,95 328,95 328,
3245,5406,HP,Harappa,Other,3,miniature tablet,1,0,1,right-to-left,0,No field symbol,No Field Symbol,0,59,2,73 176,73 176,
3246,5406,HP,Harappa,Other,3,miniature tablet,2,0,1,right-to-left,0,No field symbol,No Field Symbol,0,59,2,95 328,95 328,
3247,5407,HP,Harappa,Other,3,miniature tablet,1,0,1,right-to-left,0,No field symbol,No Field Symbol,-12,42,3,48 342 176,48 342 176,
3248,5407,HP,Harappa,Other,3,miniature tablet,2,0,1,right-to-left,0,No field symbol,No Field Symbol,-12,42,2,89 328,89 328,
3249,5407,HP,Harappa,Other,3,miniature tablet,3,9,0,unrecorded,831,"Symbols, motifs, geometric patterns",One or more dotted circles.,-12,42,0,,,
3250,5408,HP,Harappa,Other,3,miniature tablet,1,0,1,right-to-left,0,No field symbol,No Field Symbol,-12,42,3,48 *342 0,48 342 0,2
3251,5408,HP,Harappa,Other,3,miniature tablet,2,0,1,right-to-left,0,No field symbol,No Field Symbol,-12,42,2,89 328,89 328,
3252,5408,HP,Harappa,Other,3,miniature tablet,3,9,0,unrecorded,831,"Symbols, motifs, geometric patterns",One or more dotted circles.,-12,42,0,,,
3253,5409,HP,Harappa,Other,3,miniature tablet,1,0,1,right-to-left,0,No field symbol,No Field Symbol,-12,42,3,48 342 176,48 342 176,
3254,5409,HP,Harappa,Other,3,miniature tablet,2,0,1,right-to-left,0,No field symbol,No Field Symbol,-12,42,2,89 328,89 328,
3255,5409,HP,Harappa,Other,3,miniature tablet,3,9,0,unrecorded,831,"Symbols, motifs, geometric patterns",One or more dotted circles.,-12,42,0,,,
3256,5410,HP,Harappa,Other,3,miniature tablet,1,0,1,right-to-left,0,No field symbol,No Field Symbol,-12,42,2,287 402,287 402,
3257,5410,HP,Harappa,Other,3,miniature tablet,2,0,1,right-to-left,0,No field symbol,No Field Symbol,-12,42,2,87 328,87 328,
3258,5411,HP,Harappa,Other,3,miniature tablet,1,0,1,right-to-left,0,No field symbol,No Field Symbol,-12,42,3,48 342 176,48 342 176,
3259,5411,HP,Harappa,Other,3,miniature tablet,2,0,1,right-to-left,0,No field symbol,No Field Symbol,-12,42,2,89 328,89 328,
3260,5411,HP,Harappa,Other,3,miniature tablet,3,9,0,unrecorded,831,"Symbols, motifs, geometric patterns",One or more dotted circles.,-12,42,0,,,
3261,5412,HP,Harappa,Other,3,miniature tablet,1,0,1,right-to-left,0,No field symbol,No Field Symbol,-13,42,3,48 342 176,48 342 176,
3262,5412,HP,Harappa,Other,3,miniature tablet,2,0,1,right-to-left,0,No field symbol,No Field Symbol,-13,42,2,89 328,89 328,
3263,5412,HP,Harappa,Other,3,miniature tablet,3,9,0,unrecorded,831,"Symbols, motifs, geometric patterns",One or more dotted circles.,-13,42,0,,,
3264,5413,HP,Harappa,Other,3,miniature tablet,1,0,1,right-to-left,0,No field symbol,No Field Symbol,-13,42,3,48 342 176,48 342 176,
3265,5413,HP,Harappa,Other,3,miniature tablet,2,0,1,right-to-left,0,No field symbol,No Field Symbol,-13,42,2,89 328,89 328,
3266,5413,HP,Harappa,Other,3,miniature tablet,3,0,1,right-to-left,0,No field symbol,No Field Symbol,-13,42,2,89 328,89 328,
3267,5414,HP,Harappa,Other,3,miniature tablet,1,0,1,right-to-left,0,No field symbol,No Field Symbol,-13,45,3,0 342 176,0 342 176,
3268,5414,HP,Harappa,Other,3,miniature tablet,2,0,1,right-to-left,0,No field symbol,No Field Symbol,-13,45,2,*086 328,86 328,1
3269,5414,HP,Harappa,Other,3,miniature tablet,3,9,0,unrecorded,831,"Symbols, motifs, geometric patterns",One or more dotted circles.,-13,45,0,,,
3270,5415,HP,Harappa,Other,3,miniature tablet,1,0,1,right-to-left,0,No field symbol,No Field Symbol,-14,45,3,48 342 0,48 342 0,
3271,5415,HP,Harappa,Other,3,miniature tablet,2,0,1,right-to-left,0,No field symbol,No Field Symbol,-14,45,2,87 328,87 328,
3272,5415,HP,Harappa,Other,3,miniature tablet,3,9,0,unrecorded,831,"Symbols, motifs, geometric patterns",One or more dotted circles.,-14,45,0,,,
3273,5416,HP,Harappa,Other,3,miniature tablet,1,0,1,right-to-left,0,No field symbol,No Field Symbol,-13,42,3,48 342 176,48 342 176,
3274,5416,HP,Harappa,Other,3,miniature tablet,2,0,1,right-to-left,0,No field symbol,No Field Symbol,-13,42,2,89 328,89 328,
3275,5416,HP,Harappa,Other,3,miniature tablet,3,9,0,unrecorded,831,"Symbols, motifs, geometric patterns",One or more dotted circles.,-13,42,0,,,
3276,5417,HP,Harappa,Other,3,miniature tablet,1,0,9,no text,0,No field symbol,No Field Symbol,0,59,2,245 0,245 0,
3277,5417,HP,Harappa,Other,3,miniature tablet,2,0,9,no text,0,No field symbol,No Field Symbol,0,59,2,307 0,307 0,
3278,5418,HP,Harappa,Other,3,miniature tablet,1,0,2,left-to-right,0,No field symbol,No Field Symbol,-12,42,2,287 402,287 402,
3279,5418,HP,Harappa,Other,3,miniature tablet,2,0,1,right-to-left,0,No field symbol,No Field Symbol,-12,42,2,95 328,95 328,
3280,5419,HP,Harappa,Other,3,miniature tablet,1,0,1,right-to-left,0,No field symbol,No Field Symbol,-12,42,3,48 342 176,48 342 176,
3281,5419,HP,Harappa,Other,3,miniature tablet,2,0,1,right-to-left,0,No field symbol,No Field Symbol,-12,42,2,89 328,89 328,
3282,5420,HP,Harappa,Other,3,miniature tablet,1,0,1,right-to-left,0,No field symbol,No Field Symbol,-13,45,3,48 342 0,48 342 0,
3283,5420,HP,Harappa,Other,3,miniature tablet,2,0,1,right-to-left,0,No field symbol,No Field Symbol,-13,45,2,87 328,87 328,
3284,5421,HP,Harappa,Other,3,miniature tablet,1,0,2,left-to-right,0,No field symbol,No Field Symbol,-15,42,3,48 342 176,48 342 176,
3285,5421,HP,Harappa,Other,3,miniature tablet,2,0,1,right-to-left,0,No field symbol,No Field Symbol,-15,42,2,89 328,89 328,
3286,5422,HP,Harappa,Other,3,miniature tablet,1,0,2,left-to-right,0,No field symbol,No Field Symbol,-15,42,3,48 342 176,48 342 176,
3287,5422,HP,Harappa,Other,3,miniature tablet,2,0,1,right-to-left,0,No field symbol,No Field Symbol,-15,42,2,89 328,89 328,
3288,5423,HP,Harappa,Other,3,miniature tablet,1,0,2,left-to-right,0,No field symbol,No Field Symbol,-15,42,3,48 342 176,48 342 176,
3289,5423,HP,Harappa,Other,3,miniature tablet,2,0,1,right-to-left,0,No field symbol,No Field Symbol,-15,42,2,89 328,89 328,
3290,5425,HP,Harappa,Other,3,miniature tablet,1,0,1,right-to-left,0,No field symbol,No Field Symbol,-15,42,3,*048 342 176,48 342 176,1
3291,5425,HP,Harappa,Other,3,miniature tablet,2,0,1,right-to-left,0,No field symbol,No Field Symbol,-15,42,2,89 *328,89 328,2
3292,5426,HP,Harappa,Other,3,miniature tablet,1,0,1,right-to-left,0,No field symbol,No Field Symbol,-15,42,3,48 342 176,48 342 176,
3293,5426,HP,Harappa,Other,3,miniature tablet,2,0,1,right-to-left,0,No field symbol,No Field Symbol,-15,42,2,95 328,95 328,
3294,5427,HP,Harappa,Other,3,miniature tablet,1,0,1,right-to-left,0,No field symbol,No Field Symbol,-19,42,3,48 342 176,48 342 176,
3295,5427,HP,Harappa,Other,3,miniature tablet,2,0,1,right-to-left,0,No field symbol,No Field Symbol,-19,42,2,95 328,95 328,
3296,5428,HP,Harappa,Other,3,miniature tablet,1,0,9,no text,0,No field symbol,No Field Symbol,0,59,2,0 342,0 342,
3297,5428,HP,Harappa,Other,3,miniature tablet,2,0,9,no text,0,No field symbol,No Field Symbol,0,59,2,0 328,0 328,
3298,5429,HP,Harappa,Other,3,miniature tablet,1,0,9,no text,0,No field symbol,No Field Symbol,-19,43,1,0,0,
3299,5429,HP,Harappa,Other,3,miniature tablet,2,0,1,right-to-left,0,No field symbol,No Field Symbol,-19,43,2,*087 328,87 328,1
3300,5430,HP,Harappa,Other,3,miniature tablet,1,0,1,right-to-left,0,No field symbol,No Field Symbol,-15,45,3,48 342 176,48 342 176,
3301,5430,HP,Harappa,Other,3,miniature tablet,2,0,1,right-to-left,0,No field symbol,No Field Symbol,-15,45,2,95 328,95 328,
3302,5431,HP,Harappa,Other,3,miniature tablet,1,0,2,left-to-right,0,No field symbol,No Field Symbol,-16,42,4,258 347 342 176,258 347 342 176,
3303,5431,HP,Harappa,Other,3,miniature tablet,2,9,0,unrecorded,361,"Reptiles, fish, birds",Gharial to R.,-16,42,0,,,
3304,5432,HP,Harappa,Other,3,miniature tablet,1,0,1,right-to-left,0,No field symbol,No Field Symbol,-16,42,3,48 342 176,48 342 176,
3305,5432,HP,Harappa,Other,3,miniature tablet,2,0,1,right-to-left,0,No field symbol,No Field Symbol,-16,42,2,95 328,95 328,
3306,5433,HP,Harappa,Other,3,miniature tablet,1,0,1,right-to-left,0,No field symbol,No Field Symbol,0,59,3,48 342 176,48 342 176,
3307,5433,HP,Harappa,Other,3,miniature tablet,2,0,1,right-to-left,0,No field symbol,No Field Symbol,0,59,2,95 328,95 328,
3308,5434,HP,Harappa,Other,3,miniature tablet,1,0,1,right-to-left,0,No field symbol,No Field Symbol,-12,42,3,48 342 176,48 342 176,
3309,5434,HP,Harappa,Other,3,miniature tablet,2,0,1,right-to-left,0,No field symbol,No Field Symbol,-12,42,2,89 328,89 328,
3310,5434,HP,Harappa,Other,3,miniature tablet,3,9,0,unrecorded,831,"Symbols, motifs, geometric patterns",One or more dotted circles.,-12,42,0,,,
3311,5436,HP,Harappa,Other,3,miniature tablet,1,0,1,right-to-left,0,No field symbol,No Field Symbol,-12,42,2,287 402,287 402,
3312,5436,HP,Harappa,Other,3,miniature tablet,2,0,1,right-to-left,0,No field symbol,No Field Symbol,-12,42,2,89 328,89 328,
3313,5437,HP,Harappa,Other,3,miniature tablet,1,0,1,right-to-left,0,No field symbol,No Field Symbol,-12,42,3,48 342 176,48 342 176,
3314,5437,HP,Harappa,Other,3,miniature tablet,2,0,1,right-to-left,0,No field symbol,No Field Symbol,-12,42,2,89 328,89 328,
3315,5437,HP,Harappa,Other,3,miniature tablet,3,9,0,unrecorded,831,"Symbols, motifs, geometric patterns",One or more dotted circles.,-12,42,0,,,
3316,5438,HP,Harappa,Other,3,miniature tablet,1,0,1,right-to-left,0,No field symbol,No Field Symbol,-12,42,3,0 342 176,0 342 176,
3317,5438,HP,Harappa,Other,3,miniature tablet,2,0,9,no text,0,No field symbol,No Field Symbol,-12,42,2,89 0,89 0,
3318,5440,HP,Harappa,Other,3,miniature tablet,1,0,1,right-to-left,0,No field symbol,No Field Symbol,0,59,3,48 342 176,48 342 176,
3319,5440,HP,Harappa,Other,3,miniature tablet,2,0,2,left-to-right,0,No field symbol,No Field Symbol,0,59,2,95 328,95 328,
3320,5441,HP,Harappa,Other,3,miniature tablet,1,0,1,right-to-left,0,No field symbol,No Field Symbol,-12,45,3,103 403 0,103 403 0,
3321,5441,HP,Harappa,Other,3,miniature tablet,2,0,9,no text,0,No field symbol,No Field Symbol,-12,45,2,87 0,87 0,
3322,5442,HP,Harappa,Other,3,miniature tablet,1,0,1,right-to-left,0,No field symbol,No Field Symbol,-12,42,3,48 342 176,48 342 176,
3323,5442,HP,Harappa,Other,3,miniature tablet,2,0,1,right-to-left,0,No field symbol,No Field Symbol,-12,42,2,89 328,89 328,
3324,5443,HP,Harappa,Other,3,miniature tablet,1,0,1,right-to-left,0,No field symbol,No Field Symbol,-12,42,3,48 342 0,48 342 0,
3325,5443,HP,Harappa,Other,3,miniature tablet,2,0,1,right-to-left,0,No field symbol,No Field Symbol,-12,42,2,87 328,87 328,
3326,5444,HP,Harappa,Other,3,miniature tablet,1,0,1,right-to-left,910,"Symbols, motifs, geometric patterns",Inscribed object in the shape of a double shield or double-axe (?),0,59,2,138 176,138 176,
3327,5444,HP,Harappa,Other,3,miniature tablet,2,0,1,right-to-left,910,"Symbols, motifs, geometric patterns",Inscribed object in the shape of a double shield or double-axe (?),0,59,2,87 328,87 328,
3328,5446,HP,Harappa,Other,3,miniature tablet,1,0,1,right-to-left,0,No field symbol,No Field Symbol,0,59,3,0 342 176,0 342 176,
3329,5446,HP,Harappa,Other,3,miniature tablet,2,0,9,no text,0,No field symbol,No Field Symbol,0,59,2,89 0,89 0,
3330,5447,HP,Harappa,Other,3,miniature tablet,1,0,1,right-to-left,0,No field symbol,No Field Symbol,-13,42,3,48 342 176,48 342 176,
3331,5447,HP,Harappa,Other,3,miniature tablet,2,0,1,right-to-left,0,No field symbol,No Field Symbol,-13,42,2,95 328,95 328,
3332,5449,HP,Harappa,Other,3,miniature tablet,1,0,1,right-to-left,0,No field symbol,No Field Symbol,-15,45,3,48 342 *176,48 342 176,3
3333,5449,HP,Harappa,Other,3,miniature tablet,2,0,1,right-to-left,0,No field symbol,No Field Symbol,-15,45,2,*089 328,89 328,1
3334,5450,HP,Harappa,Other,3,miniature tablet,1,0,1,right-to-left,0,No field symbol,No Field Symbol,-12,42,3,171 59 211,171 59 211,
3335,5450,HP,Harappa,Other,3,miniature tablet,2,0,1,right-to-left,0,No field symbol,No Field Symbol,-12,42,2,95 328,95 328,
3336,5451,HP,Harappa,Other,3,miniature tablet,1,0,1,right-to-left,0,No field symbol,No Field Symbol,-15,45,3,0 342 176,0 342 176,
3337,5451,HP,Harappa,Other,3,miniature tablet,2,0,9,no text,0,No field symbol,No Field Symbol,-15,45,2,89 0,89 0,
3338,5452,HP,Harappa,Other,3,miniature tablet,1,0,1,right-to-left,0,No field symbol,No Field Symbol,-10,42,3,103 403 342,103 403 342,
3339,5452,HP,Harappa,Other,3,miniature tablet,2,0,1,right-to-left,0,No field symbol,No Field Symbol,-10,42,2,89 328,89 328,
3340,5453,HP,Harappa,Other,3,miniature tablet,1,0,1,right-to-left,0,No field symbol,No Field Symbol,-17,40,3,307 387 342,307 387 342,
3341,5453,HP,Harappa,Other,3,miniature tablet,2,9,0,unrecorded,361,"Reptiles, fish, birds",Gharial to R.,-17,40,0,,,
3342,5453,HP,Harappa,Other,3,miniature tablet,3,9,0,unrecorded,831,"Symbols, motifs, geometric patterns",One or more dotted circles.,-17,40,0,,,
3343,5454,HP,Harappa,Other,3,miniature tablet,1,0,2,left-to-right,0,No field symbol,No Field Symbol,0,59,3,*103 403 *342,103 403 342,1 3
3344,5454,HP,Harappa,Other,3,miniature tablet,2,0,1,right-to-left,0,No field symbol,No Field Symbol,0,59,2,87 328,87 328,
3345,5455,HP,Harappa,Other,3,miniature tablet,1,0,9,no text,0,No field symbol,No Field Symbol,0,59,2,0 342,0 342,
3346,5455,HP,Harappa,Other,3,miniature tablet,2,0,2,left-to-right,0,No field symbol,No Field Symbol,0,59,2,95 328,95 328,
3347,5456,HP,Harappa,Other,3,miniature tablet,1,0,2,left-to-right,0,No field symbol,No Field Symbol,0,59,3,0 342 176,0 342 176,
3348,5456,HP,Harappa,Other,3,miniature tablet,2,0,9,no text,0,No field symbol,No Field Symbol,0,59,2,0 328,0 328,
3349,5457,HP,Harappa,Other,3,miniature tablet,1,0,1,right-to-left,0,No field symbol,No Field Symbol,-14,42,3,48 342 176,48 342 176,
3350,5457,HP,Harappa,Other,3,miniature tablet,2,0,1,right-to-left,0,No field symbol,No Field Symbol,-14,42,2,89 328,89 328,
3351,5457,HP,Harappa,Other,3,miniature tablet,3,9,0,unrecorded,831,"Symbols, motifs, geometric patterns",One or more dotted circles.,-14,42,0,,,
3352,5458,HP,Harappa,Other,3,miniature tablet,1,0,1,right-to-left,0,No field symbol,No Field Symbol,-14,45,3,48 342 176,48 342 176,
3353,5458,HP,Harappa,Other,3,miniature tablet,2,0,9,no text,0,No field symbol,No Field Symbol,-14,45,2,*089 0,89 0,1
3354,5459,HP,Harappa,Other,3,miniature tablet,1,0,2,left-to-right,0,No field symbol,No Field Symbol,-17,42,4,258 347 342 176,258 347 342 176,
3355,5459,HP,Harappa,Other,3,miniature tablet,2,9,0,unrecorded,361,"Reptiles, fish, birds",Gharial to R.,-17,42,0,,,
3356,5460,HP,Harappa,Other,3,miniature tablet,1,0,1,right-to-left,0,No field symbol,No Field Symbol,-6,41,5,173 59 342 347 176,173 59 342 347 176,
3357,5460,HP,Harappa,Other,3,miniature tablet,2,0,1,right-to-left,0,No field symbol,No Field Symbol,-6,41,3,95 328 59,95 328 59,
3358,5461,HP,Harappa,Other,3,miniature tablet,1,0,1,right-to-left,0,No field symbol,No Field Symbol,-6,41,5,173 59 347 342 176,173 59 347 342 176,
3359,5461,HP,Harappa,Other,3,miniature tablet,2,0,1,right-to-left,0,No field symbol,No Field Symbol,-6,41,3,95 328 59,95 328 59,
3360,5462,HP,Harappa,Other,3,miniature tablet,1,0,3,single sign,0,No field symbol,No Field Symbol,0,59,1,326,326,
3361,5462,HP,Harappa,Other,3,miniature tablet,2,0,2,left-to-right,0,No field symbol,No Field Symbol,0,59,3,104 369 342,104 369 342,
3362,5463,HP,Harappa,Other,3,miniature tablet,1,0,3,single sign,0,No field symbol,No Field Symbol,-7,41,1,59,59,
3363,5463,HP,Harappa,Other,3,miniature tablet,2,0,1,right-to-left,0,No field symbol,No Field Symbol,-7,41,2,102 15,102 15,
3364,5464,HP,Harappa,Other,3,miniature tablet,1,0,1,right-to-left,0,No field symbol,No Field Symbol,-16,42,3,48 342 176,48 342 176,
3365,5464,HP,Harappa,Other,3,miniature tablet,2,0,1,right-to-left,0,No field symbol,No Field Symbol,-16,42,2,87 328,87 328,
3366,5466,HP,Harappa,Other,3,miniature tablet,1,0,1,right-to-left,0,No field symbol,No Field Symbol,0,59,3,53 347 342,53 347 342,
3367,5466,HP,Harappa,Other,3,miniature tablet,2,0,1,right-to-left,0,No field symbol,No Field Symbol,0,59,2,87 328,87 328,
3368,5466,HP,Harappa,Other,3,miniature tablet,3,9,0,unrecorded,831,"Symbols, motifs, geometric patterns",One or more dotted circles.,0,59,0,,,
3369,5467,HP,Harappa,Other,3,miniature tablet,1,0,3,single sign,0,No field symbol,No Field Symbol,-10,44,1,326,326,
3370,5467,HP,Harappa,Other,3,miniature tablet,2,0,2,left-to-right,0,No field symbol,No Field Symbol,-10,44,3,104 368 342,104 368 342,
3371,5469,HP,Harappa,Other,3,miniature tablet,0,0,1,right-to-left,0,No field symbol,No Field Symbol,-10,42,3,72 216 254,72 216 254,
3372,5470,HP,Harappa,Other,3,miniature tablet,0,0,1,right-to-left,0,No field symbol,No Field Symbol,-12,42,3,103 403 342,103 403 342,
3373,5471,HP,Harappa,Other,3,miniature tablet,1,0,1,right-to-left,0,No field symbol,No Field Symbol,-4,54,3,177 307 149,177 307 149,
3374,5471,HP,Harappa,Other,3,miniature tablet,2,0,1,right-to-left,0,No field symbol,No Field Symbol,-4,54,3,76 343 224,76 343 224,
3375,5471,HP,Harappa,Other,3,miniature tablet,3,0,1,right-to-left,831,"Symbols, motifs, geometric patterns",One or more dotted circles.,-4,54,2,95 328,95 328,
3376,5471,HP,Harappa,Other,3,miniature tablet,4,9,0,unrecorded,511,Anthropomorphic forms,Standing personage with horns and bovine features and tall head-dress.,-4,54,0,,,
3377,5472,HP,Harappa,Other,3,miniature tablet,1,0,1,right-to-left,930,"Symbols, motifs, geometric patterns",Inscribed object in the shape of a crescent.,-1,54,3,286 87 15,286 87 15,
3378,5472,HP,Harappa,Other,3,miniature tablet,2,0,1,right-to-left,930,"Symbols, motifs, geometric patterns",Inscribed object in the shape of a crescent.,-1,54,2,87 328,87 328,
3379,5473,HP,Harappa,Other,3,miniature tablet,1,0,1,right-to-left,0,No field symbol,No Field Symbol,0,59,4,67 244 342 176,67 244 342 176,
3380,5473,HP,Harappa,Other,3,miniature tablet,2,0,2,left-to-right,0,No field symbol,No Field Symbol,0,59,2,328 28,328 28,
3381,5474,HP,Harappa,Other,3,miniature tablet,1,0,2,left-to-right,0,No field symbol,No Field Symbol,-4,54,3,403 87 342,403 87 342,
3382,5474,HP,Harappa,Other,3,miniature tablet,2,0,1,right-to-left,0,No field symbol,No Field Symbol,-4,54,2,89 328,89 328,
3383,5475,HP,Harappa,Other,3,miniature tablet,0,0,2,left-to-right,0,No field symbol,No Field Symbol,-1,54,3,102 59 342,102 59 342,
3384,5476,HP,Harappa,Other,3,miniature tablet,1,0,1,right-to-left,0,No field symbol,No Field Symbol,-6,54,4,391 123 124 342,391 123 124 342,
3385,5476,HP,Harappa,Other,3,miniature tablet,2,0,1,right-to-left,0,No field symbol,No Field Symbol,-6,54,2,87 328,87 328,
3386,5476,HP,Harappa,Other,3,miniature tablet,3,9,0,unrecorded,831,"Symbols, motifs, geometric patterns",One or more dotted circles.,-6,54,0,,,
3387,5477,HP,Harappa,Other,3,miniature tablet,1,0,2,left-to-right,0,No field symbol,No Field Symbol,0,59,2,60 176,60 176,
3388,5477,HP,Harappa,Other,3,miniature tablet,2,9,0,unrecorded,831,"Symbols, motifs, geometric patterns",One or more dotted circles.,0,59,0,,,
3389,5478,HP,Harappa,Other,3,miniature tablet,1,0,1,right-to-left,0,No field symbol,No Field Symbol,0,59,3,72 216 254,72 216 254,
3390,5478,HP,Harappa,Other,3,miniature tablet,2,0,1,right-to-left,0,No field symbol,No Field Symbol,0,59,2,89 328,89 328,
3391,5479,HP,Harappa,Other,3,miniature tablet,1,0,1,right-to-left,0,No field symbol,No Field Symbol,0,59,4,67 244 149 342,67 244 149 342,
3392,5479,HP,Harappa,Other,3,miniature tablet,2,0,2,left-to-right,0,No field symbol,No Field Symbol,0,59,2,87 328,87 328,
3393,5480,HP,Harappa,Other,3,miniature tablet,1,0,2,left-to-right,0,No field symbol,No Field Symbol,0,59,3,86 267 89,86 267 89,
3394,5480,HP,Harappa,Other,3,miniature tablet,2,0,2,left-to-right,0,No field symbol,No Field Symbol,0,59,3,124 51 342,124 51 342,
3395,5481,HP,Harappa,Other,3,miniature tablet,1,0,1,right-to-left,0,No field symbol,No Field Symbol,0,59,4,67 244 342 176,67 244 342 176,
3396,5481,HP,Harappa,Other,3,miniature tablet,2,0,1,right-to-left,0,No field symbol,No Field Symbol,0,59,2,28 328,28 328,
3397,5482,HP,Harappa,Other,3,miniature tablet,1,0,9,no text,0,No field symbol,No Field Symbol,0,59,2,0 284,0 284,
3398,5482,HP,Harappa,Other,3,miniature tablet,2,0,2,left-to-right,0,No field symbol,No Field Symbol,0,59,3,409 *094 0,409 94 0,2
3399,5483,HP,Harappa,Other,3,miniature tablet,1,0,9,no text,930,"Symbols, motifs, geometric patterns",Inscribed object in the shape of a crescent.,0,59,1,0,0,
3400,5483,HP,Harappa,Other,3,miniature tablet,2,0,1,right-to-left,930,"Symbols, motifs, geometric patterns",Inscribed object in the shape of a crescent.,0,59,2,87 328,87 328,
3401,5484,HP,Harappa,Other,3,miniature tablet,1,0,1,right-to-left,831,"Symbols, motifs, geometric patterns",One or more dotted circles.,0,59,2,328 59,328 59,
3402,5484,HP,Harappa,Other,3,miniature tablet,2,9,0,unrecorded,831,"Symbols, motifs, geometric patterns",One or more dotted circles.,0,59,0,,,
3403,5484,HP,Harappa,Other,3,miniature tablet,3,9,0,unrecorded,831,"Symbols, motifs, geometric patterns",One or more dotted circles.,0,59,0,,,
3404,5484,HP,Harappa,Other,3,miniature tablet,4,9,0,unrecorded,831,"Symbols, motifs, geometric patterns",One or more dotted circles.,0,59,0,,,
3405,5485,HP,Harappa,Other,3,miniature tablet,1,0,2,left-to-right,0,No field symbol,No Field Symbol,0,59,2,142 149,142 149,
3406,5485,HP,Harappa,Other,3,miniature tablet,2,0,1,right-to-left,0,No field symbol,No Field Symbol,0,59,4,119 87 342 176,119 87 342 176,
3407,5486,HP,Harappa,Other,3,miniature tablet,1,0,1,right-to-left,0,No field symbol,No Field Symbol,0,59,2,142 149,142 149,
3408,5486,HP,Harappa,Other,3,miniature tablet,2,0,1,right-to-left,0,No field symbol,No Field Symbol,0,59,4,*119 87 342 176,119 87 342 176,1
3409,5487,HP,Harappa,Other,3,miniature tablet,0,0,1,right-to-left,0,No field symbol,No Field Symbol,0,59,5,72 87 403 342 176,72 87 403 342 176,
3410,5488,HP,Harappa,Other,3,miniature tablet,0,0,1,right-to-left,0,No field symbol,No Field Symbol,0,59,4,0 *244 342 176,0 244 342 176,2
3411,5489,HP,Harappa,Other,3,miniature tablet,0,0,9,no text,0,No field symbol,No Field Symbol,0,59,2,*217 0,217 0,1
3412,5490,HP,Harappa,Other,3,miniature tablet,1,0,1,right-to-left,0,No field symbol,No Field Symbol,0,59,5,48 47 379 245 245,48 47 379 245 245,
3413,5490,HP,Harappa,Other,3,miniature tablet,2,0,1,right-to-left,0,No field symbol,No Field Symbol,0,59,2,307 267,307 267,
3414,5490,HP,Harappa,Other,3,miniature tablet,3,0,1,right-to-left,0,No field symbol,No Field Symbol,0,59,2,87 328,87 328,
3415,5490,HP,Harappa,Other,3,miniature tablet,4,9,0,unrecorded,831,"Symbols, motifs, geometric patterns",One or more dotted circles.,0,59,0,,,
3416,5492,HP,Harappa,Other,3,miniature tablet,1,0,1,right-to-left,0,No field symbol,No Field Symbol,0,59,4,0 51 130 0,0 51 130 0,
3417,5492,HP,Harappa,Other,3,miniature tablet,2,0,9,no text,0,No field symbol,No Field Symbol,0,59,2,95 0,95 0,
3418,5494,HP,Harappa,Other,3,miniature tablet,1,0,1,right-to-left,0,No field symbol,No Field Symbol,0,59,3,177 307 284,177 307 284,
3419,5494,HP,Harappa,Other,3,miniature tablet,2,0,1,right-to-left,0,No field symbol,No Field Symbol,0,59,2,67 12,67 12,
3420,5495,HP,Harappa,Other,3,miniature tablet,1,0,1,right-to-left,0,No field symbol,No Field Symbol,0,59,3,*109 245 245,109 245 245,1
3421,5495,HP,Harappa,Other,3,miniature tablet,2,0,1,right-to-left,0,No field symbol,No Field Symbol,0,59,2,89 328,89 328,
3422,5496,HP,Harappa,Other,3,miniature tablet,1,0,1,right-to-left,371,"Reptiles, fish, birds",Inscribed object in the shape of fish.,0,59,2,72 211,72 211,
3423,5496,HP,Harappa,Other,3,miniature tablet,2,0,1,right-to-left,371,"Reptiles, fish, birds",Inscribed object in the shape of fish.,0,59,2,89 328,89 328,
3424,5497,HP,Harappa,Other,3,miniature tablet,1,0,1,right-to-left,0,No field symbol,No Field Symbol,0,59,5,336 244 193 12 176,336 244 193 12 176,
3425,5497,HP,Harappa,Other,3,miniature tablet,2,0,1,right-to-left,0,No field symbol,No Field Symbol,0,59,2,95 328,95 328,
3426,5498,HP,Harappa,Other,3,miniature tablet,1,0,1,right-to-left,0,No field symbol,No Field Symbol,0,59,4,119 87 342 176,119 87 342 176,
3427,5498,HP,Harappa,Other,3,miniature tablet,2,0,1,right-to-left,0,No field symbol,No Field Symbol,0,59,2,87 328,87 328,
3428,5499,HP,Harappa,Other,3,miniature tablet,1,0,1,right-to-left,0,No field symbol,No Field Symbol,0,59,3,48 342 176,48 342 176,
3429,5499,HP,Harappa,Other,3,miniature tablet,2,0,1,right-to-left,0,No field symbol,No Field Symbol,0,59,2,89 328,89 328,
3430,5499,HP,Harappa,Other,3,miniature tablet,3,9,0,unrecorded,831,"Symbols, motifs, geometric patterns",One or more dotted circles.,0,59,0,,,
3431,5501,HP,Harappa,Other,4,pottery graffito,0,0,9,no text,0,No field symbol,No Field Symbol,0,59,2,217 0,217 0,
3432,5504,HP,Harappa,Other,4,pottery graffito,0,0,3,single sign,0,No field symbol,No Field Symbol,0,59,1,307,307,
3433,5505,HP,Harappa,Other,4,pottery graffito,0,0,2,left-to-right,0,No field symbol,No Field Symbol,0,59,3,87 155 169,87 155 169,
3434,5506,HP,Harappa,Other,4,pottery graffito,0,0,1,right-to-left,0,No field symbol,No Field Symbol,0,59,2,6 97,6 97,
3435,5507,HP,Harappa,Other,4,pottery graffito,0,0,2,left-to-right,0,No field symbol,No Field Symbol,0,50,7,267 *099 87 403 72 59 0,267 99 87 403 72 59 0,2
3436,5508,HP,Harappa,Other,4,pottery graffito,0,0,2,left-to-right,0,No field symbol,No Field Symbol,0,50,4,267 99 194 342,267 99 194 342,
3437,5510,HP,Harappa,Other,4,pottery graffito,0,1,1,right-to-left,0,No field symbol,No Field Symbol,0,50,3,0 *018 169,0 18 169,2
3438,5510,HP,Harappa,Other,4,pottery graffito,0,2,1,right-to-left,0,No field symbol,No Field Symbol,0,50,2,186 17,186 17,
3439,5511,HP,Harappa,Other,4,pottery graffito,0,0,3,single sign,0,No field symbol,No Field Symbol,0,50,1,102,102,
3440,5513,HP,Harappa,Other,4,pottery graffito,0,0,3,single sign,0,No field symbol,No Field Symbol,0,58,1,*102,102,1
3441,5514,HP,Harappa,Other,4,pottery graffito,0,0,3,single sign,0,No field symbol,No Field Symbol,0,58,1,100,100,
3442,5515,HP,Harappa,Other,4,pottery graffito,1,0,3,single sign,0,No field symbol,No Field Symbol,0,58,1,102,102,
3443,5515,HP,Harappa,Other,4,pottery graffito,2,0,1,right-to-left,0,No field symbol,No Field Symbol,0,58,3,0 373 12,0 373 12,
3444,5516,HP,Harappa,Other,4,pottery graffito,0,0,1,right-to-left,0,No field symbol,No Field Symbol,0,58,3,0 169 342,0 169 342,
3445,5517,HP,Harappa,Other,4,pottery graffito,0,0,3,single sign,0,No field symbol,No Field Symbol,0,58,1,102,102,
3446,5518,HP,Harappa,Other,4,pottery graffito,0,0,1,right-to-left,0,No field symbol,No Field Symbol,0,58,4,287 102 134 137,287 102 134 137,
3447,5519,HP,Harappa,Other,4,pottery graffito,0,0,1,right-to-left,0,No field symbol,No Field Symbol,0,58,2,284 277,284 277,
3448,5601,HP,Harappa,Other,6,bronze implement,1,0,1,right-to-left,0,No field symbol,No Field Symbol,-6,42,3,*137 102 *169,137 102 169,1 3
3449,5601,HP,Harappa,Other,6,bronze implement,2,0,1,right-to-left,0,No field symbol,No Field Symbol,-6,42,3,182 293 342,182 293 342,
3450,6104,CD,Chanhudaro,CE,1,seal,0,1,1,right-to-left,0,No field symbol,No Field Symbol,1,64,2,345 51,345 51,
3451,6104,CD,Chanhudaro,CE,1,seal,0,2,2,left-to-right,0,No field symbol,No Field Symbol,1,64,3,59 *127 342,59 127 342,2
3452,6108,CD,Chanhudaro,CE,1,seal,0,1,1,right-to-left,11,Animals,Unicorn to R. No cult object in front.,8,62,2,216 123,216 123,
3453,6108,CD,Chanhudaro,CE,1,seal,0,2,1,right-to-left,11,Animals,Unicorn to R. No cult object in front.,8,62,5,65 *294 176 211 93,65 294 176 211 93,2
3454,6109,CD,Chanhudaro,CE,1,seal,0,0,1,right-to-left,11,Animals,Unicorn to R. No cult object in front.,12,62,2,328 307,328 307,
3455,6111,CD,Chanhudaro,CE,1,seal,0,0,1,right-to-left,0,No field symbol,No Field Symbol,7,62,5,107 17 87 391 87,107 17 87 391 87,
3456,6112,CD,Chanhudaro,CE,1,seal,0,1,1,right-to-left,0,No field symbol,No Field Symbol,7,62,2,267 99,267 99,
3457,6112,CD,Chanhudaro,CE,1,seal,0,2,1,right-to-left,0,No field symbol,No Field Symbol,7,62,3,67 244 342,67 244 342,
3458,6113,CD,Chanhudaro,CE,1,seal,0,1,1,right-to-left,620,Scenes,Short-horned bull trampling (copulating?) prostrate person (female?) lying spread-eagled on the ground.,7,62,6,234 342 343 225 87 261,234 342 343 225 87 261,
3459,6113,CD,Chanhudaro,CE,1,seal,0,2,3,single sign,620,Scenes,Short-horned bull trampling (copulating?) prostrate person (female?) lying spread-eagled on the ground.,7,62,1,93,93,
3460,6114,CD,Chanhudaro,CE,1,seal,0,0,1,right-to-left,45,Animals,Short-horned bull to R. facing feeding trough.,7,62,3,267 99 28,267 99 28,
3461,6115,CD,Chanhudaro,CE,1,seal,0,1,1,right-to-left,45,Animals,Short-horned bull to R. facing feeding trough.,10,62,3,373 162 402,373 162 402,
3462,6115,CD,Chanhudaro,CE,1,seal,0,2,1,right-to-left,45,Animals,Short-horned bull to R. facing feeding trough.,10,62,3,87 162 127,87 162 127,
3463,6116,CD,Chanhudaro,CE,1,seal,0,1,1,right-to-left,351,Animals,Uncertain animal (mostly bovine) to R.,7,62,6,261 134 98 99 87 60,261 134 98 99 87 60,
3464,6116,CD,Chanhudaro,CE,1,seal,0,2,1,right-to-left,351,Animals,Uncertain animal (mostly bovine) to R.,7,62,4,100 329 *028 162,100 329 28 162,3
3465,6118,CD,Chanhudaro,CE,1,seal,0,1,3,single sign,720,Scenes,Person at L. kneeling before a tiger looking L.,-7,64,1,149,149,
3466,6118,CD,Chanhudaro,CE,1,seal,0,2,2,left-to-right,720,Scenes,Person at L. kneeling before a tiger looking L.,-7,64,2,12 93,12 93,
3467,6120,CD,Chanhudaro,CE,1,seal,0,0,1,right-to-left,71,Animals,Elephant to R.,10,62,4,150 123 228 342,150 123 228 342,
3468,6121,CD,Chanhudaro,CE,1,seal,0,0,2,left-to-right,149,Animals,"Ox-antelope to L. with long tail and long, forward-arching horns, facing cult object.",-4,64,2,326 342,326 342,
3469,6122,CD,Chanhudaro,CE,1,seal,0,1,1,right-to-left,12,Animals,Unicorn to L. No cult object in front.,8,62,2,8 342,8 342,
3470,6122,CD,Chanhudaro,CE,1,seal,0,2,3,single sign,12,Animals,Unicorn to L. No cult object in front.,8,62,1,1,1,
3471,6123,CD,Chanhudaro,CE,1,seal,0,0,1,right-to-left,13,Animals,Unicorn to R. facing cult object.,9,62,4,244 162 176 401,244 162 176 401,
3472,6124,CD,Chanhudaro,CE,1,seal,0,1,1,right-to-left,13,Animals,Unicorn to R. facing cult object.,8,62,5,267 99 65 62 342,267 99 65 62 342,
3473,6124,CD,Chanhudaro,CE,1,seal,0,2,3,single sign,13,Animals,Unicorn to R. facing cult object.,8,62,1,93,93,
3474,6125,CD,Chanhudaro,CE,1,seal,0,0,1,right-to-left,11,Animals,Unicorn to R. No cult object in front.,14,61,10,95 78 402 99 9 8 342 17 407 169,95 78 402 99 9 8 342 17 407 169,
3475,6126,CD,Chanhudaro,CE,1,seal,0,0,1,right-to-left,13,Animals,Unicorn to R. facing cult object.,7,62,6,293 123 171 59 48 0,293 123 171 59 48 0,
3476,6127,CD,Chanhudaro,CE,1,seal,0,0,1,right-to-left,13,Animals,Unicorn to R. facing cult object.,8,62,6,67 336 89 387 72 12,67 336 89 387 72 12,
3477,6128,CD,Chanhudaro,CE,1,seal,0,0,1,right-to-left,13,Animals,Unicorn to R. facing cult object.,9,62,3,249 169 342,249 169 342,
3478,6129,CD,Chanhudaro,CE,1,seal,0,0,1,right-to-left,13,Animals,Unicorn to R. facing cult object.,10,62,6,267 99 87 59 70 342,267 99 87 59 70 342,
3479,6130,CD,Chanhudaro,CE,1,seal,0,0,1,right-to-left,13,Animals,Unicorn to R. facing cult object.,7,62,3,351 402 98,351 402 98,
3480,6131,CD,Chanhudaro,CE,1,seal,0,0,3,single sign,13,Animals,Unicorn to R. facing cult object.,15,62,1,139,139,
3481,6132,CD,Chanhudaro,CE,1,seal,0,0,1,right-to-left,13,Animals,Unicorn to R. facing cult object.,11,62,6,343 180 99 341 17 342,343 180 99 341 17 342,
3482,6133,CD,Chanhudaro,CE,1,seal,0,0,1,right-to-left,13,Animals,Unicorn to R. facing cult object.,10,62,6,293 123 86 250 93 404,293 123 86 250 93 404,
3483,6201,CD,Chanhudaro,CE,1,seal,0,0,1,right-to-left,13,Animals,Unicorn to R. facing cult object.,9,62,5,307 *158 343 124 342,307 158 343 124 342,2
3484,6202,CD,Chanhudaro,CE,1,seal,0,1,1,right-to-left,13,Animals,Unicorn to R. facing cult object.,8,62,4,65 67 342 12,65 67 342 12,
3485,6202,CD,Chanhudaro,CE,1,seal,0,2,3,single sign,13,Animals,Unicorn to R. facing cult object.,8,62,1,93,93,
3486,6203,CD,Chanhudaro,CE,1,seal,0,1,1,right-to-left,13,Animals,Unicorn to R. facing cult object.,7,62,5,104 149 267 99 93,104 149 267 99 93,
3487,6203,CD,Chanhudaro,CE,1,seal,0,2,1,right-to-left,13,Animals,Unicorn to R. facing cult object.,7,62,3,103 403 *162,103 403 162,3
3488,6204,CD,Chanhudaro,CE,1,seal,0,1,1,right-to-left,11,Animals,Unicorn to R. No cult object in front.,8,62,5,267 99 65 62 342,267 99 65 62 342,
3489,6204,CD,Chanhudaro,CE,1,seal,0,2,3,single sign,11,Animals,Unicorn to R. No cult object in front.,8,62,1,93,93,
3490,6205,CD,Chanhudaro,CE,1,seal,0,1,1,right-to-left,13,Animals,Unicorn to R. facing cult object.,-3,62,4,0 62 342 1,0 62 342 1,
3491,6205,CD,Chanhudaro,CE,1,seal,0,2,1,right-to-left,13,Animals,Unicorn to R. facing cult object.,-3,62,3,212 212 267,212 212 267,
3492,6206,CD,Chanhudaro,CE,1,seal,0,0,1,right-to-left,13,Animals,Unicorn to R. facing cult object.,10,62,5,267 99 387 65 211,267 99 387 65 211,
3493,6207,CD,Chanhudaro,CE,1,seal,0,0,1,right-to-left,999,Damaged/illegible,An uncertain/illegible field symbol.,15,61,7,267 99 53 67 336 89 211,267 99 53 67 336 89 211,
3494,6208,CD,Chanhudaro,CE,1,seal,0,0,1,right-to-left,0,No field symbol,No Field Symbol,17,61,3,391 99 0,391 99 0,
3495,6209,CD,Chanhudaro,CE,1,seal,0,0,1,right-to-left,13,Animals,Unicorn to R. facing cult object.,-1,64,2,69 15,69 15,
3496,6210,CD,Chanhudaro,CE,1,seal,0,0,1,right-to-left,13,Animals,Unicorn to R. facing cult object.,7,62,5,205 373 86 373 12,205 373 86 373 12,
3497,6211,CD,Chanhudaro,CE,1,seal,0,0,1,right-to-left,0,No field symbol,No Field Symbol,7,62,4,267 99 87 60,267 99 87 60,
3498,6213,CD,Chanhudaro,CE,1,seal,0,0,1,right-to-left,13,Animals,Unicorn to R. facing cult object.,7,62,4,86 293 176 342,86 293 176 342,
3499,6214,CD,Chanhudaro,CE,1,seal,0,0,1,right-to-left,13,Animals,Unicorn to R. facing cult object.,9,62,4,267 99 102 162,267 99 102 162,
3500,6215,CD,Chanhudaro,CE,1,seal,0,0,1,right-to-left,13,Animals,Unicorn to R. facing cult object.,10,62,6,67 336 89 387 59 0,67 336 89 387 59 0,
3501,6216,CD,Chanhudaro,CE,1,seal,0,0,1,right-to-left,13,Animals,Unicorn to R. facing cult object.,15,62,5,267 99 86 *216 0,267 99 86 216 0,4
3502,6217,CD,Chanhudaro,CE,1,seal,0,0,1,right-to-left,13,Animals,Unicorn to R. facing cult object.,14,61,5,267 99 387 72 211,267 99 387 72 211,
3503,6218,CD,Chanhudaro,CE,1,seal,0,1,1,right-to-left,13,Animals,Unicorn to R. facing cult object.,8,62,4,*387 375 375 342,387 375 375 342,1
3504,6218,CD,Chanhudaro,CE,1,seal,0,2,3,single sign,13,Animals,Unicorn to R. facing cult object.,8,62,1,93,93,
3505,6219,CD,Chanhudaro,CE,1,seal,0,0,1,right-to-left,13,Animals,Unicorn to R. facing cult object.,10,62,7,267 99 87 59 67 8 0,267 99 87 59 67 8 0,
3506,6220,CD,Chanhudaro,CE,1,seal,0,1,1,right-to-left,11,Animals,Unicorn to R. No cult object in front.,10,62,5,293 123 98 67 *060,293 123 98 67 60,5
3507,6220,CD,Chanhudaro,CE,1,seal,0,2,1,right-to-left,11,Animals,Unicorn to R. No cult object in front.,10,62,3,17 245 249,17 245 249,
3508,6221,CD,Chanhudaro,CE,1,seal,0,0,1,right-to-left,13,Animals,Unicorn to R. facing cult object.,11,62,5,353 123 87 59 0,353 123 87 59 0,
3509,6222,CD,Chanhudaro,CE,1,seal,0,0,1,right-to-left,13,Animals,Unicorn to R. facing cult object.,9,62,5,293 123 343 102 190,293 123 343 102 190,
3510,6223,CD,Chanhudaro,CE,1,seal,0,0,1,right-to-left,13,Animals,Unicorn to R. facing cult object.,10,62,5,341 197 123 406 162,341 197 123 406 162,
3511,6224,CD,Chanhudaro,CE,1,seal,0,0,1,right-to-left,13,Animals,Unicorn to R. facing cult object.,8,62,5,267 99 87 48 342,267 99 87 48 342,
3512,6225,CD,Chanhudaro,CE,1,seal,0,0,1,right-to-left,13,Animals,Unicorn to R. facing cult object.,14,61,2,121 14,121 14,
3513,6226,CD,Chanhudaro,CE,1,seal,0,0,1,right-to-left,13,Animals,Unicorn to R. facing cult object.,11,62,3,65 135 342,65 135 342,
3514,6227,CD,Chanhudaro,CE,1,seal,0,0,1,right-to-left,13,Animals,Unicorn to R. facing cult object.,10,62,6,198 302 343 72 387 342,198 302 343 72 387 342,
3515,6228,CD,Chanhudaro,CE,1,seal,0,0,1,right-to-left,13,Animals,Unicorn to R. facing cult object.,7,62,4,67 8 342 12,67 8 342 12,
3516,6229,CD,Chanhudaro,CE,1,seal,0,0,1,right-to-left,13,Animals,Unicorn to R. facing cult object.,4,62,7,104 149 180 99 403 87 342,104 149 180 99 403 87 342,
3517,6230,CD,Chanhudaro,CE,1,seal,0,0,1,right-to-left,13,Animals,Unicorn to R. facing cult object.,9,62,5,186 293 99 109 342,186 293 99 109 342,
3518,6231,CD,Chanhudaro,CE,1,seal,0,0,1,right-to-left,13,Animals,Unicorn to R. facing cult object.,10,62,7,293 123 343 86 249 162 14,293 123 343 86 249 162 14,
3519,6232,CD,Chanhudaro,CE,1,seal,0,0,1,right-to-left,13,Animals,Unicorn to R. facing cult object.,9,62,2,327 254,327 254,
3520,6233,CD,Chanhudaro,CE,2,sealing,1,0,1,right-to-left,0,No field symbol,No Field Symbol,-1,62,9,0 *059 387 87 59 17 406 162 93,0 59 387 87 59 17 406 162 93,2
3521,6233,CD,Chanhudaro,CE,2,sealing,2,9,0,unrecorded,369,"Reptiles, fish, birds",A row of three gharials to R. in file surrounded by school of fish.,-1,62,0,,,
3522,6234,CD,Chanhudaro,CE,2,sealing,0,0,2,left-to-right,0,No field symbol,No Field Symbol,11,62,3,86 336 321,86 336 321,
3523,6235,CD,Chanhudaro,CE,2,sealing,0,0,1,right-to-left,11,Animals,Unicorn to R. No cult object in front.,10,62,2,169 342,169 342,
3524,6301,CD,Chanhudaro,CE,4,pottery graffito,0,0,1,right-to-left,0,No field symbol,No Field Symbol,7,62,2,48 342,48 342,
3525,6303,CD,Chanhudaro,CE,4,pottery graffito,0,0,3,single sign,0,No field symbol,No Field Symbol,-1,62,1,214,214,
3526,6304,CD,Chanhudaro,CE,4,pottery graffito,0,0,1,right-to-left,0,No field symbol,No Field Symbol,-1,62,3,51 155 211,51 155 211,
3527,6305,CD,Chanhudaro,CE,4,pottery graffito,0,1,1,right-to-left,0,No field symbol,No Field Symbol,-3,64,2,121 342,121 342,
3528,6305,CD,Chanhudaro,CE,4,pottery graffito,0,2,3,single sign,0,No field symbol,No Field Symbol,-3,64,1,374,374,
3529,6306,CD,Chanhudaro,CE,6,bronze implement,1,0,1,right-to-left,0,No field symbol,No Field Symbol,9,62,8,109 59 367 380 314 106 18 162,109 59 367 380 314 106 18 162,
3530,6306,CD,Chanhudaro,CE,6,bronze implement,2,0,1,right-to-left,0,No field symbol,No Field Symbol,9,62,8,*129 287 86 65 67 403 87 342,129 287 86 65 67 403 87 342,1
3531,6402,CD,Chanhudaro,Other,1,seal,0,1,1,right-to-left,134,Animals,"Goat-antelope to L. with short tail, horns arching back, facing double - axe symbol.",0,69,6,0 327 89 381 28 175,0 327 89 381 28 175,
3532,6402,CD,Chanhudaro,Other,1,seal,0,2,2,left-to-right,134,Animals,"Goat-antelope to L. with short tail, horns arching back, facing double - axe symbol.",0,69,2,180 99,180 99,
3533,6402,CD,Chanhudaro,Other,1,seal,0,3,1,right-to-left,134,Animals,"Goat-antelope to L. with short tail, horns arching back, facing double - axe symbol.",0,69,2,29 267,29 267,
3534,6403,CD,Chanhudaro,Other,1,seal,0,1,1,right-to-left,0,No field symbol,No Field Symbol,0,69,5,87 244 403 180 99,87 244 403 180 99,
3535,6403,CD,Chanhudaro,Other,1,seal,0,2,1,right-to-left,0,No field symbol,No Field Symbol,0,69,4,87 326 342 93,87 326 342 93,
3536,6405,CD,Chanhudaro,Other,1,seal,0,0,2,left-to-right,0,No field symbol,No Field Symbol,0,69,2,51 *177,51 177,2
3537,7001,LL,Lothal,,1,seal,0,0,2,left-to-right,0,No field symbol,No Field Symbol,0,79,5,126 87 373 *328 162,126 87 373 328 162,4
3538,7002,LL,Lothal,,1,seal,0,0,1,right-to-left,13,Animals,Unicorn to R. facing cult object.,0,79,2,104 15,104 15,
3539,7004,LL,Lothal,,1,seal,0,0,2,left-to-right,0,No field symbol,No Field Symbol,0,79,2,226 254,226 254,
3540,7005,LL,Lothal,,1,seal,0,0,1,right-to-left,13,Animals,Unicorn to R. facing cult object.,0,79,5,267 402 99 124 162,267 402 99 124 162,
3541,7006,LL,Lothal,,1,seal,0,0,1,right-to-left,0,No field symbol,No Field Symbol,0,79,3,248 406 169,248 406 169,
3542,7007,LL,Lothal,,1,seal,0,0,1,right-to-left,0,No field symbol,No Field Symbol,0,79,3,246 407 169,246 407 169,
3543,7008,LL,Lothal,,1,seal,0,0,1,right-to-left,13,Animals,Unicorn to R. facing cult object.,0,79,4,267 *099 *387 0,267 99 387 0,2 3
3544,7009,LL,Lothal,,1,seal,0,0,1,right-to-left,11,Animals,Unicorn to R. No cult object in front.,0,79,7,204 230 67 72 336 89 211,204 230 67 72 336 89 211,
3545,7011,LL,Lothal,,1,seal,0,0,1,right-to-left,0,No field symbol,No Field Symbol,0,79,2,216 254,216 254,
3546,7013,LL,Lothal,,1,seal,0,0,1,right-to-left,0,No field symbol,No Field Symbol,0,79,9,293 123 387 87 59 294 249 169 342,293 123 387 87 59 294 249 169 342,
3547,7015,LL,Lothal,,1,seal,0,0,1,right-to-left,13,Animals,Unicorn to R. facing cult object.,0,79,6,18 381 99 72 216 254,18 381 99 72 216 254,
3548,7016,LL,Lothal,,1,seal,0,0,9,no text,0,No field symbol,No Field Symbol,0,79,3,194 194 0,194 194 0,
3549,7017,LL,Lothal,,1,seal,0,0,1,right-to-left,0,No field symbol,No Field Symbol,0,79,7,293 77 245 126 97 106 169,293 77 245 126 97 106 169,
3550,7018,LL,Lothal,,1,seal,0,0,1,right-to-left,0,No field symbol,No Field Symbol,0,79,4,0 *112 197 342,0 112 197 342,2
3551,7019,LL,Lothal,,1,seal,0,0,2,left-to-right,0,No field symbol,No Field Symbol,0,79,3,294 17 0,294 17 0,
3552,7020,LL,Lothal,,1,seal,0,0,1,right-to-left,0,No field symbol,No Field Symbol,0,79,6,249 214 97 258 347 342,249 214 97 258 347 342,
3553,7021,LL,Lothal,,1,seal,0,0,1,right-to-left,0,No field symbol,No Field Symbol,0,79,9,99 380 123 87 59 72 403 87 *342,99 380 123 87 59 72 403 87 342,9
3554,7022,LL,Lothal,,1,seal,0,0,1,right-to-left,13,Animals,Unicorn to R. facing cult object.,0,79,3,65 222 *254,65 222 254,3
3555,7023,LL,Lothal,,1,seal,0,0,2,left-to-right,0,No field symbol,No Field Symbol,0,79,5,150 *123 *048 *342 176,150 123 48 342 176,2 3 4
3556,7024,LL,Lothal,,1,seal,0,0,1,right-to-left,13,Animals,Unicorn to R. facing cult object.,0,79,6,320 32 123 67 53 342,320 32 123 67 53 342,
3557,7025,LL,Lothal,,1,seal,0,1,1,right-to-left,133,Animals,"Goat-antelope to R. with short tail, horns arching back, facing cult object.",0,79,4,162 343 87 60,162 343 87 60,
3558,7025,LL,Lothal,,1,seal,0,2,1,right-to-left,133,Animals,"Goat-antelope to R. with short tail, horns arching back, facing cult object.",0,79,2,141 272,141 272,
3559,7026,LL,Lothal,,1,seal,0,0,1,right-to-left,13,Animals,Unicorn to R. facing cult object.,0,79,8,267 99 364 51 130 336 *249 0,267 99 364 51 130 336 249 0,7
3560,7027,LL,Lothal,,1,seal,0,0,1,right-to-left,0,No field symbol,No Field Symbol,0,79,2,256 391,256 391,
3561,7028,LL,Lothal,,1,seal,0,0,1,right-to-left,45,Animals,Short-horned bull to R. facing feeding trough.,0,79,6,244 343 72 66 127 168,244 343 72 66 127 168,
3562,7029,LL,Lothal,,1,seal,0,0,1,right-to-left,0,No field symbol,No Field Symbol,0,79,2,216 342,216 342,
3563,7030,LL,Lothal,,1,seal,0,0,1,right-to-left,0,No field symbol,No Field Symbol,0,79,3,0 347 342,0 347 342,
3564,7031,LL,Lothal,,1,seal,0,0,1,right-to-left,13,Animals,Unicorn to R. facing cult object.,0,79,8,18 162 123 72 216 254 97 175,18 162 123 72 216 254 97 175,
3565,7032,LL,Lothal,,1,seal,0,0,1,right-to-left,0,No field symbol,No Field Symbol,0,79,5,17 169 123 102 190,17 169 123 102 190,
3566,7034,LL,Lothal,,1,seal,0,0,2,left-to-right,13,Animals,Unicorn to R. facing cult object.,0,79,5,0 *041 *304 167 169,0 41 304 167 169,2 3
3567,7035,LL,Lothal,,1,seal,0,0,1,right-to-left,13,Animals,Unicorn to R. facing cult object.,0,79,3,103 403 342,103 403 342,
3568,7036,LL,Lothal,,1,seal,0,0,1,right-to-left,13,Animals,Unicorn to R. facing cult object.,0,79,4,0 17 109 162,0 17 109 162,
3569,7038,LL,Lothal,,1,seal,0,0,1,right-to-left,13,Animals,Unicorn to R. facing cult object.,0,79,5,391 99 87 59 *073,391 99 87 59 73,5
3570,7039,LL,Lothal,,1,seal,0,0,2,left-to-right,0,No field symbol,No Field Symbol,0,79,3,17 267 342,17 267 342,
3571,7040,LL,Lothal,,1,seal,0,0,1,right-to-left,0,No field symbol,No Field Symbol,0,79,2,106 15,106 15,
3572,7042,LL,Lothal,,1,seal,0,0,2,left-to-right,0,No field symbol,No Field Symbol,0,79,5,286 99 47 347 342,286 99 47 347 342,
3573,7043,LL,Lothal,,1,seal,0,0,1,right-to-left,13,Animals,Unicorn to R. facing cult object.,0,79,3,65 135 342,65 135 342,
3574,7044,LL,Lothal,,1,seal,0,1,1,right-to-left,13,Animals,Unicorn to R. facing cult object.,0,79,6,173 98 150 233 99 0,173 98 150 233 99 0,
3575,7044,LL,Lothal,,1,seal,0,2,1,right-to-left,13,Animals,Unicorn to R. facing cult object.,0,79,3,217 347 342,217 347 342,
3576,7045,LL,Lothal,,1,seal,0,0,1,right-to-left,13,Animals,Unicorn to R. facing cult object.,0,79,6,293 123 343 249 169 342,293 123 343 249 169 342,
3577,7046,LL,Lothal,,1,seal,0,0,1,right-to-left,0,No field symbol,No Field Symbol,0,79,3,*373 8 *342,373 8 342,1 3
3578,7047,LL,Lothal,,1,seal,0,0,1,right-to-left,13,Animals,Unicorn to R. facing cult object.,0,79,4,391 123 25 15,391 123 25 15,
3579,7048,LL,Lothal,,1,seal,1,0,3,single sign,0,No field symbol,No Field Symbol,0,79,1,103,103,
3580,7048,LL,Lothal,,1,seal,2,0,3,single sign,0,No field symbol,No Field Symbol,0,79,1,158,158,
3581,7048,LL,Lothal,,1,seal,3,0,3,single sign,0,No field symbol,No Field Symbol,0,79,1,409,409,
3582,7048,LL,Lothal,,1,seal,4,0,3,single sign,0,No field symbol,No Field Symbol,0,79,1,59,59,
3583,7048,LL,Lothal,,1,seal,5,0,1,right-to-left,13,Animals,Unicorn to R. facing cult object.,0,79,7,0 386 186 87 59 294 342,0 386 186 87 59 294 342,
3584,7049,LL,Lothal,,1,seal,0,0,1,right-to-left,11,Animals,Unicorn to R. No cult object in front.,0,79,3,162 249 12,162 249 12,
3585,7050,LL,Lothal,,1,seal,0,0,1,right-to-left,13,Animals,Unicorn to R. facing cult object.,0,79,3,0 *342 *001,0 342 1,2 3
3586,7053,LL,Lothal,,1,seal,0,0,1,right-to-left,13,Animals,Unicorn to R. facing cult object.,0,79,3,67 8 12,67 8 12,
3587,7054,LL,Lothal,,1,seal,0,0,1,right-to-left,0,No field symbol,No Field Symbol,0,79,4,267 99 102 0,267 99 102 0,
3588,7055,LL,Lothal,,1,seal,1,0,1,right-to-left,0,No field symbol,No Field Symbol,0,79,4,*065 *072 342 223,65 72 342 223,1 2
3589,7055,LL,Lothal,,1,seal,2,9,0,unrecorded,831,"Symbols, motifs, geometric patterns",One or more dotted circles.,0,79,0,,,
3590,7056,LL,Lothal,,1,seal,0,0,1,right-to-left,0,No field symbol,No Field Symbol,0,79,4,65 67 294 342,65 67 294 342,
3591,7057,LL,Lothal,,1,seal,0,0,1,right-to-left,890,"Symbols, motifs, geometric patterns",A large device in the upper register showing number of small circles (holes ?) in three rows with another row of short vertical lines below (identified as a â€˜seed drillâ€™).,0,79,4,65 72 222 254,65 72 222 254,
3592,7062,LL,Lothal,,1,seal,0,0,1,right-to-left,0,No field symbol,No Field Symbol,0,79,6,267 99 375 51 *155 211,267 99 375 51 155 211,5
3593,7063,LL,Lothal,,1,seal,0,0,1,right-to-left,0,No field symbol,No Field Symbol,0,79,4,400 344 102 169,400 344 102 169,
3594,7064,LL,Lothal,,1,seal,0,0,1,right-to-left,0,No field symbol,No Field Symbol,0,79,5,0 391 252 97 339,0 391 252 97 339,
3595,7065,LL,Lothal,,1,seal,0,0,1,right-to-left,0,No field symbol,No Field Symbol,0,79,5,402 121 121 336 197,402 121 121 336 197,
3596,7066,LL,Lothal,,1,seal,0,0,1,right-to-left,11,Animals,Unicorn to R. No cult object in front.,0,79,5,267 99 72 342 1,267 99 72 342 1,
3597,7068,LL,Lothal,,1,seal,0,0,1,right-to-left,0,No field symbol,No Field Symbol,0,79,5,391 99 67 389 *342,391 99 67 389 342,5
3598,7069,LL,Lothal,,1,seal,0,0,1,right-to-left,0,No field symbol,No Field Symbol,0,79,6,391 123 128 342 216 254,391 123 128 342 216 254,
3599,7070,LL,Lothal,,1,seal,0,0,2,left-to-right,0,No field symbol,No Field Symbol,0,79,2,*048 *065,48 65,1 2
3600,7072,LL,Lothal,,1,seal,0,0,1,right-to-left,0,No field symbol,No Field Symbol,0,79,2,107 169,107 169,
3601,7073,LL,Lothal,,1,seal,0,0,1,right-to-left,0,No field symbol,No Field Symbol,0,79,4,0 99 32 0,0 99 32 0,
3602,7074,LL,Lothal,,1,seal,0,0,1,right-to-left,45,Animals,Short-horned bull to R. facing feeding trough.,0,79,5,*120 53 99 54 254,120 53 99 54 254,1
3603,7075,LL,Lothal,,1,seal,0,0,5,doubtful,0,No field symbol,No Field Symbol,0,79,2,373 373,373 373,
3604,7076,LL,Lothal,,1,seal,0,0,1,right-to-left,351,Animals,Uncertain animal (mostly bovine) to R.,0,79,5,0 72 342 51 1,0 72 342 51 1,
3605,7077,LL,Lothal,,1,seal,0,0,1,right-to-left,0,No field symbol,No Field Symbol,0,79,4,204 245 342 1,204 245 342 1,
3606,7078,LL,Lothal,,1,seal,0,0,1,right-to-left,13,Animals,Unicorn to R. facing cult object.,0,79,3,205 104 162,205 104 162,
3607,7080,LL,Lothal,,1,seal,0,0,1,right-to-left,13,Animals,Unicorn to R. facing cult object.,0,79,7,86 197 99 65 8 342 1,86 197 99 65 8 342 1,
3608,7081,LL,Lothal,,1,seal,0,0,1,right-to-left,13,Animals,Unicorn to R. facing cult object.,0,79,7,361 169 402 123 98 102 190,361 169 402 123 98 102 190,
3609,7082,LL,Lothal,,1,seal,0,0,1,right-to-left,0,No field symbol,No Field Symbol,0,79,5,153 153 171 59 211,153 153 171 59 211,
3610,7085,LL,Lothal,,1,seal,0,0,1,right-to-left,0,No field symbol,No Field Symbol,0,79,4,*326 341 336 214,326 341 336 214,1
3611,7086,LL,Lothal,,1,seal,0,0,2,left-to-right,13,Animals,Unicorn to R. facing cult object.,0,79,5,100 47 99 98 173,100 47 99 98 173,
3612,7088,LL,Lothal,,1,seal,0,0,1,right-to-left,13,Animals,Unicorn to R. facing cult object.,0,79,5,267 99 70 348 342,267 99 70 348 342,
3613,7089,LL,Lothal,,1,seal,0,0,1,right-to-left,13,Animals,Unicorn to R. facing cult object.,0,79,8,0 96 19 99 174 230 53 *342,0 96 19 99 174 230 53 342,8
3614,7090,LL,Lothal,,1,seal,0,0,1,right-to-left,0,No field symbol,No Field Symbol,0,79,5,267 99 65 222 254,267 99 65 222 254,
3615,7092,LL,Lothal,,1,seal,0,0,1,right-to-left,13,Animals,Unicorn to R. facing cult object.,0,79,4,0 389 53 0,0 389 53 0,
3616,7093,LL,Lothal,,1,seal,0,0,1,right-to-left,0,No field symbol,No Field Symbol,0,79,3,0 415 342,0 415 342,
3617,7094,LL,Lothal,,1,seal,0,0,1,right-to-left,11,Animals,Unicorn to R. No cult object in front.,0,79,5,258 347 342 98 141,258 347 342 98 141,
3618,7095,LL,Lothal,,1,seal,0,0,2,left-to-right,0,No field symbol,No Field Symbol,0,79,3,267 99 375,267 99 375,
3619,7096,LL,Lothal,,1,seal,0,0,1,right-to-left,13,Animals,Unicorn to R. facing cult object.,0,79,4,391 99 86 171,391 99 86 171,
3620,7097,LL,Lothal,,1,seal,0,0,1,right-to-left,0,No field symbol,No Field Symbol,0,79,3,403 87 342,403 87 342,
3621,7098,LL,Lothal,,1,seal,0,0,3,single sign,0,No field symbol,No Field Symbol,0,79,1,219,219,
3622,7099,LL,Lothal,,1,seal,1,0,2,left-to-right,0,No field symbol,No Field Symbol,0,79,3,197 86 123,197 86 123,
3623,7099,LL,Lothal,,1,seal,2,0,1,right-to-left,0,No field symbol,No Field Symbol,0,79,4,197 86 123 0,197 86 123 0,
3624,7100,LL,Lothal,,1,seal,0,0,2,left-to-right,0,No field symbol,No Field Symbol,0,79,2,292 342,292 342,
3625,7101,LL,Lothal,,1,seal,0,0,1,right-to-left,13,Animals,Unicorn to R. facing cult object.,0,79,3,72 48 342,72 48 342,
3626,7102,LL,Lothal,,1,seal,0,0,1,right-to-left,13,Animals,Unicorn to R. facing cult object.,0,79,5,247 267 99 186 211,247 267 99 186 211,
3627,7103,LL,Lothal,,1,seal,0,0,1,right-to-left,13,Animals,Unicorn to R. facing cult object.,0,79,4,267 99 67 0,267 99 67 0,
3628,7104,LL,Lothal,,1,seal,0,0,1,right-to-left,351,Animals,Uncertain animal (mostly bovine) to R.,0,79,3,0 112 342,0 112 342,
3629,7105,LL,Lothal,,1,seal,0,0,2,left-to-right,0,No field symbol,No Field Symbol,0,79,5,389 70 99 287 59,389 70 99 287 59,
3630,7106,LL,Lothal,,1,seal,0,0,1,right-to-left,0,No field symbol,No Field Symbol,0,79,3,72 48 342,72 48 342,
3631,7107,LL,Lothal,,1,seal,0,0,1,right-to-left,45,Animals,Short-horned bull to R. facing feeding trough.,0,79,8,162 267 99 48 342 59 327 254,162 267 99 48 342 59 327 254,
3632,7111,LL,Lothal,,1,seal,0,0,1,right-to-left,0,No field symbol,No Field Symbol,0,79,3,284 99 173,284 99 173,
3633,7112,LL,Lothal,,1,seal,0,0,1,right-to-left,0,No field symbol,No Field Symbol,0,79,3,267 99 113,267 99 113,
3634,7201,LL,Lothal,,2,sealing,1,0,1,right-to-left,13,Animals,Unicorn to R. facing cult object.,0,79,4,169 169 169 1,169 169 169 1,
3635,7201,LL,Lothal,,2,sealing,2,0,1,right-to-left,999,Damaged/illegible,An uncertain/illegible field symbol.,0,79,3,0 294 342,0 294 342,
3636,7202,LL,Lothal,,2,sealing,0,0,1,right-to-left,11,Animals,Unicorn to R. No cult object in front.,0,79,3,32 249 186,32 249 186,
3637,7203,LL,Lothal,,2,sealing,0,0,1,right-to-left,71,Animals,Elephant to R.,0,79,4,267 99 113 342,267 99 113 342,
3638,7204,LL,Lothal,,2,sealing,0,0,1,right-to-left,13,Animals,Unicorn to R. facing cult object.,0,79,5,150 123 105 17 169,150 123 105 17 169,
3639,7205,LL,Lothal,,2,sealing,0,0,1,right-to-left,71,Animals,Elephant to R.,0,79,4,267 99 113 342,267 99 113 342,
3640,7206,LL,Lothal,,2,sealing,0,0,1,right-to-left,71,Animals,Elephant to R.,0,79,4,267 99 113 342,267 99 113 342,
3641,7207,LL,Lothal,,2,sealing,0,0,1,right-to-left,11,Animals,Unicorn to R. No cult object in front.,0,79,6,293 *403 402 99 65 0,293 403 402 99 65 0,2
3642,7209,LL,Lothal,,2,sealing,0,0,9,no text,0,No field symbol,No Field Symbol,0,79,3,0 378 0,0 378 0,
3643,7211,LL,Lothal,,2,sealing,0,0,1,right-to-left,0,No field symbol,No Field Symbol,0,79,4,0 258 347 342,0 258 347 342,
3644,7212,LL,Lothal,,2,sealing,0,0,1,right-to-left,0,No field symbol,No Field Symbol,0,79,7,0 209 343 98 121 59 0,0 209 343 98 121 59 0,
3645,7213,LL,Lothal,,2,sealing,0,0,9,no text,0,No field symbol,No Field Symbol,0,79,2,0 66,0 66,
3646,7214,LL,Lothal,,2,sealing,0,0,1,right-to-left,11,Animals,Unicorn to R. No cult object in front.,0,79,4,*267 99 155 211,267 99 155 211,1
3647,7215,LL,Lothal,,2,sealing,1,0,1,right-to-left,0,No field symbol,No Field Symbol,0,79,6,336 209 343 98 121 0,336 209 343 98 121 0,
3648,7215,LL,Lothal,,2,sealing,2,0,1,right-to-left,0,No field symbol,No Field Symbol,0,79,6,286 99 87 249 162 342,286 99 87 249 162 342,
3649,7216,LL,Lothal,,2,sealing,0,0,1,right-to-left,0,No field symbol,No Field Symbol,0,79,5,0 99 258 347 342,0 99 258 347 342,
3650,7217,LL,Lothal,,2,sealing,1,0,1,right-to-left,0,No field symbol,No Field Symbol,0,79,4,0 258 347 342,0 258 347 342,
3651,7217,LL,Lothal,,2,sealing,2,0,1,right-to-left,11,Animals,Unicorn to R. No cult object in front.,0,79,3,267 99 0,267 99 0,
3652,7217,LL,Lothal,,2,sealing,3,0,1,right-to-left,0,No field symbol,No Field Symbol,0,79,4,0 59 342 1,0 59 342 1,
3653,7217,LL,Lothal,,2,sealing,4,0,1,right-to-left,0,No field symbol,No Field Symbol,0,79,3,286 99 0,286 99 0,
3654,7218,LL,Lothal,,2,sealing,1,0,1,right-to-left,0,No field symbol,No Field Symbol,0,79,4,0 89 358 342,0 89 358 342,
3655,7218,LL,Lothal,,2,sealing,2,0,1,right-to-left,0,No field symbol,No Field Symbol,0,79,5,0 99 387 53 342,0 99 387 53 342,
3656,7219,LL,Lothal,,2,sealing,1,0,1,right-to-left,0,No field symbol,No Field Symbol,0,79,5,245 245 99 67 0,245 245 99 67 0,
3657,7219,LL,Lothal,,2,sealing,2,0,1,right-to-left,0,No field symbol,No Field Symbol,0,79,4,186 293 99 0,186 293 99 0,
3658,7220,LL,Lothal,,2,sealing,0,0,1,right-to-left,0,No field symbol,No Field Symbol,0,79,7,245 245 99 67 72 59 211,245 245 99 67 72 59 211,
3659,7221,LL,Lothal,,2,sealing,0,0,1,right-to-left,11,Animals,Unicorn to R. No cult object in front.,0,79,4,0 209 343 0,0 209 343 0,
3660,7222,LL,Lothal,,2,sealing,0,0,1,right-to-left,13,Animals,Unicorn to R. facing cult object.,0,79,3,100 17 0,100 17 0,
3661,7223,LL,Lothal,,2,sealing,0,0,1,right-to-left,0,No field symbol,No Field Symbol,0,79,6,286 99 87 249 162 0,286 99 87 249 162 0,
3662,7224,LL,Lothal,,2,sealing,0,0,1,right-to-left,0,No field symbol,No Field Symbol,0,79,8,*336 209 343 98 121 59 342 1,336 209 343 98 121 59 342 1,1
3663,7225,LL,Lothal,,2,sealing,0,0,1,right-to-left,13,Animals,Unicorn to R. facing cult object.,0,79,4,245 245 99 0,245 245 99 0,
3664,7227,LL,Lothal,,2,sealing,1,0,1,right-to-left,13,Animals,Unicorn to R. facing cult object.,0,79,3,336 209 0,336 209 0,
3665,7227,LL,Lothal,,2,sealing,2,0,1,right-to-left,11,Animals,Unicorn to R. No cult object in front.,0,79,5,327 343 0 *081 0,327 343 0 81 0,4
3666,7227,LL,Lothal,,2,sealing,3,0,9,no text,13,Animals,Unicorn to R. facing cult object.,0,79,1,0,0,
3667,7228,LL,Lothal,,2,sealing,0,0,1,right-to-left,71,Animals,Elephant to R.,0,79,4,267 99 113 342,267 99 113 342,
3668,7229,LL,Lothal,,2,sealing,0,0,1,right-to-left,71,Animals,Elephant to R.,0,79,3,267 99 0,267 99 0,
3669,7230,LL,Lothal,,2,sealing,0,0,1,right-to-left,71,Animals,Elephant to R.,0,79,4,267 99 113 342,267 99 113 342,
3670,7231,LL,Lothal,,2,sealing,0,0,1,right-to-left,71,Animals,Elephant to R.,0,79,4,267 99 113 342,267 99 113 342,
3671,7232,LL,Lothal,,2,sealing,0,0,1,right-to-left,71,Animals,Elephant to R.,0,79,4,267 99 113 342,267 99 113 342,
3672,7233,LL,Lothal,,2,sealing,0,0,1,right-to-left,71,Animals,Elephant to R.,0,79,4,267 99 113 342,267 99 113 342,
3673,7234,LL,Lothal,,2,sealing,0,0,1,right-to-left,71,Animals,Elephant to R.,0,79,4,267 99 113 342,267 99 113 342,
3674,7235,LL,Lothal,,2,sealing,0,0,1,right-to-left,71,Animals,Elephant to R.,0,79,4,267 99 *113 0,267 99 113 0,3
3675,7236,LL,Lothal,,2,sealing,1,0,1,right-to-left,0,No field symbol,No Field Symbol,0,79,8,336 209 343 98 121 59 342 1,336 209 343 98 121 59 342 1,
3676,7236,LL,Lothal,,2,sealing,2,0,1,right-to-left,0,No field symbol,No Field Symbol,0,79,4,186 293 99 0,186 293 99 0,
3677,7236,LL,Lothal,,2,sealing,3,0,1,right-to-left,41,Animals,Short-horned bull to R.,0,79,3,286 99 0,286 99 0,
3678,7237,LL,Lothal,,2,sealing,1,0,1,right-to-left,11,Animals,Unicorn to R. No cult object in front.,0,79,3,336 209 0,336 209 0,
3679,7237,LL,Lothal,,2,sealing,2,0,1,right-to-left,41,Animals,Short-horned bull to R.,0,79,4,0 87 249 0,0 87 249 0,
3680,7238,LL,Lothal,,2,sealing,0,0,1,right-to-left,0,No field symbol,No Field Symbol,0,79,5,328 299 245 245 0,328 299 245 245 0,
3681,7239,LL,Lothal,,2,sealing,0,0,1,right-to-left,0,No field symbol,No Field Symbol,0,79,8,0 209 *343 98 121 59 342 1,0 209 343 98 121 59 342 1,3
3682,7240,LL,Lothal,,2,sealing,0,0,1,right-to-left,0,No field symbol,No Field Symbol,0,79,4,100 17 8 342,100 17 8 342,
3683,7241,LL,Lothal,,2,sealing,0,0,1,right-to-left,13,Animals,Unicorn to R. facing cult object.,0,79,7,336 209 343 98 121 *059 0,336 209 343 98 121 59 0,6
3684,7242,LL,Lothal,,2,sealing,0,0,1,right-to-left,13,Animals,Unicorn to R. facing cult object.,0,79,8,0 209 343 98 121 59 342 1,0 209 343 98 121 59 342 1,
3685,7243,LL,Lothal,,2,sealing,0,0,1,right-to-left,13,Animals,Unicorn to R. facing cult object.,0,79,6,*293 *123 104 59 327 342,293 123 104 59 327 342,1 2
3686,7244,LL,Lothal,,2,sealing,0,0,1,right-to-left,13,Animals,Unicorn to R. facing cult object.,0,79,5,204 245 358 342 12,204 245 358 342 12,
3687,7245,LL,Lothal,,2,sealing,0,0,1,right-to-left,13,Animals,Unicorn to R. facing cult object.,0,79,3,267 99 0,267 99 0,
3688,7246,LL,Lothal,,2,sealing,0,0,1,right-to-left,0,No field symbol,No Field Symbol,0,79,4,0 67 72 211,0 67 72 211,
3689,7247,LL,Lothal,,2,sealing,1,0,1,right-to-left,0,No field symbol,No Field Symbol,0,79,5,150 123 67 72 211,150 123 67 72 211,
3690,7247,LL,Lothal,,2,sealing,2,0,1,right-to-left,0,No field symbol,No Field Symbol,0,79,5,245 245 99 67 0,245 245 99 67 0,
3691,7248,LL,Lothal,,2,sealing,1,0,1,right-to-left,0,No field symbol,No Field Symbol,0,79,6,286 99 87 249 162 0,286 99 87 249 162 0,
3692,7248,LL,Lothal,,2,sealing,2,0,1,right-to-left,0,No field symbol,No Field Symbol,0,79,3,267 99 0,267 99 0,
3693,7249,LL,Lothal,,2,sealing,1,0,1,right-to-left,11,Animals,Unicorn to R. No cult object in front.,0,79,8,336 209 343 98 121 59 342 1,336 209 343 98 121 59 342 1,
3694,7249,LL,Lothal,,2,sealing,2,0,1,right-to-left,13,Animals,Unicorn to R. facing cult object.,0,79,3,267 99 66,267 99 66,
3695,7251,LL,Lothal,,2,sealing,1,0,1,right-to-left,0,No field symbol,No Field Symbol,0,79,4,186 293 99 0,186 293 99 0,
3696,7251,LL,Lothal,,2,sealing,2,0,1,right-to-left,0,No field symbol,No Field Symbol,0,79,3,267 99 66,267 99 66,
3697,7252,LL,Lothal,,2,sealing,0,0,1,right-to-left,13,Animals,Unicorn to R. facing cult object.,0,79,7,245 245 99 67 72 59 211,245 245 99 67 72 59 211,
3698,7253,LL,Lothal,,2,sealing,1,0,1,right-to-left,13,Animals,Unicorn to R. facing cult object.,0,79,8,336 209 343 98 121 59 342 1,336 209 343 98 121 59 342 1,
3699,7253,LL,Lothal,,2,sealing,2,0,9,no text,11,Animals,Unicorn to R. No cult object in front.,0,79,2,0 28,0 28,
3700,7253,LL,Lothal,,2,sealing,3,0,1,right-to-left,0,No field symbol,No Field Symbol,0,79,3,286 99 0,286 99 0,
3701,7255,LL,Lothal,,2,sealing,0,0,1,right-to-left,11,Animals,Unicorn to R. No cult object in front.,0,79,3,267 99 66,267 99 66,
3702,7257,LL,Lothal,,2,sealing,0,0,1,right-to-left,13,Animals,Unicorn to R. facing cult object.,0,79,4,391 99 155 *211,391 99 155 211,4
3703,7258,LL,Lothal,,2,sealing,1,0,1,right-to-left,0,No field symbol,No Field Symbol,0,79,6,186 293 99 *258 347 342,186 293 99 258 347 342,4
3704,7258,LL,Lothal,,2,sealing,2,0,1,right-to-left,0,No field symbol,No Field Symbol,0,79,6,336 209 343 98 121 0,336 209 343 98 121 0,
3705,7259,LL,Lothal,,2,sealing,0,0,1,right-to-left,0,No field symbol,No Field Symbol,0,79,3,65 70 0,65 70 0,
3706,7260,LL,Lothal,,2,sealing,0,0,1,right-to-left,13,Animals,Unicorn to R. facing cult object.,0,79,3,343 *237 81,343 237 81,2
3707,7261,LL,Lothal,,2,sealing,0,0,1,right-to-left,11,Animals,Unicorn to R. No cult object in front.,0,79,6,17 81 99 *121 53 342,17 81 99 121 53 342,4
3708,7262,LL,Lothal,,2,sealing,1,0,2,left-to-right,0,No field symbol,No Field Symbol,0,79,5,0 99 41 249 0,0 99 41 249 0,
3709,7262,LL,Lothal,,2,sealing,2,0,2,left-to-right,0,No field symbol,No Field Symbol,0,79,5,0 99 41 249 0,0 99 41 249 0,
3710,7263,LL,Lothal,,2,sealing,1,0,9,no text,13,Animals,Unicorn to R. facing cult object.,0,79,3,0 67 0,0 67 0,
3711,7263,LL,Lothal,,2,sealing,2,0,1,right-to-left,11,Animals,Unicorn to R. No cult object in front.,0,79,4,150 123 67 0,150 123 67 0,
3712,7265,LL,Lothal,,2,sealing,0,0,1,right-to-left,13,Animals,Unicorn to R. facing cult object.,0,79,8,336 209 343 98 121 59 342 1,336 209 343 98 121 59 342 1,
3713,7266,LL,Lothal,,2,sealing,0,0,1,right-to-left,13,Animals,Unicorn to R. facing cult object.,0,79,3,336 *028 0,336 28 0,2
3714,7267,LL,Lothal,,2,sealing,1,0,1,right-to-left,0,No field symbol,No Field Symbol,0,79,4,72 249 *169 *342,72 249 169 342,3 4
3715,7267,LL,Lothal,,2,sealing,2,0,1,right-to-left,11,Animals,Unicorn to R. No cult object in front.,0,79,3,267 99 66,267 99 66,
3716,7268,LL,Lothal,,2,sealing,0,0,1,right-to-left,13,Animals,Unicorn to R. facing cult object.,0,79,3,286 99 0,286 99 0,
3717,7269,LL,Lothal,,2,sealing,0,0,1,right-to-left,0,No field symbol,No Field Symbol,0,79,3,267 99 66,267 99 66,
3718,7270,LL,Lothal,,2,sealing,0,0,1,right-to-left,13,Animals,Unicorn to R. facing cult object.,0,79,4,391 123 65 0,391 123 65 0,
3719,7271,LL,Lothal,,2,sealing,0,0,9,no text,11,Animals,Unicorn to R. No cult object in front.,0,79,2,389 0,389 0,
3720,7272,LL,Lothal,,2,sealing,0,0,1,right-to-left,13,Animals,Unicorn to R. facing cult object.,0,79,3,0 53 342,0 53 342,
3721,7273,LL,Lothal,,2,sealing,0,0,1,right-to-left,0,No field symbol,No Field Symbol,0,79,3,0 171 60,0 171 60,
3722,7274,LL,Lothal,,2,sealing,0,0,1,right-to-left,13,Animals,Unicorn to R. facing cult object.,0,79,4,59 28 336 182,59 28 336 182,
3723,7275,LL,Lothal,,2,sealing,0,0,1,right-to-left,351,Animals,Uncertain animal (mostly bovine) to R.,0,79,3,0 197 252,0 197 252,
3724,7277,LL,Lothal,,2,sealing,1,0,1,right-to-left,0,No field symbol,No Field Symbol,0,79,5,402 99 70 8 342,402 99 70 8 342,
3725,7277,LL,Lothal,,2,sealing,2,0,1,right-to-left,0,No field symbol,No Field Symbol,0,79,6,0 99 59 59 327 342,0 99 59 59 327 342,
3726,7277,LL,Lothal,,2,sealing,3,0,1,right-to-left,351,Animals,Uncertain animal (mostly bovine) to R.,0,79,6,0 *343 67 192 347 342,0 343 67 192 347 342,2
3727,7278,LL,Lothal,,2,sealing,0,0,1,right-to-left,251,Animals,"Fabulous animal to R. with body of ram, horns of bull, trunk of elephant, hind legs of tiger and upraised serpent-like tail.",0,79,4,267 99 86 5,267 99 86 5,
3728,7279,LL,Lothal,,2,sealing,0,0,1,right-to-left,11,Animals,Unicorn to R. No cult object in front.,0,79,3,336 89 211,336 89 211,
3729,7280,LL,Lothal,,2,sealing,0,0,1,right-to-left,13,Animals,Unicorn to R. facing cult object.,0,79,6,0 249 328 86 217 342,0 249 328 86 217 342,
3730,7281,LL,Lothal,,2,sealing,1,0,9,no text,13,Animals,Unicorn to R. facing cult object.,0,79,1,0,0,
3731,7281,LL,Lothal,,2,sealing,2,0,1,right-to-left,13,Animals,Unicorn to R. facing cult object.,0,79,4,391 0 135 342,391 0 135 342,
3732,7282,LL,Lothal,,2,sealing,0,0,1,right-to-left,11,Animals,Unicorn to R. No cult object in front.,0,79,8,197 86 59 123 87 60 72 0,197 86 59 123 87 60 72 0,
3733,7283,LL,Lothal,,2,sealing,1,0,1,right-to-left,0,No field symbol,No Field Symbol,0,79,8,*293 123 *343 65 51 130 149 0,293 123 343 65 51 130 149 0,1 3
3734,7283,LL,Lothal,,2,sealing,2,0,1,right-to-left,0,No field symbol,No Field Symbol,0,79,4,*293 123 343 0,293 123 343 0,1
3735,7301,LL,Lothal,,4,pottery graffito,0,0,1,right-to-left,0,No field symbol,No Field Symbol,0,79,6,209 169 0 *259 347 0,209 169 0 259 347 0,4
3736,8001,KB,Kalibangan,,1,seal,0,0,2,left-to-right,0,No field symbol,No Field Symbol,0,89,2,149 342,149 342,
3737,8002,KB,Kalibangan,,1,seal,0,0,1,right-to-left,45,Animals,Short-horned bull to R. facing feeding trough.,0,89,2,303 121,303 121,
3738,8003,KB,Kalibangan,,1,seal,0,0,1,right-to-left,0,No field symbol,No Field Symbol,0,82,2,51 302,51 302,
3739,8004,KB,Kalibangan,,1,seal,0,0,2,left-to-right,14,Animals,Unicorn to L. facing cult object.,0,89,4,216 98 319 342,216 98 319 342,
3740,8006,KB,Kalibangan,,1,seal,0,0,1,right-to-left,13,Animals,Unicorn to R. facing cult object.,0,81,10,402 99 249 267 402 99 51 130 149 342,402 99 249 267 402 99 51 130 149 342,
3741,8007,KB,Kalibangan,,1,seal,0,0,1,right-to-left,999,Damaged/illegible,An uncertain/illegible field symbol.,0,81,3,175 341 342,175 341 342,
3742,8008,KB,Kalibangan,,1,seal,0,0,1,right-to-left,13,Animals,Unicorn to R. facing cult object.,0,81,4,89 89 12 274,89 89 12 274,
3743,8009,KB,Kalibangan,,1,seal,0,0,1,right-to-left,13,Animals,Unicorn to R. facing cult object.,0,81,4,87 244 206 86,87 244 206 86,
3744,8011,KB,Kalibangan,,1,seal,0,1,2,left-to-right,111,Animals,Rhinoceros to R.,0,89,2,249 162,249 162,
3745,8011,KB,Kalibangan,,1,seal,0,2,3,single sign,111,Animals,Rhinoceros to R.,0,89,1,402,402,
3746,8012,KB,Kalibangan,,1,seal,0,1,1,right-to-left,13,Animals,Unicorn to R. facing cult object.,0,82,4,244 330 343 0,244 330 343 0,
3747,8012,KB,Kalibangan,,1,seal,0,2,2,left-to-right,13,Animals,Unicorn to R. facing cult object.,0,82,2,267 94,267 94,
3748,8013,KB,Kalibangan,,1,seal,0,0,1,right-to-left,730,Scenes,Person seated on machan on Kino tree ; A tiger below to R. looking at him.,0,82,2,119 12,119 12,
3749,8015,KB,Kalibangan,,1,seal,0,1,2,left-to-right,0,No field symbol,No Field Symbol,0,89,3,0 109 176,0 109 176,
3750,8015,KB,Kalibangan,,1,seal,0,2,2,left-to-right,0,No field symbol,No Field Symbol,0,89,3,0 376 375,0 376 375,
3751,8016,KB,Kalibangan,,1,seal,0,0,1,right-to-left,0,No field symbol,No Field Symbol,0,81,5,307 86 99 98 107,307 86 99 98 107,
3752,8017,KB,Kalibangan,,1,seal,0,0,1,right-to-left,13,Animals,Unicorn to R. facing cult object.,0,81,6,28 343 387 67 72 211,28 343 387 67 72 211,
3753,8018,KB,Kalibangan,,1,seal,0,0,1,right-to-left,999,Damaged/illegible,An uncertain/illegible field symbol.,0,82,3,92 99 0,92 99 0,
3754,8019,KB,Kalibangan,,1,seal,0,0,1,right-to-left,13,Animals,Unicorn to R. facing cult object.,0,82,5,0 99 112 194 342,0 99 112 194 342,
3755,8020,KB,Kalibangan,,1,seal,0,1,1,right-to-left,14,Animals,Unicorn to L. facing cult object.,0,82,4,216 391 267 402,216 391 267 402,
3756,8020,KB,Kalibangan,,1,seal,0,2,2,left-to-right,14,Animals,Unicorn to L. facing cult object.,0,82,3,341 342 242,341 342 242,
3757,8021,KB,Kalibangan,,1,seal,0,0,1,right-to-left,13,Animals,Unicorn to R. facing cult object.,0,82,5,287 102 59 342 1,287 102 59 342 1,
3758,8022,KB,Kalibangan,,1,seal,0,0,1,right-to-left,22,Animals,Bull with two long horns to L.,0,82,2,267 99,267 99,
3759,8023,KB,Kalibangan,,1,seal,0,0,1,right-to-left,0,No field symbol,No Field Symbol,0,82,4,387 72 48 342,387 72 48 342,
3760,8024,KB,Kalibangan,,1,seal,0,0,1,right-to-left,680,Scenes,"Fabulous personage with composite body of human (female?) being in the upper half and of tiger in the lower half, having horns and trident-like head-dress facing group of three persons consisting of a woman in the middle flanked by two men on either side throwing spears at each other over her head.",0,82,2,102 169,102 169,
3761,8025,KB,Kalibangan,,1,seal,0,0,1,right-to-left,65,Animals,Buffalo to R. facing feeding trough.,0,82,3,267 99 73,267 99 73,
3762,8026,KB,Kalibangan,,1,seal,0,0,1,right-to-left,13,Animals,Unicorn to R. facing cult object.,0,82,8,293 123 343 100 17 81 89 89,293 123 343 100 17 81 89 89,
3763,8027,KB,Kalibangan,,1,seal,0,0,1,right-to-left,14,Animals,Unicorn to L. facing cult object.,0,82,2,228 342,228 342,
3764,8029,KB,Kalibangan,,1,seal,0,0,1,right-to-left,13,Animals,Unicorn to R. facing cult object.,0,81,6,89 391 99 127 127 342,89 391 99 127 127 342,
3765,8030,KB,Kalibangan,,1,seal,0,0,2,left-to-right,12,Animals,Unicorn to L. No cult object in front.,0,81,3,0 342 1,0 342 1,
3766,8031,KB,Kalibangan,,1,seal,0,0,2,left-to-right,262,Animals,"Fabulous animal as in FS 261, to L.",0,82,2,104 162,104 162,
3767,8033,KB,Kalibangan,,1,seal,0,0,1,right-to-left,0,No field symbol,No Field Symbol,0,82,3,171 99 278,171 99 278,
3768,8034,KB,Kalibangan,,1,seal,0,0,1,right-to-left,13,Animals,Unicorn to R. facing cult object.,0,81,5,287 373 171 341 342,287 373 171 341 342,
3769,8035,KB,Kalibangan,,1,seal,0,0,1,right-to-left,0,No field symbol,No Field Symbol,0,81,4,0 *112 342 1,0 112 342 1,2
3770,8036,KB,Kalibangan,,1,seal,0,0,9,no text,0,No field symbol,No Field Symbol,0,81,2,0 232,0 232,
3771,8037,KB,Kalibangan,,1,seal,0,0,1,right-to-left,11,Animals,Unicorn to R. No cult object in front.,0,81,7,160 22 125 59 99 70 211,160 22 125 59 99 70 211,
3772,8038,KB,Kalibangan,,1,seal,0,0,1,right-to-left,41,Animals,Short-horned bull to R.,0,81,7,205 395 99 192 343 167 127,205 395 99 192 343 167 127,
3773,8039,KB,Kalibangan,,1,seal,0,0,1,right-to-left,312,Animals,"As in FS 311, to L.",0,82,7,344 217 344 103 403 347 342,344 217 344 103 403 347 342,
3774,8040,KB,Kalibangan,,1,seal,0,0,1,right-to-left,14,Animals,Unicorn to L. facing cult object.,0,82,5,17 230 99 356 180,17 230 99 356 180,
3775,8041,KB,Kalibangan,,1,seal,0,0,1,right-to-left,13,Animals,Unicorn to R. facing cult object.,0,81,4,102 59 342 *012,102 59 342 12,4
3776,8042,KB,Kalibangan,,1,seal,0,0,3,single sign,131,Animals,"Goat-antelope to R. with short tail, horns arching back.",0,82,1,59,59,
3777,8043,KB,Kalibangan,,1,seal,0,0,1,right-to-left,13,Animals,Unicorn to R. facing cult object.,0,81,9,343 229 233 59 97 389 48 17 342,343 229 233 59 97 389 48 17 342,
3778,8044,KB,Kalibangan,,1,seal,0,1,1,right-to-left,14,Animals,Unicorn to L. facing cult object.,0,82,2,391 123,391 123,
3779,8044,KB,Kalibangan,,1,seal,0,2,1,right-to-left,14,Animals,Unicorn to L. facing cult object.,0,82,3,67 342 1,67 342 1,
3780,8045,KB,Kalibangan,,1,seal,0,0,1,right-to-left,0,No field symbol,No Field Symbol,0,81,6,0 180 99 48 193 342,0 180 99 48 193 342,
3781,8047,KB,Kalibangan,,1,seal,0,0,1,right-to-left,11,Animals,Unicorn to R. No cult object in front.,0,81,2,417 12,417 12,
3782,8048,KB,Kalibangan,,1,seal,0,0,1,right-to-left,31,Animals,Humped bull to R.,0,81,2,70 211,70 211,
3783,8050,KB,Kalibangan,,1,seal,0,0,1,right-to-left,13,Animals,Unicorn to R. facing cult object.,0,81,4,391 99 102 *012,391 99 102 12,4
3784,8051,KB,Kalibangan,,1,seal,0,0,1,right-to-left,13,Animals,Unicorn to R. facing cult object.,0,81,5,244 343 112 194 342,244 343 112 194 342,
3785,8052,KB,Kalibangan,,1,seal,0,0,3,single sign,138,Animals,"Goat-antelope to L. with short tail, twirled side horns.",0,81,1,59,59,
3786,8053,KB,Kalibangan,,1,seal,0,0,9,no text,0,No field symbol,No Field Symbol,0,82,3,0 59 0,0 59 0,
3787,8054,KB,Kalibangan,,1,seal,0,0,1,right-to-left,351,Animals,Uncertain animal (mostly bovine) to R.,0,81,4,84 127 343 163,84 127 343 163,
3788,8055,KB,Kalibangan,,1,seal,0,0,1,right-to-left,0,No field symbol,No Field Symbol,0,81,4,204 367 342 176,204 367 342 176,
3789,8056,KB,Kalibangan,,1,seal,0,1,1,right-to-left,13,Animals,Unicorn to R. facing cult object.,0,82,8,192 59 370 308 175 214 342 176,192 59 370 308 175 214 342 176,
3790,8056,KB,Kalibangan,,1,seal,0,2,1,right-to-left,13,Animals,Unicorn to R. facing cult object.,0,82,5,287 324 324 287 282,287 324 324 287 282,
3791,8058,KB,Kalibangan,,1,seal,0,0,1,right-to-left,13,Animals,Unicorn to R. facing cult object.,0,81,2,106 169,106 169,
3792,8059,KB,Kalibangan,,1,seal,0,0,1,right-to-left,0,No field symbol,No Field Symbol,0,82,3,89 2 162,89 2 162,
3793,8060,KB,Kalibangan,,1,seal,0,0,1,right-to-left,11,Animals,Unicorn to R. No cult object in front.,0,89,6,0 180 99 175 230 0,0 180 99 175 230 0,
3794,8061,KB,Kalibangan,,1,seal,0,0,1,right-to-left,0,No field symbol,No Field Symbol,0,89,2,124 12,124 12,
3795,8062,KB,Kalibangan,,1,seal,0,0,1,right-to-left,13,Animals,Unicorn to R. facing cult object.,0,89,7,391 99 87 59 70 194 342,391 99 87 59 70 194 342,
3796,8071,KB,Kalibangan,,1,seal,0,1,3,single sign,12,Animals,Unicorn to L. No cult object in front.,0,89,1,326,326,
3797,8071,KB,Kalibangan,,1,seal,0,2,3,single sign,12,Animals,Unicorn to L. No cult object in front.,0,89,1,*342,342,1
3798,8072,KB,Kalibangan,,1,seal,0,0,1,right-to-left,72,Animals,Elephant to L.,0,89,7,341 127 373 373 267 94 347,341 127 373 373 267 94 347,
3799,8101,KB,Kalibangan,,2,sealing,1,0,1,right-to-left,0,No field symbol,No Field Symbol,0,89,6,375 202 99 201 342 1,375 202 99 201 342 1,
3800,8101,KB,Kalibangan,,2,sealing,2,0,1,right-to-left,0,No field symbol,No Field Symbol,0,89,6,*391 99 59 336 89 *211,391 99 59 336 89 211,1 6
3801,8101,KB,Kalibangan,,2,sealing,3,0,1,right-to-left,13,Animals,Unicorn to R. facing cult object.,0,89,7,0 162 252 99 175 86 0,0 162 252 99 175 86 0,
3802,8101,KB,Kalibangan,,2,sealing,4,0,1,right-to-left,11,Animals,Unicorn to R. No cult object in front.,0,89,5,0 32 *205 336 0,0 32 205 336 0,3
3803,8102,KB,Kalibangan,,2,sealing,0,0,1,right-to-left,31,Animals,Humped bull to R.,0,82,3,*327 0 211,327 0 211,1
3804,8103,KB,Kalibangan,,2,sealing,0,0,1,right-to-left,351,Animals,Uncertain animal (mostly bovine) to R.,0,81,3,0 244 176,0 244 176,
3805,8104,KB,Kalibangan,,2,sealing,1,0,1,right-to-left,0,No field symbol,No Field Symbol,0,82,5,391 99 162 267 342,391 99 162 267 342,
3806,8104,KB,Kalibangan,,2,sealing,2,9,0,unrecorded,367,"Reptiles, fish, birds",Gharial to R. with fish in jaw surrounded by school of fish.,0,82,0,,,
3807,8105,KB,Kalibangan,,2,sealing,0,0,1,right-to-left,0,No field symbol,No Field Symbol,0,81,7,0 53 87 341 171 8 342,0 53 87 341 171 8 342,
3808,8106,KB,Kalibangan,,2,sealing,1,0,1,right-to-left,82,Animals,Horned Elephant to L.,0,82,4,267 99 104 *169,267 99 104 169,4
3809,8106,KB,Kalibangan,,2,sealing,2,9,0,unrecorded,352,Animals,Uncertain animal (mostly bovine ) to L.,0,82,0,,,
3810,8108,KB,Kalibangan,,2,sealing,0,0,1,right-to-left,11,Animals,Unicorn to R. No cult object in front.,0,81,8,1 1 121 121 99 172 304 307,1 1 121 121 99 172 304 307,
3811,8109,KB,Kalibangan,,2,sealing,0,0,1,right-to-left,11,Animals,Unicorn to R. No cult object in front.,0,81,8,1 1 121 121 99 172 304 307,1 1 121 121 99 172 304 307,
3812,8110,KB,Kalibangan,,2,sealing,0,0,1,right-to-left,11,Animals,Unicorn to R. No cult object in front.,0,81,8,1 1 121 121 99 172 304 307,1 1 121 121 99 172 304 307,
3813,8111,KB,Kalibangan,,2,sealing,0,0,1,right-to-left,11,Animals,Unicorn to R. No cult object in front.,0,81,8,1 1 121 121 99 172 304 307,1 1 121 121 99 172 304 307,
3814,8112,KB,Kalibangan,,2,sealing,0,0,1,right-to-left,11,Animals,Unicorn to R. No cult object in front.,0,81,8,1 1 121 121 99 172 304 307,1 1 121 121 99 172 304 307,
3815,8113,KB,Kalibangan,,2,sealing,0,0,1,right-to-left,11,Animals,Unicorn to R. No cult object in front.,0,81,8,1 1 121 121 99 172 304 307,1 1 121 121 99 172 304 307,
3816,8114,KB,Kalibangan,,2,sealing,1,0,1,right-to-left,0,No field symbol,No Field Symbol,0,81,5,216 0 87 *053 0,216 0 87 53 0,4
3817,8114,KB,Kalibangan,,2,sealing,2,0,9,no text,14,Animals,Unicorn to L. facing cult object.,0,81,1,0,0,
3818,8114,KB,Kalibangan,,2,sealing,3,0,9,no text,0,No field symbol,No Field Symbol,0,81,1,0,0,
3819,8115,KB,Kalibangan,,2,sealing,0,0,1,right-to-left,11,Animals,Unicorn to R. No cult object in front.,0,81,8,1 1 121 121 99 172 304 307,1 1 121 121 99 172 304 307,
3820,8116,KB,Kalibangan,,2,sealing,1,0,9,no text,13,Animals,Unicorn to R. facing cult object.,0,81,2,0 342,0 342,
3821,8116,KB,Kalibangan,,2,sealing,2,0,1,right-to-left,11,Animals,Unicorn to R. No cult object in front.,0,81,6,267 99 0 373 287 342,267 99 0 373 287 342,
3822,8117,KB,Kalibangan,,2,sealing,1,0,1,right-to-left,0,No field symbol,No Field Symbol,0,89,3,76 342 176,76 342 176,
3823,8117,KB,Kalibangan,,2,sealing,2,0,1,right-to-left,13,Animals,Unicorn to R. facing cult object.,0,89,2,87 328,87 328,
3824,8118,KB,Kalibangan,,2,sealing,1,0,2,left-to-right,0,No field symbol,No Field Symbol,0,82,3,*048 342 176,48 342 176,1
3825,8118,KB,Kalibangan,,2,sealing,2,0,9,no text,0,No field symbol,No Field Symbol,0,82,2,89 0,89 0,
3826,8119,KB,Kalibangan,,2,sealing,1,0,1,right-to-left,13,Animals,Unicorn to R. facing cult object.,0,89,6,267 99 175 230 53 342,267 99 175 230 53 342,
3827,8119,KB,Kalibangan,,2,sealing,2,0,1,right-to-left,13,Animals,Unicorn to R. facing cult object.,0,89,6,267 99 175 *230 *053 342,267 99 175 230 53 342,4 5
3828,8119,KB,Kalibangan,,2,sealing,3,0,9,no text,13,Animals,Unicorn to R. facing cult object.,0,89,2,0 342,0 342,
3829,8120,KB,Kalibangan,,2,sealing,0,0,1,right-to-left,13,Animals,Unicorn to R. facing cult object.,0,89,6,*391 57 402 123 86 15,391 57 402 123 86 15,1
3830,8121,KB,Kalibangan,,2,sealing,0,1,3,single sign,148,Animals,Ox-antelope to L. with long tail and long forward-arching horns.,0,89,1,326,326,
3831,8121,KB,Kalibangan,,2,sealing,0,2,3,single sign,148,Animals,Ox-antelope to L. with long tail and long forward-arching horns.,0,89,1,326,326,
3832,8122,KB,Kalibangan,,2,sealing,0,0,1,right-to-left,13,Animals,Unicorn to R. facing cult object.,0,89,4,267 99 102 162,267 99 102 162,
3833,8201,KB,Kalibangan,,4,pottery graffito,0,0,1,right-to-left,0,No field symbol,No Field Symbol,0,81,4,249 167 342 176,249 167 342 176,
3834,8202,KB,Kalibangan,,4,pottery graffito,0,0,1,right-to-left,0,No field symbol,No Field Symbol,0,81,3,328 53 342,328 53 342,
3835,8204,KB,Kalibangan,,4,pottery graffito,0,0,1,right-to-left,0,No field symbol,No Field Symbol,0,89,2,245 342,245 342,
3836,8205,KB,Kalibangan,,4,pottery graffito,0,0,1,right-to-left,0,No field symbol,No Field Symbol,0,89,2,*048 342,48 342,1
3837,8206,KB,Kalibangan,,4,pottery graffito,0,0,1,right-to-left,0,No field symbol,No Field Symbol,0,89,3,0 174 342,0 174 342,
3838,8207,KB,Kalibangan,,4,pottery graffito,0,0,1,right-to-left,0,No field symbol,No Field Symbol,0,89,3,*086 47 0,86 47 0,1
3839,8208,KB,Kalibangan,,4,pottery graffito,0,0,1,right-to-left,0,No field symbol,No Field Symbol,0,89,3,0 342 176,0 342 176,
3840,8209,KB,Kalibangan,,4,pottery graffito,0,0,3,single sign,0,No field symbol,No Field Symbol,0,89,1,47,47,
3841,8210,KB,Kalibangan,,4,pottery graffito,0,0,1,right-to-left,0,No field symbol,No Field Symbol,0,89,4,214 87 *059 0,214 87 59 0,3
3842,8211,KB,Kalibangan,,4,pottery graffito,0,0,3,single sign,0,No field symbol,No Field Symbol,0,89,1,*059,59,1
3843,8212,KB,Kalibangan,,4,pottery graffito,0,0,1,right-to-left,0,No field symbol,No Field Symbol,0,89,2,344 216,344 216,
3844,8213,KB,Kalibangan,,4,pottery graffito,0,0,1,right-to-left,0,No field symbol,No Field Symbol,0,89,2,102 169,102 169,
3845,8214,KB,Kalibangan,,4,pottery graffito,0,0,3,single sign,0,No field symbol,No Field Symbol,0,89,1,269,269,
3846,8215,KB,Kalibangan,,4,pottery graffito,0,0,1,right-to-left,0,No field symbol,No Field Symbol,0,89,3,121 342 176,121 342 176,
3847,8216,KB,Kalibangan,,4,pottery graffito,0,0,9,no text,0,No field symbol,No Field Symbol,0,89,2,0 342,0 342,
3848,8217,KB,Kalibangan,,4,pottery graffito,0,0,1,right-to-left,0,No field symbol,No Field Symbol,0,89,3,0 342 1,0 342 1,
3849,8218,KB,Kalibangan,,4,pottery graffito,0,0,1,right-to-left,0,No field symbol,No Field Symbol,0,89,2,48 342,48 342,
3850,8219,KB,Kalibangan,,4,pottery graffito,0,0,1,right-to-left,0,No field symbol,No Field Symbol,0,89,5,216 123 98 65 0,216 123 98 65 0,
3851,8220,KB,Kalibangan,,4,pottery graffito,0,0,1,right-to-left,0,No field symbol,No Field Symbol,0,89,3,89 375 162,89 375 162,
3852,8221,KB,Kalibangan,,4,pottery graffito,0,0,1,right-to-left,0,No field symbol,No Field Symbol,0,81,6,0 *087 211 72 102 0,0 87 211 72 102 0,2
3853,8301,KB,Kalibangan,,6,bronze implement,1,0,4,symmetrical,0,No field symbol,No Field Symbol,0,82,3,267 236 0,267 236 0,
3854,8301,KB,Kalibangan,,6,bronze implement,2,0,3,single sign,0,No field symbol,No Field Symbol,0,82,1,106,106,
3855,8302,KB,Kalibangan,,6,bronze implement,1,0,4,symmetrical,0,No field symbol,No Field Symbol,0,82,5,*267 99 67 342 1,267 99 67 342 1,1
3856,8302,KB,Kalibangan,,6,bronze implement,2,0,3,single sign,0,No field symbol,No Field Symbol,0,82,1,313,313,
3857,9001,OS,Other sites,,1,seal,0,0,1,right-to-left,13,Animals,Unicorn to R. facing cult object.,0,91,5,267 99 72 387 342,267 99 72 387 342,
3858,9011,OS,Other sites,,1,seal,0,0,1,right-to-left,13,Animals,Unicorn to R. facing cult object.,0,91,10,28 249 162 99 65 340 41 245 347 342,28 249 162 99 65 340 41 245 347 342,
3859,9021,OS,Other sites,,1,seal,1,0,2,left-to-right,0,No field symbol,No Field Symbol,0,91,3,171 60 176,171 60 176,
3860,9021,OS,Other sites,,1,seal,2,9,0,unrecorded,831,"Symbols, motifs, geometric patterns",One or more dotted circles.,0,91,0,,,
3861,9022,OS,Other sites,,2,sealing,1,0,1,right-to-left,13,Animals,Unicorn to R. facing cult object.,0,91,4,65 87 284 342,65 87 284 342,
3862,9022,OS,Other sites,,2,sealing,2,0,1,right-to-left,13,Animals,Unicorn to R. facing cult object.,0,91,3,112 194 342,112 194 342,
3863,9022,OS,Other sites,,2,sealing,3,0,9,no text,0,No field symbol,No Field Symbol,0,91,2,0 180,0 180,
3864,9031,OS,Other sites,,4,pottery graffito,0,0,3,single sign,0,No field symbol,No Field Symbol,0,91,1,65,65,
3865,9041,OS,Other sites,,4,pottery graffito,0,0,1,right-to-left,0,No field symbol,No Field Symbol,0,91,4,*017 293 249 *024,17 293 249 24,1 4
3866,9042,OS,Other sites,,4,pottery graffito,0,0,3,single sign,0,No field symbol,No Field Symbol,0,91,1,146,146,
3867,9051,OS,Other sites,,4,pottery graffito,0,0,1,right-to-left,0,No field symbol,No Field Symbol,0,91,8,89 32 86 261 343 87 59 0,89 32 86 261 343 87 59 0,
3868,9061,OS,Other sites,,4,pottery graffito,0,0,2,left-to-right,0,No field symbol,No Field Symbol,0,91,2,112 169,112 169,
3869,9062,OS,Other sites,,4,pottery graffito,0,0,2,left-to-right,0,No field symbol,No Field Symbol,0,91,2,112 169,112 169,
3870,9063,OS,Other sites,,4,pottery graffito,0,0,2,left-to-right,0,No field symbol,No Field Symbol,0,91,2,112 169,112 169,
3871,9071,OS,Other sites,,1,seal,0,0,1,right-to-left,0,No field symbol,No Field Symbol,0,91,8,267 99 98 67 72 182 293 342,267 99 98 67 72 182 293 342,
3872,9073,OS,Other sites,,2,sealing,0,0,1,right-to-left,0,No field symbol,No Field Symbol,0,91,5,*328 307 99 87 166,328 307 99 87 166,1
3873,9084,OS,Other sites,,4,pottery graffito,0,0,1,right-to-left,0,No field symbol,No Field Symbol,0,91,3,173 59 0,173 59 0,
3874,9085,OS,Other sites,,4,pottery graffito,0,0,2,left-to-right,0,No field symbol,No Field Symbol,0,91,3,*153 263 0,153 263 0,1
3875,9091,OS,Other sites,,1,seal,0,0,1,right-to-left,13,Animals,Unicorn to R. facing cult object.,0,91,6,391 28 162 99 104 162,391 28 162 99 104 162,
3876,9092,OS,Other sites,,1,seal,0,1,1,right-to-left,0,No field symbol,No Field Symbol,0,91,5,343 387 162 123 342,343 387 162 123 342,
3877,9092,OS,Other sites,,1,seal,0,2,3,single sign,0,No field symbol,No Field Symbol,0,91,1,219,219,
3878,9093,OS,Other sites,,4,pottery graffito,0,0,1,right-to-left,0,No field symbol,No Field Symbol,0,91,3,343 *261 0,343 261 0,2
3879,9094,OS,Other sites,,4,pottery graffito,0,0,3,single sign,0,No field symbol,No Field Symbol,0,91,1,391,391,
3880,9095,OS,Other sites,,4,pottery graffito,0,0,9,no text,0,No field symbol,No Field Symbol,0,91,2,343 0,343 0,
3881,9101,OS,Other sites,,4,pottery graffito,0,0,1,right-to-left,0,No field symbol,No Field Symbol,0,91,5,365 216 342 414 59,365 216 342 414 59,
3882,9102,OS,Other sites,,4,pottery graffito,0,0,1,right-to-left,0,No field symbol,No Field Symbol,0,91,3,365 111 342,365 111 342,
3883,9103,OS,Other sites,,4,pottery graffito,0,0,3,single sign,0,No field symbol,No Field Symbol,0,91,1,213,213,
3884,9104,OS,Other sites,,4,pottery graffito,0,0,1,right-to-left,0,No field symbol,No Field Symbol,0,91,3,204 *169 *127,204 169 127,2 3
3885,9111,OS,Other sites,,1,seal,0,0,1,right-to-left,0,No field symbol,No Field Symbol,0,91,7,336 307 123 48 342 226 254,336 307 123 48 342 226 254,
3886,9121,OS,Other sites,,1,seal,0,0,1,right-to-left,13,Animals,Unicorn to R. facing cult object.,0,91,5,267 99 86 325 12,267 99 86 325 12,
3887,9201,OS,Other sites,,1,seal,0,0,1,right-to-left,104,Animals,Horned Tiger to L. facing cult object.,0,91,4,43 180 99 66,43 180 99 66,
3888,9202,OS,Other sites,,1,seal,0,0,1,right-to-left,112,Animals,Rhinoceros to L.,0,91,2,267 99,267 99,
3889,9203,OS,Other sites,,1,seal,0,0,1,right-to-left,148,Animals,Ox-antelope to L. with long tail and long forward-arching horns.,0,91,2,267 99,267 99,
3890,9204,OS,Other sites,,1,seal,0,1,3,single sign,138,Animals,"Goat-antelope to L. with short tail, twirled side horns.",0,91,1,110,110,
3891,9204,OS,Other sites,,1,seal,0,2,3,single sign,138,Animals,"Goat-antelope to L. with short tail, twirled side horns.",0,91,1,162,162,
3892,9205,OS,Other sites,,1,seal,0,0,1,right-to-left,0,No field symbol,No Field Symbol,0,91,4,150 123 102 190,150 123 102 190,
3893,9211,OS,Other sites,,2,sealing,0,0,1,right-to-left,999,Damaged/illegible,An uncertain/illegible field symbol.,0,91,8,287 136 323 287 15 *176 1 303,287 136 323 287 15 176 1 303,6
3894,9221,OS,Other sites,,4,pottery graffito,0,0,1,right-to-left,0,No field symbol,No Field Symbol,0,91,3,175 180 400,175 180 400,
3895,9701,OS,Other sites,,2,sealing,1,0,1,right-to-left,0,No field symbol,No Field Symbol,0,97,8,0 *336 89 18 211 178 *387 0,0 336 89 18 211 178 387 0,2 7
3896,9701,OS,Other sites,,2,sealing,2,0,1,right-to-left,0,No field symbol,No Field Symbol,0,97,5,0 53 70 216 254,0 53 70 216 254,
3897,9701,OS,Other sites,,2,sealing,3,0,1,right-to-left,0,No field symbol,No Field Symbol,0,97,6,0 *121 51 130 149 0,0 121 51 130 149 0,2
3898,9801,WA,West Asian finds,,1,seal,0,0,2,left-to-right,47,Animals,Three short-horned bulls to R. in a file.,0,98,8,173 10 97 121 185 97 297 57,173 10 97 121 185 97 297 57,
3899,9811,WA,West Asian finds,,2,sealing,0,0,1,right-to-left,13,Animals,Unicorn to R. facing cult object.,0,98,5,29 336 99 104 162,29 336 99 104 162,
3900,9821,WA,West Asian finds,,1,seal,0,0,1,right-to-left,13,Animals,Unicorn to R. facing cult object.,0,98,4,0 67 244 342,0 67 244 342,
3901,9822,WA,West Asian finds,,1,seal,0,0,1,right-to-left,13,Animals,Unicorn to R. facing cult object.,0,98,8,173 403 123 102 59 249 162 342,173 403 123 102 59 249 162 342,
3902,9832,WA,West Asian finds,,1,seal,0,0,1,right-to-left,41,Animals,Short-horned bull to R.,0,98,5,254 74 297 184 3,254 74 297 184 3,
3903,9833,WA,West Asian finds,,1,seal,0,0,1,right-to-left,999,Damaged/illegible,An uncertain/illegible field symbol.,0,98,6,0 1 0 157 97 0,0 1 0 157 97 0,
3904,9834,WA,West Asian finds,,1,seal,0,0,9,no text,0,No field symbol,No Field Symbol,0,98,3,0 75 0,0 75 0,
3905,9842,WA,West Asian finds,,1,seal,0,0,1,right-to-left,0,No field symbol,No Field Symbol,0,98,3,*175 12 *182,175 12 182,1 3
3906,9845,WA,West Asian finds,,1,seal,0,1,1,right-to-left,41,Animals,Short-horned bull to R.,0,98,5,175 1 0 *059 51,175 1 0 59 51,4
3907,9845,WA,West Asian finds,,1,seal,0,2,3,single sign,41,Animals,Short-horned bull to R.,0,98,1,374,374,
3908,9846,WA,West Asian finds,,1,seal,0,0,1,right-to-left,41,Animals,Short-horned bull to R.,0,98,5,171 387 97 341 107,171 387 97 341 107,
3909,9851,WA,West Asian finds,,1,seal,0,0,1,right-to-left,95,Animals,Tiger to R. facing feeding trough.,0,98,5,327 *128 162 48 15,327 128 162 48 15,2
3910,9852,WA,West Asian finds,,1,seal,0,0,1,right-to-left,45,Animals,Short-horned bull to R. facing feeding trough.,0,98,5,51 103 345 *307 342,51 103 345 307 342,4
3911,9901,WA,West Asian finds,,1,seal,0,0,1,right-to-left,45,Animals,Short-horned bull to R. facing feeding trough.,0,99,5,178 53 97 342 342,178 53 97 342 342,
3912,9902,WA,West Asian finds,,1,seal,0,0,1,right-to-left,192,Animals,"Bull mating a cow, both to L.",0,99,5,*065 1 1 245 245,65 1 1 245 245,1
3913,9903,WA,West Asian finds,,1,seal,0,0,2,left-to-right,46,Animals,Short-horned bull to L. facing feeding trough.,0,99,7,*018 102 59 98 *294 134 89,18 102 59 98 294 134 89,1 5
3914,9904,WA,West Asian finds,,1,seal,0,0,1,right-to-left,41,Animals,Short-horned bull to R.,0,99,5,11 326 21 21 153,11 326 21 21 153,
3915,9905,WA,West Asian finds,,1,seal,0,0,2,left-to-right,810,Scenes,In the upper register from R.  person grappling with two animals (tigers?) ; horned personage standing behind pedestal ; Kino tree. In the lower register from R.  bird in flight over unicorn ; antelope ; two short-horned bulls facing each other.,0,99,3,59 59 167,59 59 167,
